SCEDTimestamp,RepeatedHourFlag,SystemLambda,RTRDPA,RTRDPARUS,RTRDPARDS,RTRDPARRS,RTRDPAECRS,RTRDPANSS,RTRRUC,RTRRMR,RTDNCLR,RTDERS,RTDCTIEIMPORT,RTDCTIEEXPORT,RTBLTIMPORT,RTBLTEXPORT,RTOLLSL,RTOLHSL,RTDLL,ts_utc
09/12/2026 00:00:19,N,20.8023,0.0,0.0,0.0,0.0,0.0,0.0,0.0,0.0,0.0,0.0,0.0,0.0,0.0,0.0,5450.58,93932.24,0.0,2026-09-12 05:00:19+00:00
09/16/2026 22:10:22,N,51.6367,1.09,0.06,0.0,0.06,0.12,0.46,25.0,0.0,0.0,0.0,0.0,0.0,0.0,0.0,12173.49,92054.88,0.0,2026-09-17 03:10:22+00:00
09/16/2026 22:15:21,N,47.4878,1.01,0.05,0.0,0.05,0.1,0.39,25.0,0.0,0.0,0.0,0.0,0.0,0.0,0.0,11930.66,91806.49,0.0,2026-09-17 03:15:21+00:00
09/16/2026 22:18:23,N,50.8264,0.0,0.0,0.0,0.0,0.0,0.0,25.0,0.0,0.0,0.0,0.0,0.0,0.0,0.0,11833.5,91822.8,0.0,2026-09-17 03:18:23+00:00
09/16/2026 22:20:21,N,48.2304,1.8,0.14,0.0,0.14,0.28,1.11,25.0,0.0,0.0,0.0,0.0,0.0,0.0,0.0,11788.02,91814.83,0.0,2026-09-17 03:20:21+00:00
09/16/2026 22:25:19,N,43.0014,0.63,0.01,0.0,0.01,0.02,0.09,25.0,0.0,0.0,0.0,0.0,0.0,0.0,0.0,11736.38,91778.23,0.0,2026-09-17 03:25:19+00:00
09/16/2026 22:30:23,N,55.0033,0.0,0.0,0.0,0.0,0.0,0.0,25.0,0.0,0.0,0.0,0.0,0.0,0.0,0.0,11607.83,91827.38,0.0,2026-09-17 03:30:23+00:00
09/16/2026 22:35:21,N,51.8395,0.95,0.07,0.0,0.07,0.13,0.53,25.0,0.0,0.0,0.0,0.0,0.0,0.0,0.0,11168.3,91493.66,0.0,2026-09-17 03:35:21+00:00
09/16/2026 22:36:52,N,47.8385,0.34,0.0,0.0,0.0,0.0,0.0,25.0,0.0,0.0,0.0,0.0,0.0,0.0,0.0,11152.23,91458.65,0.0,2026-09-17 03:36:52+00:00
09/16/2026 22:40:22,N,41.9158,0.0,0.0,0.0,0.0,0.0,0.0,25.0,0.0,0.0,0.0,0.0,0.0,0.0,0.0,11514.9,90730.1,0.0,2026-09-17 03:40:22+00:00
09/16/2026 22:45:24,N,45.8435,0.0,0.0,0.0,0.0,0.0,0.0,25.0,0.0,0.0,0.0,0.0,0.0,0.0,0.0,11434.67,90627.79,0.0,2026-09-17 03:45:24+00:00
09/16/2026 22:50:21,N,38.2122,1.66,0.08,0.0,0.08,0.16,0.65,25.0,0.0,0.0,0.0,0.0,0.0,0.0,0.0,11414.92,90873.15,0.0,2026-09-17 03:50:21+00:00
09/16/2026 22:55:20,N,38.9337,1.26,0.14,0.0,0.14,0.28,1.12,25.0,0.0,0.0,0.0,0.0,0.0,0.0,0.0,11377.22,90658.55,0.0,2026-09-17 03:55:20+00:00
09/16/2026 23:00:22,N,36.0298,0.62,0.05,0.0,0.05,0.11,0.42,25.0,0.0,0.0,0.0,0.0,0.0,0.0,0.0,11573.14,90761.69,0.0,2026-09-17 04:00:22+00:00
09/16/2026 23:05:19,N,37.7901,3.56,0.42,0.0,0.42,0.84,3.37,25.0,0.0,0.0,0.0,0.0,0.0,0.0,0.0,11402.28,91049.28,0.0,2026-09-17 04:05:19+00:00
09/16/2026 23:10:19,N,36.2414,1.02,0.12,0.0,0.12,0.23,0.93,25.0,0.0,0.0,0.0,0.0,0.0,0.0,0.0,11321.61,90985.48,0.0,2026-09-17 04:10:19+00:00
09/16/2026 23:15:18,N,36.219,0.29,0.05,0.0,0.05,0.11,0.44,25.0,0.0,0.0,0.0,0.0,0.0,0.0,0.0,11032.95,90684.18,0.0,2026-09-17 04:15:18+00:00
09/16/2026 23:20:19,N,36.4509,1.68,0.04,0.0,0.22,0.44,1.75,25.0,0.0,0.0,0.0,0.0,0.0,0.0,0.0,10713.29,90641.38,0.0,2026-09-17 04:20:19+00:00
09/16/2026 23:25:19,N,35.5904,0.66,0.08,0.0,0.08,0.17,0.68,25.0,0.0,0.0,0.0,0.0,0.0,0.0,0.0,10539.18,90383.56,0.0,2026-09-17 04:25:19+00:00
09/16/2026 23:30:18,N,36.2196,0.34,0.04,0.0,0.04,0.08,0.32,25.0,0.0,0.0,0.0,0.0,0.0,0.0,0.0,10431.96,89980.77,0.0,2026-09-17 04:30:18+00:00
09/16/2026 23:35:17,N,36.219,0.14,0.02,0.0,0.02,0.03,0.14,25.0,0.0,0.0,0.0,0.0,0.0,0.0,0.0,10408.86,89690.39,0.0,2026-09-17 04:35:17+00:00
09/16/2026 23:40:19,N,35.5645,0.56,0.05,0.0,0.05,0.09,0.37,25.0,0.0,0.0,0.0,0.0,0.0,0.0,0.0,10327.46,89629.87,0.0,2026-09-17 04:40:19+00:00
09/16/2026 23:45:18,N,36.2206,0.51,0.06,0.0,0.06,0.12,0.47,25.0,0.0,0.0,0.0,0.0,0.0,0.0,0.0,10629.79,89307.63,0.0,2026-09-17 04:45:18+00:00
09/16/2026 23:50:19,N,35.6002,0.62,0.07,0.0,0.07,0.13,0.53,25.0,0.0,0.0,0.0,0.0,0.0,0.0,0.0,10220.27,89257.8,0.0,2026-09-17 04:50:19+00:00
09/16/2026 23:55:18,N,35.2405,0.33,0.02,0.0,0.02,0.05,0.19,25.0,0.0,0.0,0.0,0.0,0.0,0.0,0.0,9993.38,88783.62,0.0,2026-09-17 04:55:18+00:00
09/17/2026 00:00:20,N,34.2384,0.0,0.0,0.0,0.0,0.0,0.0,0.0,0.0,0.0,0.0,0.0,0.0,0.0,0.0,9807.97,88329.73,0.0,2026-09-17 05:00:20+00:00
09/17/2026 00:05:18,N,35.1766,0.0,0.0,0.0,0.0,0.0,0.0,0.0,0.0,0.0,0.0,0.0,0.0,0.0,0.0,9488.02,88402.59,0.0,2026-09-17 05:05:18+00:00
09/17/2026 00:10:18,N,35.2301,0.0,0.0,0.0,0.0,0.0,0.0,0.0,0.0,0.0,0.0,0.0,0.0,0.0,0.0,9052.47,88108.16,0.0,2026-09-17 05:10:18+00:00
09/17/2026 00:15:18,N,34.5828,0.0,0.0,0.0,0.0,0.0,0.0,0.0,0.0,0.0,0.0,0.0,0.0,0.0,0.0,8692.54,88127.42,0.0,2026-09-17 05:15:18+00:00
09/17/2026 00:20:18,N,34.5832,0.0,0.0,0.0,0.0,0.0,0.0,0.0,0.0,0.0,0.0,0.0,0.0,0.0,0.0,8662.37,88199.6,0.0,2026-09-17 05:20:18+00:00
09/17/2026 00:25:18,N,34.5003,0.0,0.0,0.0,0.0,0.0,0.0,0.0,0.0,0.0,0.0,0.0,0.0,0.0,0.0,8615.78,88026.97,0.0,2026-09-17 05:25:18+00:00
09/17/2026 00:30:19,N,33.7635,0.0,0.0,0.0,0.0,0.0,0.0,0.0,0.0,0.0,0.0,0.0,0.0,0.0,0.0,8571.47,88037.84,0.0,2026-09-17 05:30:19+00:00
09/17/2026 00:35:18,N,33.8454,0.0,0.0,0.0,0.0,0.0,0.0,0.0,0.0,0.0,0.0,0.0,0.0,0.0,0.0,8563.88,87649.61,0.0,2026-09-17 05:35:18+00:00
09/17/2026 00:40:20,N,33.5304,0.0,0.0,0.0,0.0,0.0,0.0,0.0,0.0,0.0,0.0,0.0,0.0,0.0,0.0,8533.86,87710.26,0.0,2026-09-17 05:40:20+00:00
09/17/2026 00:45:18,N,32.7122,0.0,0.0,0.0,0.0,0.0,0.0,0.0,0.0,0.0,0.0,0.0,0.0,0.0,0.0,8538.08,87651.09,0.0,2026-09-17 05:45:18+00:00
09/17/2026 00:50:17,N,32.4406,0.0,0.0,0.0,0.0,0.0,0.0,0.0,0.0,0.0,0.0,0.0,0.0,0.0,0.0,8557.25,87639.24,0.0,2026-09-17 05:50:17+00:00
09/17/2026 00:55:18,N,32.5947,0.0,0.0,0.0,0.0,0.0,0.0,0.0,0.0,0.0,0.0,0.0,0.0,0.0,0.0,8552.94,87607.98,0.0,2026-09-17 05:55:18+00:00
09/17/2026 01:00:21,N,32.3132,0.0,0.0,0.0,0.0,0.0,0.0,0.0,0.0,0.0,0.0,0.0,0.0,0.0,0.0,8365.71,87803.38,0.0,2026-09-17 06:00:21+00:00
09/17/2026 01:05:17,N,33.2268,0.0,0.0,0.0,0.0,0.0,0.0,0.0,0.0,0.0,0.0,0.0,0.0,0.0,0.0,8190.99,88024.7,0.0,2026-09-17 06:05:17+00:00
09/17/2026 01:10:17,N,33.2281,0.0,0.0,0.0,0.0,0.0,0.0,0.0,0.0,0.0,0.0,0.0,0.0,0.0,0.0,8220.91,87889.84,0.0,2026-09-17 06:10:17+00:00
09/17/2026 01:15:18,N,32.6638,0.0,0.0,0.0,0.0,0.0,0.0,0.0,0.0,0.0,0.0,0.0,0.0,0.0,0.0,8226.74,87951.7,0.0,2026-09-17 06:15:18+00:00
09/17/2026 01:20:17,N,32.3734,0.0,0.0,0.0,0.0,0.0,0.0,0.0,0.0,0.0,0.0,0.0,0.0,0.0,0.0,8228.77,87972.16,0.0,2026-09-17 06:20:17+00:00
09/17/2026 01:25:17,N,32.9165,0.0,0.0,0.0,0.0,0.0,0.0,0.0,0.0,0.0,0.0,0.0,0.0,0.0,0.0,7958.66,88072.53,0.0,2026-09-17 06:25:17+00:00
09/17/2026 01:30:19,N,32.4852,0.0,0.0,0.0,0.0,0.0,0.0,0.0,0.0,0.0,0.0,0.0,0.0,0.0,0.0,7901.11,87974.96,0.0,2026-09-17 06:30:19+00:00
09/17/2026 01:35:18,N,32.2549,0.0,0.0,0.0,0.0,0.0,0.0,0.0,0.0,0.0,0.0,0.0,0.0,0.0,0.0,7917.71,87965.13,0.0,2026-09-17 06:35:18+00:00
09/17/2026 01:40:17,N,32.4153,0.0,0.0,0.0,0.0,0.0,0.0,0.0,0.0,0.0,0.0,0.0,0.0,0.0,0.0,7936.46,88047.76,0.0,2026-09-17 06:40:17+00:00
09/17/2026 01:45:21,N,31.8817,0.0,0.0,0.0,0.0,0.0,0.0,0.0,0.0,0.0,0.0,0.0,0.0,0.0,0.0,7983.16,88032.98,0.0,2026-09-17 06:45:21+00:00
09/17/2026 01:50:17,N,31.8813,0.0,0.0,0.0,0.0,0.0,0.0,0.0,0.0,0.0,0.0,0.0,0.0,0.0,0.0,8325.61,88088.91,0.0,2026-09-17 06:50:17+00:00
09/17/2026 01:55:17,N,30.9073,0.0,0.0,0.0,0.0,0.0,0.0,0.0,0.0,0.0,0.0,0.0,0.0,0.0,0.0,8417.3,88057.68,0.0,2026-09-17 06:55:17+00:00
09/17/2026 02:00:20,N,31.3005,0.0,0.0,0.0,0.0,0.0,0.0,0.0,0.0,0.0,0.0,0.0,0.0,0.0,0.0,8445.16,88365.5,0.0,2026-09-17 07:00:20+00:00
09/17/2026 02:05:20,N,31.3079,0.0,0.0,0.0,0.0,0.0,0.0,0.0,0.0,0.0,0.0,0.0,0.0,0.0,0.0,8579.73,88127.74,0.0,2026-09-17 07:05:20+00:00
09/17/2026 02:10:17,N,31.7102,0.0,0.0,0.0,0.0,0.0,0.0,0.0,0.0,0.0,0.0,0.0,0.0,0.0,0.0,8555.97,88277.37,0.0,2026-09-17 07:10:17+00:00
09/17/2026 02:15:17,N,30.5127,0.0,0.0,0.0,0.0,0.0,0.0,0.0,0.0,0.0,0.0,0.0,0.0,0.0,0.0,8558.77,88041.53,0.0,2026-09-17 07:15:17+00:00
09/17/2026 02:20:18,N,31.383,0.0,0.0,0.0,0.0,0.0,0.0,0.0,0.0,0.0,0.0,0.0,0.0,0.0,0.0,8345.31,88034.37,0.0,2026-09-17 07:20:18+00:00
09/17/2026 02:25:17,N,30.8097,0.0,0.0,0.0,0.0,0.0,0.0,0.0,0.0,0.0,0.0,0.0,0.0,0.0,0.0,8355.48,87929.45,0.0,2026-09-17 07:25:17+00:00
09/17/2026 02:30:20,N,30.3932,0.0,0.0,0.0,0.0,0.0,0.0,0.0,0.0,0.0,0.0,0.0,0.0,0.0,0.0,8352.73,87750.62,0.0,2026-09-17 07:30:20+00:00
09/17/2026 02:35:17,N,30.9961,0.0,0.0,0.0,0.0,0.0,0.0,0.0,0.0,0.0,0.0,0.0,0.0,0.0,0.0,8349.94,87669.09,0.0,2026-09-17 07:35:17+00:00
09/17/2026 02:40:17,N,31.0565,0.0,0.0,0.0,0.0,0.0,0.0,0.0,0.0,0.0,0.0,0.0,0.0,0.0,0.0,8361.51,87620.32,0.0,2026-09-17 07:40:17+00:00
09/17/2026 02:45:17,N,31.0638,0.0,0.0,0.0,0.0,0.0,0.0,0.0,0.0,0.0,0.0,0.0,0.0,0.0,0.0,8371.34,87457.46,0.0,2026-09-17 07:45:17+00:00
09/17/2026 02:50:18,N,31.1689,0.0,0.0,0.0,0.0,0.0,0.0,0.0,0.0,0.0,0.0,0.0,0.0,0.0,0.0,8394.12,87326.01,0.0,2026-09-17 07:50:18+00:00
09/17/2026 02:55:17,N,30.0085,0.0,0.0,0.0,0.0,0.0,0.0,0.0,0.0,0.0,0.0,0.0,0.0,0.0,0.0,8460.96,87227.6,0.0,2026-09-17 07:55:17+00:00
09/17/2026 03:00:19,N,29.9109,0.0,0.0,0.0,0.0,0.0,0.0,0.0,0.0,0.0,0.0,0.0,0.0,0.0,0.0,8475.2,86925.48,0.0,2026-09-17 08:00:19+00:00
09/17/2026 03:05:16,N,29.0733,0.0,0.0,0.0,0.0,0.0,0.0,0.0,0.0,0.0,0.0,0.0,0.0,0.0,0.0,8478.15,86864.43,0.0,2026-09-17 08:05:16+00:00
09/17/2026 03:10:16,N,29.1436,0.0,0.0,0.0,0.0,0.0,0.0,0.0,0.0,0.0,0.0,0.0,0.0,0.0,0.0,8493.07,86772.72,0.0,2026-09-17 08:10:16+00:00
09/17/2026 03:15:16,N,29.3687,0.0,0.0,0.0,0.0,0.0,0.0,0.0,0.0,0.0,0.0,0.0,0.0,0.0,0.0,8524.05,86650.4,0.0,2026-09-17 08:15:16+00:00
09/17/2026 03:20:16,N,29.8197,0.0,0.0,0.0,0.0,0.0,0.0,0.0,0.0,0.0,0.0,0.0,0.0,0.0,0.0,8634.6,86512.49,0.0,2026-09-17 08:20:16+00:00
09/17/2026 03:25:17,N,29.7779,0.0,0.0,0.0,0.0,0.0,0.0,0.0,0.0,0.0,0.0,0.0,0.0,0.0,0.0,8773.09,86334.45,0.0,2026-09-17 08:25:17+00:00
09/17/2026 03:30:16,N,29.0544,0.0,0.0,0.0,0.0,0.0,0.0,0.0,0.0,0.0,0.0,0.0,0.0,0.0,0.0,8949.05,86403.45,0.0,2026-09-17 08:30:16+00:00
09/17/2026 03:35:16,N,28.9297,0.0,0.0,0.0,0.0,0.0,0.0,0.0,0.0,0.0,0.0,0.0,0.0,0.0,0.0,8901.62,86310.67,0.0,2026-09-17 08:35:16+00:00
09/17/2026 03:40:17,N,29.1001,0.0,0.0,0.0,0.0,0.0,0.0,0.0,0.0,0.0,0.0,0.0,0.0,0.0,0.0,9160.52,86148.9,0.0,2026-09-17 08:40:17+00:00
09/17/2026 03:45:17,N,29.5206,0.0,0.0,0.0,0.0,0.0,0.0,0.0,0.0,0.0,0.0,0.0,0.0,0.0,0.0,9264.79,86041.98,0.0,2026-09-17 08:45:17+00:00
09/17/2026 03:50:17,N,29.916,0.0,0.0,0.0,0.0,0.0,0.0,0.0,0.0,0.0,0.0,0.0,0.0,0.0,0.0,9343.15,85831.67,0.0,2026-09-17 08:50:17+00:00
09/17/2026 03:55:16,N,29.3978,0.0,0.0,0.0,0.0,0.0,0.0,0.0,0.0,0.0,0.0,0.0,0.0,0.0,0.0,9378.89,85734.48,0.0,2026-09-17 08:55:16+00:00
09/17/2026 04:00:20,N,29.9101,0.0,0.0,0.0,0.0,0.0,0.0,0.0,0.0,0.0,0.0,0.0,0.0,0.0,0.0,9412.03,85564.27,0.0,2026-09-17 09:00:20+00:00
09/17/2026 04:05:17,N,30.0041,0.0,0.0,0.0,0.0,0.0,0.0,0.0,0.0,0.0,0.0,0.0,0.0,0.0,0.0,9455.25,85423.48,0.0,2026-09-17 09:05:17+00:00
09/17/2026 04:10:17,N,29.9422,0.0,0.0,0.0,0.0,0.0,0.0,0.0,0.0,0.0,0.0,0.0,0.0,0.0,0.0,9444.63,85288.73,0.0,2026-09-17 09:10:17+00:00
09/17/2026 04:15:17,N,30.0079,0.0,0.0,0.0,0.0,0.0,0.0,0.0,0.0,0.0,0.0,0.0,0.0,0.0,0.0,9477.74,85204.7,0.0,2026-09-17 09:15:17+00:00
09/17/2026 04:20:16,N,30.0103,0.0,0.0,0.0,0.0,0.0,0.0,0.0,0.0,0.0,0.0,0.0,0.0,0.0,0.0,9524.27,85106.03,0.0,2026-09-17 09:20:16+00:00
09/17/2026 04:25:16,N,30.0079,0.0,0.0,0.0,0.0,0.0,0.0,0.0,0.0,0.0,0.0,0.0,0.0,0.0,0.0,9559.47,85048.1,0.0,2026-09-17 09:25:16+00:00
09/17/2026 04:30:17,N,30.0091,0.0,0.0,0.0,0.0,0.0,0.0,0.0,0.0,0.0,0.0,0.0,0.0,0.0,0.0,9601.97,85035.46,0.0,2026-09-17 09:30:17+00:00
09/17/2026 04:35:16,N,30.8848,0.0,0.0,0.0,0.0,0.0,0.0,0.0,0.0,0.0,0.0,0.0,0.0,0.0,0.0,9551.09,84911.12,0.0,2026-09-17 09:35:16+00:00
09/17/2026 04:40:15,N,31.4023,0.0,0.0,0.0,0.0,0.0,0.0,0.0,0.0,0.0,0.0,0.0,0.0,0.0,0.0,9572.9,84660.73,0.0,2026-09-17 09:40:15+00:00
09/17/2026 04:45:16,N,33.9552,0.0,0.0,0.0,0.0,0.0,0.0,0.0,0.0,0.0,0.0,0.0,0.0,0.0,0.0,9609.58,84464.35,0.0,2026-09-17 09:45:16+00:00
09/17/2026 04:50:17,N,33.6959,0.0,0.0,0.0,0.0,0.0,0.0,0.0,0.0,0.0,0.0,0.0,0.0,0.0,0.0,9641.45,84338.17,0.0,2026-09-17 09:50:17+00:00
09/17/2026 04:55:16,N,31.5572,0.0,0.0,0.0,0.0,0.0,0.0,0.0,0.0,0.0,0.0,0.0,0.0,0.0,0.0,9652.81,84237.81,0.0,2026-09-17 09:55:16+00:00
09/17/2026 05:00:18,N,30.221,0.0,0.0,0.0,0.0,0.0,0.0,0.0,0.0,0.0,0.0,0.0,0.0,0.0,0.0,9680.96,83993.62,0.0,2026-09-17 10:00:18+00:00
09/17/2026 05:05:17,N,31.3807,0.0,0.0,0.0,0.0,0.0,0.0,0.0,0.0,0.0,0.0,0.0,0.0,0.0,0.0,9645.69,83821.54,0.0,2026-09-17 10:05:17+00:00
09/17/2026 05:10:16,N,33.3557,0.0,0.0,0.0,0.0,0.0,0.0,0.0,0.0,0.0,0.0,0.0,0.0,0.0,0.0,9606.29,83629.13,0.0,2026-09-17 10:10:16+00:00
09/17/2026 05:15:16,N,32.7256,0.0,0.0,0.0,0.0,0.0,0.0,0.0,0.0,0.0,0.0,0.0,0.0,0.0,0.0,9569.49,83514.66,0.0,2026-09-17 10:15:16+00:00
09/17/2026 05:20:16,N,32.7134,0.0,0.0,0.0,0.0,0.0,0.0,0.0,0.0,0.0,0.0,0.0,0.0,0.0,0.0,9566.67,83321.05,0.0,2026-09-17 10:20:16+00:00
09/17/2026 05:25:16,N,33.8714,0.0,0.0,0.0,0.0,0.0,0.0,0.0,0.0,0.0,0.0,0.0,0.0,0.0,0.0,9550.97,83146.77,0.0,2026-09-17 10:25:16+00:00
09/17/2026 05:30:16,N,33.5309,0.0,0.0,0.0,0.0,0.0,0.0,0.0,0.0,0.0,0.0,0.0,0.0,0.0,0.0,9542.18,82992.96,0.0,2026-09-17 10:30:16+00:00
09/17/2026 05:35:16,N,36.6696,0.0,0.0,0.0,0.0,0.0,0.0,0.0,0.0,0.0,0.0,0.0,0.0,0.0,0.0,9517.8,82854.38,0.0,2026-09-17 10:35:16+00:00
09/17/2026 05:40:17,N,34.0006,0.0,0.0,0.0,0.0,0.0,0.0,0.0,0.0,0.0,0.0,0.0,0.0,0.0,0.0,9593.02,82741.3,0.0,2026-09-17 10:40:17+00:00
09/17/2026 05:45:17,N,35.5706,0.0,0.0,0.0,0.0,0.0,0.0,0.0,0.0,0.0,0.0,0.0,0.0,0.0,0.0,9616.9,82605.49,0.0,2026-09-17 10:45:17+00:00
09/17/2026 05:50:16,N,40.7139,0.0,0.0,0.0,0.0,0.0,0.0,0.0,0.0,0.0,0.0,0.0,0.0,0.0,0.0,9543.45,82566.42,0.0,2026-09-17 10:50:16+00:00
09/17/2026 05:55:17,N,40.7835,0.0,0.0,0.0,0.0,0.0,0.0,0.0,0.0,0.0,0.0,0.0,0.0,0.0,0.0,9479.47,82487.57,0.0,2026-09-17 10:55:17+00:00
09/17/2026 06:00:18,N,34.5508,0.0,0.0,0.0,0.0,0.0,0.0,0.0,0.0,0.0,0.0,0.0,0.0,0.0,0.0,9298.88,82399.95,0.0,2026-09-17 11:00:18+00:00
09/17/2026 06:05:16,N,39.9548,0.0,0.0,0.0,0.0,0.0,0.0,0.0,0.0,0.0,0.0,0.0,0.0,0.0,0.0,9301.73,82418.84,0.0,2026-09-17 11:05:16+00:00
09/17/2026 06:10:17,N,37.4814,0.0,0.0,0.0,0.0,0.0,0.0,0.0,0.0,0.0,0.0,0.0,0.0,0.0,0.0,9197.54,82291.77,0.0,2026-09-17 11:10:17+00:00
09/17/2026 06:15:17,N,40.1578,0.0,0.0,0.0,0.0,0.0,0.0,0.0,0.0,0.0,0.0,0.0,0.0,0.0,0.0,9064.96,81966.06,0.0,2026-09-17 11:15:17+00:00
09/17/2026 06:20:17,N,39.2455,0.0,0.0,0.0,0.0,0.0,0.0,0.0,0.0,0.0,0.0,0.0,0.0,0.0,0.0,8799.0,81782.96,0.0,2026-09-17 11:20:17+00:00
09/17/2026 06:25:16,N,40.2143,0.0,0.0,0.0,0.0,0.0,0.0,0.0,0.0,0.0,0.0,0.0,0.0,0.0,0.0,8906.17,81432.26,0.0,2026-09-17 11:25:16+00:00
09/17/2026 06:30:17,N,40.203,0.0,0.0,0.0,0.0,0.0,0.0,0.0,0.0,0.0,0.0,0.0,0.0,0.0,0.0,8818.06,81298.54,0.0,2026-09-17 11:30:17+00:00
09/17/2026 06:35:17,N,40.2301,0.0,0.0,0.0,0.0,0.0,0.0,0.0,0.0,0.0,0.0,0.0,0.0,0.0,0.0,8807.67,81247.8,0.0,2026-09-17 11:35:17+00:00
09/17/2026 06:40:17,N,40.1492,0.0,0.0,0.0,0.0,0.0,0.0,0.0,0.0,0.0,0.0,0.0,0.0,0.0,0.0,8810.94,81184.03,0.0,2026-09-17 11:40:17+00:00
09/17/2026 06:45:17,N,40.0615,0.0,0.0,0.0,0.0,0.0,0.0,0.0,0.0,0.0,0.0,0.0,0.0,0.0,0.0,8808.33,81065.75,0.0,2026-09-17 11:45:17+00:00
09/17/2026 06:50:17,N,40.6145,0.0,0.0,0.0,0.0,0.0,0.0,0.0,0.0,0.0,0.0,0.0,0.0,0.0,0.0,8608.14,80926.41,0.0,2026-09-17 11:50:17+00:00
09/17/2026 06:55:17,N,40.5386,0.0,0.0,0.0,0.0,0.0,0.0,0.0,0.0,0.0,0.0,0.0,0.0,0.0,0.0,8575.35,80512.55,0.0,2026-09-17 11:55:17+00:00
09/17/2026 07:00:25,N,38.5167,0.0,0.0,0.0,0.0,0.0,0.0,0.0,0.0,0.0,0.0,0.0,0.0,0.0,0.0,8549.65,80265.03,0.0,2026-09-17 12:00:25+00:00
09/17/2026 07:05:20,N,39.1256,0.0,0.0,0.0,0.0,0.0,0.0,0.0,0.0,0.0,0.0,0.0,0.0,0.0,0.0,8737.0,80007.88,0.0,2026-09-17 12:05:20+00:00
09/17/2026 07:10:17,N,39.4857,0.0,0.0,0.0,0.0,0.0,0.0,0.0,0.0,0.0,0.0,0.0,0.0,0.0,0.0,8522.7,80058.73,0.0,2026-09-17 12:10:17+00:00
09/17/2026 07:15:17,N,40.2732,0.0,0.0,0.0,0.0,0.0,0.0,0.0,0.0,0.0,0.0,0.0,0.0,0.0,0.0,8469.7,80115.72,0.0,2026-09-17 12:15:17+00:00
09/17/2026 07:20:17,N,42.1968,0.0,0.0,0.0,0.0,0.0,0.0,0.0,0.0,0.0,0.0,0.0,0.0,0.0,0.0,8413.1,80196.23,0.0,2026-09-17 12:20:17+00:00
09/17/2026 07:25:17,N,40.8282,0.0,0.0,0.0,0.0,0.0,0.0,0.0,0.0,0.0,0.0,0.0,0.0,0.0,0.0,8395.95,79919.89,0.0,2026-09-17 12:25:17+00:00
09/17/2026 07:30:17,N,41.7123,0.0,0.0,0.0,0.0,0.0,0.0,0.0,0.0,0.0,0.0,0.0,0.0,0.0,0.0,8206.63,79777.34,0.0,2026-09-17 12:30:17+00:00
09/17/2026 07:35:17,N,40.8713,0.0,0.0,0.0,0.0,0.0,0.0,0.0,0.0,0.0,0.0,0.0,0.0,0.0,0.0,8200.4,79945.52,0.0,2026-09-17 12:35:17+00:00
09/17/2026 07:40:16,N,40.8078,0.0,0.0,0.0,0.0,0.0,0.0,0.0,0.0,0.0,0.0,0.0,0.0,0.0,0.0,8097.21,80293.74,0.0,2026-09-17 12:40:16+00:00
09/17/2026 07:45:17,N,41.5191,0.0,0.0,0.0,0.0,0.0,0.0,0.0,0.0,0.0,0.0,0.0,0.0,0.0,0.0,8078.38,80866.45,0.0,2026-09-17 12:45:17+00:00
09/17/2026 07:50:19,N,40.077,0.0,0.0,0.0,0.0,0.0,0.0,0.0,0.0,0.0,0.0,0.0,0.0,0.0,0.0,7869.29,81806.08,0.0,2026-09-17 12:50:19+00:00
09/17/2026 07:55:17,N,33.8792,0.0,0.0,0.0,0.0,0.0,0.0,0.0,0.0,0.0,0.0,0.0,0.0,0.0,0.0,7847.52,82617.26,0.0,2026-09-17 12:55:17+00:00
09/17/2026 08:00:19,N,44.0352,0.0,0.0,0.0,0.0,0.0,0.0,0.0,0.0,0.0,0.0,0.0,0.0,0.0,0.0,7848.65,83516.91,0.0,2026-09-17 13:00:19+00:00
09/17/2026 08:05:17,N,38.8864,0.0,0.0,0.0,0.0,0.0,0.0,0.0,0.0,0.0,0.0,0.0,0.0,0.0,0.0,7705.93,84705.62,0.0,2026-09-17 13:05:17+00:00
09/17/2026 08:10:18,N,36.1908,0.0,0.0,0.0,0.0,0.0,0.0,0.0,0.0,0.0,0.0,0.0,0.0,0.0,0.0,7712.17,85627.56,0.0,2026-09-17 13:10:18+00:00
09/17/2026 08:15:17,N,35.0974,0.0,0.0,0.0,0.0,0.0,0.0,0.0,0.0,0.0,0.0,0.0,0.0,0.0,0.0,7567.6,86636.16,0.0,2026-09-17 13:15:17+00:00
09/17/2026 08:20:17,N,33.6012,0.0,0.0,0.0,0.0,0.0,0.0,0.0,0.0,0.0,0.0,0.0,0.0,0.0,0.0,7575.65,87635.98,0.0,2026-09-17 13:20:17+00:00
09/17/2026 08:25:18,N,33.1881,0.0,0.0,0.0,0.0,0.0,0.0,0.0,0.0,0.0,0.0,0.0,0.0,0.0,0.0,7746.26,88302.52,0.0,2026-09-17 13:25:18+00:00
09/17/2026 08:30:18,N,30.0549,0.0,0.0,0.0,0.0,0.0,0.0,0.0,0.0,0.0,0.0,0.0,0.0,0.0,0.0,7484.56,89970.41,0.0,2026-09-17 13:30:18+00:00
09/17/2026 08:35:17,N,29.0912,0.0,0.0,0.0,0.0,0.0,0.0,0.0,0.0,0.0,0.0,0.0,0.0,0.0,0.0,7527.83,91065.7,0.0,2026-09-17 13:35:17+00:00
09/17/2026 08:40:18,N,28.6577,0.0,0.0,0.0,0.0,0.0,0.0,0.0,0.0,0.0,0.0,0.0,0.0,0.0,0.0,7370.08,91949.71,0.0,2026-09-17 13:40:18+00:00
09/17/2026 08:45:18,N,28.4322,0.0,0.0,0.0,0.0,0.0,0.0,0.0,0.0,0.0,0.0,0.0,0.0,0.0,0.0,7352.75,92825.78,0.0,2026-09-17 13:45:18+00:00
09/17/2026 08:50:17,N,27.1386,0.0,0.0,0.0,0.0,0.0,0.0,0.0,0.0,0.0,0.0,0.0,0.0,0.0,0.0,7506.38,93821.29,0.0,2026-09-17 13:50:17+00:00
09/17/2026 08:55:18,N,27.2484,0.0,0.0,0.0,0.0,0.0,0.0,0.0,0.0,0.0,0.0,0.0,0.0,0.0,0.0,7593.26,95010.92,0.0,2026-09-17 13:55:18+00:00
09/17/2026 09:00:21,N,29.4849,0.0,0.0,0.0,0.0,0.0,0.0,0.0,0.0,0.0,0.0,0.0,0.0,0.0,0.0,7614.22,96368.29,0.0,2026-09-17 14:00:21+00:00
09/17/2026 09:05:18,N,29.6591,0.0,0.0,0.0,0.0,0.0,0.0,0.0,0.0,0.0,0.0,0.0,0.0,0.0,0.0,7754.6,97454.23,0.0,2026-09-17 14:05:18+00:00
09/17/2026 09:10:16,N,29.2328,0.0,0.0,0.0,0.0,0.0,0.0,0.0,0.0,0.0,0.0,0.0,0.0,0.0,0.0,8009.92,98058.71,0.0,2026-09-17 14:10:16+00:00
09/17/2026 09:15:17,N,28.0582,0.0,0.0,0.0,0.0,0.0,0.0,0.0,0.0,0.0,0.0,0.0,0.0,0.0,0.0,8116.61,99056.09,0.0,2026-09-17 14:15:17+00:00
09/17/2026 09:20:16,N,26.8505,0.0,0.0,0.0,0.0,0.0,0.0,0.0,0.0,0.0,0.0,0.0,0.0,0.0,0.0,8169.4,100400.48,0.0,2026-09-17 14:20:16+00:00
09/17/2026 09:25:16,N,26.5246,0.0,0.0,0.0,0.0,0.0,0.0,0.0,0.0,0.0,0.0,0.0,0.0,0.0,0.0,8382.06,100939.67,0.0,2026-09-17 14:25:16+00:00
09/17/2026 09:30:18,N,25.3837,0.0,0.0,0.0,0.0,0.0,0.0,0.0,0.0,0.0,0.0,0.0,0.0,0.0,0.0,8664.82,101734.69,0.0,2026-09-17 14:30:18+00:00
09/17/2026 09:35:16,N,24.5466,0.0,0.0,0.0,0.0,0.0,0.0,0.0,0.0,0.0,0.0,0.0,0.0,0.0,0.0,8801.59,102541.2,0.0,2026-09-17 14:35:16+00:00
09/17/2026 09:40:17,N,22.7465,0.0,0.0,0.0,0.0,0.0,0.0,0.0,0.0,0.0,0.0,0.0,0.0,0.0,0.0,8856.44,103420.73,0.0,2026-09-17 14:40:17+00:00
09/17/2026 09:45:17,N,23.877,0.0,0.0,0.0,0.0,0.0,0.0,0.0,0.0,0.0,0.0,0.0,0.0,0.0,0.0,8983.4,104225.97,0.0,2026-09-17 14:45:17+00:00
09/17/2026 09:50:18,N,22.2834,0.0,0.0,0.0,0.0,0.0,0.0,0.0,0.0,0.0,0.0,0.0,0.0,0.0,0.0,9128.51,104780.52,0.0,2026-09-17 14:50:18+00:00
09/17/2026 09:55:18,N,23.5836,0.0,0.0,0.0,0.0,0.0,0.0,0.0,0.0,0.0,0.0,0.0,0.0,0.0,0.0,9328.08,105031.26,0.0,2026-09-17 14:55:18+00:00
09/17/2026 10:00:20,N,24.7344,0.0,0.0,0.0,0.0,0.0,0.0,0.0,0.0,0.0,0.0,0.0,0.0,0.0,0.0,9435.0,105237.98,0.0,2026-09-17 15:00:20+00:00
09/17/2026 10:05:17,N,24.0321,0.0,0.0,0.0,0.0,0.0,0.0,0.0,0.0,0.0,0.0,0.0,0.0,0.0,0.0,9782.74,105382.95,0.0,2026-09-17 15:05:17+00:00
09/17/2026 10:10:19,N,24.6271,0.0,0.0,0.0,0.0,0.0,0.0,0.0,0.0,0.0,0.0,0.0,0.0,0.0,0.0,10325.48,105448.98,0.0,2026-09-17 15:10:19+00:00
09/17/2026 10:15:18,N,24.7207,0.0,0.0,0.0,0.0,0.0,0.0,0.0,0.0,0.0,0.0,0.0,0.0,0.0,0.0,10221.18,105452.22,0.0,2026-09-17 15:15:18+00:00
09/17/2026 10:20:18,N,24.6289,0.0,0.0,0.0,0.0,0.0,0.0,0.0,0.0,0.0,0.0,0.0,0.0,0.0,0.0,10294.77,105802.69,0.0,2026-09-17 15:20:18+00:00
09/17/2026 10:25:18,N,24.234,0.0,0.0,0.0,0.0,0.0,0.0,0.0,0.0,0.0,0.0,0.0,0.0,0.0,0.0,10433.92,106276.25,0.0,2026-09-17 15:25:18+00:00
09/17/2026 10:30:17,N,24.7235,0.0,0.0,0.0,0.0,0.0,0.0,0.0,0.0,0.0,0.0,0.0,0.0,0.0,0.0,10632.21,106326.16,0.0,2026-09-17 15:30:17+00:00
09/17/2026 10:35:16,N,25.4261,0.0,0.0,0.0,0.0,0.0,0.0,0.0,0.0,0.0,0.0,0.0,0.0,0.0,0.0,10805.24,106250.89,0.0,2026-09-17 15:35:16+00:00
09/17/2026 10:40:18,N,25.5091,0.0,0.0,0.0,0.0,0.0,0.0,0.0,0.0,0.0,0.0,0.0,0.0,0.0,0.0,10885.66,106222.34,0.0,2026-09-17 15:40:18+00:00
09/17/2026 10:45:16,N,26.7605,0.0,0.0,0.0,0.0,0.0,0.0,0.0,0.0,0.0,0.0,0.0,0.0,0.0,0.0,10903.93,106292.49,0.0,2026-09-17 15:45:16+00:00
09/17/2026 10:50:17,N,26.8797,0.0,0.0,0.0,0.0,0.0,0.0,0.0,0.0,0.0,0.0,0.0,0.0,0.0,0.0,10955.82,106692.74,0.0,2026-09-17 15:50:17+00:00
09/17/2026 10:55:19,N,26.097,0.0,0.0,0.0,0.0,0.0,0.0,0.0,0.0,0.0,0.0,0.0,0.0,0.0,0.0,10655.71,106530.62,0.0,2026-09-17 15:55:19+00:00
09/17/2026 11:00:21,N,25.6469,0.0,0.0,0.0,0.0,0.0,0.0,0.0,0.0,0.0,0.0,0.0,0.0,0.0,0.0,10636.37,106102.73,0.0,2026-09-17 16:00:21+00:00
09/17/2026 11:05:17,N,25.8588,0.0,0.0,0.0,0.0,0.0,0.0,0.0,0.0,0.0,0.0,0.0,0.0,0.0,0.0,10534.61,106016.81,0.0,2026-09-17 16:05:17+00:00
09/17/2026 11:10:20,N,28.9131,0.0,0.0,0.0,0.0,0.0,0.0,0.0,0.0,0.0,0.0,0.0,0.0,0.0,0.0,10593.81,106304.8,0.0,2026-09-17 16:10:20+00:00
09/17/2026 11:15:18,N,30.7144,0.0,0.0,0.0,0.0,0.0,0.0,0.0,0.0,0.0,0.0,0.0,0.0,0.0,0.0,10743.63,105884.11,0.0,2026-09-17 16:15:18+00:00
09/17/2026 11:20:18,N,32.0335,0.0,0.0,0.0,0.0,0.0,0.0,0.0,0.0,0.0,0.0,0.0,0.0,0.0,0.0,10782.62,105579.35,0.0,2026-09-17 16:20:18+00:00
09/17/2026 11:25:18,N,32.7709,0.0,0.0,0.0,0.0,0.0,0.0,0.0,0.0,0.0,0.0,0.0,0.0,0.0,0.0,10339.76,106135.91,0.0,2026-09-17 16:25:18+00:00
09/17/2026 11:30:20,N,33.3659,0.0,0.0,0.0,0.0,0.0,0.0,0.0,0.0,0.0,0.0,0.0,0.0,0.0,0.0,10344.25,105912.83,0.0,2026-09-17 16:30:20+00:00
09/17/2026 11:35:20,N,36.5079,0.0,0.0,0.0,0.0,0.0,0.0,0.0,0.0,0.0,0.0,0.0,0.0,0.0,0.0,10510.01,105496.29,0.0,2026-09-17 16:35:20+00:00
09/17/2026 11:40:20,N,37.0386,0.0,0.0,0.0,0.0,0.0,0.0,0.0,0.0,0.0,0.0,0.0,0.0,0.0,0.0,10460.23,105760.61,0.0,2026-09-17 16:40:20+00:00
09/17/2026 11:45:21,N,41.6207,0.0,0.0,0.0,0.0,0.0,0.0,0.0,0.0,0.0,0.0,0.0,0.0,0.0,0.0,10643.68,105210.06,0.0,2026-09-17 16:45:21+00:00
09/17/2026 11:50:19,N,42.5202,0.0,0.0,0.0,0.0,0.0,0.0,0.0,0.0,0.0,0.0,0.0,0.0,0.0,0.0,10882.14,105421.88,0.0,2026-09-17 16:50:19+00:00
09/17/2026 11:55:19,N,38.8305,0.0,0.0,0.0,0.0,0.0,0.0,0.0,0.0,0.0,0.0,0.0,0.0,0.0,0.0,10986.32,105340.06,0.0,2026-09-17 16:55:19+00:00
09/17/2026 12:00:23,N,41.1897,0.0,0.0,0.0,0.0,0.0,0.0,0.0,0.0,0.0,0.0,0.0,0.0,0.0,0.0,10913.95,105123.11,0.0,2026-09-17 17:00:23+00:00
09/17/2026 12:05:21,N,39.566,0.0,0.0,0.0,0.0,0.0,0.0,0.0,0.0,0.0,0.0,0.0,0.0,0.0,0.0,11219.37,105070.38,0.0,2026-09-17 17:05:21+00:00
09/17/2026 12:10:21,N,46.0794,0.0,0.0,0.0,0.0,0.0,0.0,0.0,0.0,0.0,0.0,0.0,0.0,0.0,0.0,11291.77,104756.77,0.0,2026-09-17 17:10:21+00:00
09/17/2026 12:15:21,N,53.9653,0.0,0.0,0.0,0.0,0.0,0.0,0.0,0.0,0.0,0.0,0.0,0.0,0.0,0.0,11458.3,104726.97,0.0,2026-09-17 17:15:21+00:00
09/17/2026 12:20:20,N,46.606,0.0,0.0,0.0,0.0,0.0,0.0,0.0,0.0,0.0,0.0,0.0,0.0,0.0,0.0,11375.14,104540.89,0.0,2026-09-17 17:20:20+00:00
09/17/2026 12:25:20,N,46.4721,0.0,0.0,0.0,0.0,0.0,0.0,0.0,0.0,0.0,0.0,0.0,0.0,0.0,0.0,11481.04,104753.24,0.0,2026-09-17 17:25:20+00:00
09/17/2026 12:30:21,N,47.5498,0.0,0.0,0.0,0.0,0.0,0.0,0.0,0.0,0.0,0.0,0.0,0.0,0.0,0.0,11840.38,104519.95,0.0,2026-09-17 17:30:21+00:00
09/17/2026 12:35:20,N,43.7665,0.0,0.0,0.0,0.0,0.0,0.0,0.0,0.0,0.0,0.0,0.0,0.0,0.0,0.0,11714.81,105031.98,0.0,2026-09-17 17:35:20+00:00
09/17/2026 12:40:19,N,46.3213,0.0,0.0,0.0,0.0,0.0,0.0,0.0,0.0,0.0,0.0,0.0,0.0,0.0,0.0,12089.52,104882.29,0.0,2026-09-17 17:40:19+00:00
09/17/2026 12:45:18,N,44.1624,0.0,0.0,0.0,0.0,0.0,0.0,0.0,0.0,0.0,0.0,0.0,0.0,0.0,0.0,12560.78,105020.18,0.0,2026-09-17 17:45:18+00:00
09/17/2026 12:50:20,N,46.9253,0.0,0.0,0.0,0.0,0.0,0.0,0.0,0.0,0.0,0.0,0.0,0.0,0.0,0.0,12280.72,105071.42,0.0,2026-09-17 17:50:20+00:00
09/17/2026 12:55:20,N,48.5977,0.0,0.0,0.0,0.0,0.0,0.0,0.0,0.0,0.0,0.0,0.0,0.0,0.0,0.0,12483.5,105438.34,0.0,2026-09-17 17:55:20+00:00
09/17/2026 13:00:26,N,48.9746,0.0,0.0,0.0,0.0,0.0,0.0,0.0,0.0,0.0,0.0,0.0,0.0,0.0,0.0,12508.13,105516.37,0.0,2026-09-17 18:00:26+00:00
09/17/2026 13:05:25,N,52.5177,0.0,0.0,0.0,0.0,0.0,0.0,0.0,0.0,0.0,0.0,0.0,0.0,0.0,0.0,13023.73,105615.31,0.0,2026-09-17 18:05:25+00:00
09/17/2026 13:10:23,N,64.8853,0.0,0.0,0.0,0.0,0.0,0.0,0.0,0.0,0.0,0.0,0.0,0.0,0.0,0.0,13299.01,105259.68,0.0,2026-09-17 18:10:23+00:00
09/17/2026 13:15:22,N,61.1072,0.0,0.0,0.0,0.0,0.0,0.0,0.0,0.0,0.0,0.0,0.0,0.0,0.0,0.0,13195.05,105560.46,0.0,2026-09-17 18:15:22+00:00
09/17/2026 13:20:23,N,60.4083,0.0,0.0,0.0,0.0,0.0,0.0,0.0,0.0,0.0,0.0,0.0,0.0,0.0,0.0,13167.34,105796.74,0.0,2026-09-17 18:20:23+00:00
09/17/2026 13:25:21,N,68.6889,0.0,0.0,0.0,0.0,0.0,0.0,0.0,0.0,0.0,0.0,0.0,0.0,0.0,0.0,13163.41,105509.79,0.0,2026-09-17 18:25:21+00:00
09/17/2026 13:30:21,N,59.7027,0.0,0.0,0.0,0.0,0.0,0.0,0.0,0.0,0.0,0.0,0.0,0.0,0.0,0.0,13214.31,105633.09,0.0,2026-09-17 18:30:21+00:00
09/17/2026 13:35:21,N,56.5146,0.0,0.0,0.0,0.0,0.0,0.0,0.0,0.0,0.0,0.0,0.0,0.0,0.0,0.0,13058.2,106320.42,0.0,2026-09-17 18:35:21+00:00
09/17/2026 13:40:21,N,70.8145,0.0,0.0,0.0,0.0,0.0,0.0,0.0,0.0,0.0,0.0,0.0,0.0,0.0,0.0,13209.56,106138.01,0.0,2026-09-17 18:40:21+00:00
09/17/2026 13:45:21,N,61.425,0.0,0.0,0.0,0.0,0.0,0.0,0.0,0.0,0.0,0.0,0.0,0.0,0.0,0.0,13323.32,106165.55,0.0,2026-09-17 18:45:21+00:00
09/17/2026 13:50:19,N,70.9671,0.0,0.0,0.0,0.0,0.0,0.0,0.0,0.0,0.0,0.0,0.0,0.0,0.0,0.0,13723.41,105827.41,0.0,2026-09-17 18:50:19+00:00
09/17/2026 13:55:19,N,79.8244,0.0,0.0,0.0,0.0,0.0,0.0,0.0,0.0,0.0,0.0,0.0,0.0,0.0,0.0,14133.72,104711.13,0.0,2026-09-17 18:55:19+00:00
09/17/2026 14:00:22,N,70.9204,0.0,0.0,0.0,0.0,0.0,0.0,0.0,0.0,0.0,0.0,0.0,0.0,0.0,0.0,13783.97,105329.94,0.0,2026-09-17 19:00:22+00:00
09/17/2026 14:05:21,N,63.5928,0.0,0.0,0.0,0.0,0.0,0.01,20.0,0.0,0.0,0.0,0.0,0.0,0.0,0.0,13909.81,105948.05,0.0,2026-09-17 19:05:21+00:00
09/17/2026 14:10:23,N,65.929,0.0,0.0,0.01,0.0,0.0,0.0,20.0,0.0,0.0,0.0,0.0,0.0,0.0,0.0,13865.78,106504.32,0.0,2026-09-17 19:10:23+00:00
09/17/2026 14:15:19,N,73.5112,0.0,0.0,0.0,0.0,0.0,0.01,20.0,0.0,0.0,0.0,0.0,0.0,0.0,0.0,13984.07,106622.26,0.0,2026-09-17 19:15:19+00:00
09/17/2026 14:20:18,N,67.7238,0.0,0.0,0.0,0.0,0.0,0.0,20.0,0.0,0.0,0.0,0.0,0.0,0.0,0.0,13868.62,106718.24,0.0,2026-09-17 19:20:18+00:00
09/17/2026 14:25:19,N,49.0268,0.38,0.0,0.0,0.0,0.0,0.01,20.0,0.0,0.0,0.0,0.0,0.0,0.0,0.0,13969.79,106928.94,0.0,2026-09-17 19:25:19+00:00
09/17/2026 14:30:19,N,47.1633,4.81,0.0,0.0,0.0,0.0,0.0,20.0,0.0,0.0,0.0,0.0,0.0,0.0,0.0,14140.54,107145.74,0.0,2026-09-17 19:30:19+00:00
09/17/2026 14:32:14,N,65.7995,0.0,0.0,0.0,0.0,0.0,0.0,20.0,0.0,0.0,0.0,0.0,0.0,0.0,0.0,14093.47,106851.28,0.0,2026-09-17 19:32:14+00:00
09/17/2026 14:35:18,N,68.933,8.48,0.0,0.0,0.0,0.0,0.0,20.0,0.0,0.0,0.0,0.0,0.0,0.0,0.0,14120.0,107026.53,0.0,2026-09-17 19:35:18+00:00
09/17/2026 14:40:19,N,60.7712,4.23,0.0,0.0,0.0,0.0,0.02,20.0,0.0,0.0,0.0,0.0,0.0,0.0,0.0,14150.43,107350.31,0.0,2026-09-17 19:40:19+00:00
09/17/2026 14:45:20,N,74.5095,0.0,0.0,0.0,0.0,0.0,0.02,20.0,0.0,0.0,0.0,0.0,0.0,0.0,0.0,14184.42,107238.52,0.0,2026-09-17 19:45:20+00:00
09/17/2026 14:50:18,N,94.268,0.0,0.0,0.0,0.0,0.0,0.01,20.0,0.0,0.0,0.0,0.0,0.0,0.0,0.0,14204.1,107068.13,0.0,2026-09-17 19:50:18+00:00
09/17/2026 14:55:20,N,71.2609,2.78,0.0,0.0,0.0,0.0,0.01,20.0,0.0,0.0,0.0,0.0,0.0,0.0,0.0,14330.18,107018.98,0.0,2026-09-17 19:55:20+00:00
09/17/2026 15:00:22,N,75.9232,6.78,0.0,0.0,0.0,0.0,0.01,20.0,0.0,0.0,0.0,0.0,0.0,0.0,0.0,14568.61,106711.28,0.0,2026-09-17 20:00:22+00:00
09/17/2026 15:05:20,N,94.9688,0.0,0.0,0.0,0.0,0.0,0.01,20.0,0.0,0.0,0.0,0.0,0.0,0.0,0.0,14790.94,107113.53,0.0,2026-09-17 20:05:20+00:00
09/17/2026 15:10:18,N,52.5397,2.49,0.03,0.0,0.0,0.0,0.0,20.0,0.0,0.0,0.0,0.0,0.0,0.0,0.0,14906.63,107072.24,0.0,2026-09-17 20:10:18+00:00
09/17/2026 15:15:20,N,63.4654,0.0,0.0,0.0,0.0,0.0,0.01,20.0,0.0,0.0,0.0,0.0,0.0,0.0,0.0,15032.97,107151.9,0.0,2026-09-17 20:15:20+00:00
09/17/2026 15:20:20,N,86.1862,0.0,0.0,0.0,0.0,0.0,0.0,20.0,0.0,0.0,0.0,0.0,0.0,0.0,0.0,15083.42,107380.45,0.0,2026-09-17 20:20:20+00:00
09/17/2026 15:25:20,N,93.9255,0.0,0.0,0.0,0.0,0.0,0.02,20.0,0.0,0.0,0.0,0.0,0.0,0.0,0.0,15052.86,107440.94,0.0,2026-09-17 20:25:20+00:00
09/17/2026 15:30:20,N,95.3099,0.71,0.0,0.0,0.0,0.0,0.02,20.0,0.0,0.0,0.0,0.0,0.0,0.0,0.0,14994.93,107513.19,0.0,2026-09-17 20:30:20+00:00
09/17/2026 15:35:20,N,90.7236,1.01,0.0,0.0,0.0,0.0,0.01,20.0,0.0,0.0,0.0,0.0,0.0,0.0,0.0,15004.66,107490.79,0.0,2026-09-17 20:35:20+00:00
09/17/2026 15:40:20,N,97.7324,0.0,0.0,0.0,0.0,0.0,0.02,20.0,0.0,0.0,0.0,0.0,0.0,0.0,0.0,15160.42,107333.03,0.0,2026-09-17 20:40:20+00:00
09/17/2026 15:45:19,N,104.9165,0.0,0.14,0.0,0.0,0.0,0.02,20.0,0.0,0.0,0.0,0.0,0.0,0.0,0.0,15127.65,107245.27,0.0,2026-09-17 20:45:19+00:00
09/17/2026 15:50:19,N,139.4666,2.76,0.0,0.0,0.0,0.0,0.01,20.0,0.0,0.0,0.0,0.0,0.0,0.0,0.0,15141.91,107074.18,0.0,2026-09-17 20:50:19+00:00
09/17/2026 15:55:19,N,128.4128,11.55,0.0,0.0,0.0,0.01,0.03,20.0,0.0,0.0,0.0,0.0,0.0,0.0,0.0,15126.85,107348.16,0.0,2026-09-17 20:55:19+00:00
09/17/2026 16:00:24,N,90.6202,3.85,0.0,0.0,0.0,0.0,0.0,26.0,0.0,0.0,0.0,0.0,0.0,0.0,0.0,15165.18,107339.67,0.0,2026-09-17 21:00:24+00:00
09/17/2026 16:05:19,N,90.5065,3.5,0.0,0.0,0.0,0.0,0.0,20.0,0.0,0.0,0.0,0.0,0.0,0.0,0.0,15217.54,107694.32,0.0,2026-09-17 21:05:19+00:00
09/17/2026 16:10:21,N,177.3316,0.0,0.0,0.0,0.0,0.0,0.02,20.0,0.0,0.0,0.0,0.0,0.0,0.0,0.0,15190.17,107764.6,0.0,2026-09-17 21:10:21+00:00
09/17/2026 16:15:19,N,200.3208,0.0,0.0,0.0,0.0,0.0,0.01,20.0,0.0,0.0,0.0,0.0,0.0,0.0,0.0,15236.5,107696.45,0.0,2026-09-17 21:15:19+00:00
09/17/2026 16:20:19,N,161.6635,0.11,0.0,0.0,0.0,0.0,0.0,27.5,0.0,0.0,0.0,0.0,0.0,0.0,0.0,14947.21,107599.13,0.0,2026-09-17 21:20:19+00:00
09/17/2026 16:25:18,N,155.508,4.13,0.0,0.0,0.0,0.0,0.01,33.5,0.0,0.0,0.0,0.0,0.0,0.0,0.0,14866.87,108143.31,0.0,2026-09-17 21:25:18+00:00
09/17/2026 16:30:18,N,156.5948,1.57,0.0,0.0,0.0,0.0,0.01,33.9,0.0,0.0,0.0,0.0,0.0,0.0,0.0,14886.92,108746.56,0.0,2026-09-17 21:30:18+00:00
09/17/2026 16:35:18,N,118.8796,6.05,0.0,0.0,0.0,0.0,0.0,33.8,0.0,0.0,0.0,0.0,0.0,0.0,0.0,15024.98,109128.96,0.0,2026-09-17 21:35:18+00:00
09/17/2026 16:40:19,N,144.8714,9.14,0.0,0.0,0.0,0.0,0.01,33.9,0.0,0.0,0.0,0.0,0.0,0.0,0.0,15148.05,109342.24,0.0,2026-09-17 21:40:19+00:00
09/17/2026 16:45:19,N,139.3229,9.15,0.0,0.0,0.0,0.0,0.0,34.4,0.0,0.0,0.0,0.0,0.0,0.0,0.0,15200.75,109516.09,0.0,2026-09-17 21:45:19+00:00
09/17/2026 16:50:19,N,111.8039,3.2,0.0,0.0,0.0,0.0,0.0,33.6,0.0,0.0,0.0,0.0,0.0,0.0,0.0,15213.0,109604.36,0.0,2026-09-17 21:50:19+00:00
09/17/2026 16:55:20,N,74.8458,5.62,0.0,0.0,0.0,0.0,0.0,34.5,0.0,0.0,0.0,0.0,0.0,0.0,0.0,14864.11,109545.56,0.0,2026-09-17 21:55:20+00:00
09/17/2026 17:00:23,N,77.9505,2.75,0.0,0.0,0.0,0.0,0.0,28.1,0.0,0.0,0.0,0.0,0.0,0.0,0.0,14713.43,109332.09,0.0,2026-09-17 22:00:23+00:00
09/17/2026 17:05:23,N,39.3366,9.23,0.0,0.0,0.0,0.0,0.0,20.0,0.0,0.0,0.0,0.0,0.0,0.0,0.0,14750.07,109628.65,0.0,2026-09-17 22:05:23+00:00
09/17/2026 17:10:22,N,52.1358,11.97,0.0,0.0,0.0,0.0,0.0,20.0,0.0,0.0,0.0,0.0,0.0,0.0,0.0,14808.03,109377.93,0.0,2026-09-17 22:10:22+00:00
09/17/2026 17:15:20,N,62.0094,4.08,0.0,0.0,0.0,0.0,0.0,20.0,0.0,0.0,0.0,0.0,0.0,0.0,0.0,14867.64,109330.38,0.0,2026-09-17 22:15:20+00:00
09/17/2026 17:18:01,N,77.1805,0.0,0.0,0.0,0.0,0.0,0.01,20.0,0.0,0.0,0.0,0.0,0.0,0.0,0.0,14862.62,109050.97,0.0,2026-09-17 22:18:01+00:00
09/17/2026 17:20:18,N,110.1323,0.0,0.0,0.0,0.0,0.0,0.02,20.0,0.0,0.0,0.0,0.0,0.0,0.0,0.0,14896.46,108944.63,0.0,2026-09-17 22:20:18+00:00
09/17/2026 17:25:19,N,86.1578,10.64,0.01,0.0,0.0,0.0,0.02,20.0,0.0,0.0,0.0,0.0,0.0,0.0,0.0,14844.86,109120.38,0.0,2026-09-17 22:25:19+00:00
09/17/2026 17:30:21,N,111.8277,23.9,0.0,0.0,0.0,0.0,0.01,20.0,0.0,0.0,0.0,0.0,0.0,0.0,0.0,14935.8,108841.83,0.0,2026-09-17 22:30:21+00:00
09/17/2026 17:35:20,N,159.9205,0.37,0.0,0.0,0.0,0.0,0.0,20.0,0.0,0.0,0.0,0.0,0.0,0.0,0.0,15031.71,108227.23,0.0,2026-09-17 22:35:20+00:00
09/17/2026 17:40:19,N,174.4306,14.66,0.0,0.0,0.0,0.0,0.0,28.4,0.0,0.0,0.0,0.0,0.0,0.0,0.0,15188.49,107975.0,0.0,2026-09-17 22:40:19+00:00
09/17/2026 17:45:19,N,197.4342,3.69,0.0,0.0,0.0,0.0,0.0,33.6,0.0,0.0,0.0,0.0,0.0,0.0,0.0,15207.72,108105.56,0.0,2026-09-17 22:45:19+00:00
09/17/2026 17:50:21,N,201.9856,5.24,0.0,0.0,0.0,0.0,0.0,33.7,0.0,0.0,0.0,0.0,0.0,0.0,0.0,15265.81,107911.09,0.0,2026-09-17 22:50:21+00:00
09/17/2026 17:55:18,N,244.9995,0.0,0.0,0.0,0.0,0.0,0.0,33.7,0.0,0.0,0.0,0.0,0.0,0.0,0.0,15281.01,107315.27,0.0,2026-09-17 22:55:18+00:00
09/17/2026 18:00:23,N,243.1293,0.0,0.0,0.0,0.0,0.0,0.02,34.3,0.0,0.0,0.0,0.0,0.0,0.0,0.0,15665.03,106224.41,0.0,2026-09-17 23:00:23+00:00
09/17/2026 18:05:20,N,254.6797,0.0,0.0,0.0,0.0,0.0,0.03,34.3,0.0,0.0,0.0,0.0,0.0,0.0,0.0,15501.84,105814.82,0.0,2026-09-17 23:05:20+00:00
09/17/2026 18:10:24,N,265.4997,0.0,0.02,0.0,0.0,0.01,0.04,34.2,0.0,0.0,0.0,0.0,0.0,0.0,0.0,15512.25,104960.62,0.0,2026-09-17 23:10:24+00:00
09/17/2026 18:15:26,N,328.1431,0.0,0.0,0.0,0.0,0.0,0.03,33.7,0.0,0.0,0.0,0.0,0.0,0.0,0.0,15420.39,104144.13,0.0,2026-09-17 23:15:26+00:00
09/17/2026 18:20:25,N,298.7532,0.0,0.0,0.0,0.0,0.0,0.01,34.1,0.0,0.0,0.0,0.0,0.0,0.0,0.0,15335.79,103220.56,0.0,2026-09-17 23:20:25+00:00
09/17/2026 18:25:26,N,316.7628,0.0,0.0,0.0,0.0,0.0,0.02,33.9,0.0,0.0,0.0,0.0,0.0,0.0,0.0,15129.05,102227.16,0.0,2026-09-17 23:25:26+00:00
09/17/2026 18:30:22,N,299.6206,0.0,0.0,0.0,0.01,0.01,0.05,33.9,0.0,0.0,0.0,0.0,0.0,0.0,0.0,15112.86,101448.25,0.0,2026-09-17 23:30:22+00:00
09/17/2026 18:35:24,N,302.5463,0.0,0.0,0.0,0.0,0.01,0.04,34.1,0.0,0.0,0.0,0.0,0.0,0.0,0.0,15096.38,101089.98,0.0,2026-09-17 23:35:24+00:00
09/17/2026 18:40:26,N,299.9496,0.0,0.0,0.0,0.0,0.0,0.0,33.9,0.0,0.0,0.0,0.0,0.0,0.0,0.0,15078.35,100096.22,0.0,2026-09-17 23:40:26+00:00
09/17/2026 18:45:23,N,304.6696,0.0,0.0,0.0,0.02,0.02,0.16,34.3,0.0,0.0,0.0,0.0,0.0,0.0,0.0,14721.69,98975.95,0.0,2026-09-17 23:45:23+00:00
09/17/2026 18:50:21,N,313.2936,0.0,0.12,0.0,0.02,0.02,0.12,33.7,0.0,0.0,0.0,0.0,0.0,0.0,0.0,14655.88,98053.25,0.0,2026-09-17 23:50:21+00:00
09/17/2026 18:55:23,N,302.3862,1.93,0.0,0.0,0.01,0.07,0.1,33.9,0.0,0.0,0.0,0.0,0.0,0.0,0.0,14522.44,96783.91,0.0,2026-09-17 23:55:23+00:00
09/17/2026 19:00:33,N,228.7685,9.4,0.0,0.0,0.0,0.02,0.1,33.6,0.0,0.0,0.0,0.0,0.0,0.0,0.0,14322.43,96104.5,0.0,2026-09-18 00:00:33+00:00
09/17/2026 19:05:23,N,229.2071,7.62,0.0,0.01,0.01,0.02,0.08,34.3,0.0,0.0,0.0,0.0,0.0,0.0,0.0,13826.08,95177.48,0.0,2026-09-18 00:05:23+00:00
09/17/2026 19:10:26,N,232.8137,7.95,0.0,0.0,0.0,0.0,0.0,33.5,0.0,0.0,0.0,0.0,0.0,0.0,0.0,13674.35,94704.78,0.0,2026-09-18 00:10:26+00:00
09/17/2026 19:15:25,N,229.4158,4.86,0.0,0.0,0.0,0.0,0.0,34.1,0.0,0.0,0.0,0.0,0.0,0.0,0.0,13517.56,94223.38,0.0,2026-09-18 00:15:25+00:00
09/17/2026 19:20:25,N,208.3829,10.7,0.0,0.0,0.0,0.0,0.0,33.9,0.0,0.0,0.0,0.0,0.0,0.0,0.0,13430.16,93708.16,0.0,2026-09-18 00:20:25+00:00
09/17/2026 19:25:32,N,202.4654,14.07,0.0,0.0,0.0,0.0,0.0,34.2,0.0,0.0,0.0,0.0,0.0,0.0,0.0,13279.86,93195.96,0.0,2026-09-18 00:25:32+00:00
09/17/2026 19:30:25,N,196.3852,20.44,0.02,0.0,0.02,0.04,0.15,34.2,0.0,0.0,0.0,0.0,0.0,0.0,0.0,13185.41,92767.58,0.0,2026-09-18 00:30:25+00:00
09/17/2026 19:35:24,N,197.8344,10.56,0.11,0.0,0.11,0.02,0.0,33.5,0.0,0.0,0.0,0.0,0.0,0.0,0.0,13118.73,92291.35,0.0,2026-09-18 00:35:24+00:00
09/17/2026 19:40:24,N,194.9912,6.73,0.01,0.0,0.01,0.0,0.0,33.9,0.0,0.0,0.0,0.0,0.0,0.0,0.0,13006.58,92167.55,0.0,2026-09-18 00:40:24+00:00
09/17/2026 19:45:22,N,188.1358,4.6,0.0,0.0,0.0,0.0,0.0,34.0,0.0,0.0,0.0,0.0,0.0,0.0,0.0,12976.71,91906.48,0.0,2026-09-18 00:45:22+00:00
09/17/2026 19:50:23,N,192.6966,6.06,0.0,0.0,0.0,0.0,0.0,34.0,0.0,0.0,0.0,0.0,0.0,0.0,0.0,12974.28,91865.19,0.0,2026-09-18 00:50:23+00:00
09/17/2026 19:55:22,N,191.657,4.28,0.22,0.0,0.23,0.22,0.17,33.6,0.0,0.0,0.0,0.0,0.0,0.0,0.0,12988.15,91840.65,0.0,2026-09-18 00:55:22+00:00
09/17/2026 20:00:26,N,190.5168,4.5,0.27,0.0,0.15,0.29,1.17,33.9,0.0,0.0,0.0,0.0,0.0,0.0,0.0,12929.95,91857.07,0.0,2026-09-18 01:00:26+00:00
09/17/2026 20:05:22,N,118.9979,18.62,0.0,0.0,0.0,0.0,0.0,33.4,0.0,0.0,0.0,0.0,0.0,0.0,0.0,12838.49,91801.66,0.0,2026-09-18 01:05:22+00:00
09/17/2026 20:10:22,N,126.429,21.98,0.04,0.0,0.04,0.07,0.3,32.9,0.0,0.0,0.0,0.0,0.0,0.0,0.0,12814.1,91708.9,0.0,2026-09-18 01:10:22+00:00
09/17/2026 20:15:22,N,84.5511,4.4,0.2,0.0,0.2,0.41,1.62,33.3,0.0,0.0,0.0,0.0,0.0,0.0,0.0,12620.15,91778.27,0.0,2026-09-18 01:15:22+00:00
09/17/2026 20:20:21,N,68.2207,0.13,0.16,0.0,0.16,0.32,1.29,27.4,0.0,0.0,0.0,0.0,0.0,0.0,0.0,12722.81,91701.71,0.0,2026-09-18 01:20:21+00:00
09/17/2026 20:25:21,N,68.529,0.22,0.12,0.0,0.12,0.24,0.97,20.0,0.0,0.0,0.0,0.0,0.0,0.0,0.0,12712.67,91409.66,0.0,2026-09-18 01:25:21+00:00
09/17/2026 20:30:22,N,56.3627,0.8,0.03,0.0,0.03,0.06,0.24,20.0,0.0,0.0,0.0,0.0,0.0,0.0,0.0,12614.62,91431.07,0.0,2026-09-18 01:30:22+00:00
09/17/2026 20:35:21,N,55.9001,0.48,0.0,0.0,0.0,0.0,0.02,20.0,0.0,0.0,0.0,0.0,0.0,0.0,0.0,12593.79,91561.63,0.0,2026-09-18 01:35:21+00:00
09/17/2026 20:40:22,N,53.5802,0.35,0.0,0.0,0.0,0.0,0.0,20.0,0.0,0.0,0.0,0.0,0.0,0.0,0.0,12537.04,91736.44,0.0,2026-09-18 01:40:22+00:00
09/17/2026 20:45:22,N,49.7971,0.0,0.0,0.0,0.0,0.0,0.0,20.0,0.0,0.0,0.0,0.0,0.0,0.0,0.0,12473.67,91914.96,0.0,2026-09-18 01:45:22+00:00
09/17/2026 20:50:22,N,47.7177,0.51,0.0,0.0,0.0,0.0,0.0,20.0,0.0,0.0,0.0,0.0,0.0,0.0,0.0,12371.81,92021.25,0.0,2026-09-18 01:50:22+00:00
09/17/2026 20:55:22,N,50.5228,0.53,0.0,0.0,0.0,0.0,0.0,20.0,0.0,0.0,0.0,0.0,0.0,0.0,0.0,12246.85,91650.93,0.0,2026-09-18 01:55:22+00:00
09/17/2026 21:00:25,N,59.8257,0.0,0.0,0.0,0.0,0.0,0.0,20.0,0.0,0.0,0.0,0.0,0.0,0.0,0.0,12166.65,91597.23,0.0,2026-09-18 02:00:25+00:00
09/17/2026 21:05:23,N,61.7561,0.36,0.03,0.0,0.03,0.07,0.27,20.0,0.0,0.0,0.0,0.0,0.0,0.0,0.0,12129.29,91470.52,0.0,2026-09-18 02:05:23+00:00
09/17/2026 21:10:23,N,58.7952,0.95,0.0,0.0,0.0,0.0,0.0,20.0,0.0,0.0,0.0,0.0,0.0,0.0,0.0,12117.83,91265.33,0.0,2026-09-18 02:10:23+00:00
09/17/2026 21:15:22,N,57.6534,0.0,0.0,0.0,0.0,0.0,0.0,20.0,0.0,0.0,0.0,0.0,0.0,0.0,0.0,12122.16,91174.72,0.0,2026-09-18 02:15:22+00:00
09/17/2026 21:20:22,N,49.2293,0.71,0.0,0.0,0.0,0.0,0.0,20.0,0.0,0.0,0.0,0.0,0.0,0.0,0.0,12116.38,91158.48,0.0,2026-09-18 02:20:22+00:00
09/17/2026 21:25:22,N,48.0158,0.35,0.0,0.0,0.0,0.0,0.0,20.0,0.0,0.0,0.0,0.0,0.0,0.0,0.0,12062.42,91096.23,0.0,2026-09-18 02:25:22+00:00
09/17/2026 21:30:20,N,47.693,0.46,0.0,0.0,0.0,0.0,0.0,20.0,0.0,0.0,0.0,0.0,0.0,0.0,0.0,11994.29,91115.18,0.0,2026-09-18 02:30:20+00:00
09/17/2026 21:35:22,N,46.0511,1.71,0.0,0.0,0.0,0.0,0.0,20.0,0.0,0.0,0.0,0.0,0.0,0.0,0.0,12200.88,91212.63,0.0,2026-09-18 02:35:22+00:00
09/17/2026 21:40:20,N,42.8045,1.78,0.0,0.0,0.0,0.0,0.0,20.0,0.0,0.0,0.0,0.0,0.0,0.0,0.0,12165.55,91175.54,0.0,2026-09-18 02:40:20+00:00
09/17/2026 21:45:20,N,42.3698,1.57,0.02,0.0,0.02,0.05,0.2,20.0,0.0,0.0,0.0,0.0,0.0,0.0,0.0,12254.56,91254.23,0.0,2026-09-18 02:45:20+00:00
09/17/2026 21:50:20,N,41.4891,1.69,0.02,0.0,0.02,0.04,0.14,20.0,0.0,0.0,0.0,0.0,0.0,0.0,0.0,12242.28,91572.84,0.0,2026-09-18 02:50:20+00:00
09/17/2026 21:55:20,N,45.1925,0.83,0.0,0.0,0.0,0.0,0.0,20.0,0.0,0.0,0.0,0.0,0.0,0.0,0.0,11922.62,91564.91,0.0,2026-09-18 02:55:20+00:00
09/17/2026 22:00:24,N,43.5416,0.0,0.0,0.0,0.0,0.0,0.0,0.0,0.0,0.0,0.0,0.0,0.0,0.0,0.0,11279.44,90931.96,0.0,2026-09-18 03:00:24+00:00
09/17/2026 22:05:19,N,42.3878,0.0,0.0,0.0,0.0,0.0,0.0,0.0,0.0,0.0,0.0,0.0,0.0,0.0,0.0,11300.12,90536.09,0.0,2026-09-18 03:05:19+00:00
09/17/2026 22:10:21,N,41.7387,0.0,0.0,0.0,0.0,0.0,0.0,0.0,0.0,0.0,0.0,0.0,0.0,0.0,0.0,11110.88,90542.72,0.0,2026-09-18 03:10:21+00:00
09/17/2026 22:15:21,N,42.6593,0.0,0.0,0.0,0.0,0.0,0.0,0.0,0.0,0.0,0.0,0.0,0.0,0.0,0.0,11015.32,90136.5,0.0,2026-09-18 03:15:21+00:00
09/17/2026 22:20:20,N,42.0551,0.0,0.0,0.0,0.0,0.0,0.0,0.0,0.0,0.0,0.0,0.0,0.0,0.0,0.0,10823.63,89897.58,0.0,2026-09-18 03:20:20+00:00
09/17/2026 22:25:21,N,40.8551,0.0,0.0,0.0,0.0,0.0,0.0,0.0,0.0,0.0,0.0,0.0,0.0,0.0,0.0,10664.29,89990.73,0.0,2026-09-18 03:25:21+00:00
09/17/2026 22:30:21,N,38.144,0.0,0.0,0.0,0.0,0.0,0.0,0.0,0.0,0.0,0.0,0.0,0.0,0.0,0.0,10578.39,89768.67,0.0,2026-09-18 03:30:21+00:00
09/17/2026 22:35:19,N,37.7157,0.0,0.0,0.0,0.0,0.0,0.0,0.0,0.0,0.0,0.0,0.0,0.0,0.0,0.0,10592.4,89945.95,0.0,2026-09-18 03:35:19+00:00
09/17/2026 22:40:19,N,37.6338,0.0,0.0,0.0,0.0,0.0,0.0,0.0,0.0,0.0,0.0,0.0,0.0,0.0,0.0,10238.58,89781.84,0.0,2026-09-18 03:40:19+00:00
09/17/2026 22:45:22,N,37.4952,0.0,0.0,0.0,0.0,0.0,0.0,0.0,0.0,0.0,0.0,0.0,0.0,0.0,0.0,10206.03,89572.68,0.0,2026-09-18 03:45:22+00:00
09/17/2026 22:50:19,N,36.9355,0.0,0.0,0.0,0.0,0.0,0.0,0.0,0.0,0.0,0.0,0.0,0.0,0.0,0.0,10121.78,89585.76,0.0,2026-09-18 03:50:19+00:00
09/17/2026 22:55:19,N,37.026,0.0,0.0,0.0,0.0,0.0,0.0,0.0,0.0,0.0,0.0,0.0,0.0,0.0,0.0,9898.47,89595.61,0.0,2026-09-18 03:55:19+00:00
09/17/2026 23:00:21,N,34.9964,0.0,0.0,0.0,0.0,0.0,0.0,0.0,0.0,0.0,0.0,0.0,0.0,0.0,0.0,9826.24,89278.44,0.0,2026-09-18 04:00:21+00:00
09/17/2026 23:05:19,N,36.0171,0.0,0.0,0.0,0.0,0.0,0.0,0.0,0.0,0.0,0.0,0.0,0.0,0.0,0.0,9780.72,89252.06,0.0,2026-09-18 04:05:19+00:00
09/17/2026 23:10:18,N,36.0321,0.0,0.0,0.0,0.0,0.0,0.0,0.0,0.0,0.0,0.0,0.0,0.0,0.0,0.0,9715.09,89185.37,0.0,2026-09-18 04:10:18+00:00
09/17/2026 23:15:18,N,36.6595,0.0,0.0,0.0,0.0,0.0,0.0,0.0,0.0,0.0,0.0,0.0,0.0,0.0,0.0,9384.41,89062.83,0.0,2026-09-18 04:15:18+00:00
09/17/2026 23:20:18,N,36.4181,0.0,0.0,0.0,0.0,0.0,0.0,0.0,0.0,0.0,0.0,0.0,0.0,0.0,0.0,9142.77,88908.96,0.0,2026-09-18 04:20:18+00:00
09/17/2026 23:25:18,N,35.496,0.0,0.0,0.0,0.0,0.0,0.0,0.0,0.0,0.0,0.0,0.0,0.0,0.0,0.0,9085.01,88688.85,0.0,2026-09-18 04:25:18+00:00
09/17/2026 23:30:18,N,34.6044,0.0,0.0,0.0,0.0,0.0,0.0,0.0,0.0,0.0,0.0,0.0,0.0,0.0,0.0,8972.48,88657.75,0.0,2026-09-18 04:30:18+00:00
09/17/2026 23:35:18,N,34.237,0.0,0.0,0.0,0.0,0.0,0.0,0.0,0.0,0.0,0.0,0.0,0.0,0.0,0.0,8620.37,88176.39,0.0,2026-09-18 04:35:18+00:00
09/17/2026 23:40:18,N,33.6163,0.0,0.0,0.0,0.0,0.0,0.0,0.0,0.0,0.0,0.0,0.0,0.0,0.0,0.0,8322.33,87874.72,0.0,2026-09-18 04:40:18+00:00
09/17/2026 23:45:18,N,33.0662,0.0,0.0,0.0,0.0,0.0,0.0,0.0,0.0,0.0,0.0,0.0,0.0,0.0,0.0,8173.29,87627.8,0.0,2026-09-18 04:45:18+00:00
09/17/2026 23:50:19,N,33.0886,0.0,0.0,0.0,0.0,0.0,0.0,0.0,0.0,0.0,0.0,0.0,0.0,0.0,0.0,7905.98,87683.23,0.0,2026-09-18 04:50:19+00:00
09/17/2026 23:55:18,N,32.5324,0.0,0.0,0.0,0.0,0.0,0.0,0.0,0.0,0.0,0.0,0.0,0.0,0.0,0.0,7928.36,87499.86,0.0,2026-09-18 04:55:18+00:00
09/18/2026 00:00:19,N,32.3169,0.0,0.0,0.0,0.0,0.0,0.0,0.0,0.0,0.0,0.0,0.0,0.0,0.0,0.0,7759.47,87420.41,0.0,2026-09-18 05:00:19+00:00
09/18/2026 00:05:17,N,35.1809,0.0,0.0,0.0,0.0,0.0,0.0,0.0,0.0,0.0,0.0,0.0,0.0,0.0,0.0,7832.68,87015.23,0.0,2026-09-18 05:05:17+00:00
09/18/2026 00:10:17,N,34.6754,0.0,0.0,0.0,0.0,0.0,0.0,0.0,0.0,0.0,0.0,0.0,0.0,0.0,0.0,7809.36,86784.55,0.0,2026-09-18 05:10:17+00:00
09/18/2026 00:15:19,N,33.3827,0.0,0.0,0.0,0.0,0.0,0.0,0.0,0.0,0.0,0.0,0.0,0.0,0.0,0.0,7800.03,86730.48,0.0,2026-09-18 05:15:19+00:00
09/18/2026 00:20:17,N,33.0228,0.0,0.0,0.0,0.0,0.0,0.0,0.0,0.0,0.0,0.0,0.0,0.0,0.0,0.0,7804.46,86728.73,0.0,2026-09-18 05:20:17+00:00
09/18/2026 00:25:17,N,32.8027,0.0,0.0,0.0,0.0,0.0,0.0,0.0,0.0,0.0,0.0,0.0,0.0,0.0,0.0,7768.65,86537.48,0.0,2026-09-18 05:25:17+00:00
09/18/2026 00:30:17,N,33.3112,0.0,0.0,0.0,0.0,0.0,0.0,0.0,0.0,0.0,0.0,0.0,0.0,0.0,0.0,7766.49,86465.93,0.0,2026-09-18 05:30:17+00:00
09/18/2026 00:35:17,N,32.5899,0.0,0.0,0.0,0.0,0.0,0.0,0.0,0.0,0.0,0.0,0.0,0.0,0.0,0.0,7770.92,86428.92,0.0,2026-09-18 05:35:17+00:00
09/18/2026 00:40:21,N,31.4623,0.0,0.0,0.0,0.0,0.0,0.0,0.0,0.0,0.0,0.0,0.0,0.0,0.0,0.0,7770.43,86427.8,0.0,2026-09-18 05:40:21+00:00
09/18/2026 00:45:19,N,31.0079,0.0,0.0,0.0,0.0,0.0,0.0,0.0,0.0,0.0,0.0,0.0,0.0,0.0,0.0,7064.95,86428.68,0.0,2026-09-18 05:45:19+00:00
09/18/2026 00:50:17,N,30.7856,0.0,0.0,0.0,0.0,0.0,0.0,0.0,0.0,0.0,0.0,0.0,0.0,0.0,0.0,6931.73,86540.18,0.0,2026-09-18 05:50:17+00:00
09/18/2026 00:55:18,N,30.6332,0.0,0.0,0.0,0.0,0.0,0.0,0.0,0.0,0.0,0.0,0.0,0.0,0.0,0.0,6913.34,86524.45,0.0,2026-09-18 05:55:18+00:00
09/18/2026 01:00:21,N,39.6448,0.0,0.0,0.0,0.0,0.0,0.0,0.0,0.0,0.0,0.0,0.0,0.0,0.0,0.0,6961.57,86648.36,0.0,2026-09-18 06:00:21+00:00
09/18/2026 01:05:21,N,37.3934,0.0,0.0,0.0,0.0,0.0,0.0,0.0,0.0,0.0,0.0,0.0,0.0,0.0,0.0,6820.37,86826.3,0.0,2026-09-18 06:05:21+00:00
09/18/2026 01:10:18,N,35.1415,0.0,0.0,0.0,0.0,0.0,0.0,0.0,0.0,0.0,0.0,0.0,0.0,0.0,0.0,6811.6,86829.82,0.0,2026-09-18 06:10:18+00:00
09/18/2026 01:15:19,N,35.6974,0.0,0.0,0.0,0.0,0.0,0.0,0.0,0.0,0.0,0.0,0.0,0.0,0.0,0.0,6818.35,86753.98,0.0,2026-09-18 06:15:19+00:00
09/18/2026 01:20:18,N,35.057,0.0,0.0,0.0,0.0,0.0,0.0,0.0,0.0,0.0,0.0,0.0,0.0,0.0,0.0,6820.27,86744.95,0.0,2026-09-18 06:20:18+00:00
09/18/2026 01:25:19,N,33.2259,0.0,0.0,0.0,0.0,0.0,0.0,0.0,0.0,0.0,0.0,0.0,0.0,0.0,0.0,6834.47,86446.12,0.0,2026-09-18 06:25:19+00:00
09/18/2026 01:30:21,N,32.1638,0.0,0.0,0.0,0.0,0.0,0.0,0.0,0.0,0.0,0.0,0.0,0.0,0.0,0.0,6834.81,85973.14,0.0,2026-09-18 06:30:21+00:00
09/18/2026 01:35:23,N,31.6107,0.0,0.0,0.0,0.0,0.0,0.0,0.0,0.0,0.0,0.0,0.0,0.0,0.0,0.0,6845.22,85959.69,0.0,2026-09-18 06:35:23+00:00
09/18/2026 01:40:20,N,34.1765,0.0,0.0,0.0,0.0,0.0,0.0,0.0,0.0,0.0,0.0,0.0,0.0,0.0,0.0,6763.03,85918.86,0.0,2026-09-18 06:40:20+00:00
09/18/2026 01:45:19,N,33.1849,0.0,0.0,0.0,0.0,0.0,0.0,0.0,0.0,0.0,0.0,0.0,0.0,0.0,0.0,6764.72,85909.81,0.0,2026-09-18 06:45:19+00:00
09/18/2026 01:50:18,N,33.0777,0.0,0.0,0.0,0.0,0.0,0.0,0.0,0.0,0.0,0.0,0.0,0.0,0.0,0.0,6775.16,85794.81,0.0,2026-09-18 06:50:18+00:00
09/18/2026 01:55:17,N,32.05,0.0,0.0,0.0,0.0,0.0,0.0,0.0,0.0,0.0,0.0,0.0,0.0,0.0,0.0,6777.49,86093.64,0.0,2026-09-18 06:55:17+00:00
09/18/2026 02:00:21,N,32.7057,0.0,0.0,0.0,0.0,0.0,0.0,0.0,0.0,0.0,0.0,0.0,0.0,0.0,0.0,6783.86,86437.2,0.0,2026-09-18 07:00:21+00:00
09/18/2026 02:05:19,N,32.3016,0.0,0.0,0.0,0.0,0.0,0.0,0.0,0.0,0.0,0.0,0.0,0.0,0.0,0.0,6686.24,86497.62,0.0,2026-09-18 07:05:19+00:00
09/18/2026 02:10:20,N,31.248,0.0,0.0,0.0,0.0,0.0,0.0,0.0,0.0,0.0,0.0,0.0,0.0,0.0,0.0,6691.54,86448.21,0.0,2026-09-18 07:10:20+00:00
09/18/2026 02:15:18,N,31.3303,0.0,0.0,0.0,0.0,0.0,0.0,0.0,0.0,0.0,0.0,0.0,0.0,0.0,0.0,6732.66,86388.78,0.0,2026-09-18 07:15:18+00:00
09/18/2026 02:20:20,N,31.7346,0.0,0.0,0.0,0.0,0.0,0.0,0.0,0.0,0.0,0.0,0.0,0.0,0.0,0.0,6760.28,86239.71,0.0,2026-09-18 07:20:20+00:00
09/18/2026 02:25:17,N,31.6873,0.0,0.0,0.0,0.0,0.0,0.0,0.0,0.0,0.0,0.0,0.0,0.0,0.0,0.0,6909.49,86151.17,0.0,2026-09-18 07:25:17+00:00
09/18/2026 02:30:19,N,31.6515,0.0,0.0,0.0,0.0,0.0,0.0,0.0,0.0,0.0,0.0,0.0,0.0,0.0,0.0,6935.21,85929.74,0.0,2026-09-18 07:30:19+00:00
09/18/2026 02:35:18,N,31.4969,0.0,0.0,0.0,0.0,0.0,0.0,0.0,0.0,0.0,0.0,0.0,0.0,0.0,0.0,6950.26,85902.88,0.0,2026-09-18 07:35:18+00:00
09/18/2026 02:40:18,N,31.3457,0.0,0.0,0.0,0.0,0.0,0.0,0.0,0.0,0.0,0.0,0.0,0.0,0.0,0.0,6947.22,85765.3,0.0,2026-09-18 07:40:18+00:00
09/18/2026 02:45:18,N,31.1689,0.0,0.0,0.0,0.0,0.0,0.0,0.0,0.0,0.0,0.0,0.0,0.0,0.0,0.0,6980.21,85666.77,0.0,2026-09-18 07:45:18+00:00
09/18/2026 02:50:18,N,31.225,0.0,0.0,0.0,0.0,0.0,0.0,0.0,0.0,0.0,0.0,0.0,0.0,0.0,0.0,6990.29,85536.75,0.0,2026-09-18 07:50:18+00:00
09/18/2026 02:55:18,N,30.4986,0.0,0.0,0.0,0.0,0.0,0.0,0.0,0.0,0.0,0.0,0.0,0.0,0.0,0.0,7027.96,85449.67,0.0,2026-09-18 07:55:18+00:00
09/18/2026 03:00:20,N,29.291,0.0,0.0,0.0,0.0,0.0,0.0,0.0,0.0,0.0,0.0,0.0,0.0,0.0,0.0,7043.88,85313.04,0.0,2026-09-18 08:00:20+00:00
09/18/2026 03:05:17,N,30.6788,0.0,0.0,0.0,0.0,0.0,0.0,0.0,0.0,0.0,0.0,0.0,0.0,0.0,0.0,7024.4,85326.23,0.0,2026-09-18 08:05:17+00:00
09/18/2026 03:10:19,N,29.93,0.0,0.0,0.0,0.0,0.0,0.0,0.0,0.0,0.0,0.0,0.0,0.0,0.0,0.0,7103.49,85244.77,0.0,2026-09-18 08:10:19+00:00
09/18/2026 03:15:17,N,30.7829,0.0,0.0,0.0,0.0,0.0,0.0,0.0,0.0,0.0,0.0,0.0,0.0,0.0,0.0,7135.19,84992.7,0.0,2026-09-18 08:15:17+00:00
09/18/2026 03:20:18,N,30.5551,0.0,0.0,0.0,0.0,0.0,0.0,0.0,0.0,0.0,0.0,0.0,0.0,0.0,0.0,7163.66,84949.73,0.0,2026-09-18 08:20:18+00:00
09/18/2026 03:25:18,N,30.7178,0.0,0.0,0.0,0.0,0.0,0.0,0.0,0.0,0.0,0.0,0.0,0.0,0.0,0.0,7192.6,84752.93,0.0,2026-09-18 08:25:18+00:00
09/18/2026 03:30:18,N,30.3847,0.0,0.0,0.0,0.0,0.0,0.0,0.0,0.0,0.0,0.0,0.0,0.0,0.0,0.0,7241.47,84908.13,0.0,2026-09-18 08:30:18+00:00
09/18/2026 03:35:17,N,30.3699,0.0,0.0,0.0,0.0,0.0,0.0,0.0,0.0,0.0,0.0,0.0,0.0,0.0,0.0,7263.95,84812.86,0.0,2026-09-18 08:35:17+00:00
09/18/2026 03:40:17,N,29.544,0.0,0.0,0.0,0.0,0.0,0.0,0.0,0.0,0.0,0.0,0.0,0.0,0.0,0.0,7309.97,84682.45,0.0,2026-09-18 08:40:17+00:00
09/18/2026 03:45:19,N,28.9352,0.0,0.0,0.0,0.0,0.0,0.0,0.0,0.0,0.0,0.0,0.0,0.0,0.0,0.0,7360.5,84622.04,0.0,2026-09-18 08:45:19+00:00
09/18/2026 03:50:18,N,29.2282,0.0,0.0,0.0,0.0,0.0,0.0,0.0,0.0,0.0,0.0,0.0,0.0,0.0,0.0,7484.4,84568.84,0.0,2026-09-18 08:50:18+00:00
09/18/2026 03:55:22,N,28.7756,0.0,0.0,0.0,0.0,0.0,0.0,0.0,0.0,0.0,0.0,0.0,0.0,0.0,0.0,7622.6,84272.93,0.0,2026-09-18 08:55:22+00:00
09/18/2026 04:00:26,N,29.0125,0.0,0.0,0.0,0.0,0.0,0.0,0.0,0.0,0.0,0.0,0.0,0.0,0.0,0.0,7748.8,84308.84,0.0,2026-09-18 09:00:26+00:00
09/18/2026 04:05:19,N,30.114,0.0,0.0,0.0,0.0,0.0,0.0,0.0,0.0,0.0,0.0,0.0,0.0,0.0,0.0,7764.81,84356.64,0.0,2026-09-18 09:05:19+00:00
09/18/2026 04:10:18,N,30.1265,0.0,0.0,0.0,0.0,0.0,0.0,0.0,0.0,0.0,0.0,0.0,0.0,0.0,0.0,7762.17,84152.02,0.0,2026-09-18 09:10:18+00:00
09/18/2026 04:15:19,N,29.8553,0.0,0.0,0.0,0.0,0.0,0.0,0.0,0.0,0.0,0.0,0.0,0.0,0.0,0.0,7798.62,84036.97,0.0,2026-09-18 09:15:19+00:00
09/18/2026 04:20:17,N,29.1837,0.0,0.0,0.0,0.0,0.0,0.0,0.0,0.0,0.0,0.0,0.0,0.0,0.0,0.0,7880.41,83902.3,0.0,2026-09-18 09:20:17+00:00
09/18/2026 04:25:16,N,29.2281,0.0,0.0,0.0,0.0,0.0,0.0,0.0,0.0,0.0,0.0,0.0,0.0,0.0,0.0,7838.18,83920.92,0.0,2026-09-18 09:25:16+00:00
09/18/2026 04:30:17,N,29.2743,0.0,0.0,0.0,0.0,0.0,0.0,0.0,0.0,0.0,0.0,0.0,0.0,0.0,0.0,7847.0,83881.18,0.0,2026-09-18 09:30:17+00:00
09/18/2026 04:35:17,N,28.9032,0.0,0.0,0.0,0.0,0.0,0.0,0.0,0.0,0.0,0.0,0.0,0.0,0.0,0.0,7971.96,83873.29,0.0,2026-09-18 09:35:17+00:00
09/18/2026 04:40:17,N,29.2696,0.0,0.0,0.0,0.0,0.0,0.0,0.0,0.0,0.0,0.0,0.0,0.0,0.0,0.0,7999.83,83558.61,0.0,2026-09-18 09:40:17+00:00
09/18/2026 04:45:16,N,29.6598,0.0,0.0,0.0,0.0,0.0,0.0,0.0,0.0,0.0,0.0,0.0,0.0,0.0,0.0,8136.77,83637.91,0.0,2026-09-18 09:45:16+00:00
09/18/2026 04:48:45,N,30.1793,0.0,0.0,0.0,0.0,0.0,0.0,0.0,0.0,0.0,0.0,0.0,0.0,0.0,0.0,8189.13,83563.35,0.0,2026-09-18 09:48:45+00:00
09/18/2026 04:50:17,N,29.9593,0.0,0.0,0.0,0.0,0.0,0.0,0.0,0.0,0.0,0.0,0.0,0.0,0.0,0.0,8192.86,83689.84,0.0,2026-09-18 09:50:17+00:00
09/18/2026 04:55:18,N,29.6824,0.0,0.0,0.0,0.0,0.0,0.0,0.0,0.0,0.0,0.0,0.0,0.0,0.0,0.0,8216.69,83549.79,0.0,2026-09-18 09:55:18+00:00
09/18/2026 05:00:19,N,29.1774,0.0,0.0,0.0,0.0,0.0,0.0,0.0,0.0,0.0,0.0,0.0,0.0,0.0,0.0,8223.08,83201.96,0.0,2026-09-18 10:00:19+00:00
09/18/2026 05:05:18,N,30.1254,0.0,0.0,0.0,0.0,0.0,0.0,0.0,0.0,0.0,0.0,0.0,0.0,0.0,0.0,8222.55,83089.85,0.0,2026-09-18 10:05:18+00:00
09/18/2026 05:10:18,N,30.4762,0.0,0.0,0.0,0.0,0.0,0.0,0.0,0.0,0.0,0.0,0.0,0.0,0.0,0.0,8209.38,82902.86,0.0,2026-09-18 10:10:18+00:00
09/18/2026 05:15:17,N,35.5182,0.0,0.0,0.0,0.0,0.0,0.0,0.0,0.0,0.0,0.0,0.0,0.0,0.0,0.0,8201.61,82705.97,0.0,2026-09-18 10:15:17+00:00
09/18/2026 05:20:17,N,37.5169,0.0,0.0,0.0,0.0,0.0,0.0,0.0,0.0,0.0,0.0,0.0,0.0,0.0,0.0,8195.01,82566.78,0.0,2026-09-18 10:20:17+00:00
09/18/2026 05:25:17,N,37.0851,0.0,0.0,0.0,0.0,0.0,0.0,0.0,0.0,0.0,0.0,0.0,0.0,0.0,0.0,8302.27,82492.89,0.0,2026-09-18 10:25:17+00:00
09/18/2026 05:30:18,N,37.6952,0.0,0.0,0.0,0.0,0.0,0.0,0.0,0.0,0.0,0.0,0.0,0.0,0.0,0.0,8363.84,82417.3,0.0,2026-09-18 10:30:18+00:00
09/18/2026 05:35:17,N,38.808,0.0,0.0,0.0,0.0,0.0,0.0,0.0,0.0,0.0,0.0,0.0,0.0,0.0,0.0,8393.6,82349.28,0.0,2026-09-18 10:35:17+00:00
09/18/2026 05:40:18,N,39.3698,0.0,0.0,0.0,0.0,0.0,0.0,0.0,0.0,0.0,0.0,0.0,0.0,0.0,0.0,8389.87,82242.46,0.0,2026-09-18 10:40:18+00:00
09/18/2026 05:45:18,N,39.9867,0.0,0.0,0.0,0.0,0.0,0.0,0.0,0.0,0.0,0.0,0.0,0.0,0.0,0.0,8440.0,82241.01,0.0,2026-09-18 10:45:18+00:00
09/18/2026 05:50:17,N,39.4975,0.0,0.0,0.0,0.0,0.0,0.0,0.0,0.0,0.0,0.0,0.0,0.0,0.0,0.0,8532.5,82257.71,0.0,2026-09-18 10:50:17+00:00
09/18/2026 05:55:18,N,40.944,0.0,0.0,0.0,0.0,0.0,0.0,0.0,0.0,0.0,0.0,0.0,0.0,0.0,0.0,8551.12,82217.3,0.0,2026-09-18 10:55:18+00:00
09/18/2026 06:00:21,N,33.2571,0.0,0.0,0.0,0.0,0.0,0.0,0.0,0.0,0.0,0.0,0.0,0.0,0.0,0.0,8540.37,82239.34,0.0,2026-09-18 11:00:21+00:00
09/18/2026 06:05:19,N,34.7252,0.0,0.0,0.0,0.0,0.0,0.0,0.0,0.0,0.0,0.0,0.0,0.0,0.0,0.0,8041.58,82468.93,0.0,2026-09-18 11:05:19+00:00
09/18/2026 06:10:19,N,35.8972,0.0,0.0,0.0,0.0,0.0,0.0,0.0,0.0,0.0,0.0,0.0,0.0,0.0,0.0,7803.76,82526.65,0.0,2026-09-18 11:10:19+00:00
09/18/2026 06:15:18,N,35.0608,0.0,0.0,0.0,0.0,0.0,0.0,0.0,0.0,0.0,0.0,0.0,0.0,0.0,0.0,7676.02,82458.08,0.0,2026-09-18 11:15:18+00:00
09/18/2026 06:20:19,N,36.0248,0.0,0.0,0.0,0.0,0.0,0.0,0.0,0.0,0.0,0.0,0.0,0.0,0.0,0.0,7592.7,82247.84,0.0,2026-09-18 11:20:19+00:00
09/18/2026 06:25:19,N,36.7583,0.0,0.0,0.0,0.0,0.0,0.0,0.0,0.0,0.0,0.0,0.0,0.0,0.0,0.0,7561.65,82150.33,0.0,2026-09-18 11:25:19+00:00
09/18/2026 06:30:19,N,37.4533,0.0,0.0,0.0,0.0,0.0,0.0,0.0,0.0,0.0,0.0,0.0,0.0,0.0,0.0,7554.92,81945.27,0.0,2026-09-18 11:30:19+00:00
09/18/2026 06:35:19,N,38.3303,0.0,0.0,0.0,0.0,0.0,0.0,0.0,0.0,0.0,0.0,0.0,0.0,0.0,0.0,7511.24,81810.72,0.0,2026-09-18 11:35:19+00:00
09/18/2026 06:40:19,N,38.6593,0.0,0.0,0.0,0.0,0.0,0.0,0.0,0.0,0.0,0.0,0.0,0.0,0.0,0.0,7415.83,81680.79,0.0,2026-09-18 11:40:19+00:00
09/18/2026 06:45:20,N,37.1241,0.0,0.0,0.0,0.0,0.0,0.0,0.0,0.0,0.0,0.0,0.0,0.0,0.0,0.0,7307.3,81565.41,0.0,2026-09-18 11:45:20+00:00
09/18/2026 06:50:20,N,39.4676,0.0,0.0,0.0,0.0,0.0,0.0,0.0,0.0,0.0,0.0,0.0,0.0,0.0,0.0,7192.05,81365.64,0.0,2026-09-18 11:50:20+00:00
09/18/2026 06:55:20,N,37.6926,0.0,0.0,0.0,0.0,0.0,0.0,0.0,0.0,0.0,0.0,0.0,0.0,0.0,0.0,7188.02,81815.98,0.0,2026-09-18 11:55:20+00:00
09/18/2026 07:00:19,N,38.1456,0.0,0.0,0.0,0.0,0.0,0.0,0.0,0.0,0.0,0.0,0.0,0.0,0.0,0.0,7188.46,81682.43,0.0,2026-09-18 12:00:19+00:00
09/18/2026 07:05:19,N,37.2583,0.0,0.0,0.0,0.0,0.0,0.0,0.0,0.0,0.0,0.0,0.0,0.0,0.0,0.0,7188.08,81566.37,0.0,2026-09-18 12:05:19+00:00
09/18/2026 07:10:18,N,37.4529,0.0,0.0,0.0,0.0,0.0,0.0,0.0,0.0,0.0,0.0,0.0,0.0,0.0,0.0,7181.6,81450.2,0.0,2026-09-18 12:10:18+00:00
09/18/2026 07:15:19,N,42.0153,0.0,0.0,0.0,0.0,0.0,0.0,0.0,0.0,0.0,0.0,0.0,0.0,0.0,0.0,7145.06,81349.24,0.0,2026-09-18 12:15:19+00:00
09/18/2026 07:20:19,N,43.5493,0.0,0.0,0.0,0.0,0.0,0.0,0.0,0.0,0.0,0.0,0.0,0.0,0.0,0.0,7133.52,81308.13,0.0,2026-09-18 12:20:19+00:00
09/18/2026 07:25:18,N,44.1291,0.0,0.0,0.0,0.0,0.0,0.0,0.0,0.0,0.0,0.0,0.0,0.0,0.0,0.0,7123.17,81368.25,0.0,2026-09-18 12:25:18+00:00
09/18/2026 07:30:24,N,44.1088,0.0,0.0,0.0,0.0,0.0,0.0,0.0,0.0,0.0,0.0,0.0,0.0,0.0,0.0,7089.59,81426.48,0.0,2026-09-18 12:30:24+00:00
09/18/2026 07:35:19,N,41.9332,0.0,0.0,0.0,0.0,0.0,0.0,0.0,0.0,0.0,0.0,0.0,0.0,0.0,0.0,7252.15,81541.95,0.0,2026-09-18 12:35:19+00:00
09/18/2026 07:40:19,N,40.4911,0.0,0.0,0.0,0.0,0.0,0.0,0.0,0.0,0.0,0.0,0.0,0.0,0.0,0.0,7234.31,81901.73,0.0,2026-09-18 12:40:19+00:00
09/18/2026 07:45:17,N,37.7277,0.0,0.0,0.0,0.0,0.0,0.0,0.0,0.0,0.0,0.0,0.0,0.0,0.0,0.0,7231.09,82201.04,0.0,2026-09-18 12:45:17+00:00
09/18/2026 07:50:17,N,36.4503,0.0,0.0,0.0,0.0,0.0,0.0,0.0,0.0,0.0,0.0,0.0,0.0,0.0,0.0,7158.31,82731.52,0.0,2026-09-18 12:50:17+00:00
09/18/2026 07:55:18,N,34.6652,0.0,0.0,0.0,0.0,0.0,0.0,0.0,0.0,0.0,0.0,0.0,0.0,0.0,0.0,7658.19,83475.75,0.0,2026-09-18 12:55:18+00:00
09/18/2026 08:00:21,N,39.4499,0.0,0.0,0.0,0.0,0.0,0.0,0.0,0.0,0.0,0.0,0.0,0.0,0.0,0.0,7596.54,84337.55,0.0,2026-09-18 13:00:21+00:00
09/18/2026 08:05:19,N,37.4761,0.0,0.0,0.0,0.0,0.0,0.0,0.0,0.0,0.0,0.0,0.0,0.0,0.0,0.0,7791.94,85537.13,0.0,2026-09-18 13:05:19+00:00
09/18/2026 08:10:18,N,34.7662,0.0,0.0,0.0,0.0,0.0,0.0,0.0,0.0,0.0,0.0,0.0,0.0,0.0,0.0,7619.43,86758.95,0.0,2026-09-18 13:10:18+00:00
09/18/2026 08:15:17,N,31.6202,0.0,0.0,0.0,0.0,0.0,0.0,0.0,0.0,0.0,0.0,0.0,0.0,0.0,0.0,7488.08,87942.6,0.0,2026-09-18 13:15:17+00:00
09/18/2026 08:20:18,N,29.9293,0.0,0.0,0.0,0.0,0.0,0.0,0.0,0.0,0.0,0.0,0.0,0.0,0.0,0.0,7476.11,89018.27,0.0,2026-09-18 13:20:18+00:00
09/18/2026 08:25:19,N,28.2402,0.0,0.0,0.0,0.0,0.0,0.0,0.0,0.0,0.0,0.0,0.0,0.0,0.0,0.0,7295.5,90475.35,0.0,2026-09-18 13:25:19+00:00
09/18/2026 08:30:18,N,27.7877,0.0,0.0,0.0,0.0,0.0,0.0,0.0,0.0,0.0,0.0,0.0,0.0,0.0,0.0,7222.61,91505.98,0.0,2026-09-18 13:30:18+00:00
09/18/2026 08:35:18,N,27.916,0.0,0.0,0.0,0.0,0.0,0.0,0.0,0.0,0.0,0.0,0.0,0.0,0.0,0.0,7332.81,92715.12,0.0,2026-09-18 13:35:18+00:00
09/18/2026 08:40:17,N,26.4285,0.0,0.0,0.0,0.0,0.0,0.0,0.0,0.0,0.0,0.0,0.0,0.0,0.0,0.0,6711.7,94112.82,0.0,2026-09-18 13:40:17+00:00
09/18/2026 08:45:18,N,25.7902,0.0,0.0,0.0,0.0,0.0,0.0,0.0,0.0,0.0,0.0,0.0,0.0,0.0,0.0,6629.42,94947.75,0.0,2026-09-18 13:45:18+00:00
09/18/2026 08:50:19,N,24.3439,0.0,0.0,0.0,0.0,0.0,0.0,0.0,0.0,0.0,0.0,0.0,0.0,0.0,0.0,6502.24,96430.19,0.0,2026-09-18 13:50:19+00:00
09/18/2026 08:55:18,N,24.5443,0.0,0.0,0.0,0.0,0.0,0.0,0.0,0.0,0.0,0.0,0.0,0.0,0.0,0.0,6489.32,97961.58,0.0,2026-09-18 13:55:18+00:00
09/18/2026 09:00:21,N,26.0524,0.0,0.0,0.0,0.0,0.0,0.0,0.0,0.0,0.0,0.0,0.0,0.0,0.0,0.0,6435.92,99556.68,0.0,2026-09-18 14:00:21+00:00
09/18/2026 09:05:18,N,24.7513,0.0,0.0,0.0,0.0,0.0,0.0,0.0,0.0,0.0,0.0,0.0,0.0,0.0,0.0,6547.91,100670.63,0.0,2026-09-18 14:05:18+00:00
09/18/2026 09:10:18,N,26.1305,0.0,0.0,0.0,0.0,0.0,0.0,0.0,0.0,0.0,0.0,0.0,0.0,0.0,0.0,6471.24,101738.34,0.0,2026-09-18 14:10:18+00:00
09/18/2026 09:15:19,N,24.7256,0.0,0.0,0.0,0.0,0.0,0.0,0.0,0.0,0.0,0.0,0.0,0.0,0.0,0.0,6793.79,103032.29,0.0,2026-09-18 14:15:19+00:00
09/18/2026 09:20:18,N,24.8977,0.0,0.0,0.0,0.0,0.0,0.0,0.0,0.0,0.0,0.0,0.0,0.0,0.0,0.0,6723.16,104015.84,0.0,2026-09-18 14:20:18+00:00
09/18/2026 09:25:17,N,23.8613,0.0,0.0,0.0,0.0,0.0,0.0,0.0,0.0,0.0,0.0,0.0,0.0,0.0,0.0,6449.14,104690.82,0.0,2026-09-18 14:25:17+00:00
09/18/2026 09:30:18,N,24.1182,0.0,0.0,0.0,0.0,0.0,0.0,0.0,0.0,0.0,0.0,0.0,0.0,0.0,0.0,6800.46,105253.25,0.0,2026-09-18 14:30:18+00:00
09/18/2026 09:35:18,N,27.3219,0.0,0.0,0.0,0.0,0.0,0.0,0.0,0.0,0.0,0.0,0.0,0.0,0.0,0.0,6874.28,105783.55,0.0,2026-09-18 14:35:18+00:00
09/18/2026 09:40:18,N,28.1982,0.0,0.0,0.0,0.0,0.0,0.0,0.0,0.0,0.0,0.0,0.0,0.0,0.0,0.0,6892.02,106134.18,0.0,2026-09-18 14:40:18+00:00
09/18/2026 09:45:18,N,28.0946,0.0,0.0,0.0,0.0,0.0,0.0,0.0,0.0,0.0,0.0,0.0,0.0,0.0,0.0,6941.16,106521.65,0.0,2026-09-18 14:45:18+00:00
09/18/2026 09:50:18,N,26.6713,0.0,0.0,0.0,0.0,0.0,0.0,0.0,0.0,0.0,0.0,0.0,0.0,0.0,0.0,6952.58,106854.59,0.0,2026-09-18 14:50:18+00:00
09/18/2026 09:55:18,N,27.4077,0.0,0.0,0.0,0.0,0.0,0.0,0.0,0.0,0.0,0.0,0.0,0.0,0.0,0.0,7169.47,107376.05,0.0,2026-09-18 14:55:18+00:00
09/18/2026 10:00:22,N,24.9096,0.0,0.0,0.0,0.0,0.0,0.0,0.0,0.0,0.0,0.0,0.0,0.0,0.0,0.0,7262.1,107521.51,0.0,2026-09-18 15:00:22+00:00
09/18/2026 10:05:21,N,25.1321,0.0,0.0,0.0,0.0,0.0,0.0,0.0,0.0,0.0,0.0,0.0,0.0,0.0,0.0,7475.61,107487.88,0.0,2026-09-18 15:05:21+00:00
09/18/2026 10:10:19,N,25.267,0.0,0.0,0.0,0.0,0.0,0.0,0.0,0.0,0.0,0.0,0.0,0.0,0.0,0.0,8002.05,107750.41,0.0,2026-09-18 15:10:19+00:00
09/18/2026 10:15:20,N,26.1814,0.0,0.0,0.0,0.0,0.0,0.0,0.0,0.0,0.0,0.0,0.0,0.0,0.0,0.0,8427.67,108078.73,0.0,2026-09-18 15:15:20+00:00
09/18/2026 10:20:19,N,24.2839,0.0,0.0,0.0,0.0,0.0,0.0,0.0,0.0,0.0,0.0,0.0,0.0,0.0,0.0,8303.34,108015.91,0.0,2026-09-18 15:20:19+00:00
09/18/2026 10:25:18,N,25.8161,0.0,0.0,0.0,0.0,0.0,0.0,0.0,0.0,0.0,0.0,0.0,0.0,0.0,0.0,8452.79,107617.68,0.0,2026-09-18 15:25:18+00:00
09/18/2026 10:30:18,N,27.3799,0.0,0.0,0.0,0.0,0.0,0.0,0.0,0.0,0.0,0.0,0.0,0.0,0.0,0.0,8612.96,107636.19,0.0,2026-09-18 15:30:18+00:00
09/18/2026 10:35:18,N,25.1799,0.0,0.0,0.0,0.0,0.0,0.0,0.0,0.0,0.0,0.0,0.0,0.0,0.0,0.0,8892.83,107703.84,0.0,2026-09-18 15:35:18+00:00
09/18/2026 10:40:18,N,24.188,0.0,0.0,0.0,0.0,0.0,0.0,0.0,0.0,0.0,0.0,0.0,0.0,0.0,0.0,9148.64,107529.27,0.0,2026-09-18 15:40:18+00:00
09/18/2026 10:45:18,N,24.2059,0.0,0.0,0.0,0.0,0.0,0.0,0.0,0.0,0.0,0.0,0.0,0.0,0.0,0.0,9125.43,107519.38,0.0,2026-09-18 15:45:18+00:00
09/18/2026 10:50:18,N,25.8059,0.0,0.0,0.0,0.0,0.0,0.0,0.0,0.0,0.0,0.0,0.0,0.0,0.0,0.0,9217.42,107108.3,0.0,2026-09-18 15:50:18+00:00
09/18/2026 10:55:19,N,26.5964,0.0,0.0,0.0,0.0,0.0,0.0,0.0,0.0,0.0,0.0,0.0,0.0,0.0,0.0,9286.3,106995.91,0.0,2026-09-18 15:55:19+00:00
09/18/2026 11:00:21,N,24.4807,0.0,0.0,0.0,0.0,0.0,0.0,0.0,0.0,0.0,0.0,0.0,0.0,0.0,0.0,9842.14,106492.58,0.0,2026-09-18 16:00:21+00:00
09/18/2026 11:05:26,N,26.7512,0.0,0.0,0.0,0.0,0.0,0.0,0.0,0.0,0.0,0.0,0.0,0.0,0.0,0.0,10013.67,106566.9,0.0,2026-09-18 16:05:26+00:00
09/18/2026 11:10:19,N,27.8355,0.0,0.0,0.0,0.0,0.0,0.0,0.0,0.0,0.0,0.0,0.0,0.0,0.0,0.0,10072.69,106846.99,0.0,2026-09-18 16:10:19+00:00
09/18/2026 11:15:18,N,27.8421,0.0,0.0,0.0,0.0,0.0,0.0,0.0,0.0,0.0,0.0,0.0,0.0,0.0,0.0,10069.46,106946.39,0.0,2026-09-18 16:15:18+00:00
09/18/2026 11:20:18,N,28.9269,0.0,0.0,0.0,0.0,0.0,0.0,0.0,0.0,0.0,0.0,0.0,0.0,0.0,0.0,10300.39,106823.91,0.0,2026-09-18 16:20:18+00:00
09/18/2026 11:25:19,N,34.1007,0.0,0.0,0.0,0.0,0.0,0.0,0.0,0.0,0.0,0.0,0.0,0.0,0.0,0.0,9940.39,106568.88,0.0,2026-09-18 16:25:19+00:00
09/18/2026 11:28:21,N,34.344,0.0,0.0,0.0,0.0,0.0,0.0,0.0,0.0,0.0,0.0,0.0,0.0,0.0,0.0,9904.52,106441.75,0.0,2026-09-18 16:28:21+00:00
09/18/2026 11:30:20,N,33.8727,0.0,0.0,0.0,0.0,0.0,0.0,0.0,0.0,0.0,0.0,0.0,0.0,0.0,0.0,9893.31,106666.16,0.0,2026-09-18 16:30:20+00:00
09/18/2026 11:35:18,N,34.0388,0.0,0.0,0.0,0.0,0.0,0.0,0.0,0.0,0.0,0.0,0.0,0.0,0.0,0.0,10100.85,106760.21,0.0,2026-09-18 16:35:18+00:00
09/18/2026 11:40:19,N,32.1793,0.0,0.0,0.0,0.0,0.0,0.0,0.0,0.0,0.0,0.0,0.0,0.0,0.0,0.0,10205.39,106936.77,0.0,2026-09-18 16:40:19+00:00
09/18/2026 11:45:18,N,31.4245,0.0,0.0,0.0,0.0,0.0,0.0,0.0,0.0,0.0,0.0,0.0,0.0,0.0,0.0,10523.96,107043.55,0.0,2026-09-18 16:45:18+00:00
09/18/2026 11:50:18,N,34.2795,0.0,0.0,0.0,0.0,0.0,0.0,0.0,0.0,0.0,0.0,0.0,0.0,0.0,0.0,10608.65,106724.31,0.0,2026-09-18 16:50:18+00:00
09/18/2026 11:55:22,N,33.6002,0.0,0.0,0.0,0.0,0.0,0.0,0.0,0.0,0.0,0.0,0.0,0.0,0.0,0.0,10719.98,106929.52,0.0,2026-09-18 16:55:22+00:00
09/18/2026 12:00:21,N,31.9543,0.0,0.0,0.0,0.0,0.0,0.0,0.0,0.0,0.0,0.0,0.0,0.0,0.0,0.0,10875.68,106570.69,0.0,2026-09-18 17:00:21+00:00
09/18/2026 12:05:20,N,35.2669,0.0,0.0,0.0,0.0,0.0,0.0,0.0,0.0,0.0,0.0,0.0,0.0,0.0,0.0,10794.96,106269.25,0.0,2026-09-18 17:05:20+00:00
09/18/2026 12:10:18,N,36.4379,0.0,0.0,0.0,0.0,0.0,0.0,0.0,0.0,0.0,0.0,0.0,0.0,0.0,0.0,10952.92,106026.09,0.0,2026-09-18 17:10:18+00:00
09/18/2026 12:15:19,N,33.4636,0.0,0.0,0.0,0.0,0.0,0.0,0.0,0.0,0.0,0.0,0.0,0.0,0.0,0.0,10984.2,106766.16,0.0,2026-09-18 17:15:19+00:00
09/18/2026 12:20:19,N,33.1575,0.0,0.0,0.0,0.0,0.0,0.0,0.0,0.0,0.0,0.0,0.0,0.0,0.0,0.0,10920.4,106466.9,0.0,2026-09-18 17:20:19+00:00
09/18/2026 12:25:19,N,31.2263,0.0,0.0,0.0,0.0,0.0,0.0,0.0,0.0,0.0,0.0,0.0,0.0,0.0,0.0,10772.65,106782.87,0.0,2026-09-18 17:25:19+00:00
09/18/2026 12:30:19,N,34.1153,0.0,0.0,0.0,0.0,0.0,0.0,0.0,0.0,0.0,0.0,0.0,0.0,0.0,0.0,11056.52,106540.98,0.0,2026-09-18 17:30:19+00:00
09/18/2026 12:35:20,N,37.1585,0.0,0.0,0.0,0.0,0.0,0.0,0.0,0.0,0.0,0.0,0.0,0.0,0.0,0.0,11552.34,106092.5,0.0,2026-09-18 17:35:20+00:00
09/18/2026 12:40:19,N,26.8148,0.0,0.0,0.0,0.0,0.0,0.0,0.0,0.0,0.0,0.0,0.0,0.0,0.0,0.0,11793.41,106757.12,0.0,2026-09-18 17:40:19+00:00
09/18/2026 12:45:19,N,31.5983,0.0,0.0,0.0,0.0,0.0,0.0,0.0,0.0,0.0,0.0,0.0,0.0,0.0,0.0,11956.97,106516.65,0.0,2026-09-18 17:45:19+00:00
09/18/2026 12:50:20,N,36.6517,0.0,0.0,0.0,0.0,0.0,0.0,0.0,0.0,0.0,0.0,0.0,0.0,0.0,0.0,12021.57,106117.66,0.0,2026-09-18 17:50:20+00:00
09/18/2026 12:55:19,N,32.2628,0.0,0.0,0.0,0.0,0.0,0.0,0.0,0.0,0.0,0.0,0.0,0.0,0.0,0.0,12282.22,106581.09,0.0,2026-09-18 17:55:19+00:00
09/18/2026 13:00:23,N,28.795,0.0,0.0,0.0,0.0,0.0,0.0,0.0,0.0,0.0,0.0,0.0,0.0,0.0,0.0,12495.5,106828.82,0.0,2026-09-18 18:00:23+00:00
09/18/2026 13:05:21,N,31.1522,0.0,0.0,0.0,0.0,0.0,0.0,0.0,0.0,0.0,0.0,0.0,0.0,0.0,0.0,13005.02,107126.84,0.0,2026-09-18 18:05:21+00:00
09/18/2026 13:10:21,N,30.7897,0.0,0.0,0.0,0.0,0.0,0.0,0.0,0.0,0.0,0.0,0.0,0.0,0.0,0.0,13322.24,106919.18,0.0,2026-09-18 18:10:21+00:00
09/18/2026 13:15:21,N,31.1428,0.0,0.0,0.0,0.0,0.0,0.0,0.0,0.0,0.0,0.0,0.0,0.0,0.0,0.0,13453.25,107368.66,0.0,2026-09-18 18:15:21+00:00
09/18/2026 13:20:21,N,36.7183,0.0,0.0,0.0,0.0,0.0,0.0,0.0,0.0,0.0,0.0,0.0,0.0,0.0,0.0,13606.53,106886.75,0.0,2026-09-18 18:20:21+00:00
09/18/2026 13:25:21,N,38.47,0.0,0.0,0.0,0.0,0.0,0.0,0.0,0.0,0.0,0.0,0.0,0.0,0.0,0.0,13359.42,107425.9,0.0,2026-09-18 18:25:21+00:00
09/18/2026 13:30:21,N,33.2679,0.0,0.0,0.0,0.0,0.0,0.0,0.0,0.0,0.0,0.0,0.0,0.0,0.0,0.0,13354.13,107926.07,0.0,2026-09-18 18:30:21+00:00
09/18/2026 13:35:20,N,30.1543,0.0,0.0,0.0,0.0,0.0,0.0,0.0,0.0,0.0,0.0,0.0,0.0,0.0,0.0,13623.38,108443.09,0.0,2026-09-18 18:35:20+00:00
09/18/2026 13:40:21,N,30.1219,0.0,0.0,0.0,0.0,0.0,0.0,0.0,0.0,0.0,0.0,0.0,0.0,0.0,0.0,13668.9,108370.17,0.0,2026-09-18 18:40:21+00:00
09/18/2026 13:45:19,N,30.5271,0.0,0.0,0.0,0.0,0.0,0.0,0.0,0.0,0.0,0.0,0.0,0.0,0.0,0.0,13791.38,108112.22,0.0,2026-09-18 18:45:19+00:00
09/18/2026 13:50:20,N,34.0011,0.0,0.0,0.0,0.0,0.0,0.0,0.0,0.0,0.0,0.0,0.0,0.0,0.0,0.0,13834.7,107821.35,0.0,2026-09-18 18:50:20+00:00
09/18/2026 13:55:21,N,35.1146,0.0,0.0,0.0,0.0,0.0,0.0,0.0,0.0,0.0,0.0,0.0,0.0,0.0,0.0,13808.35,107899.09,0.0,2026-09-18 18:55:21+00:00
09/18/2026 14:00:23,N,30.3348,0.0,0.0,0.0,0.0,0.0,0.0,0.0,0.0,0.0,0.0,0.0,0.0,0.0,0.0,13724.35,108159.85,0.0,2026-09-18 19:00:23+00:00
09/18/2026 14:05:26,N,30.225,0.0,0.0,0.0,0.0,0.0,0.0,0.0,0.0,0.0,0.0,0.0,0.0,0.0,0.0,14054.99,108727.0,0.0,2026-09-18 19:05:26+00:00
09/18/2026 14:10:20,N,30.8616,0.0,0.0,0.0,0.0,0.0,0.0,0.0,0.0,0.0,0.0,0.0,0.0,0.0,0.0,13956.95,108274.36,0.0,2026-09-18 19:10:20+00:00
09/18/2026 14:15:20,N,36.0554,0.0,0.0,0.0,0.0,0.0,0.0,0.0,0.0,0.0,0.0,0.0,0.0,0.0,0.0,14043.75,108814.66,0.0,2026-09-18 19:15:20+00:00
09/18/2026 14:20:21,N,30.4181,0.0,0.0,0.0,0.0,0.0,0.0,0.0,0.0,0.0,0.0,0.0,0.0,0.0,0.0,14085.87,108872.09,0.0,2026-09-18 19:20:21+00:00
09/18/2026 14:25:20,N,28.1612,0.0,0.0,0.0,0.0,0.0,0.0,0.0,0.0,0.0,0.0,0.0,0.0,0.0,0.0,13976.01,109158.48,0.0,2026-09-18 19:25:20+00:00
09/18/2026 14:30:20,N,36.8067,0.0,0.0,0.0,0.0,0.0,0.0,0.0,0.0,0.0,0.0,0.0,0.0,0.0,0.0,13938.75,108515.7,0.0,2026-09-18 19:30:20+00:00
09/18/2026 14:35:20,N,33.9641,0.0,0.0,0.0,0.0,0.0,0.0,0.0,0.0,0.0,0.0,0.0,0.0,0.0,0.0,14002.95,108513.95,0.0,2026-09-18 19:35:20+00:00
09/18/2026 14:40:21,N,36.1145,0.0,0.0,0.0,0.0,0.0,0.0,0.0,0.0,0.0,0.0,0.0,0.0,0.0,0.0,14225.82,108311.21,0.0,2026-09-18 19:40:21+00:00
09/18/2026 14:45:21,N,31.5795,0.0,0.0,0.0,0.0,0.0,0.0,0.0,0.0,0.0,0.0,0.0,0.0,0.0,0.0,14301.77,108806.89,0.0,2026-09-18 19:45:21+00:00
09/18/2026 14:50:21,N,33.6106,0.0,0.0,0.0,0.0,0.0,0.0,0.0,0.0,0.0,0.0,0.0,0.0,0.0,0.0,14504.12,108854.77,0.0,2026-09-18 19:50:21+00:00
09/18/2026 14:55:21,N,31.9188,0.0,0.0,0.0,0.0,0.0,0.0,0.0,0.0,0.0,0.0,0.0,0.0,0.0,0.0,14584.03,109374.19,0.0,2026-09-18 19:55:21+00:00
09/18/2026 15:00:21,N,28.7394,0.0,0.0,0.0,0.0,0.0,0.0,0.0,0.0,0.0,0.0,0.0,0.0,0.0,0.0,14495.71,109809.48,0.0,2026-09-18 20:00:21+00:00
09/18/2026 15:05:19,N,29.1576,1.44,0.0,0.0,0.0,0.0,0.01,20.0,0.0,0.0,0.0,0.0,0.0,0.0,0.0,14558.12,109747.62,0.0,2026-09-18 20:05:19+00:00
09/18/2026 15:10:20,N,29.6853,1.92,0.0,0.0,0.0,0.0,0.01,20.0,0.0,0.0,0.0,0.0,0.0,0.0,0.0,14766.29,109829.48,0.0,2026-09-18 20:10:20+00:00
09/18/2026 15:15:18,N,34.9528,0.0,0.0,0.04,0.0,0.0,0.0,20.0,0.0,0.0,0.0,0.0,0.0,0.0,0.0,14348.54,108889.49,0.0,2026-09-18 20:15:18+00:00
09/18/2026 15:20:19,N,34.1024,0.0,0.0,0.0,0.0,0.0,0.0,20.0,0.0,0.0,0.0,0.0,0.0,0.0,0.0,14479.87,109075.19,0.0,2026-09-18 20:20:19+00:00
09/18/2026 15:25:19,N,35.4643,0.0,0.0,0.0,0.0,0.0,0.0,20.0,0.0,0.0,0.0,0.0,0.0,0.0,0.0,14505.56,109013.67,0.0,2026-09-18 20:25:19+00:00
09/18/2026 15:30:20,N,35.3425,0.13,0.0,0.0,0.0,0.0,0.0,20.0,0.0,0.0,0.0,0.0,0.0,0.0,0.0,14551.57,109048.52,0.0,2026-09-18 20:30:20+00:00
09/18/2026 15:35:18,N,39.1382,0.0,0.0,0.0,0.0,0.0,0.0,20.0,0.0,0.0,0.0,0.0,0.0,0.0,0.0,14587.37,108951.48,0.0,2026-09-18 20:35:18+00:00
09/18/2026 15:40:20,N,44.6381,0.0,0.0,0.0,0.0,0.0,0.01,20.0,0.0,0.0,0.0,0.0,0.0,0.0,0.0,14294.9,108653.38,0.0,2026-09-18 20:40:20+00:00
09/18/2026 15:45:19,N,42.9247,0.0,0.0,0.0,0.0,0.0,0.01,20.0,0.0,0.0,0.0,0.0,0.0,0.0,0.0,14284.26,108498.99,0.0,2026-09-18 20:45:19+00:00
09/18/2026 15:50:19,N,35.1511,0.0,0.0,0.0,0.0,0.0,0.0,20.0,0.0,0.0,0.0,0.0,0.0,0.0,0.0,14297.43,109059.37,0.0,2026-09-18 20:50:19+00:00
09/18/2026 15:55:20,N,36.641,0.0,0.0,0.0,0.0,0.0,0.0,20.0,0.0,0.0,0.0,0.0,0.0,0.0,0.0,14438.21,109203.31,0.0,2026-09-18 20:55:20+00:00
09/18/2026 16:00:22,N,48.8818,0.0,0.0,0.0,0.0,0.0,0.01,20.0,0.0,0.0,0.0,0.0,0.0,0.0,0.0,14406.0,109074.73,0.0,2026-09-18 21:00:22+00:00
09/18/2026 16:05:21,N,38.468,0.0,0.0,0.0,0.0,0.0,0.0,20.0,0.0,0.0,0.0,0.0,0.0,0.0,0.0,14569.5,109701.63,0.0,2026-09-18 21:05:21+00:00
09/18/2026 16:10:20,N,35.534,0.0,0.0,0.0,0.0,0.0,0.0,20.0,0.0,0.0,0.0,0.0,0.0,0.0,0.0,14732.65,110166.1,0.0,2026-09-18 21:10:20+00:00
09/18/2026 16:15:18,N,30.0758,0.58,0.0,0.0,0.0,0.0,0.0,20.0,0.0,0.0,0.0,0.0,0.0,0.0,0.0,14902.96,110083.95,0.0,2026-09-18 21:15:18+00:00
09/18/2026 16:20:19,N,32.1248,0.0,0.0,0.0,0.0,0.0,0.0,20.0,0.0,0.0,0.0,0.0,0.0,0.0,0.0,14883.39,109973.8,0.0,2026-09-18 21:20:19+00:00
09/18/2026 16:25:18,N,35.9871,0.0,0.0,0.0,0.0,0.0,0.0,20.0,0.0,0.0,0.0,0.0,0.0,0.0,0.0,14873.68,109881.84,0.0,2026-09-18 21:25:18+00:00
09/18/2026 16:30:20,N,48.4995,0.0,0.0,0.0,0.0,0.0,0.0,20.0,0.0,0.0,0.0,0.0,0.0,0.0,0.0,14945.34,109804.16,0.0,2026-09-18 21:30:20+00:00
09/18/2026 16:35:20,N,53.129,0.0,0.0,0.04,0.0,0.0,0.0,20.0,0.0,0.0,0.0,0.0,0.0,0.0,0.0,14965.33,109509.79,0.0,2026-09-18 21:35:20+00:00
09/18/2026 16:40:20,N,47.3436,0.0,0.0,0.0,0.0,0.0,0.0,20.0,0.0,0.0,0.0,0.0,0.0,0.0,0.0,15024.47,109710.62,0.0,2026-09-18 21:40:20+00:00
09/18/2026 16:45:19,N,37.7961,0.0,0.0,0.0,0.0,0.0,0.0,20.0,0.0,0.0,0.0,0.0,0.0,0.0,0.0,14996.22,110056.49,0.0,2026-09-18 21:45:19+00:00
09/18/2026 16:50:19,N,36.0845,0.0,0.0,0.0,0.0,0.0,0.0,20.0,0.0,0.0,0.0,0.0,0.0,0.0,0.0,15072.08,109949.94,0.0,2026-09-18 21:50:19+00:00
09/18/2026 16:55:20,N,38.9706,0.0,0.0,0.18,0.0,0.0,0.0,20.0,0.0,0.0,0.0,0.0,0.0,0.0,0.0,15146.57,109893.31,0.0,2026-09-18 21:55:20+00:00
09/18/2026 17:00:21,N,37.5421,0.0,0.0,0.0,0.0,0.0,0.0,20.0,0.0,0.0,0.0,0.0,0.0,0.0,0.0,15266.45,109668.32,0.0,2026-09-18 22:00:21+00:00
09/18/2026 17:05:19,N,40.9422,0.0,0.0,0.0,0.0,0.0,0.0,20.0,0.0,0.0,0.0,0.0,0.0,0.0,0.0,15245.07,109322.6,0.0,2026-09-18 22:05:19+00:00
09/18/2026 17:10:23,N,52.8422,0.0,0.36,0.0,0.0,0.0,0.0,20.0,0.0,0.0,0.0,0.0,0.0,0.0,0.0,15183.41,108824.27,0.0,2026-09-18 22:10:23+00:00
09/18/2026 17:15:19,N,46.8402,0.0,0.65,0.0,0.0,0.0,0.0,20.0,0.0,0.0,0.0,0.0,0.0,0.0,0.0,15460.83,108988.09,0.0,2026-09-18 22:15:19+00:00
09/18/2026 17:20:20,N,48.4868,0.0,0.34,0.0,0.0,0.0,0.0,20.0,0.0,0.0,0.0,0.0,0.0,0.0,0.0,15411.39,108747.93,0.0,2026-09-18 22:20:20+00:00
09/18/2026 17:25:19,N,54.6886,0.0,0.6,0.0,0.0,0.0,0.0,20.0,0.0,0.0,0.0,0.0,0.0,0.0,0.0,15387.32,108579.97,0.0,2026-09-18 22:25:19+00:00
09/18/2026 17:30:19,N,39.1691,0.0,0.0,0.0,0.0,0.0,0.0,20.0,0.0,0.0,0.0,0.0,0.0,0.0,0.0,15482.04,108596.14,0.0,2026-09-18 22:30:19+00:00
09/18/2026 17:35:18,N,36.3347,0.0,0.0,0.0,0.0,0.0,0.0,20.0,0.0,0.0,0.0,0.0,0.0,0.0,0.0,15388.63,108444.36,0.0,2026-09-18 22:35:18+00:00
09/18/2026 17:40:19,N,38.7026,0.0,0.0,0.0,0.0,0.0,0.0,20.0,0.0,0.0,0.0,0.0,0.0,0.0,0.0,15262.74,107523.27,0.0,2026-09-18 22:40:19+00:00
09/18/2026 17:45:19,N,55.3497,0.0,0.03,0.0,0.0,0.0,0.0,20.0,0.0,0.0,0.0,0.0,0.0,0.0,0.0,15465.08,107166.01,0.0,2026-09-18 22:45:19+00:00
09/18/2026 17:50:20,N,68.4988,0.0,0.0,0.0,0.0,0.0,0.01,20.0,0.0,0.0,0.0,0.0,0.0,0.0,0.0,15516.93,106607.89,0.0,2026-09-18 22:50:20+00:00
09/18/2026 17:55:18,N,54.2977,0.0,0.0,0.0,0.0,0.0,0.0,20.0,0.0,0.0,0.0,0.0,0.0,0.0,0.0,15835.71,105873.93,0.0,2026-09-18 22:55:18+00:00
09/18/2026 18:00:22,N,36.8155,0.99,0.01,0.0,0.0,0.0,0.01,20.0,0.0,0.0,0.0,0.0,0.0,0.0,0.0,16303.91,105320.79,0.0,2026-09-18 23:00:22+00:00
09/18/2026 18:05:20,N,40.6187,0.0,0.04,0.0,0.0,0.01,0.04,20.0,0.0,0.0,0.0,0.0,0.0,0.0,0.0,15500.67,104804.35,0.0,2026-09-18 23:05:20+00:00
09/18/2026 18:10:22,N,50.9315,0.0,0.09,0.0,0.01,0.01,0.09,20.0,0.0,0.0,0.0,0.0,0.0,0.0,0.0,15162.7,103119.52,0.0,2026-09-18 23:10:22+00:00
09/18/2026 18:15:20,N,49.9939,0.0,0.01,0.0,0.01,0.02,0.09,20.0,0.0,0.0,0.0,0.0,0.0,0.0,0.0,15469.76,102313.45,0.0,2026-09-18 23:15:20+00:00
09/18/2026 18:20:21,N,54.2042,0.0,0.03,0.0,0.02,0.03,0.13,20.0,0.0,0.0,0.0,0.0,0.0,0.0,0.0,15414.47,100927.43,0.0,2026-09-18 23:20:21+00:00
09/18/2026 18:25:21,N,56.7406,0.0,0.1,0.2,0.01,0.03,0.11,20.0,0.0,0.0,0.0,0.0,0.0,0.0,0.0,14921.95,99810.24,0.0,2026-09-18 23:25:21+00:00
09/18/2026 18:30:21,N,54.6033,0.0,0.0,0.0,0.01,0.03,0.12,20.0,0.0,0.0,0.0,0.0,0.0,0.0,0.0,15000.17,99028.59,0.0,2026-09-18 23:30:21+00:00
09/18/2026 18:35:20,N,61.1996,0.0,0.04,0.0,0.01,0.03,0.1,20.0,0.0,0.0,0.0,0.0,0.0,0.0,0.0,14522.12,98122.86,0.0,2026-09-18 23:35:20+00:00
09/18/2026 18:40:21,N,64.0588,0.0,0.01,0.02,0.01,0.01,0.05,20.0,0.0,0.0,0.0,0.0,0.0,0.0,0.0,14685.34,97192.8,0.0,2026-09-18 23:40:21+00:00
09/18/2026 18:45:24,N,62.0947,0.0,0.04,0.0,0.01,0.01,0.04,20.0,0.0,0.0,0.0,0.0,0.0,0.0,0.0,14626.28,96274.38,0.0,2026-09-18 23:45:24+00:00
09/18/2026 18:50:22,N,63.5144,0.0,0.02,0.0,0.0,0.01,0.02,20.0,0.0,0.0,0.0,0.0,0.0,0.0,0.0,14458.36,95439.03,0.0,2026-09-18 23:50:22+00:00
09/18/2026 18:55:26,N,63.3469,0.0,0.02,0.0,0.0,0.0,0.02,20.0,0.0,0.0,0.0,0.0,0.0,0.0,0.0,14702.67,94655.9,0.0,2026-09-18 23:55:26+00:00
09/18/2026 18:59:00,N,64.4626,0.0,0.03,0.0,0.0,0.01,0.03,20.0,0.0,0.0,0.0,0.0,0.0,0.0,0.0,14729.58,94106.13,0.0,2026-09-18 23:59:00+00:00
09/18/2026 19:00:27,N,49.9232,0.07,0.0,0.0,0.02,0.03,0.14,20.0,0.0,0.0,0.0,0.0,0.0,0.0,0.0,14765.21,93929.25,0.0,2026-09-19 00:00:27+00:00
09/18/2026 19:05:30,N,46.9752,0.04,0.0,0.0,0.0,0.0,0.0,20.0,0.0,0.0,0.0,0.0,0.0,0.0,0.0,14102.76,93252.88,0.0,2026-09-19 00:05:30+00:00
09/18/2026 19:10:21,N,43.9113,0.26,0.17,0.0,0.01,0.02,0.08,20.0,0.0,0.0,0.0,0.0,0.0,0.0,0.0,13878.07,92802.39,0.0,2026-09-19 00:10:21+00:00
09/18/2026 19:15:22,N,42.504,0.6,0.0,0.0,0.0,0.0,0.0,20.0,0.0,0.0,0.0,0.0,0.0,0.0,0.0,13796.26,91968.8,0.0,2026-09-19 00:15:22+00:00
09/18/2026 19:20:22,N,42.5528,0.49,0.03,0.0,0.01,0.02,0.07,20.0,0.0,0.0,0.0,0.0,0.0,0.0,0.0,13610.6,91630.66,0.0,2026-09-19 00:20:22+00:00
09/18/2026 19:25:23,N,41.7321,0.74,0.25,0.0,0.04,0.08,0.33,20.0,0.0,0.0,0.0,0.0,0.0,0.0,0.0,13141.27,91392.16,0.0,2026-09-19 00:25:23+00:00
09/18/2026 19:30:23,N,40.8049,1.43,0.24,0.0,0.06,0.12,0.49,20.0,0.0,0.0,0.0,0.0,0.0,0.0,0.0,13131.43,91264.38,0.0,2026-09-19 00:30:23+00:00
09/18/2026 19:35:23,N,40.404,1.17,0.4,0.0,0.07,0.14,0.55,20.0,0.0,0.0,0.0,0.0,0.0,0.0,0.0,13058.38,91169.13,0.0,2026-09-19 00:35:23+00:00
09/18/2026 19:40:22,N,40.7702,1.21,0.44,0.0,0.08,0.15,0.62,20.0,0.0,0.0,0.0,0.0,0.0,0.0,0.0,12962.03,91140.9,0.0,2026-09-19 00:40:22+00:00
09/18/2026 19:45:22,N,39.6687,1.37,0.35,0.0,0.05,0.1,0.35,20.0,0.0,0.0,0.0,0.0,0.0,0.0,0.0,12906.92,91157.43,0.0,2026-09-19 00:45:22+00:00
09/18/2026 19:50:22,N,38.5014,2.1,0.55,0.0,0.07,0.14,0.55,20.0,0.0,0.0,0.0,0.0,0.0,0.0,0.0,12655.39,91135.29,0.0,2026-09-19 00:50:22+00:00
09/18/2026 19:55:22,N,37.8381,1.15,0.52,0.0,0.09,0.17,0.69,20.0,0.0,0.0,0.0,0.0,0.0,0.0,0.0,12509.07,91183.0,0.0,2026-09-19 00:55:22+00:00
09/18/2026 20:00:24,N,36.6828,1.58,0.1,0.0,0.1,0.19,0.77,20.0,0.0,0.0,0.0,0.0,0.0,0.0,0.0,12521.01,91268.73,0.0,2026-09-19 01:00:24+00:00
09/18/2026 20:05:22,N,37.0324,1.61,0.07,0.0,0.07,0.14,0.54,20.0,0.0,0.0,0.0,0.0,0.0,0.0,0.0,12406.2,91478.04,0.0,2026-09-19 01:05:22+00:00
09/18/2026 20:10:22,N,38.7483,0.48,0.09,0.0,0.09,0.18,0.73,20.0,0.0,0.0,0.0,0.0,0.0,0.0,0.0,12237.2,91008.6,0.0,2026-09-19 01:10:22+00:00
09/18/2026 20:15:21,N,36.8603,1.86,0.04,0.0,0.01,0.03,0.1,20.0,0.0,0.0,0.0,0.0,0.0,0.0,0.0,12218.89,91161.73,0.0,2026-09-19 01:15:21+00:00
09/18/2026 20:20:21,N,36.7191,1.23,0.0,0.0,0.0,0.0,0.0,20.0,0.0,0.0,0.0,0.0,0.0,0.0,0.0,12029.58,91594.91,0.0,2026-09-19 01:20:21+00:00
09/18/2026 20:25:20,N,35.6326,1.02,0.01,0.0,0.0,0.0,0.0,20.0,0.0,0.0,0.0,0.0,0.0,0.0,0.0,11974.03,91625.48,0.0,2026-09-19 01:25:20+00:00
09/18/2026 20:30:21,N,34.7909,1.53,0.01,0.0,0.01,0.01,0.05,20.0,0.0,0.0,0.0,0.0,0.0,0.0,0.0,11756.88,91930.99,0.0,2026-09-19 01:30:21+00:00
09/18/2026 20:35:20,N,34.4182,0.81,0.01,0.0,0.0,0.0,0.0,20.0,0.0,0.0,0.0,0.0,0.0,0.0,0.0,11756.72,91931.28,0.0,2026-09-19 01:35:20+00:00
09/18/2026 20:40:20,N,34.5563,0.34,0.0,0.0,0.0,0.0,0.0,20.0,0.0,0.0,0.0,0.0,0.0,0.0,0.0,11311.88,91912.29,0.0,2026-09-19 01:40:20+00:00
09/18/2026 20:45:20,N,34.103,0.12,0.0,0.0,0.0,0.0,0.0,20.0,0.0,0.0,0.0,0.0,0.0,0.0,0.0,11239.36,92052.83,0.0,2026-09-19 01:45:20+00:00
09/18/2026 20:50:19,N,33.7506,0.11,0.0,0.0,0.0,0.0,0.0,20.0,0.0,0.0,0.0,0.0,0.0,0.0,0.0,11529.64,91832.66,0.0,2026-09-19 01:50:19+00:00
09/18/2026 20:55:20,N,33.1424,0.18,0.0,0.0,0.0,0.0,0.0,20.0,0.0,0.0,0.0,0.0,0.0,0.0,0.0,11484.94,92363.54,0.0,2026-09-19 01:55:20+00:00
09/18/2026 21:00:23,N,32.0389,0.11,0.05,0.0,0.05,0.09,0.38,20.0,0.0,0.0,0.0,0.0,0.0,0.0,0.0,11426.35,92756.31,0.0,2026-09-19 02:00:23+00:00
09/18/2026 21:05:20,N,33.1976,0.12,0.03,0.0,0.03,0.05,0.21,20.0,0.0,0.0,0.0,0.0,0.0,0.0,0.0,11408.94,92914.6,0.0,2026-09-19 02:05:20+00:00
09/18/2026 21:10:21,N,33.5703,0.1,0.02,0.0,0.02,0.03,0.14,20.0,0.0,0.0,0.0,0.0,0.0,0.0,0.0,11186.52,92861.87,0.0,2026-09-19 02:10:21+00:00
09/18/2026 21:15:22,N,32.5787,0.04,0.01,0.0,0.01,0.02,0.06,20.0,0.0,0.0,0.0,0.0,0.0,0.0,0.0,11410.46,92510.15,0.0,2026-09-19 02:15:22+00:00
09/18/2026 21:20:19,N,31.8988,0.2,0.01,0.0,0.01,0.03,0.1,20.0,0.0,0.0,0.0,0.0,0.0,0.0,0.0,11191.39,92455.06,0.0,2026-09-19 02:20:19+00:00
09/18/2026 21:25:20,N,30.6473,0.55,0.02,0.0,0.02,0.03,0.13,20.0,0.0,0.0,0.0,0.0,0.0,0.0,0.0,11052.12,92342.73,0.0,2026-09-19 02:25:20+00:00
09/18/2026 21:30:21,N,30.7904,0.49,0.01,0.0,0.01,0.02,0.1,20.0,0.0,0.0,0.0,0.0,0.0,0.0,0.0,11504.24,92143.77,0.0,2026-09-19 02:30:21+00:00
09/18/2026 21:35:21,N,30.0922,0.92,0.01,0.0,0.01,0.02,0.07,20.0,0.0,0.0,0.0,0.0,0.0,0.0,0.0,10679.85,92291.73,0.0,2026-09-19 02:35:21+00:00
09/18/2026 21:40:21,N,29.1873,0.94,0.0,0.0,0.0,0.0,0.0,20.0,0.0,0.0,0.0,0.0,0.0,0.0,0.0,10609.15,92097.04,0.0,2026-09-19 02:40:21+00:00
09/18/2026 21:45:21,N,29.1612,1.21,0.0,0.0,0.0,0.0,0.0,20.0,0.0,0.0,0.0,0.0,0.0,0.0,0.0,10570.46,92077.83,0.0,2026-09-19 02:45:21+00:00
09/18/2026 21:50:20,N,31.2685,0.0,0.0,0.0,0.0,0.0,0.0,20.0,0.0,0.0,0.0,0.0,0.0,0.0,0.0,9931.64,92160.9,0.0,2026-09-19 02:50:20+00:00
09/18/2026 21:55:21,N,31.3296,0.0,0.0,0.0,0.0,0.0,0.0,20.0,0.0,0.0,0.0,0.0,0.0,0.0,0.0,9430.42,91872.36,0.0,2026-09-19 02:55:21+00:00
09/18/2026 22:00:22,N,30.8203,0.09,0.0,0.0,0.0,0.0,0.0,20.0,0.0,0.0,0.0,0.0,0.0,0.0,0.0,9310.84,91458.68,0.0,2026-09-19 03:00:22+00:00
09/18/2026 22:05:20,N,30.836,0.14,0.0,0.0,0.0,0.0,0.0,20.0,0.0,0.0,0.0,0.0,0.0,0.0,0.0,9418.64,90993.05,0.0,2026-09-19 03:05:20+00:00
09/18/2026 22:10:19,N,29.3641,1.07,0.0,0.0,0.0,0.0,0.0,20.0,0.0,0.0,0.0,0.0,0.0,0.0,0.0,9308.4,90887.52,0.0,2026-09-19 03:10:19+00:00
09/18/2026 22:15:19,N,28.5826,1.29,0.0,0.0,0.0,0.0,0.0,20.0,0.0,0.0,0.0,0.0,0.0,0.0,0.0,9184.38,91033.58,0.0,2026-09-19 03:15:19+00:00
09/18/2026 22:20:18,N,28.0592,1.32,0.0,0.0,0.0,0.0,0.0,20.0,0.0,0.0,0.0,0.0,0.0,0.0,0.0,9303.88,90791.15,0.0,2026-09-19 03:20:18+00:00
09/18/2026 22:25:19,N,27.86,0.89,0.0,0.0,0.0,0.0,0.0,20.0,0.0,0.0,0.0,0.0,0.0,0.0,0.0,9223.54,90833.16,0.0,2026-09-19 03:25:19+00:00
09/18/2026 22:30:20,N,28.3845,1.03,0.0,0.0,0.0,0.0,0.0,20.0,0.0,0.0,0.0,0.0,0.0,0.0,0.0,9173.16,90902.27,0.0,2026-09-19 03:30:20+00:00
09/18/2026 22:35:19,N,27.3839,0.9,0.0,0.0,0.0,0.0,0.0,20.0,0.0,0.0,0.0,0.0,0.0,0.0,0.0,9027.47,90901.91,0.0,2026-09-19 03:35:19+00:00
09/18/2026 22:40:19,N,26.8593,0.8,0.01,0.0,0.0,0.0,0.0,20.0,0.0,0.0,0.0,0.0,0.0,0.0,0.0,8955.64,91063.77,0.0,2026-09-19 03:40:19+00:00
09/18/2026 22:45:21,N,27.0218,0.77,0.0,0.0,0.0,0.0,0.0,20.0,0.0,0.0,0.0,0.0,0.0,0.0,0.0,8785.48,91104.32,0.0,2026-09-19 03:45:21+00:00
09/18/2026 22:50:19,N,26.3246,0.5,0.4,0.0,0.0,0.0,0.0,20.0,0.0,0.0,0.0,0.0,0.0,0.0,0.0,8603.39,91119.1,0.0,2026-09-19 03:50:19+00:00
09/18/2026 22:55:20,N,26.7661,0.35,0.32,0.0,0.0,0.0,0.0,20.0,0.0,0.0,0.0,0.0,0.0,0.0,0.0,8377.11,91087.61,0.0,2026-09-19 03:55:20+00:00
09/18/2026 23:00:20,N,26.2252,0.0,0.0,0.0,0.0,0.0,0.0,0.0,0.0,0.0,0.0,0.0,0.0,0.0,0.0,8530.36,90813.39,0.0,2026-09-19 04:00:20+00:00
09/18/2026 23:05:18,N,26.581,0.0,0.0,0.0,0.0,0.0,0.0,0.0,0.0,0.0,0.0,0.0,0.0,0.0,0.0,8031.41,90417.92,0.0,2026-09-19 04:05:18+00:00
09/18/2026 23:10:18,N,26.7638,0.0,0.0,0.0,0.0,0.0,0.0,0.0,0.0,0.0,0.0,0.0,0.0,0.0,0.0,8018.15,90187.71,0.0,2026-09-19 04:10:18+00:00
09/18/2026 23:15:19,N,26.2819,0.0,0.0,0.0,0.0,0.0,0.0,0.0,0.0,0.0,0.0,0.0,0.0,0.0,0.0,7879.16,90180.87,0.0,2026-09-19 04:15:19+00:00
09/18/2026 23:20:18,N,25.8747,0.0,0.0,0.0,0.0,0.0,0.0,0.0,0.0,0.0,0.0,0.0,0.0,0.0,0.0,7770.9,90119.52,0.0,2026-09-19 04:20:18+00:00
09/18/2026 23:25:19,N,25.4873,0.0,0.0,0.0,0.0,0.0,0.0,0.0,0.0,0.0,0.0,0.0,0.0,0.0,0.0,7603.81,89912.48,0.0,2026-09-19 04:25:19+00:00
09/18/2026 23:30:17,N,24.5373,0.0,0.0,0.0,0.0,0.0,0.0,0.0,0.0,0.0,0.0,0.0,0.0,0.0,0.0,7588.12,89475.53,0.0,2026-09-19 04:30:17+00:00
09/18/2026 23:35:17,N,24.0386,0.0,0.0,0.0,0.0,0.0,0.0,0.0,0.0,0.0,0.0,0.0,0.0,0.0,0.0,7720.02,89502.11,0.0,2026-09-19 04:35:17+00:00
09/18/2026 23:40:17,N,23.763,0.0,0.0,0.0,0.0,0.0,0.0,0.0,0.0,0.0,0.0,0.0,0.0,0.0,0.0,7603.19,89685.08,0.0,2026-09-19 04:40:17+00:00
09/18/2026 23:45:17,N,23.3305,0.0,0.0,0.0,0.0,0.0,0.0,0.0,0.0,0.0,0.0,0.0,0.0,0.0,0.0,7590.69,89568.95,0.0,2026-09-19 04:45:17+00:00
09/18/2026 23:50:19,N,23.2152,0.0,0.0,0.0,0.0,0.0,0.0,0.0,0.0,0.0,0.0,0.0,0.0,0.0,0.0,7570.91,89520.45,0.0,2026-09-19 04:50:19+00:00
09/18/2026 23:55:18,N,22.7727,0.0,0.0,0.0,0.0,0.0,0.0,0.0,0.0,0.0,0.0,0.0,0.0,0.0,0.0,7601.5,89593.21,0.0,2026-09-19 04:55:18+00:00
09/19/2026 00:00:19,N,22.0162,0.0,0.0,0.0,0.0,0.0,0.0,0.0,0.0,0.0,0.0,0.0,0.0,0.0,0.0,7638.91,90083.54,0.0,2026-09-19 05:00:19+00:00
09/19/2026 00:05:18,N,24.8259,0.0,0.0,0.0,0.0,0.0,0.0,0.0,0.0,0.0,0.0,0.0,0.0,0.0,0.0,7049.11,90078.7,0.0,2026-09-19 05:05:18+00:00
09/19/2026 00:10:17,N,24.3928,0.0,0.0,0.0,0.0,0.0,0.0,0.0,0.0,0.0,0.0,0.0,0.0,0.0,0.0,6917.41,89321.48,0.0,2026-09-19 05:10:17+00:00
09/19/2026 00:15:17,N,24.0253,0.0,0.0,0.0,0.0,0.0,0.0,0.0,0.0,0.0,0.0,0.0,0.0,0.0,0.0,6864.28,89597.52,0.0,2026-09-19 05:15:17+00:00
09/19/2026 00:20:17,N,24.044,0.0,0.0,0.0,0.0,0.0,0.0,0.0,0.0,0.0,0.0,0.0,0.0,0.0,0.0,6840.94,89793.37,0.0,2026-09-19 05:20:17+00:00
09/19/2026 00:25:17,N,23.4408,0.0,0.0,0.0,0.0,0.0,0.0,0.0,0.0,0.0,0.0,0.0,0.0,0.0,0.0,6824.54,89761.54,0.0,2026-09-19 05:25:17+00:00
09/19/2026 00:30:17,N,23.2194,0.0,0.0,0.0,0.0,0.0,0.0,0.0,0.0,0.0,0.0,0.0,0.0,0.0,0.0,6952.38,89669.8,0.0,2026-09-19 05:30:17+00:00
09/19/2026 00:35:16,N,23.0939,0.0,0.0,0.0,0.0,0.0,0.0,0.0,0.0,0.0,0.0,0.0,0.0,0.0,0.0,6304.5,89384.98,0.0,2026-09-19 05:35:16+00:00
09/19/2026 00:40:17,N,22.844,0.0,0.0,0.0,0.0,0.0,0.0,0.0,0.0,0.0,0.0,0.0,0.0,0.0,0.0,6317.59,89612.55,0.0,2026-09-19 05:40:17+00:00
09/19/2026 00:45:17,N,22.9084,0.0,0.0,0.0,0.0,0.0,0.0,0.0,0.0,0.0,0.0,0.0,0.0,0.0,0.0,6429.18,89561.86,0.0,2026-09-19 05:45:17+00:00
09/19/2026 00:50:16,N,22.1805,0.0,0.0,0.0,0.0,0.0,0.0,0.0,0.0,0.0,0.0,0.0,0.0,0.0,0.0,6481.2,89609.01,0.0,2026-09-19 05:50:16+00:00
09/19/2026 00:55:18,N,21.6797,0.0,0.0,0.0,0.0,0.0,0.0,0.0,0.0,0.0,0.0,0.0,0.0,0.0,0.0,6382.78,89597.15,0.0,2026-09-19 05:55:18+00:00
09/19/2026 01:00:21,N,22.7102,0.0,0.0,0.0,0.0,0.0,0.0,0.0,0.0,0.0,0.0,0.0,0.0,0.0,0.0,6321.74,89521.48,0.0,2026-09-19 06:00:21+00:00
09/19/2026 01:05:18,N,22.8403,0.0,0.0,0.0,0.0,0.0,0.0,0.0,0.0,0.0,0.0,0.0,0.0,0.0,0.0,6112.11,89703.61,0.0,2026-09-19 06:05:18+00:00
09/19/2026 01:10:18,N,22.9501,0.0,0.0,0.0,0.0,0.0,0.0,0.0,0.0,0.0,0.0,0.0,0.0,0.0,0.0,6241.81,89460.34,0.0,2026-09-19 06:10:18+00:00
09/19/2026 01:15:17,N,23.0995,0.0,0.0,0.0,0.0,0.0,0.0,0.0,0.0,0.0,0.0,0.0,0.0,0.0,0.0,6107.87,89409.77,0.0,2026-09-19 06:15:17+00:00
09/19/2026 01:20:16,N,23.2214,0.0,0.0,0.0,0.0,0.0,0.0,0.0,0.0,0.0,0.0,0.0,0.0,0.0,0.0,6118.31,89191.5,0.0,2026-09-19 06:20:16+00:00
09/19/2026 01:25:16,N,23.0842,0.0,0.0,0.0,0.0,0.0,0.0,0.0,0.0,0.0,0.0,0.0,0.0,0.0,0.0,6237.16,89033.44,0.0,2026-09-19 06:25:16+00:00
09/19/2026 01:30:17,N,23.0281,0.0,0.0,0.0,0.0,0.0,0.0,0.0,0.0,0.0,0.0,0.0,0.0,0.0,0.0,6254.69,88920.94,0.0,2026-09-19 06:30:17+00:00
09/19/2026 01:35:17,N,23.0227,0.0,0.0,0.0,0.0,0.0,0.0,0.0,0.0,0.0,0.0,0.0,0.0,0.0,0.0,6253.21,88798.12,0.0,2026-09-19 06:35:17+00:00
09/19/2026 01:40:19,N,22.9657,0.0,0.0,0.0,0.0,0.0,0.0,0.0,0.0,0.0,0.0,0.0,0.0,0.0,0.0,6254.26,88578.86,0.0,2026-09-19 06:40:19+00:00
09/19/2026 01:45:18,N,23.435,0.0,0.0,0.0,0.0,0.0,0.0,0.0,0.0,0.0,0.0,0.0,0.0,0.0,0.0,6257.39,88443.94,0.0,2026-09-19 06:45:18+00:00
09/19/2026 01:50:17,N,23.2209,0.0,0.0,0.0,0.0,0.0,0.0,0.0,0.0,0.0,0.0,0.0,0.0,0.0,0.0,6130.68,88271.86,0.0,2026-09-19 06:50:17+00:00
09/19/2026 01:55:17,N,22.821,0.0,0.0,0.0,0.0,0.0,0.0,0.0,0.0,0.0,0.0,0.0,0.0,0.0,0.0,6236.58,87855.98,0.0,2026-09-19 06:55:17+00:00
09/19/2026 02:00:20,N,22.3936,0.0,0.0,0.0,0.0,0.0,0.0,0.0,0.0,0.0,0.0,0.0,0.0,0.0,0.0,6147.01,87885.38,0.0,2026-09-19 07:00:20+00:00
09/19/2026 02:05:20,N,24.3116,0.0,0.0,0.0,0.0,0.0,0.0,0.0,0.0,0.0,0.0,0.0,0.0,0.0,0.0,6253.53,87664.64,0.0,2026-09-19 07:05:20+00:00
09/19/2026 02:10:17,N,23.7205,0.0,0.0,0.0,0.0,0.0,0.0,0.0,0.0,0.0,0.0,0.0,0.0,0.0,0.0,6123.76,87599.2,0.0,2026-09-19 07:10:17+00:00
09/19/2026 02:15:18,N,23.7089,0.0,0.0,0.0,0.0,0.0,0.0,0.0,0.0,0.0,0.0,0.0,0.0,0.0,0.0,6117.5,87548.24,0.0,2026-09-19 07:15:18+00:00
09/19/2026 02:20:18,N,23.0675,0.0,0.0,0.0,0.0,0.0,0.0,0.0,0.0,0.0,0.0,0.0,0.0,0.0,0.0,6407.89,87739.33,0.0,2026-09-19 07:20:18+00:00
09/19/2026 02:25:18,N,22.3701,0.0,0.0,0.0,0.0,0.0,0.0,0.0,0.0,0.0,0.0,0.0,0.0,0.0,0.0,6577.73,87414.98,0.0,2026-09-19 07:25:18+00:00
09/19/2026 02:30:18,N,21.1836,0.0,0.0,0.0,0.0,0.0,0.0,0.0,0.0,0.0,0.0,0.0,0.0,0.0,0.0,6288.0,87659.17,0.0,2026-09-19 07:30:18+00:00
09/19/2026 02:35:18,N,21.9785,0.0,0.0,0.0,0.0,0.0,0.0,0.0,0.0,0.0,0.0,0.0,0.0,0.0,0.0,6408.6,87264.73,0.0,2026-09-19 07:35:18+00:00
09/19/2026 02:40:17,N,22.2073,0.0,0.0,0.0,0.0,0.0,0.0,0.0,0.0,0.0,0.0,0.0,0.0,0.0,0.0,6394.94,87026.83,0.0,2026-09-19 07:40:17+00:00
09/19/2026 02:45:19,N,21.9376,0.0,0.0,0.0,0.0,0.0,0.0,0.0,0.0,0.0,0.0,0.0,0.0,0.0,0.0,6292.17,86995.55,0.0,2026-09-19 07:45:19+00:00
09/19/2026 02:50:17,N,21.9276,0.0,0.0,0.0,0.0,0.0,0.0,0.0,0.0,0.0,0.0,0.0,0.0,0.0,0.0,6480.17,86849.54,0.0,2026-09-19 07:50:17+00:00
09/19/2026 02:55:17,N,21.9525,0.0,0.0,0.0,0.0,0.0,0.0,0.0,0.0,0.0,0.0,0.0,0.0,0.0,0.0,6377.23,86832.38,0.0,2026-09-19 07:55:17+00:00
09/19/2026 03:00:19,N,22.0304,0.0,0.0,0.0,0.0,0.0,0.0,0.0,0.0,0.0,0.0,0.0,0.0,0.0,0.0,6552.75,86872.93,0.0,2026-09-19 08:00:19+00:00
09/19/2026 03:05:18,N,21.88,0.0,0.0,0.0,0.0,0.0,0.0,0.0,0.0,0.0,0.0,0.0,0.0,0.0,0.0,6883.15,86586.15,0.0,2026-09-19 08:05:18+00:00
09/19/2026 03:10:17,N,21.8003,0.0,0.0,0.0,0.0,0.0,0.0,0.0,0.0,0.0,0.0,0.0,0.0,0.0,0.0,6413.5,86553.91,0.0,2026-09-19 08:10:17+00:00
09/19/2026 03:15:17,N,21.9995,0.0,0.0,0.0,0.0,0.0,0.0,0.0,0.0,0.0,0.0,0.0,0.0,0.0,0.0,6416.46,86316.48,0.0,2026-09-19 08:15:17+00:00
09/19/2026 03:20:17,N,22.2322,0.0,0.0,0.0,0.0,0.0,0.0,0.0,0.0,0.0,0.0,0.0,0.0,0.0,0.0,6441.34,86007.29,0.0,2026-09-19 08:20:17+00:00
09/19/2026 03:25:17,N,22.5118,0.0,0.0,0.0,0.0,0.0,0.0,0.0,0.0,0.0,0.0,0.0,0.0,0.0,0.0,6716.14,86004.42,0.0,2026-09-19 08:25:17+00:00
09/19/2026 03:30:20,N,22.3061,0.0,0.0,0.0,0.0,0.0,0.0,0.0,0.0,0.0,0.0,0.0,0.0,0.0,0.0,6431.18,86007.51,0.0,2026-09-19 08:30:20+00:00
09/19/2026 03:35:18,N,22.4652,0.0,0.0,0.0,0.0,0.0,0.0,0.0,0.0,0.0,0.0,0.0,0.0,0.0,0.0,6459.88,86050.37,0.0,2026-09-19 08:35:18+00:00
09/19/2026 03:40:18,N,22.3931,0.0,0.0,0.0,0.0,0.0,0.0,0.0,0.0,0.0,0.0,0.0,0.0,0.0,0.0,6460.88,85958.57,0.0,2026-09-19 08:40:18+00:00
09/19/2026 03:45:19,N,22.4096,0.0,0.0,0.0,0.0,0.0,0.0,0.0,0.0,0.0,0.0,0.0,0.0,0.0,0.0,6485.86,85838.67,0.0,2026-09-19 08:45:19+00:00
09/19/2026 03:50:18,N,22.6996,0.0,0.0,0.0,0.0,0.0,0.0,0.0,0.0,0.0,0.0,0.0,0.0,0.0,0.0,6484.12,85586.42,0.0,2026-09-19 08:50:18+00:00
09/19/2026 03:55:18,N,23.0738,0.0,0.0,0.0,0.0,0.0,0.0,0.0,0.0,0.0,0.0,0.0,0.0,0.0,0.0,6526.93,85436.44,0.0,2026-09-19 08:55:18+00:00
09/19/2026 04:00:21,N,22.9067,0.0,0.0,0.0,0.0,0.0,0.0,0.0,0.0,0.0,0.0,0.0,0.0,0.0,0.0,6506.93,85266.0,0.0,2026-09-19 09:00:21+00:00
09/19/2026 04:05:18,N,22.5809,0.0,0.0,0.0,0.0,0.0,0.0,0.0,0.0,0.0,0.0,0.0,0.0,0.0,0.0,6499.19,85149.97,0.0,2026-09-19 09:05:18+00:00
09/19/2026 04:10:20,N,22.589,0.0,0.0,0.0,0.0,0.0,0.0,0.0,0.0,0.0,0.0,0.0,0.0,0.0,0.0,6602.07,84930.24,0.0,2026-09-19 09:10:20+00:00
09/19/2026 04:15:18,N,22.5497,0.0,0.0,0.0,0.0,0.0,0.0,0.0,0.0,0.0,0.0,0.0,0.0,0.0,0.0,6525.55,84756.13,0.0,2026-09-19 09:15:18+00:00
09/19/2026 04:20:18,N,22.9468,0.0,0.0,0.0,0.0,0.0,0.0,0.0,0.0,0.0,0.0,0.0,0.0,0.0,0.0,6882.22,84711.27,0.0,2026-09-19 09:20:18+00:00
09/19/2026 04:25:18,N,22.8565,0.0,0.0,0.0,0.0,0.0,0.0,0.0,0.0,0.0,0.0,0.0,0.0,0.0,0.0,6565.43,84330.22,0.0,2026-09-19 09:25:18+00:00
09/19/2026 04:30:18,N,23.4967,0.0,0.0,0.0,0.0,0.0,0.0,0.0,0.0,0.0,0.0,0.0,0.0,0.0,0.0,6567.83,84286.66,0.0,2026-09-19 09:30:18+00:00
09/19/2026 04:35:17,N,24.8501,0.0,0.0,0.0,0.0,0.0,0.0,0.0,0.0,0.0,0.0,0.0,0.0,0.0,0.0,6558.05,83756.95,0.0,2026-09-19 09:35:17+00:00
09/19/2026 04:40:17,N,24.668,0.0,0.0,0.0,0.0,0.0,0.0,0.0,0.0,0.0,0.0,0.0,0.0,0.0,0.0,6531.47,83554.7,0.0,2026-09-19 09:40:17+00:00
09/19/2026 04:45:17,N,24.9467,0.0,0.0,0.0,0.0,0.0,0.0,0.0,0.0,0.0,0.0,0.0,0.0,0.0,0.0,6536.81,83384.78,0.0,2026-09-19 09:45:17+00:00
09/19/2026 04:50:16,N,24.9372,0.0,0.0,0.0,0.0,0.0,0.0,0.0,0.0,0.0,0.0,0.0,0.0,0.0,0.0,6655.23,83068.76,0.0,2026-09-19 09:50:16+00:00
09/19/2026 04:55:17,N,25.1355,0.0,0.0,0.0,0.0,0.0,0.0,0.0,0.0,0.0,0.0,0.0,0.0,0.0,0.0,6547.37,82940.94,0.0,2026-09-19 09:55:17+00:00
09/19/2026 05:00:20,N,25.0685,0.0,0.0,0.0,0.0,0.0,0.0,0.0,0.0,0.0,0.0,0.0,0.0,0.0,0.0,6548.72,82863.32,0.0,2026-09-19 10:00:20+00:00
09/19/2026 05:05:17,N,25.8124,0.0,0.0,0.0,0.0,0.0,0.0,0.0,0.0,0.0,0.0,0.0,0.0,0.0,0.0,6548.2,82648.32,0.0,2026-09-19 10:05:17+00:00
09/19/2026 05:10:18,N,26.2926,0.0,0.0,0.0,0.0,0.0,0.0,0.0,0.0,0.0,0.0,0.0,0.0,0.0,0.0,6554.04,82426.98,0.0,2026-09-19 10:10:18+00:00
09/19/2026 05:15:18,N,28.962,0.0,0.0,0.0,0.0,0.0,0.0,0.0,0.0,0.0,0.0,0.0,0.0,0.0,0.0,6531.03,82133.78,0.0,2026-09-19 10:15:18+00:00
09/19/2026 05:20:18,N,28.0435,0.0,0.0,0.0,0.0,0.0,0.0,0.0,0.0,0.0,0.0,0.0,0.0,0.0,0.0,6545.3,82241.52,0.0,2026-09-19 10:20:18+00:00
09/19/2026 05:25:18,N,28.3163,0.0,0.0,0.0,0.0,0.0,0.0,0.0,0.0,0.0,0.0,0.0,0.0,0.0,0.0,6560.7,82086.27,0.0,2026-09-19 10:25:18+00:00
09/19/2026 05:30:17,N,27.8388,0.0,0.0,0.0,0.0,0.0,0.0,0.0,0.0,0.0,0.0,0.0,0.0,0.0,0.0,6566.0,81993.52,0.0,2026-09-19 10:30:17+00:00
09/19/2026 05:35:19,N,28.5989,0.0,0.0,0.0,0.0,0.0,0.0,0.0,0.0,0.0,0.0,0.0,0.0,0.0,0.0,6563.09,81894.0,0.0,2026-09-19 10:35:19+00:00
09/19/2026 05:40:17,N,28.8895,0.0,0.0,0.0,0.0,0.0,0.0,0.0,0.0,0.0,0.0,0.0,0.0,0.0,0.0,6561.81,81758.57,0.0,2026-09-19 10:40:17+00:00
09/19/2026 05:45:17,N,30.2238,0.0,0.0,0.0,0.0,0.0,0.0,0.0,0.0,0.0,0.0,0.0,0.0,0.0,0.0,6579.86,81593.68,0.0,2026-09-19 10:45:17+00:00
09/19/2026 05:50:18,N,28.7462,0.0,0.0,0.0,0.0,0.0,0.0,0.0,0.0,0.0,0.0,0.0,0.0,0.0,0.0,6585.1,81550.33,0.0,2026-09-19 10:50:18+00:00
09/19/2026 05:55:18,N,28.5981,0.0,0.0,0.0,0.0,0.0,0.0,0.0,0.0,0.0,0.0,0.0,0.0,0.0,0.0,6716.0,81601.19,0.0,2026-09-19 10:55:18+00:00
09/19/2026 06:00:22,N,27.8971,0.0,0.0,0.0,0.0,0.0,0.0,0.0,0.0,0.0,0.0,0.0,0.0,0.0,0.0,6713.22,81614.32,0.0,2026-09-19 11:00:22+00:00
09/19/2026 06:05:18,N,27.5423,0.0,0.0,0.0,0.0,0.0,0.0,0.0,0.0,0.0,0.0,0.0,0.0,0.0,0.0,6628.49,81610.52,0.0,2026-09-19 11:05:18+00:00
09/19/2026 06:10:19,N,27.5678,0.0,0.0,0.0,0.0,0.0,0.0,0.0,0.0,0.0,0.0,0.0,0.0,0.0,0.0,6683.23,81449.16,0.0,2026-09-19 11:10:19+00:00
09/19/2026 06:15:17,N,27.4163,0.0,0.0,0.0,0.0,0.0,0.0,0.0,0.0,0.0,0.0,0.0,0.0,0.0,0.0,6603.02,81610.76,0.0,2026-09-19 11:15:17+00:00
09/19/2026 06:20:18,N,27.3978,0.0,0.0,0.0,0.0,0.0,0.0,0.0,0.0,0.0,0.0,0.0,0.0,0.0,0.0,6596.81,81663.73,0.0,2026-09-19 11:20:18+00:00
09/19/2026 06:25:18,N,26.8216,0.0,0.0,0.0,0.0,0.0,0.0,0.0,0.0,0.0,0.0,0.0,0.0,0.0,0.0,6588.21,81720.48,0.0,2026-09-19 11:25:18+00:00
09/19/2026 06:30:18,N,26.4635,0.0,0.0,0.0,0.0,0.0,0.0,0.0,0.0,0.0,0.0,0.0,0.0,0.0,0.0,6588.9,81843.99,0.0,2026-09-19 11:30:18+00:00
09/19/2026 06:35:17,N,26.4872,0.0,0.0,0.0,0.0,0.0,0.0,0.0,0.0,0.0,0.0,0.0,0.0,0.0,0.0,6580.17,81843.59,0.0,2026-09-19 11:35:17+00:00
09/19/2026 06:40:17,N,27.1032,0.0,0.0,0.0,0.0,0.0,0.0,0.0,0.0,0.0,0.0,0.0,0.0,0.0,0.0,6547.1,81809.92,0.0,2026-09-19 11:40:17+00:00
09/19/2026 06:45:18,N,27.5257,0.0,0.0,0.0,0.0,0.0,0.0,0.0,0.0,0.0,0.0,0.0,0.0,0.0,0.0,6517.7,81787.11,0.0,2026-09-19 11:45:18+00:00
09/19/2026 06:50:18,N,27.7206,0.0,0.0,0.0,0.0,0.0,0.0,0.0,0.0,0.0,0.0,0.0,0.0,0.0,0.0,6592.08,81701.2,0.0,2026-09-19 11:50:18+00:00
09/19/2026 06:55:17,N,28.028,0.0,0.0,0.0,0.0,0.0,0.0,0.0,0.0,0.0,0.0,0.0,0.0,0.0,0.0,6597.52,81563.66,0.0,2026-09-19 11:55:17+00:00
09/19/2026 07:00:20,N,27.5481,0.0,0.0,0.0,0.0,0.0,0.0,0.0,0.0,0.0,0.0,0.0,0.0,0.0,0.0,6592.02,81525.5,0.0,2026-09-19 12:00:20+00:00
09/19/2026 07:05:19,N,27.3794,0.0,0.0,0.0,0.0,0.0,0.0,0.0,0.0,0.0,0.0,0.0,0.0,0.0,0.0,6523.76,81513.23,0.0,2026-09-19 12:05:19+00:00
09/19/2026 07:10:20,N,28.6365,0.0,0.0,0.0,0.0,0.0,0.0,0.0,0.0,0.0,0.0,0.0,0.0,0.0,0.0,6595.51,81432.69,0.0,2026-09-19 12:10:20+00:00
09/19/2026 07:15:17,N,27.6245,0.0,0.0,0.0,0.0,0.0,0.0,0.0,0.0,0.0,0.0,0.0,0.0,0.0,0.0,6586.8,80770.16,0.0,2026-09-19 12:15:17+00:00
09/19/2026 07:20:18,N,26.8543,0.0,0.0,0.0,0.0,0.0,0.0,0.0,0.0,0.0,0.0,0.0,0.0,0.0,0.0,6677.07,80882.35,0.0,2026-09-19 12:20:18+00:00
09/19/2026 07:25:17,N,26.2615,0.0,0.0,0.0,0.0,0.0,0.0,0.0,0.0,0.0,0.0,0.0,0.0,0.0,0.0,6830.67,81132.66,0.0,2026-09-19 12:25:17+00:00
09/19/2026 07:30:17,N,25.4386,0.0,0.0,0.0,0.0,0.0,0.0,0.0,0.0,0.0,0.0,0.0,0.0,0.0,0.0,7104.3,81834.45,0.0,2026-09-19 12:30:17+00:00
09/19/2026 07:35:17,N,25.1152,0.0,0.0,0.0,0.0,0.0,0.0,0.0,0.0,0.0,0.0,0.0,0.0,0.0,0.0,7161.12,82332.96,0.0,2026-09-19 12:35:17+00:00
09/19/2026 07:40:17,N,24.342,0.0,0.0,0.0,0.0,0.0,0.0,0.0,0.0,0.0,0.0,0.0,0.0,0.0,0.0,7303.93,83307.3,0.0,2026-09-19 12:40:17+00:00
09/19/2026 07:45:16,N,23.753,0.0,0.0,0.0,0.0,0.0,0.0,0.0,0.0,0.0,0.0,0.0,0.0,0.0,0.0,7193.41,83984.69,0.0,2026-09-19 12:45:16+00:00
09/19/2026 07:50:17,N,23.2118,0.0,0.0,0.0,0.0,0.0,0.0,0.0,0.0,0.0,0.0,0.0,0.0,0.0,0.0,7218.67,85002.06,0.0,2026-09-19 12:50:17+00:00
09/19/2026 07:55:16,N,22.2257,0.0,0.0,0.0,0.0,0.0,0.0,0.0,0.0,0.0,0.0,0.0,0.0,0.0,0.0,7195.18,85493.13,0.0,2026-09-19 12:55:16+00:00
09/19/2026 08:00:20,N,23.9448,0.0,0.0,0.0,0.0,0.0,0.0,0.0,0.0,0.0,0.0,0.0,0.0,0.0,0.0,7112.91,86599.1,0.0,2026-09-19 13:00:20+00:00
09/19/2026 08:05:17,N,23.4868,0.0,0.0,0.0,0.0,0.0,0.0,0.0,0.0,0.0,0.0,0.0,0.0,0.0,0.0,6735.11,88389.04,0.0,2026-09-19 13:05:17+00:00
09/19/2026 08:10:17,N,21.9202,0.0,0.0,0.0,0.0,0.0,0.0,0.0,0.0,0.0,0.0,0.0,0.0,0.0,0.0,6364.09,89775.46,0.0,2026-09-19 13:10:17+00:00
09/19/2026 08:15:16,N,19.9789,0.0,0.0,0.0,0.0,0.0,0.0,0.0,0.0,0.0,0.0,0.0,0.0,0.0,0.0,6220.36,91278.28,0.0,2026-09-19 13:15:16+00:00
09/19/2026 08:20:16,N,19.5702,0.0,0.0,0.0,0.0,0.0,0.0,0.0,0.0,0.0,0.0,0.0,0.0,0.0,0.0,6304.57,91999.45,0.0,2026-09-19 13:20:16+00:00
09/19/2026 08:25:16,N,18.407,0.0,0.0,0.0,0.0,0.0,0.0,0.0,0.0,0.0,0.0,0.0,0.0,0.0,0.0,6492.98,92469.45,0.0,2026-09-19 13:25:16+00:00
09/19/2026 08:30:17,N,18.5095,0.0,0.0,0.0,0.0,0.0,0.0,0.0,0.0,0.0,0.0,0.0,0.0,0.0,0.0,6483.39,93694.55,0.0,2026-09-19 13:30:17+00:00
09/19/2026 08:35:17,N,17.5099,0.0,0.0,0.0,0.0,0.0,0.0,0.0,0.0,0.0,0.0,0.0,0.0,0.0,0.0,6444.11,95235.3,0.0,2026-09-19 13:35:17+00:00
09/19/2026 08:40:16,N,17.2153,0.0,0.0,0.0,0.0,0.0,0.0,0.0,0.0,0.0,0.0,0.0,0.0,0.0,0.0,6533.31,96782.33,0.0,2026-09-19 13:40:16+00:00
09/19/2026 08:45:16,N,15.8447,0.0,0.0,0.0,0.0,0.0,0.0,0.0,0.0,0.0,0.0,0.0,0.0,0.0,0.0,6480.35,98512.14,0.0,2026-09-19 13:45:16+00:00
09/19/2026 08:50:16,N,15.5027,0.0,0.0,0.0,0.0,0.0,0.0,0.0,0.0,0.0,0.0,0.0,0.0,0.0,0.0,6538.55,99889.98,0.0,2026-09-19 13:50:16+00:00
09/19/2026 08:55:20,N,14.9498,0.0,0.0,0.0,0.0,0.0,0.0,0.0,0.0,0.0,0.0,0.0,0.0,0.0,0.0,6477.38,101237.04,0.0,2026-09-19 13:55:20+00:00
09/19/2026 09:00:19,N,16.765,0.0,0.0,0.0,0.0,0.0,0.0,0.0,0.0,0.0,0.0,0.0,0.0,0.0,0.0,6471.75,102491.25,0.0,2026-09-19 14:00:19+00:00
09/19/2026 09:05:16,N,15.6866,0.0,0.0,0.0,0.0,0.0,0.0,0.0,0.0,0.0,0.0,0.0,0.0,0.0,0.0,6004.93,103777.27,0.0,2026-09-19 14:05:16+00:00
09/19/2026 09:10:16,N,15.1441,0.0,0.0,0.0,0.0,0.0,0.0,0.0,0.0,0.0,0.0,0.0,0.0,0.0,0.0,5683.79,104185.44,0.0,2026-09-19 14:10:16+00:00
09/19/2026 09:15:16,N,14.7648,0.0,0.0,0.0,0.0,0.0,0.0,0.0,0.0,0.0,0.0,0.0,0.0,0.0,0.0,5802.52,105503.17,0.0,2026-09-19 14:15:16+00:00
09/19/2026 09:20:17,N,14.3707,0.0,0.0,0.0,0.0,0.0,0.0,0.0,0.0,0.0,0.0,0.0,0.0,0.0,0.0,6128.68,106622.02,0.0,2026-09-19 14:20:17+00:00
09/19/2026 09:25:18,N,14.8156,0.0,0.0,0.0,0.0,0.0,0.0,0.0,0.0,0.0,0.0,0.0,0.0,0.0,0.0,6469.08,106452.1,0.0,2026-09-19 14:25:18+00:00
09/19/2026 09:30:18,N,14.0169,0.0,0.0,0.0,0.0,0.0,0.0,0.0,0.0,0.0,0.0,0.0,0.0,0.0,0.0,6772.0,107101.15,0.0,2026-09-19 14:30:18+00:00
09/19/2026 09:35:17,N,13.4984,0.0,0.0,0.0,0.0,0.0,0.0,0.0,0.0,0.0,0.0,0.0,0.0,0.0,0.0,6801.98,107886.13,0.0,2026-09-19 14:35:17+00:00
09/19/2026 09:40:16,N,13.5737,0.0,0.0,0.0,0.0,0.0,0.0,0.0,0.0,0.0,0.0,0.0,0.0,0.0,0.0,6885.2,108529.71,0.0,2026-09-19 14:40:16+00:00
09/19/2026 09:45:17,N,12.5676,0.0,0.0,0.0,0.0,0.0,0.0,0.0,0.0,0.0,0.0,0.0,0.0,0.0,0.0,7048.82,109006.12,0.0,2026-09-19 14:45:17+00:00
09/19/2026 09:50:17,N,13.4978,0.0,0.0,0.0,0.0,0.0,0.0,0.0,0.0,0.0,0.0,0.0,0.0,0.0,0.0,7142.39,109164.35,0.0,2026-09-19 14:50:17+00:00
09/19/2026 09:55:17,N,13.6718,0.0,0.0,0.0,0.0,0.0,0.0,0.0,0.0,0.0,0.0,0.0,0.0,0.0,0.0,7310.97,109314.31,0.0,2026-09-19 14:55:17+00:00
09/19/2026 10:00:20,N,12.7675,0.0,0.0,0.0,0.0,0.0,0.0,0.0,0.0,0.0,0.0,0.0,0.0,0.0,0.0,7492.09,109418.54,0.0,2026-09-19 15:00:20+00:00
09/19/2026 10:05:18,N,11.5067,0.0,0.0,0.0,0.0,0.0,0.0,0.0,0.0,0.0,0.0,0.0,0.0,0.0,0.0,7929.64,109843.05,0.0,2026-09-19 15:05:18+00:00
09/19/2026 10:10:18,N,13.6585,0.0,0.0,0.0,0.0,0.0,0.0,0.0,0.0,0.0,0.0,0.0,0.0,0.0,0.0,7915.6,109898.24,0.0,2026-09-19 15:10:18+00:00
09/19/2026 10:15:18,N,14.0014,0.0,0.0,0.0,0.0,0.0,0.0,0.0,0.0,0.0,0.0,0.0,0.0,0.0,0.0,7998.32,109884.55,0.0,2026-09-19 15:15:18+00:00
09/19/2026 10:20:17,N,13.7316,0.0,0.0,0.0,0.0,0.0,0.0,0.0,0.0,0.0,0.0,0.0,0.0,0.0,0.0,7933.86,109965.6,0.0,2026-09-19 15:20:17+00:00
09/19/2026 10:25:17,N,12.5934,0.0,0.0,0.0,0.0,0.0,0.0,0.0,0.0,0.0,0.0,0.0,0.0,0.0,0.0,8007.97,110032.62,0.0,2026-09-19 15:25:17+00:00
09/19/2026 10:30:18,N,14.3857,0.0,0.0,0.0,0.0,0.0,0.0,0.0,0.0,0.0,0.0,0.0,0.0,0.0,0.0,8161.53,109957.4,0.0,2026-09-19 15:30:18+00:00
09/19/2026 10:35:18,N,14.6149,0.0,0.0,0.0,0.0,0.0,0.0,0.0,0.0,0.0,0.0,0.0,0.0,0.0,0.0,8292.18,109972.86,0.0,2026-09-19 15:35:18+00:00
09/19/2026 10:40:18,N,15.0557,0.0,0.0,0.0,0.0,0.0,0.0,0.0,0.0,0.0,0.0,0.0,0.0,0.0,0.0,8317.62,109903.1,0.0,2026-09-19 15:40:18+00:00
09/19/2026 10:45:18,N,15.3127,0.0,0.0,0.0,0.0,0.0,0.0,0.0,0.0,0.0,0.0,0.0,0.0,0.0,0.0,8468.9,109547.58,0.0,2026-09-19 15:45:18+00:00
09/19/2026 10:50:19,N,15.6413,0.0,0.0,0.0,0.0,0.0,0.0,0.0,0.0,0.0,0.0,0.0,0.0,0.0,0.0,8595.41,109430.29,0.0,2026-09-19 15:50:19+00:00
09/19/2026 10:55:17,N,14.5218,0.0,0.0,0.0,0.0,0.0,0.0,0.0,0.0,0.0,0.0,0.0,0.0,0.0,0.0,8774.28,109232.46,0.0,2026-09-19 15:55:17+00:00
09/19/2026 11:00:22,N,14.9109,0.0,0.0,0.0,0.0,0.0,0.0,0.0,0.0,0.0,0.0,0.0,0.0,0.0,0.0,9334.45,109139.28,0.0,2026-09-19 16:00:22+00:00
09/19/2026 11:05:19,N,16.1415,0.0,0.0,0.0,0.0,0.0,0.0,0.0,0.0,0.0,0.0,0.0,0.0,0.0,0.0,9415.96,108537.64,0.0,2026-09-19 16:05:19+00:00
09/19/2026 11:10:19,N,16.9038,0.0,0.0,0.0,0.0,0.0,0.0,0.0,0.0,0.0,0.0,0.0,0.0,0.0,0.0,9473.47,108378.86,0.0,2026-09-19 16:10:19+00:00
09/19/2026 11:15:18,N,17.047,0.0,0.0,0.0,0.0,0.0,0.0,0.0,0.0,0.0,0.0,0.0,0.0,0.0,0.0,9501.02,108365.98,0.0,2026-09-19 16:15:18+00:00
09/19/2026 11:20:18,N,17.3758,0.0,0.0,0.0,0.0,0.0,0.0,0.0,0.0,0.0,0.0,0.0,0.0,0.0,0.0,9675.11,108488.59,0.0,2026-09-19 16:20:18+00:00
09/19/2026 11:25:18,N,17.7616,0.0,0.0,0.0,0.0,0.0,0.0,0.0,0.0,0.0,0.0,0.0,0.0,0.0,0.0,9783.68,108440.14,0.0,2026-09-19 16:25:18+00:00
09/19/2026 11:30:18,N,18.1254,0.0,0.0,0.0,0.0,0.0,0.0,0.0,0.0,0.0,0.0,0.0,0.0,0.0,0.0,9912.23,108601.0,0.0,2026-09-19 16:30:18+00:00
09/19/2026 11:35:19,N,18.1189,0.0,0.0,0.0,0.0,0.0,0.0,0.0,0.0,0.0,0.0,0.0,0.0,0.0,0.0,10238.31,109103.55,0.0,2026-09-19 16:35:19+00:00
09/19/2026 11:40:18,N,17.7678,0.0,0.0,0.0,0.0,0.0,0.0,0.0,0.0,0.0,0.0,0.0,0.0,0.0,0.0,11079.96,108772.92,0.0,2026-09-19 16:40:18+00:00
09/19/2026 11:45:19,N,17.9441,0.0,0.0,0.0,0.0,0.0,0.0,0.0,0.0,0.0,0.0,0.0,0.0,0.0,0.0,11203.75,108409.24,0.0,2026-09-19 16:45:19+00:00
09/19/2026 11:50:19,N,18.5511,0.0,0.0,0.0,0.0,0.0,0.0,0.0,0.0,0.0,0.0,0.0,0.0,0.0,0.0,11209.19,108182.72,0.0,2026-09-19 16:50:19+00:00
09/19/2026 11:55:17,N,17.9153,0.0,0.0,0.0,0.0,0.0,0.0,0.0,0.0,0.0,0.0,0.0,0.0,0.0,0.0,11367.63,108343.35,0.0,2026-09-19 16:55:17+00:00
09/19/2026 12:00:20,N,18.4252,0.0,0.0,0.0,0.0,0.0,0.0,0.0,0.0,0.0,0.0,0.0,0.0,0.0,0.0,11451.18,108145.98,0.0,2026-09-19 17:00:20+00:00
09/19/2026 12:05:18,N,21.096,0.0,0.0,0.0,0.0,0.0,0.0,0.0,0.0,0.0,0.0,0.0,0.0,0.0,0.0,11556.91,108274.59,0.0,2026-09-19 17:05:18+00:00
09/19/2026 12:10:18,N,21.4526,0.0,0.0,0.0,0.0,0.0,0.0,0.0,0.0,0.0,0.0,0.0,0.0,0.0,0.0,11506.96,108104.78,0.0,2026-09-19 17:10:18+00:00
09/19/2026 12:15:16,N,20.7273,0.0,0.0,0.0,0.0,0.0,0.0,0.0,0.0,0.0,0.0,0.0,0.0,0.0,0.0,11565.49,108151.81,0.0,2026-09-19 17:15:16+00:00
09/19/2026 12:20:18,N,20.6133,0.0,0.0,0.0,0.0,0.0,0.0,0.0,0.0,0.0,0.0,0.0,0.0,0.0,0.0,11704.03,108290.5,0.0,2026-09-19 17:20:18+00:00
09/19/2026 12:25:18,N,21.2339,0.0,0.0,0.0,0.0,0.0,0.0,0.0,0.0,0.0,0.0,0.0,0.0,0.0,0.0,11713.68,108107.5,0.0,2026-09-19 17:25:18+00:00
09/19/2026 12:30:18,N,26.1413,0.0,0.0,0.0,0.0,0.0,0.0,0.0,0.0,0.0,0.0,0.0,0.0,0.0,0.0,11690.69,108022.83,0.0,2026-09-19 17:30:18+00:00
09/19/2026 12:35:18,N,23.9143,0.0,0.0,0.0,0.0,0.0,0.0,0.0,0.0,0.0,0.0,0.0,0.0,0.0,0.0,11847.44,107826.38,0.0,2026-09-19 17:35:18+00:00
09/19/2026 12:40:17,N,24.2778,0.0,0.0,0.0,0.0,0.0,0.0,0.0,0.0,0.0,0.0,0.0,0.0,0.0,0.0,11748.82,107827.39,0.0,2026-09-19 17:40:17+00:00
09/19/2026 12:45:18,N,26.0965,0.0,0.0,0.0,0.0,0.0,0.0,0.0,0.0,0.0,0.0,0.0,0.0,0.0,0.0,11835.47,108214.31,0.0,2026-09-19 17:45:18+00:00
09/19/2026 12:50:18,N,24.1196,0.0,0.0,0.0,0.0,0.0,0.0,0.0,0.0,0.0,0.0,0.0,0.0,0.0,0.0,11933.49,108331.55,0.0,2026-09-19 17:50:18+00:00
09/19/2026 12:55:17,N,24.1791,0.0,0.0,0.0,0.0,0.0,0.0,0.0,0.0,0.0,0.0,0.0,0.0,0.0,0.0,11943.26,108393.5,0.0,2026-09-19 17:55:17+00:00
09/19/2026 13:00:21,N,25.0747,0.0,0.0,0.0,0.0,0.0,0.0,0.0,0.0,0.0,0.0,0.0,0.0,0.0,0.0,11951.15,108097.42,0.0,2026-09-19 18:00:21+00:00
09/19/2026 13:05:18,N,26.8466,0.0,0.0,0.0,0.0,0.0,0.0,0.0,0.0,0.0,0.0,0.0,0.0,0.0,0.0,12128.25,108225.77,0.0,2026-09-19 18:05:18+00:00
09/19/2026 13:10:18,N,27.6333,0.0,0.0,0.0,0.0,0.0,0.0,0.0,0.0,0.0,0.0,0.0,0.0,0.0,0.0,12103.12,108233.63,0.0,2026-09-19 18:10:18+00:00
09/19/2026 13:15:17,N,31.3867,0.0,0.0,0.0,0.0,0.0,0.0,0.0,0.0,0.0,0.0,0.0,0.0,0.0,0.0,12114.16,107807.06,0.0,2026-09-19 18:15:17+00:00
09/19/2026 13:20:18,N,28.6477,0.0,0.0,0.0,0.0,0.0,0.0,0.0,0.0,0.0,0.0,0.0,0.0,0.0,0.0,12191.99,108054.05,0.0,2026-09-19 18:20:18+00:00
09/19/2026 13:25:18,N,27.8152,0.0,0.0,0.0,0.0,0.0,0.0,0.0,0.0,0.0,0.0,0.0,0.0,0.0,0.0,12276.88,107990.46,0.0,2026-09-19 18:25:18+00:00
09/19/2026 13:30:18,N,28.908,0.0,0.0,0.0,0.0,0.0,0.0,0.0,0.0,0.0,0.0,0.0,0.0,0.0,0.0,12354.27,107814.26,0.0,2026-09-19 18:30:18+00:00
09/19/2026 13:35:18,N,34.2914,0.0,0.0,0.0,0.0,0.0,0.0,0.0,0.0,0.0,0.0,0.0,0.0,0.0,0.0,12337.01,107389.12,0.0,2026-09-19 18:35:18+00:00
09/19/2026 13:40:18,N,32.7968,0.0,0.0,0.0,0.0,0.0,0.0,0.0,0.0,0.0,0.0,0.0,0.0,0.0,0.0,12362.88,107723.98,0.0,2026-09-19 18:40:18+00:00
09/19/2026 13:45:18,N,27.0781,0.0,0.0,0.0,0.0,0.0,0.0,0.0,0.0,0.0,0.0,0.0,0.0,0.0,0.0,12400.49,108016.9,0.0,2026-09-19 18:45:18+00:00
09/19/2026 13:50:18,N,32.0154,0.0,0.0,0.0,0.0,0.0,0.0,0.0,0.0,0.0,0.0,0.0,0.0,0.0,0.0,12394.26,107757.46,0.0,2026-09-19 18:50:18+00:00
09/19/2026 13:55:18,N,32.9039,0.0,0.0,0.0,0.0,0.0,0.0,0.0,0.0,0.0,0.0,0.0,0.0,0.0,0.0,12386.23,109011.58,0.0,2026-09-19 18:55:18+00:00
09/19/2026 14:00:21,N,32.5159,0.0,0.0,0.0,0.0,0.0,0.0,0.0,0.0,0.0,0.0,0.0,0.0,0.0,0.0,12378.77,109038.08,0.0,2026-09-19 19:00:21+00:00
09/19/2026 14:05:20,N,30.5076,0.0,0.0,0.0,0.0,0.0,0.0,0.0,0.0,0.0,0.0,0.0,0.0,0.0,0.0,12322.42,109113.5,0.0,2026-09-19 19:05:20+00:00
09/19/2026 14:10:19,N,29.0618,0.0,0.0,0.0,0.0,0.0,0.0,0.0,0.0,0.0,0.0,0.0,0.0,0.0,0.0,12531.87,108997.76,0.0,2026-09-19 19:10:19+00:00
09/19/2026 14:15:21,N,34.4781,0.0,0.0,0.0,0.0,0.0,0.0,0.0,0.0,0.0,0.0,0.0,0.0,0.0,0.0,12390.59,108350.16,0.0,2026-09-19 19:15:21+00:00
09/19/2026 14:20:20,N,35.7477,0.0,0.0,0.0,0.0,0.0,0.0,0.0,0.0,0.0,0.0,0.0,0.0,0.0,0.0,12300.89,108355.55,0.0,2026-09-19 19:20:20+00:00
09/19/2026 14:25:19,N,35.8277,0.0,0.0,0.0,0.0,0.0,0.0,0.0,0.0,0.0,0.0,0.0,0.0,0.0,0.0,12362.39,108266.04,0.0,2026-09-19 19:25:19+00:00
09/19/2026 14:30:22,N,38.2204,0.0,0.0,0.0,0.0,0.0,0.0,0.0,0.0,0.0,0.0,0.0,0.0,0.0,0.0,12425.6,108384.91,0.0,2026-09-19 19:30:22+00:00
09/19/2026 14:35:21,N,35.3428,0.0,0.0,0.0,0.0,0.0,0.0,0.0,0.0,0.0,0.0,0.0,0.0,0.0,0.0,12512.96,108307.98,0.0,2026-09-19 19:35:21+00:00
09/19/2026 14:40:20,N,34.5998,0.0,0.0,0.0,0.0,0.0,0.0,0.0,0.0,0.0,0.0,0.0,0.0,0.0,0.0,12658.81,108416.29,0.0,2026-09-19 19:40:20+00:00
09/19/2026 14:45:20,N,28.4047,0.0,0.0,0.0,0.0,0.0,0.0,0.0,0.0,0.0,0.0,0.0,0.0,0.0,0.0,12977.3,109115.07,0.0,2026-09-19 19:45:20+00:00
09/19/2026 14:50:20,N,28.0199,0.0,0.0,0.0,0.0,0.0,0.0,0.0,0.0,0.0,0.0,0.0,0.0,0.0,0.0,13016.23,109028.44,0.0,2026-09-19 19:50:20+00:00
09/19/2026 14:55:20,N,29.9116,0.0,0.0,0.0,0.0,0.0,0.0,0.0,0.0,0.0,0.0,0.0,0.0,0.0,0.0,13042.99,108733.69,0.0,2026-09-19 19:55:20+00:00
09/19/2026 15:00:21,N,29.8255,0.0,0.0,0.0,0.0,0.0,0.0,0.0,0.0,0.0,0.0,0.0,0.0,0.0,0.0,13084.93,108901.4,0.0,2026-09-19 20:00:21+00:00
09/19/2026 15:05:21,N,39.9712,0.0,0.0,0.0,0.0,0.0,0.0,0.0,0.0,0.0,0.0,0.0,0.0,0.0,0.0,13063.7,108359.36,0.0,2026-09-19 20:05:21+00:00
09/19/2026 15:10:22,N,40.0673,0.0,0.0,0.0,0.0,0.0,0.0,0.0,0.0,0.0,0.0,0.0,0.0,0.0,0.0,12925.39,108378.98,0.0,2026-09-19 20:10:22+00:00
09/19/2026 15:15:18,N,38.2019,0.0,0.0,0.0,0.0,0.0,0.0,0.0,0.0,0.0,0.0,0.0,0.0,0.0,0.0,12918.62,108676.09,0.0,2026-09-19 20:15:18+00:00
09/19/2026 15:20:20,N,41.9039,0.0,0.0,0.0,0.0,0.0,0.0,0.0,0.0,0.0,0.0,0.0,0.0,0.0,0.0,12951.84,108252.11,0.0,2026-09-19 20:20:20+00:00
09/19/2026 15:25:20,N,49.5402,0.0,0.0,0.0,0.0,0.0,0.0,0.0,0.0,0.0,0.0,0.0,0.0,0.0,0.0,12794.49,107301.97,0.0,2026-09-19 20:25:20+00:00
09/19/2026 15:30:22,N,49.6869,0.0,0.0,0.0,0.0,0.0,0.0,0.0,0.0,0.0,0.0,0.0,0.0,0.0,0.0,12851.46,107441.48,0.0,2026-09-19 20:30:22+00:00
09/19/2026 15:35:21,N,47.7442,0.0,0.0,0.0,0.0,0.0,0.0,0.0,0.0,0.0,0.0,0.0,0.0,0.0,0.0,12985.58,107654.35,0.0,2026-09-19 20:35:21+00:00
09/19/2026 15:40:19,N,46.8972,0.0,0.0,0.0,0.0,0.0,0.0,0.0,0.0,0.0,0.0,0.0,0.0,0.0,0.0,13041.31,107444.75,0.0,2026-09-19 20:40:19+00:00
09/19/2026 15:45:19,N,55.766,0.0,0.0,0.0,0.0,0.0,0.0,0.0,0.0,0.0,0.0,0.0,0.0,0.0,0.0,13284.58,106690.15,0.0,2026-09-19 20:45:19+00:00
09/19/2026 15:50:23,N,53.2529,0.0,0.0,0.0,0.0,0.0,0.0,0.0,0.0,0.0,0.0,0.0,0.0,0.0,0.0,13268.85,106880.15,0.0,2026-09-19 20:50:23+00:00
09/19/2026 15:55:21,N,50.9819,0.0,0.0,0.0,0.0,0.0,0.0,0.0,0.0,0.0,0.0,0.0,0.0,0.0,0.0,13529.68,107289.79,0.0,2026-09-19 20:55:21+00:00
09/19/2026 16:00:24,N,57.7313,0.0,0.0,0.0,0.0,0.0,0.0,0.0,0.0,0.0,0.0,0.0,0.0,0.0,0.0,13644.23,107130.19,0.0,2026-09-19 21:00:24+00:00
09/19/2026 16:05:20,N,55.8013,0.0,0.0,0.0,0.0,0.0,0.0,0.0,0.0,0.0,0.0,0.0,0.0,0.0,0.0,13615.63,107071.11,0.0,2026-09-19 21:05:20+00:00
09/19/2026 16:10:20,N,53.7667,0.0,0.0,0.0,0.0,0.0,0.0,0.0,0.0,0.0,0.0,0.0,0.0,0.0,0.0,13916.6,107218.84,0.0,2026-09-19 21:10:20+00:00
09/19/2026 16:15:21,N,49.8093,0.0,0.0,0.0,0.0,0.0,0.0,0.0,0.0,0.0,0.0,0.0,0.0,0.0,0.0,13920.82,107369.89,0.0,2026-09-19 21:15:21+00:00
09/19/2026 16:20:20,N,58.3313,0.0,0.0,0.0,0.0,0.0,0.0,0.0,0.0,0.0,0.0,0.0,0.0,0.0,0.0,13773.2,107274.29,0.0,2026-09-19 21:20:20+00:00
09/19/2026 16:25:20,N,67.3285,0.0,0.0,0.0,0.0,0.0,0.0,0.0,0.0,0.0,0.0,0.0,0.0,0.0,0.0,13224.79,107075.65,0.0,2026-09-19 21:25:20+00:00
09/19/2026 16:30:21,N,67.0631,0.0,0.0,0.0,0.0,0.0,0.0,0.0,0.0,0.0,0.0,0.0,0.0,0.0,0.0,13372.0,107215.02,0.0,2026-09-19 21:30:21+00:00
09/19/2026 16:35:20,N,85.2714,0.0,0.0,0.0,0.0,0.0,0.0,0.0,0.0,0.0,0.0,0.0,0.0,0.0,0.0,13335.27,106840.3,0.0,2026-09-19 21:35:20+00:00
09/19/2026 16:40:20,N,80.113,0.0,0.0,0.0,0.0,0.0,0.0,0.0,0.0,0.0,0.0,0.0,0.0,0.0,0.0,13367.27,106796.55,0.0,2026-09-19 21:40:20+00:00
09/19/2026 16:45:20,N,70.8826,0.0,0.0,0.0,0.0,0.0,0.0,0.0,0.0,0.0,0.0,0.0,0.0,0.0,0.0,13727.2,106793.17,0.0,2026-09-19 21:45:20+00:00
09/19/2026 16:50:20,N,64.0242,0.0,0.0,0.0,0.0,0.0,0.0,0.0,0.0,0.0,0.0,0.0,0.0,0.0,0.0,14175.25,106916.57,0.0,2026-09-19 21:50:20+00:00
09/19/2026 16:55:19,N,65.2575,0.0,0.0,0.0,0.0,0.0,0.0,0.0,0.0,0.0,0.0,0.0,0.0,0.0,0.0,14300.86,106391.54,0.0,2026-09-19 21:55:19+00:00
09/19/2026 17:00:22,N,68.238,0.0,0.0,0.0,0.0,0.0,0.0,0.0,0.0,0.0,0.0,0.0,0.0,0.0,0.0,14263.72,106614.87,0.0,2026-09-19 22:00:22+00:00
09/19/2026 17:05:21,N,70.3203,0.0,0.0,0.0,0.0,0.0,0.0,0.0,0.0,0.0,0.0,0.0,0.0,0.0,0.0,14431.65,106438.95,0.0,2026-09-19 22:05:21+00:00
09/19/2026 17:10:21,N,75.8928,0.0,0.0,0.0,0.0,0.0,0.0,0.0,0.0,0.0,0.0,0.0,0.0,0.0,0.0,14579.64,106646.13,0.0,2026-09-19 22:10:21+00:00
09/19/2026 17:15:20,N,70.9291,0.0,0.0,0.0,0.0,0.0,0.0,0.0,0.0,0.0,0.0,0.0,0.0,0.0,0.0,14739.53,107304.09,0.0,2026-09-19 22:15:20+00:00
09/19/2026 17:20:25,N,73.5248,0.0,0.0,0.0,0.0,0.0,0.0,0.0,0.0,0.0,0.0,0.0,0.0,0.0,0.0,14832.93,107413.34,0.0,2026-09-19 22:20:25+00:00
09/19/2026 17:25:24,N,85.9108,0.0,0.0,0.0,0.0,0.0,0.0,0.0,0.0,0.0,0.0,0.0,0.0,0.0,0.0,14776.03,106742.09,0.0,2026-09-19 22:25:24+00:00
09/19/2026 17:30:20,N,68.8987,0.0,0.0,0.0,0.0,0.0,0.0,0.0,0.0,0.0,0.0,0.0,0.0,0.0,0.0,14821.16,106237.66,0.0,2026-09-19 22:30:20+00:00
09/19/2026 17:35:24,N,72.6312,0.0,0.0,0.0,0.0,0.0,0.0,0.0,0.0,0.0,0.0,0.0,0.0,0.0,0.0,14872.22,106026.42,0.0,2026-09-19 22:35:24+00:00
09/19/2026 17:40:26,N,68.5561,0.0,0.0,0.0,0.0,0.0,0.0,0.0,0.0,0.0,0.0,0.0,0.0,0.0,0.0,14655.46,105976.41,0.0,2026-09-19 22:40:26+00:00
09/19/2026 17:45:21,N,66.368,0.0,0.0,0.0,0.0,0.0,0.0,0.0,0.0,0.0,0.0,0.0,0.0,0.0,0.0,14623.2,105886.88,0.0,2026-09-19 22:45:21+00:00
09/19/2026 17:50:20,N,68.4491,0.0,0.0,0.0,0.0,0.0,0.0,0.0,0.0,0.0,0.0,0.0,0.0,0.0,0.0,15140.13,105475.4,0.0,2026-09-19 22:50:20+00:00
09/19/2026 17:55:20,N,88.0275,0.0,0.0,0.0,0.0,0.0,0.0,0.0,0.0,0.0,0.0,0.0,0.0,0.0,0.0,14968.57,104663.52,0.0,2026-09-19 22:55:20+00:00
09/19/2026 18:00:23,N,68.202,0.0,0.0,0.0,0.0,0.0,0.0,0.0,0.0,0.0,0.0,0.0,0.0,0.0,0.0,14801.21,103949.84,0.0,2026-09-19 23:00:23+00:00
09/19/2026 18:05:20,N,76.2672,0.0,0.0,0.0,0.0,0.0,0.0,0.0,0.0,0.0,0.0,0.0,0.0,0.0,0.0,14580.78,102825.26,0.0,2026-09-19 23:05:20+00:00
09/19/2026 18:10:22,N,84.2969,0.0,0.0,0.0,0.0,0.0,0.0,0.0,0.0,0.0,0.0,0.0,0.0,0.0,0.0,14277.38,101586.2,0.0,2026-09-19 23:10:22+00:00
09/19/2026 18:15:22,N,85.5968,0.0,0.0,0.0,0.0,0.0,0.0,0.0,0.0,0.0,0.0,0.0,0.0,0.0,0.0,14018.22,100653.54,0.0,2026-09-19 23:15:22+00:00
09/19/2026 18:20:23,N,91.4088,0.0,0.0,0.0,0.0,0.0,0.0,0.0,0.0,0.0,0.0,0.0,0.0,0.0,0.0,14044.93,99730.13,0.0,2026-09-19 23:20:23+00:00
09/19/2026 18:25:22,N,98.9846,0.0,0.0,0.0,0.0,0.0,0.0,0.0,0.0,0.0,0.0,0.0,0.0,0.0,0.0,13764.8,98921.1,0.0,2026-09-19 23:25:22+00:00
09/19/2026 18:30:22,N,104.5271,0.0,0.0,0.0,0.0,0.0,0.0,0.0,0.0,0.0,0.0,0.0,0.0,0.0,0.0,13804.99,97752.45,0.0,2026-09-19 23:30:22+00:00
09/19/2026 18:35:22,N,111.3524,0.0,0.0,0.0,0.0,0.0,0.0,0.0,0.0,0.0,0.0,0.0,0.0,0.0,0.0,13811.65,96392.59,0.0,2026-09-19 23:35:22+00:00
09/19/2026 18:40:22,N,111.2468,0.0,0.0,0.0,0.0,0.0,0.0,0.0,0.0,0.0,0.0,0.0,0.0,0.0,0.0,13694.77,95373.4,0.0,2026-09-19 23:40:22+00:00
09/19/2026 18:45:22,N,107.9952,0.0,0.0,0.0,0.0,0.0,0.0,0.0,0.0,0.0,0.0,0.0,0.0,0.0,0.0,13630.35,94788.52,0.0,2026-09-19 23:45:22+00:00
09/19/2026 18:50:21,N,110.5324,0.0,0.0,0.0,0.0,0.0,0.0,0.0,0.0,0.0,0.0,0.0,0.0,0.0,0.0,13896.2,94198.09,0.0,2026-09-19 23:50:21+00:00
09/19/2026 18:55:22,N,101.6955,0.0,0.0,0.0,0.0,0.0,0.0,0.0,0.0,0.0,0.0,0.0,0.0,0.0,0.0,13807.02,93286.13,0.0,2026-09-19 23:55:22+00:00
09/19/2026 19:00:24,N,89.597,0.0,0.0,0.0,0.0,0.0,0.0,0.0,0.0,0.0,0.0,0.0,0.0,0.0,0.0,13749.17,92363.81,0.0,2026-09-20 00:00:24+00:00
09/19/2026 19:05:24,N,65.746,0.0,0.0,0.0,0.0,0.0,0.0,0.0,0.0,0.0,0.0,0.0,0.0,0.0,0.0,13240.4,91599.16,0.0,2026-09-20 00:05:24+00:00
09/19/2026 19:10:23,N,61.5883,0.0,0.0,0.0,0.0,0.0,0.0,0.0,0.0,0.0,0.0,0.0,0.0,0.0,0.0,13446.25,91050.05,0.0,2026-09-20 00:10:23+00:00
09/19/2026 19:15:22,N,55.8784,0.0,0.0,0.0,0.0,0.0,0.0,0.0,0.0,0.0,0.0,0.0,0.0,0.0,0.0,13236.74,90763.44,0.0,2026-09-20 00:15:22+00:00
09/19/2026 19:20:24,N,55.4286,0.0,0.0,0.0,0.0,0.0,0.0,0.0,0.0,0.0,0.0,0.0,0.0,0.0,0.0,13221.41,90809.49,0.0,2026-09-20 00:20:24+00:00
09/19/2026 19:25:22,N,53.9505,0.0,0.0,0.0,0.0,0.0,0.0,0.0,0.0,0.0,0.0,0.0,0.0,0.0,0.0,13113.79,90893.17,0.0,2026-09-20 00:25:22+00:00
09/19/2026 19:30:25,N,52.0208,0.0,0.0,0.0,0.0,0.0,0.0,0.0,0.0,0.0,0.0,0.0,0.0,0.0,0.0,12579.82,90341.98,0.0,2026-09-20 00:30:25+00:00
09/19/2026 19:35:21,N,49.6011,0.0,0.0,0.0,0.0,0.0,0.0,0.0,0.0,0.0,0.0,0.0,0.0,0.0,0.0,12554.34,90297.22,0.0,2026-09-20 00:35:21+00:00
09/19/2026 19:40:21,N,46.5481,0.0,0.0,0.0,0.0,0.0,0.0,0.0,0.0,0.0,0.0,0.0,0.0,0.0,0.0,12500.93,90610.71,0.0,2026-09-20 00:40:21+00:00
09/19/2026 19:45:21,N,45.0116,0.0,0.0,0.0,0.0,0.0,0.0,0.0,0.0,0.0,0.0,0.0,0.0,0.0,0.0,12444.07,90923.43,0.0,2026-09-20 00:45:21+00:00
09/19/2026 19:50:21,N,43.6465,0.0,0.0,0.0,0.0,0.0,0.0,0.0,0.0,0.0,0.0,0.0,0.0,0.0,0.0,12399.52,91033.55,0.0,2026-09-20 00:50:21+00:00
09/19/2026 19:55:24,N,41.6121,0.0,0.0,0.0,0.0,0.0,0.0,0.0,0.0,0.0,0.0,0.0,0.0,0.0,0.0,11954.03,91102.95,0.0,2026-09-20 00:55:24+00:00
09/19/2026 20:00:23,N,40.3112,0.0,0.0,0.0,0.0,0.0,0.0,0.0,0.0,0.0,0.0,0.0,0.0,0.0,0.0,11930.76,91205.66,0.0,2026-09-20 01:00:23+00:00
09/19/2026 20:05:22,N,38.1846,0.0,0.0,0.0,0.0,0.0,0.0,0.0,0.0,0.0,0.0,0.0,0.0,0.0,0.0,11748.63,91407.63,0.0,2026-09-20 01:05:22+00:00
09/19/2026 20:10:22,N,38.3608,0.0,0.0,0.0,0.0,0.0,0.0,0.0,0.0,0.0,0.0,0.0,0.0,0.0,0.0,12160.84,91416.73,0.0,2026-09-20 01:10:22+00:00
09/19/2026 20:15:21,N,38.1516,0.0,0.0,0.0,0.0,0.0,0.0,0.0,0.0,0.0,0.0,0.0,0.0,0.0,0.0,11986.52,91320.91,0.0,2026-09-20 01:15:21+00:00
09/19/2026 20:20:21,N,38.2779,0.0,0.0,0.0,0.0,0.0,0.0,0.0,0.0,0.0,0.0,0.0,0.0,0.0,0.0,11868.79,90812.47,0.0,2026-09-20 01:20:21+00:00
09/19/2026 20:25:21,N,38.9697,0.0,0.0,0.0,0.0,0.0,0.0,0.0,0.0,0.0,0.0,0.0,0.0,0.0,0.0,11660.01,90662.22,0.0,2026-09-20 01:25:21+00:00
09/19/2026 20:30:21,N,38.8091,0.0,0.0,0.0,0.0,0.0,0.0,0.0,0.0,0.0,0.0,0.0,0.0,0.0,0.0,11865.65,90479.93,0.0,2026-09-20 01:30:21+00:00
09/19/2026 20:35:21,N,37.3074,0.0,0.0,0.0,0.0,0.0,0.0,0.0,0.0,0.0,0.0,0.0,0.0,0.0,0.0,11812.1,90558.18,0.0,2026-09-20 01:35:21+00:00
09/19/2026 20:40:21,N,39.188,0.0,0.0,0.0,0.0,0.0,0.0,0.0,0.0,0.0,0.0,0.0,0.0,0.0,0.0,11668.95,90542.49,0.0,2026-09-20 01:40:21+00:00
09/19/2026 20:45:21,N,41.266,0.0,0.0,0.0,0.0,0.0,0.0,0.0,0.0,0.0,0.0,0.0,0.0,0.0,0.0,11692.36,90425.8,0.0,2026-09-20 01:45:21+00:00
09/19/2026 20:50:21,N,41.9886,0.0,0.0,0.0,0.0,0.0,0.0,0.0,0.0,0.0,0.0,0.0,0.0,0.0,0.0,11355.52,90557.17,0.0,2026-09-20 01:50:21+00:00
09/19/2026 20:55:21,N,43.3352,0.0,0.0,0.0,0.0,0.0,0.0,0.0,0.0,0.0,0.0,0.0,0.0,0.0,0.0,11238.18,90480.16,0.0,2026-09-20 01:55:21+00:00
09/19/2026 21:00:23,N,42.8531,0.0,0.0,0.0,0.0,0.0,0.0,0.0,0.0,0.0,0.0,0.0,0.0,0.0,0.0,11297.08,90737.11,0.0,2026-09-20 02:00:23+00:00
09/19/2026 21:05:20,N,46.2737,0.0,0.0,0.0,0.0,0.0,0.0,0.0,0.0,0.0,0.0,0.0,0.0,0.0,0.0,11585.05,90682.45,0.0,2026-09-20 02:05:20+00:00
09/19/2026 21:10:20,N,41.9975,0.0,0.0,0.0,0.0,0.0,0.0,0.0,0.0,0.0,0.0,0.0,0.0,0.0,0.0,11596.48,90784.85,0.0,2026-09-20 02:10:20+00:00
09/19/2026 21:15:21,N,41.0076,0.0,0.0,0.0,0.0,0.0,0.0,0.0,0.0,0.0,0.0,0.0,0.0,0.0,0.0,11556.74,90901.38,0.0,2026-09-20 02:15:21+00:00
09/19/2026 21:20:19,N,38.3658,0.0,0.0,0.0,0.0,0.0,0.0,0.0,0.0,0.0,0.0,0.0,0.0,0.0,0.0,11792.07,90766.46,0.0,2026-09-20 02:20:19+00:00
09/19/2026 21:25:20,N,36.6736,0.0,0.0,0.0,0.0,0.0,0.0,0.0,0.0,0.0,0.0,0.0,0.0,0.0,0.0,11776.76,91001.11,0.0,2026-09-20 02:25:20+00:00
09/19/2026 21:30:20,N,36.2815,0.0,0.0,0.0,0.0,0.0,0.0,0.0,0.0,0.0,0.0,0.0,0.0,0.0,0.0,11739.67,90950.5,0.0,2026-09-20 02:30:20+00:00
09/19/2026 21:35:19,N,35.8736,0.0,0.0,0.0,0.0,0.0,0.0,0.0,0.0,0.0,0.0,0.0,0.0,0.0,0.0,11707.35,90918.07,0.0,2026-09-20 02:35:19+00:00
09/19/2026 21:40:20,N,35.4703,0.0,0.0,0.0,0.0,0.0,0.0,0.0,0.0,0.0,0.0,0.0,0.0,0.0,0.0,11424.87,90941.45,0.0,2026-09-20 02:40:20+00:00
09/19/2026 21:45:19,N,35.0883,0.0,0.0,0.0,0.0,0.0,0.0,0.0,0.0,0.0,0.0,0.0,0.0,0.0,0.0,11370.58,91305.53,0.0,2026-09-20 02:45:19+00:00
09/19/2026 21:50:20,N,35.0165,0.0,0.0,0.0,0.0,0.0,0.0,0.0,0.0,0.0,0.0,0.0,0.0,0.0,0.0,10914.8,91374.55,0.0,2026-09-20 02:50:20+00:00
09/19/2026 21:55:20,N,35.3418,0.0,0.0,0.0,0.0,0.0,0.0,0.0,0.0,0.0,0.0,0.0,0.0,0.0,0.0,10672.08,91260.97,0.0,2026-09-20 02:55:20+00:00
09/19/2026 22:00:21,N,39.8283,0.0,0.0,0.0,0.0,0.0,0.0,0.0,0.0,0.0,0.0,0.0,0.0,0.0,0.0,10228.69,90849.71,0.0,2026-09-20 03:00:21+00:00
09/19/2026 22:05:20,N,37.5249,0.0,0.0,0.0,0.0,0.0,0.0,0.0,0.0,0.0,0.0,0.0,0.0,0.0,0.0,10108.46,90338.86,0.0,2026-09-20 03:05:20+00:00
09/19/2026 22:10:19,N,36.4285,0.0,0.0,0.0,0.0,0.0,0.0,0.0,0.0,0.0,0.0,0.0,0.0,0.0,0.0,9846.88,90343.58,0.0,2026-09-20 03:10:19+00:00
09/19/2026 22:15:20,N,34.2829,0.0,0.0,0.0,0.0,0.0,0.0,0.0,0.0,0.0,0.0,0.0,0.0,0.0,0.0,9721.65,89885.47,0.0,2026-09-20 03:15:20+00:00
09/19/2026 22:20:19,N,36.6141,0.0,0.0,0.0,0.0,0.0,0.0,0.0,0.0,0.0,0.0,0.0,0.0,0.0,0.0,9635.42,89792.12,0.0,2026-09-20 03:20:19+00:00
09/19/2026 22:25:19,N,33.6696,0.0,0.0,0.0,0.0,0.0,0.0,0.0,0.0,0.0,0.0,0.0,0.0,0.0,0.0,9633.4,89716.73,0.0,2026-09-20 03:25:19+00:00
09/19/2026 22:30:19,N,33.1343,0.0,0.0,0.0,0.0,0.0,0.0,0.0,0.0,0.0,0.0,0.0,0.0,0.0,0.0,9570.42,89743.6,0.0,2026-09-20 03:30:19+00:00
09/19/2026 22:35:20,N,34.9846,0.0,0.0,0.0,0.0,0.0,0.0,0.0,0.0,0.0,0.0,0.0,0.0,0.0,0.0,9286.57,88867.74,0.0,2026-09-20 03:35:20+00:00
09/19/2026 22:40:19,N,33.1475,0.0,0.0,0.0,0.0,0.0,0.0,0.0,0.0,0.0,0.0,0.0,0.0,0.0,0.0,9302.49,88849.23,0.0,2026-09-20 03:40:19+00:00
09/19/2026 22:45:20,N,34.6226,0.0,0.0,0.0,0.0,0.0,0.0,0.0,0.0,0.0,0.0,0.0,0.0,0.0,0.0,9076.5,88662.49,0.0,2026-09-20 03:45:20+00:00
09/19/2026 22:50:19,N,34.0375,0.0,0.0,0.0,0.0,0.0,0.0,0.0,0.0,0.0,0.0,0.0,0.0,0.0,0.0,9085.5,88397.77,0.0,2026-09-20 03:50:19+00:00
09/19/2026 22:55:19,N,35.6953,0.0,0.0,0.0,0.0,0.0,0.0,0.0,0.0,0.0,0.0,0.0,0.0,0.0,0.0,9170.32,88131.41,0.0,2026-09-20 03:55:19+00:00
09/19/2026 23:00:22,N,35.2712,0.0,0.0,0.0,0.0,0.0,0.0,0.0,0.0,0.0,0.0,0.0,0.0,0.0,0.0,9154.95,87830.69,0.0,2026-09-20 04:00:22+00:00
09/19/2026 23:05:19,N,35.3667,0.0,0.0,0.0,0.0,0.0,0.0,0.0,0.0,0.0,0.0,0.0,0.0,0.0,0.0,9113.87,87432.29,0.0,2026-09-20 04:05:19+00:00
09/19/2026 23:10:20,N,36.8405,0.0,0.0,0.0,0.0,0.0,0.0,0.0,0.0,0.0,0.0,0.0,0.0,0.0,0.0,9075.33,87107.44,0.0,2026-09-20 04:10:20+00:00
09/19/2026 23:15:19,N,35.3591,0.0,0.0,0.0,0.0,0.0,0.0,0.0,0.0,0.0,0.0,0.0,0.0,0.0,0.0,9067.71,86867.05,0.0,2026-09-20 04:15:19+00:00
09/19/2026 23:20:18,N,35.42,0.0,0.0,0.0,0.0,0.0,0.0,0.0,0.0,0.0,0.0,0.0,0.0,0.0,0.0,9073.87,86686.98,0.0,2026-09-20 04:20:18+00:00
09/19/2026 23:25:18,N,35.37,0.0,0.0,0.0,0.0,0.0,0.0,0.0,0.0,0.0,0.0,0.0,0.0,0.0,0.0,9071.29,86494.83,0.0,2026-09-20 04:25:18+00:00
09/19/2026 23:30:19,N,33.9948,0.0,0.0,0.0,0.0,0.0,0.0,0.0,0.0,0.0,0.0,0.0,0.0,0.0,0.0,8726.92,86339.73,0.0,2026-09-20 04:30:19+00:00
09/19/2026 23:35:18,N,31.2482,0.0,0.0,0.0,0.0,0.0,0.0,0.0,0.0,0.0,0.0,0.0,0.0,0.0,0.0,8715.93,86157.33,0.0,2026-09-20 04:35:18+00:00
09/19/2026 23:40:18,N,31.3227,0.0,0.0,0.0,0.0,0.0,0.0,0.0,0.0,0.0,0.0,0.0,0.0,0.0,0.0,8428.47,86197.02,0.0,2026-09-20 04:40:18+00:00
09/19/2026 23:45:19,N,31.2526,0.0,0.0,0.0,0.0,0.0,0.0,0.0,0.0,0.0,0.0,0.0,0.0,0.0,0.0,8257.19,85911.19,0.0,2026-09-20 04:45:19+00:00
09/19/2026 23:50:18,N,31.0693,0.0,0.0,0.0,0.0,0.0,0.0,0.0,0.0,0.0,0.0,0.0,0.0,0.0,0.0,8186.61,85548.93,0.0,2026-09-20 04:50:18+00:00
09/19/2026 23:55:18,N,30.7125,0.0,0.0,0.0,0.0,0.0,0.0,0.0,0.0,0.0,0.0,0.0,0.0,0.0,0.0,8239.06,85432.2,0.0,2026-09-20 04:55:18+00:00
09/20/2026 00:00:20,N,33.2356,0.0,0.0,0.0,0.0,0.0,0.0,0.0,0.0,0.0,0.0,0.0,0.0,0.0,0.0,7910.97,85224.48,0.0,2026-09-20 05:00:20+00:00
09/20/2026 00:05:18,N,34.6476,0.0,0.0,0.0,0.0,0.0,0.0,0.0,0.0,0.0,0.0,0.0,0.0,0.0,0.0,7637.31,85433.77,0.0,2026-09-20 05:05:18+00:00
09/20/2026 00:10:18,N,31.9394,0.0,0.0,0.0,0.0,0.0,0.0,0.0,0.0,0.0,0.0,0.0,0.0,0.0,0.0,7609.57,85594.77,0.0,2026-09-20 05:10:18+00:00
09/20/2026 00:15:18,N,33.9757,0.0,0.0,0.0,0.0,0.0,0.0,0.0,0.0,0.0,0.0,0.0,0.0,0.0,0.0,7406.52,85394.68,0.0,2026-09-20 05:15:18+00:00
09/20/2026 00:20:18,N,34.6575,0.0,0.0,0.0,0.0,0.0,0.0,0.0,0.0,0.0,0.0,0.0,0.0,0.0,0.0,7404.75,85360.89,0.0,2026-09-20 05:20:18+00:00
09/20/2026 00:25:20,N,30.079,0.0,0.0,0.0,0.0,0.0,0.0,0.0,0.0,0.0,0.0,0.0,0.0,0.0,0.0,7407.04,85452.02,0.0,2026-09-20 05:25:20+00:00
09/20/2026 00:30:18,N,28.6368,0.0,0.0,0.0,0.0,0.0,0.0,0.0,0.0,0.0,0.0,0.0,0.0,0.0,0.0,7448.81,85358.81,0.0,2026-09-20 05:30:18+00:00
09/20/2026 00:35:19,N,28.7218,0.0,0.0,0.0,0.0,0.0,0.0,0.0,0.0,0.0,0.0,0.0,0.0,0.0,0.0,7447.79,85361.71,0.0,2026-09-20 05:35:19+00:00
09/20/2026 00:40:19,N,29.7563,0.0,0.0,0.0,0.0,0.0,0.0,0.0,0.0,0.0,0.0,0.0,0.0,0.0,0.0,7361.82,85214.2,0.0,2026-09-20 05:40:19+00:00
09/20/2026 00:45:19,N,30.4638,0.0,0.0,0.0,0.0,0.0,0.0,0.0,0.0,0.0,0.0,0.0,0.0,0.0,0.0,7299.07,85003.91,0.0,2026-09-20 05:45:19+00:00
09/20/2026 00:50:18,N,30.3505,0.0,0.0,0.0,0.0,0.0,0.0,0.0,0.0,0.0,0.0,0.0,0.0,0.0,0.0,7307.61,84796.21,0.0,2026-09-20 05:50:18+00:00
09/20/2026 00:55:19,N,29.639,0.0,0.0,0.0,0.0,0.0,0.0,0.0,0.0,0.0,0.0,0.0,0.0,0.0,0.0,7294.13,84593.3,0.0,2026-09-20 05:55:19+00:00
09/20/2026 01:00:23,N,29.0494,0.0,0.0,0.0,0.0,0.0,0.0,0.0,0.0,0.0,0.0,0.0,0.0,0.0,0.0,7147.55,84750.45,0.0,2026-09-20 06:00:23+00:00
09/20/2026 01:05:18,N,30.227,0.0,0.0,0.0,0.0,0.0,0.0,0.0,0.0,0.0,0.0,0.0,0.0,0.0,0.0,7150.26,84420.09,0.0,2026-09-20 06:05:18+00:00
09/20/2026 01:10:18,N,30.2611,0.0,0.0,0.0,0.0,0.0,0.0,0.0,0.0,0.0,0.0,0.0,0.0,0.0,0.0,7200.4,83906.84,0.0,2026-09-20 06:10:18+00:00
09/20/2026 01:15:18,N,30.2524,0.0,0.0,0.0,0.0,0.0,0.0,0.0,0.0,0.0,0.0,0.0,0.0,0.0,0.0,7152.44,83826.74,0.0,2026-09-20 06:15:18+00:00
09/20/2026 01:20:18,N,29.0205,0.0,0.0,0.0,0.0,0.0,0.0,0.0,0.0,0.0,0.0,0.0,0.0,0.0,0.0,7149.33,83764.01,0.0,2026-09-20 06:20:18+00:00
09/20/2026 01:25:18,N,28.5962,0.0,0.0,0.0,0.0,0.0,0.0,0.0,0.0,0.0,0.0,0.0,0.0,0.0,0.0,7159.97,83721.86,0.0,2026-09-20 06:25:18+00:00
09/20/2026 01:30:19,N,28.6947,0.0,0.0,0.0,0.0,0.0,0.0,0.0,0.0,0.0,0.0,0.0,0.0,0.0,0.0,7306.51,83436.72,0.0,2026-09-20 06:30:19+00:00
09/20/2026 01:35:17,N,29.2632,0.0,0.0,0.0,0.0,0.0,0.0,0.0,0.0,0.0,0.0,0.0,0.0,0.0,0.0,7283.88,83256.27,0.0,2026-09-20 06:35:17+00:00
09/20/2026 01:40:18,N,30.1297,0.0,0.0,0.0,0.0,0.0,0.0,0.0,0.0,0.0,0.0,0.0,0.0,0.0,0.0,7120.71,82894.42,0.0,2026-09-20 06:40:18+00:00
09/20/2026 01:45:18,N,32.1517,0.0,0.0,0.0,0.0,0.0,0.0,0.0,0.0,0.0,0.0,0.0,0.0,0.0,0.0,7108.34,82471.61,0.0,2026-09-20 06:45:18+00:00
09/20/2026 01:50:19,N,31.3463,0.0,0.0,0.0,0.0,0.0,0.0,0.0,0.0,0.0,0.0,0.0,0.0,0.0,0.0,7162.95,82359.05,0.0,2026-09-20 06:50:19+00:00
09/20/2026 01:55:18,N,31.3677,0.0,0.0,0.0,0.0,0.0,0.0,0.0,0.0,0.0,0.0,0.0,0.0,0.0,0.0,7097.26,82150.45,0.0,2026-09-20 06:55:18+00:00
09/20/2026 02:00:21,N,31.9315,0.0,0.0,0.0,0.0,0.0,0.0,0.0,0.0,0.0,0.0,0.0,0.0,0.0,0.0,7170.8,81909.88,0.0,2026-09-20 07:00:21+00:00
09/20/2026 02:05:19,N,31.8991,0.0,0.0,0.0,0.0,0.0,0.0,0.0,0.0,0.0,0.0,0.0,0.0,0.0,0.0,7209.94,81756.77,0.0,2026-09-20 07:05:19+00:00
09/20/2026 02:10:19,N,32.0275,0.0,0.0,0.0,0.0,0.0,0.0,0.0,0.0,0.0,0.0,0.0,0.0,0.0,0.0,7168.84,81551.78,0.0,2026-09-20 07:10:19+00:00
09/20/2026 02:15:18,N,32.9181,0.0,0.0,0.0,0.0,0.0,0.0,0.0,0.0,0.0,0.0,0.0,0.0,0.0,0.0,7178.68,81624.49,0.0,2026-09-20 07:15:18+00:00
09/20/2026 02:20:18,N,34.487,0.0,0.0,0.0,0.0,0.0,0.0,0.0,0.0,0.0,0.0,0.0,0.0,0.0,0.0,7180.36,81326.66,0.0,2026-09-20 07:20:18+00:00
09/20/2026 02:25:18,N,34.187,0.0,0.0,0.0,0.0,0.0,0.0,0.0,0.0,0.0,0.0,0.0,0.0,0.0,0.0,7242.87,81073.54,0.0,2026-09-20 07:25:18+00:00
09/20/2026 02:30:21,N,34.5404,0.0,0.0,0.0,0.0,0.0,0.0,0.0,0.0,0.0,0.0,0.0,0.0,0.0,0.0,7195.55,80857.44,0.0,2026-09-20 07:30:21+00:00
09/20/2026 02:35:18,N,37.3925,0.0,0.0,0.0,0.0,0.0,0.0,0.0,0.0,0.0,0.0,0.0,0.0,0.0,0.0,7204.63,80827.06,0.0,2026-09-20 07:35:18+00:00
09/20/2026 02:40:19,N,36.8752,0.0,0.0,0.0,0.0,0.0,0.0,0.0,0.0,0.0,0.0,0.0,0.0,0.0,0.0,7200.88,80872.32,0.0,2026-09-20 07:40:19+00:00
09/20/2026 02:45:18,N,35.5599,0.0,0.0,0.0,0.0,0.0,0.0,0.0,0.0,0.0,0.0,0.0,0.0,0.0,0.0,7567.98,80714.18,0.0,2026-09-20 07:45:18+00:00
09/20/2026 02:50:18,N,36.5569,0.0,0.0,0.0,0.0,0.0,0.0,0.0,0.0,0.0,0.0,0.0,0.0,0.0,0.0,7587.21,80476.26,0.0,2026-09-20 07:50:18+00:00
09/20/2026 02:55:19,N,37.2221,0.0,0.0,0.0,0.0,0.0,0.0,0.0,0.0,0.0,0.0,0.0,0.0,0.0,0.0,7621.81,80389.72,0.0,2026-09-20 07:55:19+00:00
09/20/2026 03:00:20,N,37.5593,0.0,0.0,0.0,0.0,0.0,0.0,0.0,0.0,0.0,0.0,0.0,0.0,0.0,0.0,7596.92,80254.33,0.0,2026-09-20 08:00:20+00:00
09/20/2026 03:05:17,N,35.8564,0.0,0.0,0.0,0.0,0.0,0.0,0.0,0.0,0.0,0.0,0.0,0.0,0.0,0.0,7621.74,80342.66,0.0,2026-09-20 08:05:17+00:00
09/20/2026 03:10:17,N,29.9201,0.0,0.0,0.0,0.0,0.0,0.0,0.0,0.0,0.0,0.0,0.0,0.0,0.0,0.0,7628.31,80473.63,0.0,2026-09-20 08:10:17+00:00
09/20/2026 03:15:17,N,30.634,0.0,0.0,0.0,0.0,0.0,0.0,0.0,0.0,0.0,0.0,0.0,0.0,0.0,0.0,7697.53,80557.6,0.0,2026-09-20 08:15:17+00:00
09/20/2026 03:20:18,N,30.8483,0.0,0.0,0.0,0.0,0.0,0.0,0.0,0.0,0.0,0.0,0.0,0.0,0.0,0.0,7617.85,80540.82,0.0,2026-09-20 08:20:18+00:00
09/20/2026 03:25:17,N,31.1367,0.0,0.0,0.0,0.0,0.0,0.0,0.0,0.0,0.0,0.0,0.0,0.0,0.0,0.0,7665.75,80486.41,0.0,2026-09-20 08:25:17+00:00
09/20/2026 03:30:18,N,38.8249,0.0,0.0,0.0,0.0,0.0,0.0,0.0,0.0,0.0,0.0,0.0,0.0,0.0,0.0,7211.9,80579.61,0.0,2026-09-20 08:30:18+00:00
09/20/2026 03:35:17,N,35.1558,0.0,0.0,0.0,0.0,0.0,0.0,0.0,0.0,0.0,0.0,0.0,0.0,0.0,0.0,7339.53,80387.48,0.0,2026-09-20 08:35:17+00:00
09/20/2026 03:40:17,N,37.556,0.0,0.0,0.0,0.0,0.0,0.0,0.0,0.0,0.0,0.0,0.0,0.0,0.0,0.0,7345.44,80185.55,0.0,2026-09-20 08:40:17+00:00
09/20/2026 03:45:21,N,33.4167,0.0,0.0,0.0,0.0,0.0,0.0,0.0,0.0,0.0,0.0,0.0,0.0,0.0,0.0,7309.25,80340.29,0.0,2026-09-20 08:45:21+00:00
09/20/2026 03:50:19,N,32.2724,0.0,0.0,0.0,0.0,0.0,0.0,0.0,0.0,0.0,0.0,0.0,0.0,0.0,0.0,7346.11,80378.59,0.0,2026-09-20 08:50:19+00:00
09/20/2026 03:55:18,N,31.5181,0.0,0.0,0.0,0.0,0.0,0.0,0.0,0.0,0.0,0.0,0.0,0.0,0.0,0.0,7349.95,80276.53,0.0,2026-09-20 08:55:18+00:00
09/20/2026 04:00:23,N,31.9544,0.0,0.0,0.0,0.0,0.0,0.0,0.0,0.0,0.0,0.0,0.0,0.0,0.0,0.0,7407.93,80175.47,0.0,2026-09-20 09:00:23+00:00
09/20/2026 04:05:18,N,32.256,0.0,0.0,0.0,0.0,0.0,0.0,0.0,0.0,0.0,0.0,0.0,0.0,0.0,0.0,7354.49,79995.85,0.0,2026-09-20 09:05:18+00:00
09/20/2026 04:10:17,N,31.0937,0.0,0.0,0.0,0.0,0.0,0.0,0.0,0.0,0.0,0.0,0.0,0.0,0.0,0.0,7354.98,79834.3,0.0,2026-09-20 09:10:17+00:00
09/20/2026 04:15:17,N,35.5782,0.0,0.0,0.0,0.0,0.0,0.0,0.0,0.0,0.0,0.0,0.0,0.0,0.0,0.0,7398.22,79515.92,0.0,2026-09-20 09:15:17+00:00
09/20/2026 04:20:17,N,34.875,0.0,0.0,0.0,0.0,0.0,0.0,0.0,0.0,0.0,0.0,0.0,0.0,0.0,0.0,7368.27,79297.89,0.0,2026-09-20 09:20:17+00:00
09/20/2026 04:25:17,N,32.8804,0.0,0.0,0.0,0.0,0.0,0.0,0.0,0.0,0.0,0.0,0.0,0.0,0.0,0.0,7360.64,79161.14,0.0,2026-09-20 09:25:17+00:00
09/20/2026 04:30:17,N,32.6791,0.0,0.0,0.0,0.0,0.0,0.0,0.0,0.0,0.0,0.0,0.0,0.0,0.0,0.0,7365.42,79199.22,0.0,2026-09-20 09:30:17+00:00
09/20/2026 04:35:17,N,31.5153,0.0,0.0,0.0,0.0,0.0,0.0,0.0,0.0,0.0,0.0,0.0,0.0,0.0,0.0,7403.87,79228.98,0.0,2026-09-20 09:35:17+00:00
09/20/2026 04:40:17,N,31.9033,0.0,0.0,0.0,0.0,0.0,0.0,0.0,0.0,0.0,0.0,0.0,0.0,0.0,0.0,7415.38,79165.19,0.0,2026-09-20 09:40:17+00:00
09/20/2026 04:45:17,N,33.988,0.0,0.0,0.0,0.0,0.0,0.0,0.0,0.0,0.0,0.0,0.0,0.0,0.0,0.0,7441.02,79051.27,0.0,2026-09-20 09:45:17+00:00
09/20/2026 04:50:18,N,39.3101,0.0,0.0,0.0,0.0,0.0,0.0,0.0,0.0,0.0,0.0,0.0,0.0,0.0,0.0,7422.13,78819.76,0.0,2026-09-20 09:50:18+00:00
09/20/2026 04:55:18,N,36.6475,0.0,0.0,0.0,0.0,0.0,0.0,0.0,0.0,0.0,0.0,0.0,0.0,0.0,0.0,7408.03,78743.44,0.0,2026-09-20 09:55:18+00:00
09/20/2026 05:00:20,N,29.3488,0.0,0.0,0.0,0.0,0.0,0.0,0.0,0.0,0.0,0.0,0.0,0.0,0.0,0.0,7357.09,78875.62,0.0,2026-09-20 10:00:20+00:00
09/20/2026 05:05:17,N,29.827,0.0,0.0,0.0,0.0,0.0,0.0,0.0,0.0,0.0,0.0,0.0,0.0,0.0,0.0,7381.1,78845.02,0.0,2026-09-20 10:05:17+00:00
09/20/2026 05:10:17,N,34.3121,0.0,0.0,0.0,0.0,0.0,0.0,0.0,0.0,0.0,0.0,0.0,0.0,0.0,0.0,7347.99,78704.53,0.0,2026-09-20 10:10:17+00:00
09/20/2026 05:15:17,N,36.0593,0.0,0.0,0.0,0.0,0.0,0.0,0.0,0.0,0.0,0.0,0.0,0.0,0.0,0.0,7362.05,78509.93,0.0,2026-09-20 10:15:17+00:00
09/20/2026 05:20:17,N,36.8367,0.0,0.0,0.0,0.0,0.0,0.0,0.0,0.0,0.0,0.0,0.0,0.0,0.0,0.0,7351.39,78397.82,0.0,2026-09-20 10:20:17+00:00
09/20/2026 05:25:17,N,39.1825,0.0,0.0,0.0,0.0,0.0,0.0,0.0,0.0,0.0,0.0,0.0,0.0,0.0,0.0,7336.29,78421.15,0.0,2026-09-20 10:25:17+00:00
09/20/2026 05:30:20,N,37.8215,0.0,0.0,0.0,0.0,0.0,0.0,0.0,0.0,0.0,0.0,0.0,0.0,0.0,0.0,7313.99,78494.95,0.0,2026-09-20 10:30:20+00:00
09/20/2026 05:35:17,N,36.2194,0.0,0.0,0.0,0.0,0.0,0.0,0.0,0.0,0.0,0.0,0.0,0.0,0.0,0.0,7319.91,78789.8,0.0,2026-09-20 10:35:17+00:00
09/20/2026 05:40:18,N,30.5275,0.0,0.0,0.0,0.0,0.0,0.0,0.0,0.0,0.0,0.0,0.0,0.0,0.0,0.0,7398.73,79190.23,0.0,2026-09-20 10:40:18+00:00
09/20/2026 05:45:17,N,31.3203,0.0,0.0,0.0,0.0,0.0,0.0,0.0,0.0,0.0,0.0,0.0,0.0,0.0,0.0,7402.36,79351.17,0.0,2026-09-20 10:45:17+00:00
09/20/2026 05:50:17,N,30.0271,0.0,0.0,0.0,0.0,0.0,0.0,0.0,0.0,0.0,0.0,0.0,0.0,0.0,0.0,7442.72,79408.48,0.0,2026-09-20 10:50:17+00:00
09/20/2026 05:55:17,N,31.5142,0.0,0.0,0.0,0.0,0.0,0.0,0.0,0.0,0.0,0.0,0.0,0.0,0.0,0.0,7409.02,79474.98,0.0,2026-09-20 10:55:17+00:00
09/20/2026 06:00:21,N,28.5926,0.0,0.0,0.0,0.0,0.0,0.0,0.0,0.0,0.0,0.0,0.0,0.0,0.0,0.0,7389.16,79621.14,0.0,2026-09-20 11:00:21+00:00
09/20/2026 06:05:17,N,29.7161,0.0,0.0,0.0,0.0,0.0,0.0,0.0,0.0,0.0,0.0,0.0,0.0,0.0,0.0,7370.56,79697.72,0.0,2026-09-20 11:05:17+00:00
09/20/2026 06:10:18,N,29.6996,0.0,0.0,0.0,0.0,0.0,0.0,0.0,0.0,0.0,0.0,0.0,0.0,0.0,0.0,7393.56,79663.71,0.0,2026-09-20 11:10:18+00:00
09/20/2026 06:15:20,N,28.7297,0.0,0.0,0.0,0.0,0.0,0.0,0.0,0.0,0.0,0.0,0.0,0.0,0.0,0.0,7432.29,79569.8,0.0,2026-09-20 11:15:20+00:00
09/20/2026 06:20:18,N,29.0309,0.0,0.0,0.0,0.0,0.0,0.0,0.0,0.0,0.0,0.0,0.0,0.0,0.0,0.0,7506.56,79497.09,0.0,2026-09-20 11:20:18+00:00
09/20/2026 06:25:17,N,30.4913,0.0,0.0,0.0,0.0,0.0,0.0,0.0,0.0,0.0,0.0,0.0,0.0,0.0,0.0,7496.03,79429.88,0.0,2026-09-20 11:25:17+00:00
09/20/2026 06:30:17,N,28.4761,0.0,0.0,0.0,0.0,0.0,0.0,0.0,0.0,0.0,0.0,0.0,0.0,0.0,0.0,7549.16,79567.21,0.0,2026-09-20 11:30:17+00:00
09/20/2026 06:35:17,N,28.9732,0.0,0.0,0.0,0.0,0.0,0.0,0.0,0.0,0.0,0.0,0.0,0.0,0.0,0.0,7511.04,79757.05,0.0,2026-09-20 11:35:17+00:00
09/20/2026 06:40:17,N,28.3692,0.0,0.0,0.0,0.0,0.0,0.0,0.0,0.0,0.0,0.0,0.0,0.0,0.0,0.0,7509.94,80003.26,0.0,2026-09-20 11:40:17+00:00
09/20/2026 06:45:17,N,27.926,0.0,0.0,0.0,0.0,0.0,0.0,0.0,0.0,0.0,0.0,0.0,0.0,0.0,0.0,7660.94,80165.98,0.0,2026-09-20 11:45:17+00:00
09/20/2026 06:50:17,N,26.7637,0.0,0.0,0.0,0.0,0.0,0.0,0.0,0.0,0.0,0.0,0.0,0.0,0.0,0.0,7611.24,80271.6,0.0,2026-09-20 11:50:17+00:00
09/20/2026 06:55:17,N,26.8826,0.0,0.0,0.0,0.0,0.0,0.0,0.0,0.0,0.0,0.0,0.0,0.0,0.0,0.0,7534.65,80336.09,0.0,2026-09-20 11:55:17+00:00
09/20/2026 07:00:22,N,30.1819,0.0,0.0,0.0,0.0,0.0,0.0,0.0,0.0,0.0,0.0,0.0,0.0,0.0,0.0,7657.33,79760.3,0.0,2026-09-20 12:00:22+00:00
09/20/2026 07:05:20,N,30.5937,0.0,0.0,0.0,0.0,0.0,0.0,0.0,0.0,0.0,0.0,0.0,0.0,0.0,0.0,7535.93,79460.43,0.0,2026-09-20 12:05:20+00:00
09/20/2026 07:10:19,N,31.0031,0.0,0.0,0.0,0.0,0.0,0.0,0.0,0.0,0.0,0.0,0.0,0.0,0.0,0.0,7538.5,79213.46,0.0,2026-09-20 12:10:19+00:00
09/20/2026 07:15:18,N,32.2589,0.0,0.0,0.0,0.0,0.0,0.0,0.0,0.0,0.0,0.0,0.0,0.0,0.0,0.0,7637.39,79034.16,0.0,2026-09-20 12:15:18+00:00
09/20/2026 07:20:17,N,31.1574,0.0,0.0,0.0,0.0,0.0,0.0,0.0,0.0,0.0,0.0,0.0,0.0,0.0,0.0,7530.71,78989.53,0.0,2026-09-20 12:20:17+00:00
09/20/2026 07:25:17,N,31.8667,0.0,0.0,0.0,0.0,0.0,0.0,0.0,0.0,0.0,0.0,0.0,0.0,0.0,0.0,7523.76,78983.23,0.0,2026-09-20 12:25:17+00:00
09/20/2026 07:30:17,N,33.5371,0.0,0.0,0.0,0.0,0.0,0.0,0.0,0.0,0.0,0.0,0.0,0.0,0.0,0.0,7510.66,79039.86,0.0,2026-09-20 12:30:17+00:00
09/20/2026 07:35:17,N,32.9569,0.0,0.0,0.0,0.0,0.0,0.0,0.0,0.0,0.0,0.0,0.0,0.0,0.0,0.0,7493.59,79148.24,0.0,2026-09-20 12:35:17+00:00
09/20/2026 07:40:17,N,30.8467,0.0,0.0,0.0,0.0,0.0,0.0,0.0,0.0,0.0,0.0,0.0,0.0,0.0,0.0,7611.43,79524.75,0.0,2026-09-20 12:40:17+00:00
09/20/2026 07:45:17,N,29.1129,0.0,0.0,0.0,0.0,0.0,0.0,0.0,0.0,0.0,0.0,0.0,0.0,0.0,0.0,7534.64,80093.54,0.0,2026-09-20 12:45:17+00:00
09/20/2026 07:50:20,N,28.8658,0.0,0.0,0.0,0.0,0.0,0.0,0.0,0.0,0.0,0.0,0.0,0.0,0.0,0.0,7507.83,80658.77,0.0,2026-09-20 12:50:20+00:00
09/20/2026 07:55:17,N,27.4833,0.0,0.0,0.0,0.0,0.0,0.0,0.0,0.0,0.0,0.0,0.0,0.0,0.0,0.0,7559.05,81496.77,0.0,2026-09-20 12:55:17+00:00
09/20/2026 08:00:22,N,30.2023,0.0,0.0,0.0,0.0,0.0,0.0,0.0,0.0,0.0,0.0,0.0,0.0,0.0,0.0,7448.47,82300.71,0.0,2026-09-20 13:00:22+00:00
09/20/2026 08:05:18,N,29.7558,0.0,0.0,0.0,0.0,0.0,0.0,0.0,0.0,0.0,0.0,0.0,0.0,0.0,0.0,7082.58,83593.71,0.0,2026-09-20 13:05:18+00:00
09/20/2026 08:10:18,N,28.9755,0.0,0.0,0.0,0.0,0.0,0.0,0.0,0.0,0.0,0.0,0.0,0.0,0.0,0.0,7070.89,84589.43,0.0,2026-09-20 13:10:18+00:00
09/20/2026 08:15:17,N,28.7169,0.0,0.0,0.0,0.0,0.0,0.0,0.0,0.0,0.0,0.0,0.0,0.0,0.0,0.0,7043.33,85237.3,0.0,2026-09-20 13:15:17+00:00
09/20/2026 08:20:17,N,28.2644,0.0,0.0,0.0,0.0,0.0,0.0,0.0,0.0,0.0,0.0,0.0,0.0,0.0,0.0,7039.61,86143.97,0.0,2026-09-20 13:20:17+00:00
09/20/2026 08:25:17,N,25.888,0.0,0.0,0.0,0.0,0.0,0.0,0.0,0.0,0.0,0.0,0.0,0.0,0.0,0.0,6991.64,87451.02,0.0,2026-09-20 13:25:17+00:00
09/20/2026 08:30:17,N,25.8808,0.0,0.0,0.0,0.0,0.0,0.0,0.0,0.0,0.0,0.0,0.0,0.0,0.0,0.0,6952.82,88790.0,0.0,2026-09-20 13:30:17+00:00
09/20/2026 08:35:17,N,24.9768,0.0,0.0,0.0,0.0,0.0,0.0,0.0,0.0,0.0,0.0,0.0,0.0,0.0,0.0,6929.36,90134.13,0.0,2026-09-20 13:35:17+00:00
09/20/2026 08:40:18,N,24.0641,0.0,0.0,0.0,0.0,0.0,0.0,0.0,0.0,0.0,0.0,0.0,0.0,0.0,0.0,6837.89,90813.75,0.0,2026-09-20 13:40:18+00:00
09/20/2026 08:45:17,N,23.1483,0.0,0.0,0.0,0.0,0.0,0.0,0.0,0.0,0.0,0.0,0.0,0.0,0.0,0.0,6801.75,91836.16,0.0,2026-09-20 13:45:17+00:00
09/20/2026 08:50:18,N,22.4145,0.0,0.0,0.0,0.0,0.0,0.0,0.0,0.0,0.0,0.0,0.0,0.0,0.0,0.0,6831.62,92909.45,0.0,2026-09-20 13:50:18+00:00
09/20/2026 08:55:17,N,22.0973,0.0,0.0,0.0,0.0,0.0,0.0,0.0,0.0,0.0,0.0,0.0,0.0,0.0,0.0,6241.83,94346.45,0.0,2026-09-20 13:55:17+00:00
09/20/2026 09:00:19,N,23.0397,0.0,0.0,0.0,0.0,0.0,0.0,0.0,0.0,0.0,0.0,0.0,0.0,0.0,0.0,6292.48,95590.72,0.0,2026-09-20 14:00:19+00:00
09/20/2026 09:05:18,N,23.2311,0.0,0.0,0.0,0.0,0.0,0.0,0.0,0.0,0.0,0.0,0.0,0.0,0.0,0.0,6294.95,96261.13,0.0,2026-09-20 14:05:18+00:00
09/20/2026 09:10:17,N,23.5683,0.0,0.0,0.0,0.0,0.0,0.0,0.0,0.0,0.0,0.0,0.0,0.0,0.0,0.0,6318.92,97116.41,0.0,2026-09-20 14:10:17+00:00
09/20/2026 09:15:16,N,23.5827,0.0,0.0,0.0,0.0,0.0,0.0,0.0,0.0,0.0,0.0,0.0,0.0,0.0,0.0,6494.18,97952.28,0.0,2026-09-20 14:15:16+00:00
09/20/2026 09:20:17,N,22.3123,0.0,0.0,0.0,0.0,0.0,0.0,0.0,0.0,0.0,0.0,0.0,0.0,0.0,0.0,6743.63,98849.84,0.0,2026-09-20 14:20:17+00:00
09/20/2026 09:25:16,N,22.3245,0.0,0.0,0.0,0.0,0.0,0.0,0.0,0.0,0.0,0.0,0.0,0.0,0.0,0.0,6734.8,99332.55,0.0,2026-09-20 14:25:16+00:00
09/20/2026 09:30:17,N,22.4536,0.0,0.0,0.0,0.0,0.0,0.0,0.0,0.0,0.0,0.0,0.0,0.0,0.0,0.0,7030.34,100532.71,0.0,2026-09-20 14:30:17+00:00
09/20/2026 09:35:17,N,22.0118,0.0,0.0,0.0,0.0,0.0,0.0,0.0,0.0,0.0,0.0,0.0,0.0,0.0,0.0,7094.96,100695.47,0.0,2026-09-20 14:35:17+00:00
09/20/2026 09:40:18,N,22.1438,0.0,0.0,0.0,0.0,0.0,0.0,0.0,0.0,0.0,0.0,0.0,0.0,0.0,0.0,7186.0,101068.34,0.0,2026-09-20 14:40:18+00:00
09/20/2026 09:45:16,N,23.0418,0.0,0.0,0.0,0.0,0.0,0.0,0.0,0.0,0.0,0.0,0.0,0.0,0.0,0.0,7332.39,100845.48,0.0,2026-09-20 14:45:16+00:00
09/20/2026 09:50:17,N,22.8249,0.0,0.0,0.0,0.0,0.0,0.0,0.0,0.0,0.0,0.0,0.0,0.0,0.0,0.0,7456.38,100981.01,0.0,2026-09-20 14:50:17+00:00
09/20/2026 09:55:16,N,22.0155,0.0,0.0,0.0,0.0,0.0,0.0,0.0,0.0,0.0,0.0,0.0,0.0,0.0,0.0,7662.89,101437.27,0.0,2026-09-20 14:55:16+00:00
09/20/2026 10:00:20,N,21.6946,0.0,0.0,0.0,0.0,0.0,0.0,0.0,0.0,0.0,0.0,0.0,0.0,0.0,0.0,7748.25,101892.05,0.0,2026-09-20 15:00:20+00:00
09/20/2026 10:05:19,N,23.2912,0.0,0.0,0.0,0.0,0.0,0.0,0.0,0.0,0.0,0.0,0.0,0.0,0.0,0.0,7885.79,101427.48,0.0,2026-09-20 15:05:19+00:00
09/20/2026 10:10:17,N,23.2169,0.0,0.0,0.0,0.0,0.0,0.0,0.0,0.0,0.0,0.0,0.0,0.0,0.0,0.0,7915.71,102218.09,0.0,2026-09-20 15:10:17+00:00
09/20/2026 10:15:19,N,24.0576,0.0,0.0,0.0,0.0,0.0,0.0,0.0,0.0,0.0,0.0,0.0,0.0,0.0,0.0,8067.06,102653.19,0.0,2026-09-20 15:15:19+00:00
09/20/2026 10:20:18,N,23.9417,0.0,0.0,0.0,0.0,0.0,0.0,0.0,0.0,0.0,0.0,0.0,0.0,0.0,0.0,8120.14,103328.55,0.0,2026-09-20 15:20:18+00:00
09/20/2026 10:25:18,N,21.3655,0.0,0.0,0.0,0.0,0.0,0.0,0.0,0.0,0.0,0.0,0.0,0.0,0.0,0.0,7650.48,104186.32,0.0,2026-09-20 15:25:18+00:00
09/20/2026 10:30:18,N,20.874,0.0,0.0,0.0,0.0,0.0,0.0,0.0,0.0,0.0,0.0,0.0,0.0,0.0,0.0,7750.82,104386.09,0.0,2026-09-20 15:30:18+00:00
09/20/2026 10:35:18,N,20.9631,0.0,0.0,0.0,0.0,0.0,0.0,0.0,0.0,0.0,0.0,0.0,0.0,0.0,0.0,7966.89,104881.77,0.0,2026-09-20 15:35:18+00:00
09/20/2026 10:40:18,N,21.3625,0.0,0.0,0.0,0.0,0.0,0.0,0.0,0.0,0.0,0.0,0.0,0.0,0.0,0.0,8140.81,105286.18,0.0,2026-09-20 15:40:18+00:00
09/20/2026 10:45:18,N,21.3983,0.0,0.0,0.0,0.0,0.0,0.0,0.0,0.0,0.0,0.0,0.0,0.0,0.0,0.0,8188.15,105522.71,0.0,2026-09-20 15:45:18+00:00
09/20/2026 10:50:18,N,21.4069,0.0,0.0,0.0,0.0,0.0,0.0,0.0,0.0,0.0,0.0,0.0,0.0,0.0,0.0,8378.3,105828.09,0.0,2026-09-20 15:50:18+00:00
09/20/2026 10:55:18,N,20.7168,0.0,0.0,0.0,0.0,0.0,0.0,0.0,0.0,0.0,0.0,0.0,0.0,0.0,0.0,8881.2,106029.63,0.0,2026-09-20 15:55:18+00:00
09/20/2026 11:00:20,N,17.6795,0.0,0.0,0.0,0.0,0.0,0.0,0.0,0.0,0.0,0.0,0.0,0.0,0.0,0.0,9388.85,106338.67,0.0,2026-09-20 16:00:20+00:00
09/20/2026 11:05:17,N,17.8217,0.0,0.0,0.0,0.0,0.0,0.0,0.0,0.0,0.0,0.0,0.0,0.0,0.0,0.0,9456.45,106537.13,0.0,2026-09-20 16:05:17+00:00
09/20/2026 11:10:23,N,19.8038,0.0,0.0,0.0,0.0,0.0,0.0,0.0,0.0,0.0,0.0,0.0,0.0,0.0,0.0,9673.48,106104.18,0.0,2026-09-20 16:10:23+00:00
09/20/2026 11:15:18,N,19.008,0.0,0.0,0.0,0.0,0.0,0.0,0.0,0.0,0.0,0.0,0.0,0.0,0.0,0.0,9978.15,105879.27,0.0,2026-09-20 16:15:18+00:00
09/20/2026 11:20:18,N,19.6568,0.0,0.0,0.0,0.0,0.0,0.0,0.0,0.0,0.0,0.0,0.0,0.0,0.0,0.0,10516.31,105439.72,0.0,2026-09-20 16:20:18+00:00
09/20/2026 11:25:17,N,22.7185,0.0,0.0,0.0,0.0,0.0,0.0,0.0,0.0,0.0,0.0,0.0,0.0,0.0,0.0,10533.73,105168.46,0.0,2026-09-20 16:25:17+00:00
09/20/2026 11:30:17,N,22.6871,0.0,0.0,0.0,0.0,0.0,0.0,0.0,0.0,0.0,0.0,0.0,0.0,0.0,0.0,10723.82,105110.64,0.0,2026-09-20 16:30:17+00:00
09/20/2026 11:35:17,N,23.8958,0.0,0.0,0.0,0.0,0.0,0.0,0.0,0.0,0.0,0.0,0.0,0.0,0.0,0.0,10876.73,105101.05,0.0,2026-09-20 16:35:17+00:00
09/20/2026 11:40:17,N,23.302,0.0,0.0,0.0,0.0,0.0,0.0,0.0,0.0,0.0,0.0,0.0,0.0,0.0,0.0,11156.57,105358.47,0.0,2026-09-20 16:40:17+00:00
09/20/2026 11:45:18,N,23.6967,0.0,0.0,0.0,0.0,0.0,0.0,0.0,0.0,0.0,0.0,0.0,0.0,0.0,0.0,11627.29,105551.21,0.0,2026-09-20 16:45:18+00:00
09/20/2026 11:50:18,N,23.4252,0.0,0.0,0.0,0.0,0.0,0.0,0.0,0.0,0.0,0.0,0.0,0.0,0.0,0.0,11887.53,106207.57,0.0,2026-09-20 16:50:18+00:00
09/20/2026 11:55:20,N,25.0868,0.0,0.0,0.0,0.0,0.0,0.0,0.0,0.0,0.0,0.0,0.0,0.0,0.0,0.0,11906.37,106164.58,0.0,2026-09-20 16:55:20+00:00
09/20/2026 12:00:21,N,23.3617,0.0,0.0,0.0,0.0,0.0,0.0,0.0,0.0,0.0,0.0,0.0,0.0,0.0,0.0,11944.58,106280.95,0.0,2026-09-20 17:00:21+00:00
09/20/2026 12:05:20,N,26.8855,0.0,0.0,0.0,0.0,0.0,0.0,0.0,0.0,0.0,0.0,0.0,0.0,0.0,0.0,12004.15,106367.15,0.0,2026-09-20 17:05:20+00:00
09/20/2026 12:10:18,N,30.5023,0.0,0.0,0.0,0.0,0.0,0.0,0.0,0.0,0.0,0.0,0.0,0.0,0.0,0.0,12034.28,105831.8,0.0,2026-09-20 17:10:18+00:00
09/20/2026 12:15:19,N,32.903,0.0,0.0,0.0,0.0,0.0,0.0,0.0,0.0,0.0,0.0,0.0,0.0,0.0,0.0,12089.92,105804.72,0.0,2026-09-20 17:15:19+00:00
09/20/2026 12:20:18,N,32.7367,0.0,0.0,0.0,0.0,0.0,0.0,0.0,0.0,0.0,0.0,0.0,0.0,0.0,0.0,12103.77,105761.63,0.0,2026-09-20 17:20:18+00:00
09/20/2026 12:25:18,N,33.63,0.0,0.0,0.0,0.0,0.0,0.0,0.0,0.0,0.0,0.0,0.0,0.0,0.0,0.0,12118.87,105494.8,0.0,2026-09-20 17:25:18+00:00
09/20/2026 12:30:20,N,32.7757,0.0,0.0,0.0,0.0,0.0,0.0,0.0,0.0,0.0,0.0,0.0,0.0,0.0,0.0,12159.72,105507.41,0.0,2026-09-20 17:30:20+00:00
09/20/2026 12:35:19,N,32.5797,0.0,0.0,0.0,0.0,0.0,0.0,0.0,0.0,0.0,0.0,0.0,0.0,0.0,0.0,12186.79,105587.38,0.0,2026-09-20 17:35:19+00:00
09/20/2026 12:40:19,N,32.1124,0.0,0.0,0.0,0.0,0.0,0.0,0.0,0.0,0.0,0.0,0.0,0.0,0.0,0.0,12280.64,106042.97,0.0,2026-09-20 17:40:19+00:00
09/20/2026 12:45:19,N,33.1874,0.0,0.0,0.0,0.0,0.0,0.0,0.0,0.0,0.0,0.0,0.0,0.0,0.0,0.0,12255.29,105880.59,0.0,2026-09-20 17:45:19+00:00
09/20/2026 12:50:20,N,35.9682,0.0,0.0,0.0,0.0,0.0,0.0,0.0,0.0,0.0,0.0,0.0,0.0,0.0,0.0,12478.29,106233.29,0.0,2026-09-20 17:50:20+00:00
09/20/2026 12:55:18,N,33.7116,0.0,0.0,0.0,0.0,0.0,0.0,0.0,0.0,0.0,0.0,0.0,0.0,0.0,0.0,12553.84,106386.94,0.0,2026-09-20 17:55:18+00:00
09/20/2026 13:00:21,N,30.7723,0.0,0.0,0.0,0.0,0.0,0.0,0.0,0.0,0.0,0.0,0.0,0.0,0.0,0.0,12620.32,106902.82,0.0,2026-09-20 18:00:21+00:00
09/20/2026 13:05:18,N,28.0663,0.0,0.0,0.0,0.0,0.0,0.0,0.0,0.0,0.0,0.0,0.0,0.0,0.0,0.0,12737.0,107590.36,0.0,2026-09-20 18:05:18+00:00
09/20/2026 13:10:19,N,30.0761,0.0,0.0,0.0,0.0,0.0,0.0,0.0,0.0,0.0,0.0,0.0,0.0,0.0,0.0,12640.13,107211.13,0.0,2026-09-20 18:10:19+00:00
09/20/2026 13:15:17,N,29.9346,0.0,0.0,0.0,0.0,0.0,0.0,0.0,0.0,0.0,0.0,0.0,0.0,0.0,0.0,12618.56,107879.09,0.0,2026-09-20 18:15:17+00:00
09/20/2026 13:20:17,N,29.4549,0.0,0.0,0.0,0.0,0.0,0.0,0.0,0.0,0.0,0.0,0.0,0.0,0.0,0.0,12695.29,107613.8,0.0,2026-09-20 18:20:17+00:00
09/20/2026 13:25:21,N,31.6742,0.0,0.0,0.0,0.0,0.0,0.0,0.0,0.0,0.0,0.0,0.0,0.0,0.0,0.0,12638.37,107105.93,0.0,2026-09-20 18:25:21+00:00
09/20/2026 13:30:20,N,33.8526,0.0,0.0,0.0,0.0,0.0,0.0,0.0,0.0,0.0,0.0,0.0,0.0,0.0,0.0,12631.81,106419.16,0.0,2026-09-20 18:30:20+00:00
09/20/2026 13:35:20,N,38.9276,0.0,0.0,0.0,0.0,0.0,0.0,0.0,0.0,0.0,0.0,0.0,0.0,0.0,0.0,12753.9,106654.21,0.0,2026-09-20 18:35:20+00:00
09/20/2026 13:40:18,N,49.0978,0.0,0.0,0.0,0.0,0.0,0.0,0.0,0.0,0.0,0.0,0.0,0.0,0.0,0.0,12708.05,106341.3,0.0,2026-09-20 18:40:18+00:00
09/20/2026 13:45:19,N,44.227,0.0,0.0,0.0,0.0,0.0,0.0,0.0,0.0,0.0,0.0,0.0,0.0,0.0,0.0,12897.63,106816.44,0.0,2026-09-20 18:45:19+00:00
09/20/2026 13:50:22,N,39.855,0.0,0.0,0.0,0.0,0.0,0.0,0.0,0.0,0.0,0.0,0.0,0.0,0.0,0.0,13175.57,106758.77,0.0,2026-09-20 18:50:22+00:00
09/20/2026 13:55:21,N,42.5106,0.0,0.0,0.0,0.0,0.0,0.0,0.0,0.0,0.0,0.0,0.0,0.0,0.0,0.0,13303.06,106421.45,0.0,2026-09-20 18:55:21+00:00
09/20/2026 14:00:23,N,39.03,0.0,0.0,0.0,0.0,0.0,0.0,0.0,0.0,0.0,0.0,0.0,0.0,0.0,0.0,13282.1,106642.09,0.0,2026-09-20 19:00:23+00:00
09/20/2026 14:05:22,N,39.3605,0.0,0.0,0.0,0.0,0.0,0.0,0.0,0.0,0.0,0.0,0.0,0.0,0.0,0.0,13449.01,106698.95,0.0,2026-09-20 19:05:22+00:00
09/20/2026 14:10:21,N,46.9463,0.0,0.0,0.0,0.0,0.0,0.0,0.0,0.0,0.0,0.0,0.0,0.0,0.0,0.0,14041.41,106567.56,0.0,2026-09-20 19:10:21+00:00
09/20/2026 14:15:20,N,41.1258,0.0,0.0,0.0,0.0,0.0,0.0,0.0,0.0,0.0,0.0,0.0,0.0,0.0,0.0,14129.84,106805.23,0.0,2026-09-20 19:15:20+00:00
09/20/2026 14:20:19,N,45.4158,0.0,0.0,0.0,0.0,0.0,0.0,0.0,0.0,0.0,0.0,0.0,0.0,0.0,0.0,14158.06,106206.41,0.0,2026-09-20 19:20:19+00:00
09/20/2026 14:25:19,N,41.7113,0.0,0.0,0.0,0.0,0.0,0.0,0.0,0.0,0.0,0.0,0.0,0.0,0.0,0.0,14180.24,106326.09,0.0,2026-09-20 19:25:19+00:00
09/20/2026 14:30:20,N,45.4687,0.0,0.0,0.0,0.0,0.0,0.0,0.0,0.0,0.0,0.0,0.0,0.0,0.0,0.0,14169.11,105880.87,0.0,2026-09-20 19:30:20+00:00
09/20/2026 14:35:20,N,41.9074,0.0,0.0,0.0,0.0,0.0,0.0,0.0,0.0,0.0,0.0,0.0,0.0,0.0,0.0,14206.22,106265.52,0.0,2026-09-20 19:35:20+00:00
09/20/2026 14:40:21,N,39.3426,0.0,0.0,0.0,0.0,0.0,0.0,0.0,0.0,0.0,0.0,0.0,0.0,0.0,0.0,14401.84,106879.55,0.0,2026-09-20 19:40:21+00:00
09/20/2026 14:45:20,N,35.1341,0.0,0.0,0.0,0.0,0.0,0.0,0.0,0.0,0.0,0.0,0.0,0.0,0.0,0.0,14662.8,107248.91,0.0,2026-09-20 19:45:20+00:00
09/20/2026 14:50:21,N,30.926,0.0,0.0,0.0,0.0,0.0,0.0,0.0,0.0,0.0,0.0,0.0,0.0,0.0,0.0,14920.69,107447.47,0.0,2026-09-20 19:50:21+00:00
09/20/2026 14:55:22,N,43.1103,0.0,0.0,0.0,0.0,0.0,0.0,0.0,0.0,0.0,0.0,0.0,0.0,0.0,0.0,14746.36,106977.34,0.0,2026-09-20 19:55:22+00:00
09/20/2026 15:00:23,N,39.1681,0.0,0.0,0.0,0.0,0.0,0.0,0.0,0.0,0.0,0.0,0.0,0.0,0.0,0.0,14817.34,107011.76,0.0,2026-09-20 20:00:23+00:00
09/20/2026 15:05:18,N,42.0771,0.0,0.0,0.0,0.0,0.0,0.0,30.0,0.0,0.0,0.0,0.0,0.0,0.0,0.0,14791.63,106647.38,0.0,2026-09-20 20:05:18+00:00
09/20/2026 15:10:20,N,50.4402,0.0,0.0,0.0,0.0,0.0,0.0,30.0,0.0,0.0,0.0,0.0,0.0,0.0,0.0,14770.39,106022.24,0.0,2026-09-20 20:10:20+00:00
09/20/2026 15:15:18,N,45.6875,0.0,0.0,0.0,0.0,0.0,0.0,30.0,0.0,0.0,0.0,0.0,0.0,0.0,0.0,14804.04,106570.33,0.0,2026-09-20 20:15:18+00:00
09/20/2026 15:20:19,N,35.3722,0.0,0.0,0.0,0.0,0.0,0.0,30.0,0.0,0.0,0.0,0.0,0.0,0.0,0.0,14915.52,106837.24,0.0,2026-09-20 20:20:19+00:00
09/20/2026 15:25:20,N,40.8384,0.0,0.0,0.0,0.0,0.0,0.0,30.0,0.0,0.0,0.0,0.0,0.0,0.0,0.0,15316.17,106419.69,0.0,2026-09-20 20:25:20+00:00
09/20/2026 15:30:20,N,38.1867,0.0,0.0,0.0,0.0,0.0,0.0,30.0,0.0,0.0,0.0,0.0,0.0,0.0,0.0,15436.93,106670.23,0.0,2026-09-20 20:30:20+00:00
09/20/2026 15:35:19,N,52.5886,0.0,0.0,0.0,0.0,0.0,0.0,30.0,0.0,0.0,0.0,0.0,0.0,0.0,0.0,15607.12,106173.19,0.0,2026-09-20 20:35:19+00:00
09/20/2026 15:40:21,N,69.4738,0.0,0.0,0.0,0.0,0.0,0.0,30.0,0.0,0.0,0.0,0.0,0.0,0.0,0.0,15425.65,105273.59,0.0,2026-09-20 20:40:21+00:00
09/20/2026 15:45:20,N,62.7184,0.0,0.0,0.0,0.0,0.0,0.0,30.0,0.0,0.0,0.0,0.0,0.0,0.0,0.0,15288.13,105051.13,0.0,2026-09-20 20:45:20+00:00
09/20/2026 15:50:20,N,76.4993,0.0,0.0,0.0,0.0,0.0,0.0,30.0,0.0,0.0,0.0,0.0,0.0,0.0,0.0,15356.87,104990.84,0.0,2026-09-20 20:50:20+00:00
09/20/2026 15:55:20,N,62.7749,0.0,0.0,0.0,0.0,0.0,0.0,30.0,0.0,0.0,0.0,0.0,0.0,0.0,0.0,15574.21,105333.55,0.0,2026-09-20 20:55:20+00:00
09/20/2026 16:00:22,N,53.4533,0.0,0.0,0.0,0.0,0.0,0.0,30.0,0.0,0.0,0.0,0.0,0.0,0.0,0.0,15702.61,105910.61,0.0,2026-09-20 21:00:22+00:00
09/20/2026 16:05:20,N,51.8257,0.0,0.0,0.0,0.0,0.0,0.0,30.0,0.0,0.0,0.0,0.0,0.0,0.0,0.0,15758.3,105536.62,0.0,2026-09-20 21:05:20+00:00
09/20/2026 16:10:19,N,63.2728,0.0,0.0,0.07,0.0,0.0,0.0,30.0,0.0,0.0,0.0,0.0,0.0,0.0,0.0,15982.12,105319.53,0.0,2026-09-20 21:10:19+00:00
09/20/2026 16:15:19,N,55.9003,0.0,0.0,0.0,0.0,0.0,0.0,30.0,0.0,0.0,0.0,0.0,0.0,0.0,0.0,16064.2,105680.33,0.0,2026-09-20 21:15:19+00:00
09/20/2026 16:20:19,N,46.3918,0.0,0.0,0.0,0.0,0.0,0.0,30.0,0.0,0.0,0.0,0.0,0.0,0.0,0.0,16150.88,105915.83,0.0,2026-09-20 21:20:19+00:00
09/20/2026 16:25:20,N,55.2693,0.0,0.0,0.0,0.0,0.0,0.0,30.0,0.0,0.0,0.0,0.0,0.0,0.0,0.0,16468.76,105395.83,0.0,2026-09-20 21:25:20+00:00
09/20/2026 16:30:20,N,45.3329,0.0,0.0,0.0,0.0,0.0,0.0,30.0,0.0,0.0,0.0,0.0,0.0,0.0,0.0,16698.49,105495.44,0.0,2026-09-20 21:30:20+00:00
09/20/2026 16:35:19,N,54.7865,0.0,0.0,0.0,0.0,0.0,0.0,30.0,0.0,0.0,0.0,0.0,0.0,0.0,0.0,16704.1,105163.25,0.0,2026-09-20 21:35:19+00:00
09/20/2026 16:40:19,N,63.9247,1.35,0.0,0.0,0.0,0.0,0.0,30.0,0.0,0.0,0.0,0.0,0.0,0.0,0.0,16671.21,105121.45,0.0,2026-09-20 21:40:19+00:00
09/20/2026 16:45:19,N,64.8215,0.0,0.0,0.0,0.0,0.0,0.0,30.0,0.0,0.0,0.0,0.0,0.0,0.0,0.0,16674.51,104964.1,0.0,2026-09-20 21:45:19+00:00
09/20/2026 16:50:20,N,61.0982,0.36,0.0,0.0,0.0,0.0,0.0,30.0,0.0,0.0,0.0,0.0,0.0,0.0,0.0,16641.7,104550.66,0.0,2026-09-20 21:50:20+00:00
09/20/2026 16:55:20,N,61.6696,0.0,0.0,0.0,0.0,0.0,0.0,30.0,0.0,0.0,0.0,0.0,0.0,0.0,0.0,16678.84,104515.04,0.0,2026-09-20 21:55:20+00:00
09/20/2026 17:00:22,N,61.917,0.0,0.0,0.0,0.0,0.0,0.0,30.0,0.0,0.0,0.0,0.0,0.0,0.0,0.0,16686.42,104294.58,0.0,2026-09-20 22:00:22+00:00
09/20/2026 17:05:20,N,63.7876,0.0,0.0,0.0,0.0,0.0,0.0,30.0,0.0,0.0,0.0,0.0,0.0,0.0,0.0,16624.03,103795.36,0.0,2026-09-20 22:05:20+00:00
09/20/2026 17:10:20,N,69.2724,0.0,0.0,0.0,0.0,0.0,0.0,30.0,0.0,0.0,0.0,0.0,0.0,0.0,0.0,16530.63,102980.45,0.0,2026-09-20 22:10:20+00:00
09/20/2026 17:15:20,N,79.5734,0.0,0.0,0.0,0.0,0.0,0.0,30.0,0.0,0.0,0.0,0.0,0.0,0.0,0.0,16358.89,102766.05,0.0,2026-09-20 22:15:20+00:00
09/20/2026 17:20:21,N,84.1091,1.99,0.0,0.04,0.0,0.0,0.0,30.0,0.0,0.0,0.0,0.0,0.0,0.0,0.0,16339.38,102481.2,0.0,2026-09-20 22:20:21+00:00
09/20/2026 17:25:20,N,85.9005,0.16,0.0,0.0,0.0,0.0,0.0,30.0,0.0,0.0,0.0,0.0,0.0,0.0,0.0,16064.03,102819.16,0.0,2026-09-20 22:25:20+00:00
09/20/2026 17:30:21,N,95.5326,0.0,0.0,0.0,0.0,0.0,0.0,30.0,0.0,0.0,0.0,0.0,0.0,0.0,0.0,16181.92,102799.02,0.0,2026-09-20 22:30:21+00:00
09/20/2026 17:35:20,N,104.5669,0.0,0.0,0.0,0.0,0.0,0.0,30.0,0.0,0.0,0.0,0.0,0.0,0.0,0.0,16056.88,101525.67,0.0,2026-09-20 22:35:20+00:00
09/20/2026 17:40:21,N,105.3048,0.0,0.0,0.0,0.0,0.0,0.0,30.0,0.0,0.0,0.0,0.0,0.0,0.0,0.0,15983.99,100751.99,0.0,2026-09-20 22:40:21+00:00
09/20/2026 17:45:23,N,119.0335,0.0,0.0,0.0,0.0,0.0,0.0,30.0,0.0,0.0,0.0,0.0,0.0,0.0,0.0,16010.04,100367.48,0.0,2026-09-20 22:45:23+00:00
09/20/2026 17:50:21,N,112.4859,0.0,0.0,0.0,0.0,0.0,0.0,30.0,0.0,0.0,0.0,0.0,0.0,0.0,0.0,16186.5,100232.09,0.0,2026-09-20 22:50:21+00:00
09/20/2026 17:55:22,N,100.7706,0.01,0.0,0.0,0.0,0.0,0.0,30.0,0.0,0.0,0.0,0.0,0.0,0.0,0.0,16331.49,99572.6,0.0,2026-09-20 22:55:22+00:00
09/20/2026 18:00:25,N,87.078,0.54,0.0,0.0,0.0,0.0,0.0,30.0,0.0,0.0,0.0,0.0,0.0,0.0,0.0,16736.83,98282.61,0.0,2026-09-20 23:00:25+00:00
09/20/2026 18:05:24,N,89.9126,0.0,0.0,0.0,0.0,0.0,0.0,30.0,0.0,0.0,0.0,0.0,0.0,0.0,0.0,16555.9,97791.09,0.0,2026-09-20 23:05:24+00:00
09/20/2026 18:10:28,N,92.796,0.27,0.0,0.0,0.0,0.0,0.0,30.0,0.0,0.0,0.0,0.0,0.0,0.0,0.0,16306.96,97061.76,0.0,2026-09-20 23:10:28+00:00
09/20/2026 18:15:24,N,95.9894,0.07,0.01,0.0,0.0,0.0,0.01,30.0,0.0,0.0,0.0,0.0,0.0,0.0,0.0,16066.63,96137.92,0.0,2026-09-20 23:15:24+00:00
09/20/2026 18:20:22,N,94.4008,0.65,0.0,0.0,0.0,0.0,0.0,30.0,0.0,0.0,0.0,0.0,0.0,0.0,0.0,15856.07,94949.89,0.0,2026-09-20 23:20:22+00:00
09/20/2026 18:25:21,N,98.0309,0.29,0.0,0.0,0.0,0.0,0.0,30.0,0.0,0.0,0.0,0.0,0.0,0.0,0.0,15562.11,93909.7,0.0,2026-09-20 23:25:21+00:00
09/20/2026 18:30:22,N,99.3158,0.0,0.0,0.0,0.0,0.0,0.0,30.0,0.0,0.0,0.0,0.0,0.0,0.0,0.0,15495.07,93195.96,0.0,2026-09-20 23:30:22+00:00
09/20/2026 18:35:22,N,99.1074,0.49,0.0,0.0,0.0,0.0,0.0,30.0,0.0,0.0,0.0,0.0,0.0,0.0,0.0,15409.83,92606.5,0.0,2026-09-20 23:35:22+00:00
09/20/2026 18:40:22,N,103.6661,0.14,0.05,0.0,0.01,0.01,0.04,30.0,0.0,0.0,0.0,0.0,0.0,0.0,0.0,15429.92,91975.33,0.0,2026-09-20 23:40:22+00:00
09/20/2026 18:45:25,N,102.8805,0.0,0.0,0.0,0.0,0.0,0.0,30.0,0.0,0.0,0.0,0.0,0.0,0.0,0.0,15359.24,91222.82,0.0,2026-09-20 23:45:25+00:00
09/20/2026 18:50:25,N,104.1164,0.0,0.0,0.0,0.0,0.0,0.0,30.0,0.0,0.0,0.0,0.0,0.0,0.0,0.0,15222.41,90379.29,0.0,2026-09-20 23:50:25+00:00
09/20/2026 18:55:23,N,101.8629,0.0,0.0,0.0,0.0,0.0,0.0,30.0,0.0,0.0,0.0,0.0,0.0,0.0,0.0,15172.1,89756.75,0.0,2026-09-20 23:55:23+00:00
09/20/2026 19:00:26,N,91.0304,0.0,0.05,0.0,0.05,0.11,0.44,30.0,0.0,0.0,0.0,0.0,0.0,0.0,0.0,14823.04,89070.13,0.0,2026-09-21 00:00:26+00:00
09/20/2026 19:05:28,N,94.0608,0.0,0.0,0.0,0.0,0.0,0.0,30.0,0.0,0.0,0.0,0.0,0.0,0.0,0.0,14095.5,88356.07,0.0,2026-09-21 00:05:28+00:00
09/20/2026 19:10:22,N,91.9937,0.0,0.03,0.0,0.03,0.05,0.2,30.0,0.0,0.0,0.0,0.0,0.0,0.0,0.0,13633.91,87507.75,0.0,2026-09-21 00:10:22+00:00
09/20/2026 19:15:31,N,91.2519,0.17,0.0,0.0,0.04,0.08,0.31,30.0,0.0,0.0,0.0,0.0,0.0,0.0,0.0,13439.52,87133.18,0.0,2026-09-21 00:15:31+00:00
09/20/2026 19:20:31,N,96.4152,0.03,0.04,0.0,0.04,0.07,0.29,30.0,0.0,0.0,0.0,0.0,0.0,0.0,0.0,13368.97,86723.48,0.0,2026-09-21 00:20:31+00:00
09/20/2026 19:25:30,N,92.2213,0.56,0.03,0.0,0.03,0.07,0.26,30.0,0.0,0.0,0.0,0.0,0.0,0.0,0.0,13289.51,86600.78,0.0,2026-09-21 00:25:30+00:00
09/20/2026 19:30:30,N,95.0088,0.11,0.0,0.0,0.0,0.0,0.0,30.0,0.0,0.0,0.0,0.0,0.0,0.0,0.0,13243.26,86482.49,0.0,2026-09-21 00:30:30+00:00
09/20/2026 19:35:31,N,91.1086,0.04,0.0,0.0,0.0,0.0,0.0,30.0,0.0,0.0,0.0,0.0,0.0,0.0,0.0,13042.07,86634.74,0.0,2026-09-21 00:35:31+00:00
09/20/2026 19:40:30,N,90.8575,0.07,0.0,0.0,0.0,0.0,0.02,30.0,0.0,0.0,0.0,0.0,0.0,0.0,0.0,13020.68,86751.16,0.0,2026-09-21 00:40:30+00:00
09/20/2026 19:45:31,N,87.6269,0.12,0.0,0.0,0.0,0.0,0.0,30.0,0.0,0.0,0.0,0.0,0.0,0.0,0.0,13019.02,86776.2,0.0,2026-09-21 00:45:31+00:00
09/20/2026 19:50:30,N,82.0191,1.06,0.0,0.0,0.0,0.0,0.0,30.0,0.0,0.0,0.0,0.0,0.0,0.0,0.0,12995.24,86916.09,0.0,2026-09-21 00:50:30+00:00
09/20/2026 19:55:31,N,79.5794,0.0,0.0,0.0,0.0,0.0,0.0,30.0,0.0,0.0,0.0,0.0,0.0,0.0,0.0,12981.66,87030.3,0.0,2026-09-21 00:55:31+00:00
09/20/2026 20:00:28,N,75.3453,0.58,0.0,0.0,0.0,0.0,0.0,30.0,0.0,0.0,0.0,0.0,0.0,0.0,0.0,13029.47,87253.63,0.0,2026-09-21 01:00:28+00:00
09/20/2026 20:05:34,N,70.3208,1.15,0.23,0.0,0.0,0.0,0.0,30.0,0.0,0.0,0.0,0.0,0.0,0.0,0.0,12990.53,87611.74,0.0,2026-09-21 01:05:34+00:00
09/20/2026 20:10:32,N,73.0776,0.66,0.0,0.0,0.0,0.0,0.0,30.0,0.0,0.0,0.0,0.0,0.0,0.0,0.0,12908.54,87919.03,0.0,2026-09-21 01:10:32+00:00
09/20/2026 20:15:31,N,67.3365,0.58,0.0,0.0,0.0,0.0,0.0,30.0,0.0,0.0,0.0,0.0,0.0,0.0,0.0,12872.98,88179.35,0.0,2026-09-21 01:15:31+00:00
09/20/2026 20:20:30,N,60.4596,0.47,0.0,0.0,0.0,0.0,0.0,30.0,0.0,0.0,0.0,0.0,0.0,0.0,0.0,12903.27,88444.85,0.0,2026-09-21 01:20:30+00:00
09/20/2026 20:25:24,N,59.286,0.0,0.0,0.0,0.0,0.0,0.0,30.0,0.0,0.0,0.0,0.0,0.0,0.0,0.0,12917.49,88523.48,0.0,2026-09-21 01:25:24+00:00
09/20/2026 20:30:23,N,54.6008,0.41,0.01,0.0,0.01,0.01,0.01,30.0,0.0,0.0,0.0,0.0,0.0,0.0,0.0,12925.32,88795.73,0.0,2026-09-21 01:30:23+00:00
09/20/2026 20:35:21,N,52.3624,0.0,0.0,0.0,0.0,0.0,0.0,30.0,0.0,0.0,0.0,0.0,0.0,0.0,0.0,12632.45,89037.55,0.0,2026-09-21 01:35:21+00:00
09/20/2026 20:40:24,N,55.1326,0.0,0.0,0.0,0.0,0.0,0.0,30.0,0.0,0.0,0.0,0.0,0.0,0.0,0.0,12634.31,89055.07,0.0,2026-09-21 01:40:24+00:00
09/20/2026 20:45:24,N,51.8064,0.2,0.0,0.0,0.0,0.0,0.0,30.0,0.0,0.0,0.0,0.0,0.0,0.0,0.0,12649.56,89146.82,0.0,2026-09-21 01:45:24+00:00
09/20/2026 20:50:23,N,50.2471,0.0,0.0,0.0,0.0,0.0,0.0,30.0,0.0,0.0,0.0,0.0,0.0,0.0,0.0,12632.61,89374.62,0.0,2026-09-21 01:50:23+00:00
09/20/2026 20:55:24,N,50.917,0.0,0.0,0.0,0.0,0.0,0.0,30.0,0.0,0.0,0.0,0.0,0.0,0.0,0.0,12588.84,89661.45,0.0,2026-09-21 01:55:24+00:00
09/20/2026 21:00:25,N,51.8442,0.0,0.0,0.0,0.0,0.0,0.0,20.0,0.0,0.0,0.0,0.0,0.0,0.0,0.0,12609.89,89802.49,0.0,2026-09-21 02:00:25+00:00
09/20/2026 21:05:30,N,52.4952,0.25,0.0,0.0,0.0,0.0,0.0,20.0,0.0,0.0,0.0,0.0,0.0,0.0,0.0,12613.67,90147.77,0.0,2026-09-21 02:05:30+00:00
09/20/2026 21:10:29,N,51.5318,0.0,0.0,0.0,0.0,0.0,0.0,20.0,0.0,0.0,0.0,0.0,0.0,0.0,0.0,12624.33,90052.46,0.0,2026-09-21 02:10:29+00:00
09/20/2026 21:15:28,N,48.7004,0.5,0.0,0.0,0.0,0.0,0.0,20.0,0.0,0.0,0.0,0.0,0.0,0.0,0.0,12743.56,90489.93,0.0,2026-09-21 02:15:28+00:00
09/20/2026 21:20:21,N,45.8439,0.0,0.0,0.0,0.0,0.0,0.0,20.0,0.0,0.0,0.0,0.0,0.0,0.0,0.0,12723.15,90689.2,0.0,2026-09-21 02:20:21+00:00
09/20/2026 21:25:20,N,43.4835,0.48,0.05,0.0,0.05,0.1,0.41,20.0,0.0,0.0,0.0,0.0,0.0,0.0,0.0,12247.3,90929.05,0.0,2026-09-21 02:25:20+00:00
09/20/2026 21:30:20,N,41.4053,0.16,0.02,0.0,0.02,0.04,0.14,20.0,0.0,0.0,0.0,0.0,0.0,0.0,0.0,12629.69,90771.05,0.0,2026-09-21 02:30:20+00:00
09/20/2026 21:35:22,N,39.5857,0.45,0.04,0.0,0.04,0.08,0.33,20.0,0.0,0.0,0.0,0.0,0.0,0.0,0.0,12448.97,90875.88,0.0,2026-09-21 02:35:22+00:00
09/20/2026 21:40:22,N,38.7059,0.44,0.02,0.0,0.02,0.04,0.17,20.0,0.0,0.0,0.0,0.0,0.0,0.0,0.0,12442.61,90862.04,0.0,2026-09-21 02:40:22+00:00
09/20/2026 21:45:20,N,36.3722,0.92,0.01,0.0,0.01,0.02,0.08,20.0,0.0,0.0,0.0,0.0,0.0,0.0,0.0,12328.47,90927.31,0.0,2026-09-21 02:45:20+00:00
09/20/2026 21:50:20,N,35.913,0.89,0.08,0.0,0.08,0.16,0.62,20.0,0.0,0.0,0.0,0.0,0.0,0.0,0.0,11641.38,90820.2,0.0,2026-09-21 02:50:20+00:00
09/20/2026 21:55:19,N,34.9673,0.38,0.01,0.0,0.01,0.02,0.08,20.0,0.0,0.0,0.0,0.0,0.0,0.0,0.0,11756.56,90792.37,0.0,2026-09-21 02:55:19+00:00
09/20/2026 22:00:22,N,38.4457,1.56,0.12,0.0,0.12,0.0,0.94,20.0,0.0,0.0,0.0,0.0,0.0,0.0,0.0,11587.38,90506.38,0.0,2026-09-21 03:00:22+00:00
09/20/2026 22:05:21,N,35.8253,2.04,0.2,0.0,0.2,0.0,1.58,20.0,0.0,0.0,0.0,0.0,0.0,0.0,0.0,11252.26,90403.3,0.0,2026-09-21 03:05:21+00:00
09/20/2026 22:10:21,N,35.1387,1.49,0.1,0.0,0.1,0.0,0.82,20.0,0.0,0.0,0.0,0.0,0.0,0.0,0.0,11138.45,90318.74,0.0,2026-09-21 03:10:21+00:00
09/20/2026 22:15:20,N,36.284,2.51,0.24,0.0,0.24,0.0,1.94,20.0,0.0,0.0,0.0,0.0,0.0,0.0,0.0,10950.02,90454.63,0.0,2026-09-21 03:15:20+00:00
09/20/2026 22:20:20,N,35.0051,1.1,0.1,0.0,0.1,0.0,0.77,20.0,0.0,0.0,0.0,0.0,0.0,0.0,0.0,10844.27,90315.5,0.0,2026-09-21 03:20:20+00:00
09/20/2026 22:25:18,N,34.0865,0.85,0.04,0.0,0.04,0.0,0.28,20.0,0.0,0.0,0.0,0.0,0.0,0.0,0.0,10749.34,90454.8,0.0,2026-09-21 03:25:18+00:00
09/20/2026 22:30:19,N,33.8564,0.6,0.05,0.0,0.05,0.0,0.36,20.0,0.0,0.0,0.0,0.0,0.0,0.0,0.0,10823.26,90508.13,0.0,2026-09-21 03:30:19+00:00
09/20/2026 22:35:20,N,38.6123,1.07,0.09,0.0,0.09,0.05,0.75,20.0,0.0,0.0,0.0,0.0,0.0,0.0,0.0,10674.89,90672.19,0.0,2026-09-21 03:35:20+00:00
09/20/2026 22:40:19,N,30.8125,0.9,0.08,0.0,0.08,0.0,0.65,20.0,0.0,0.0,0.0,0.0,0.0,0.0,0.0,10609.97,90707.93,0.0,2026-09-21 03:40:19+00:00
09/20/2026 22:45:20,N,30.7648,0.78,0.07,0.0,0.07,0.0,0.59,20.0,0.0,0.0,0.0,0.0,0.0,0.0,0.0,10552.24,90655.45,0.0,2026-09-21 03:45:20+00:00
09/20/2026 22:50:20,N,31.4426,0.98,0.0,0.0,0.0,0.0,0.0,20.0,0.0,0.0,0.0,0.0,0.0,0.0,0.0,10154.2,90743.37,0.0,2026-09-21 03:50:20+00:00
09/20/2026 22:55:19,N,31.5197,0.87,0.0,0.0,0.0,0.0,0.0,20.0,0.0,0.0,0.0,0.0,0.0,0.0,0.0,9851.2,90449.72,0.0,2026-09-21 03:55:19+00:00
09/20/2026 23:00:21,N,30.9346,0.0,0.0,0.0,0.0,0.0,0.0,0.0,0.0,0.0,0.0,0.0,0.0,0.0,0.0,9882.49,90060.23,0.0,2026-09-21 04:00:21+00:00
09/20/2026 23:05:19,N,30.6272,0.0,0.0,0.0,0.0,0.0,0.0,0.0,0.0,0.0,0.0,0.0,0.0,0.0,0.0,9795.08,90167.92,0.0,2026-09-21 04:05:19+00:00
09/20/2026 23:10:18,N,30.1357,0.0,0.0,0.0,0.0,0.0,0.0,0.0,0.0,0.0,0.0,0.0,0.0,0.0,0.0,9736.84,90207.49,0.0,2026-09-21 04:10:18+00:00
09/20/2026 23:15:19,N,30.0938,0.0,0.0,0.0,0.0,0.0,0.0,0.0,0.0,0.0,0.0,0.0,0.0,0.0,0.0,9618.03,90167.7,0.0,2026-09-21 04:15:19+00:00
09/20/2026 23:20:18,N,29.8388,0.0,0.0,0.0,0.0,0.0,0.0,0.0,0.0,0.0,0.0,0.0,0.0,0.0,0.0,9401.02,90192.48,0.0,2026-09-21 04:20:18+00:00
09/20/2026 23:25:18,N,29.8883,0.0,0.0,0.0,0.0,0.0,0.0,0.0,0.0,0.0,0.0,0.0,0.0,0.0,0.0,9111.89,90020.7,0.0,2026-09-21 04:25:18+00:00
09/20/2026 23:30:18,N,29.8992,0.0,0.0,0.0,0.0,0.0,0.0,0.0,0.0,0.0,0.0,0.0,0.0,0.0,0.0,8845.49,89717.9,0.0,2026-09-21 04:30:18+00:00
09/20/2026 23:35:18,N,29.6956,0.0,0.0,0.0,0.0,0.0,0.0,0.0,0.0,0.0,0.0,0.0,0.0,0.0,0.0,8652.82,89276.55,0.0,2026-09-21 04:35:18+00:00
09/20/2026 23:40:18,N,29.7001,0.0,0.0,0.0,0.0,0.0,0.0,0.0,0.0,0.0,0.0,0.0,0.0,0.0,0.0,8790.51,88728.35,0.0,2026-09-21 04:40:18+00:00
09/20/2026 23:45:17,N,29.7123,0.0,0.0,0.0,0.0,0.0,0.0,0.0,0.0,0.0,0.0,0.0,0.0,0.0,0.0,8747.64,88624.98,0.0,2026-09-21 04:45:17+00:00
09/20/2026 23:50:18,N,35.681,0.0,0.0,0.0,0.0,0.0,0.0,0.0,0.0,0.0,0.0,0.0,0.0,0.0,0.0,8760.29,88407.1,0.0,2026-09-21 04:50:18+00:00
09/20/2026 23:55:17,N,35.3029,0.0,0.0,0.0,0.0,0.0,0.0,0.0,0.0,0.0,0.0,0.0,0.0,0.0,0.0,8897.83,88237.24,0.0,2026-09-21 04:55:17+00:00
09/21/2026 00:00:20,N,35.4459,0.0,0.0,0.0,0.0,0.0,0.0,0.0,0.0,0.0,0.0,0.0,0.0,0.0,0.0,8823.46,88186.27,0.0,2026-09-21 05:00:20+00:00
09/21/2026 00:05:19,N,29.4316,0.0,0.0,0.0,0.0,0.0,0.0,0.0,0.0,0.0,0.0,0.0,0.0,0.0,0.0,8378.8,88660.56,0.0,2026-09-21 05:05:19+00:00
09/21/2026 00:10:19,N,29.4991,0.0,0.0,0.0,0.0,0.0,0.0,0.0,0.0,0.0,0.0,0.0,0.0,0.0,0.0,8381.17,88641.33,0.0,2026-09-21 05:10:19+00:00
09/21/2026 00:15:18,N,30.2526,0.0,0.0,0.0,0.0,0.0,0.0,0.0,0.0,0.0,0.0,0.0,0.0,0.0,0.0,8162.09,88034.28,0.0,2026-09-21 05:15:18+00:00
09/21/2026 00:20:17,N,30.3366,0.0,0.0,0.0,0.0,0.0,0.0,0.0,0.0,0.0,0.0,0.0,0.0,0.0,0.0,8291.12,87416.63,0.0,2026-09-21 05:20:17+00:00
09/21/2026 00:25:17,N,29.6757,0.0,0.0,0.0,0.0,0.0,0.0,0.0,0.0,0.0,0.0,0.0,0.0,0.0,0.0,8309.98,87115.44,0.0,2026-09-21 05:25:17+00:00
09/21/2026 00:30:17,N,29.3473,0.0,0.0,0.0,0.0,0.0,0.0,0.0,0.0,0.0,0.0,0.0,0.0,0.0,0.0,8209.74,87039.88,0.0,2026-09-21 05:30:17+00:00
09/21/2026 00:35:17,N,29.2431,0.0,0.0,0.0,0.0,0.0,0.0,0.0,0.0,0.0,0.0,0.0,0.0,0.0,0.0,8293.83,86961.34,0.0,2026-09-21 05:35:17+00:00
09/21/2026 00:40:18,N,29.3517,0.0,0.0,0.0,0.0,0.0,0.0,0.0,0.0,0.0,0.0,0.0,0.0,0.0,0.0,8247.84,87131.92,0.0,2026-09-21 05:40:18+00:00
09/21/2026 00:45:18,N,29.0831,0.0,0.0,0.0,0.0,0.0,0.0,0.0,0.0,0.0,0.0,0.0,0.0,0.0,0.0,8583.89,87239.72,0.0,2026-09-21 05:45:18+00:00
09/21/2026 00:50:18,N,28.9992,0.0,0.0,0.0,0.0,0.0,0.0,0.0,0.0,0.0,0.0,0.0,0.0,0.0,0.0,8639.37,87559.49,0.0,2026-09-21 05:50:18+00:00
09/21/2026 00:55:20,N,29.0939,0.0,0.0,0.0,0.0,0.0,0.0,0.0,0.0,0.0,0.0,0.0,0.0,0.0,0.0,8932.85,87531.59,0.0,2026-09-21 05:55:20+00:00
09/21/2026 01:00:26,N,28.9944,0.0,0.0,0.0,0.0,0.0,0.0,0.0,0.0,0.0,0.0,0.0,0.0,0.0,0.0,8799.7,87318.69,0.0,2026-09-21 06:00:26+00:00
09/21/2026 01:05:17,N,28.9203,0.0,0.0,0.0,0.0,0.0,0.0,0.0,0.0,0.0,0.0,0.0,0.0,0.0,0.0,8756.15,87228.39,0.0,2026-09-21 06:05:17+00:00
09/21/2026 01:10:18,N,28.4314,0.0,0.0,0.0,0.0,0.0,0.0,0.0,0.0,0.0,0.0,0.0,0.0,0.0,0.0,8839.01,87075.63,0.0,2026-09-21 06:10:18+00:00
09/21/2026 01:15:18,N,28.297,0.0,0.0,0.0,0.0,0.0,0.0,0.0,0.0,0.0,0.0,0.0,0.0,0.0,0.0,9000.32,86930.54,0.0,2026-09-21 06:15:18+00:00
09/21/2026 01:20:17,N,27.8092,0.0,0.0,0.0,0.0,0.0,0.0,0.0,0.0,0.0,0.0,0.0,0.0,0.0,0.0,9123.1,86730.2,0.0,2026-09-21 06:20:17+00:00
09/21/2026 01:25:20,N,27.4754,0.0,0.0,0.0,0.0,0.0,0.0,0.0,0.0,0.0,0.0,0.0,0.0,0.0,0.0,9500.88,86549.05,0.0,2026-09-21 06:25:20+00:00
09/21/2026 01:30:17,N,27.0136,0.0,0.0,0.0,0.0,0.0,0.0,0.0,0.0,0.0,0.0,0.0,0.0,0.0,0.0,9837.64,86358.75,0.0,2026-09-21 06:30:17+00:00
09/21/2026 01:35:18,N,26.9213,0.0,0.0,0.0,0.0,0.0,0.0,0.0,0.0,0.0,0.0,0.0,0.0,0.0,0.0,10085.09,86206.91,0.0,2026-09-21 06:35:18+00:00
09/21/2026 01:40:17,N,26.7966,0.0,0.0,0.0,0.0,0.0,0.0,0.0,0.0,0.0,0.0,0.0,0.0,0.0,0.0,10141.14,86139.31,0.0,2026-09-21 06:40:17+00:00
09/21/2026 01:45:17,N,26.3335,0.0,0.0,0.0,0.0,0.0,0.0,0.0,0.0,0.0,0.0,0.0,0.0,0.0,0.0,10047.34,85971.56,0.0,2026-09-21 06:45:17+00:00
09/21/2026 01:50:17,N,26.4555,0.0,0.0,0.0,0.0,0.0,0.0,0.0,0.0,0.0,0.0,0.0,0.0,0.0,0.0,10090.14,85488.11,0.0,2026-09-21 06:50:17+00:00
09/21/2026 01:55:17,N,26.4296,0.0,0.0,0.0,0.0,0.0,0.0,0.0,0.0,0.0,0.0,0.0,0.0,0.0,0.0,10057.88,85302.44,0.0,2026-09-21 06:55:17+00:00
09/21/2026 02:00:20,N,27.0253,0.0,0.0,0.0,0.0,0.0,0.0,0.0,0.0,0.0,0.0,0.0,0.0,0.0,0.0,10095.73,85648.52,0.0,2026-09-21 07:00:20+00:00
09/21/2026 02:05:20,N,26.9414,0.0,0.0,0.0,0.0,0.0,0.0,0.0,0.0,0.0,0.0,0.0,0.0,0.0,0.0,10012.26,85558.85,0.0,2026-09-21 07:05:20+00:00
09/21/2026 02:10:18,N,26.92,0.0,0.0,0.0,0.0,0.0,0.0,0.0,0.0,0.0,0.0,0.0,0.0,0.0,0.0,9915.79,85516.91,0.0,2026-09-21 07:10:18+00:00
09/21/2026 02:15:17,N,26.6186,0.0,0.0,0.0,0.0,0.0,0.0,0.0,0.0,0.0,0.0,0.0,0.0,0.0,0.0,9759.5,85368.83,0.0,2026-09-21 07:15:17+00:00
09/21/2026 02:20:17,N,26.4807,0.0,0.0,0.0,0.0,0.0,0.0,0.0,0.0,0.0,0.0,0.0,0.0,0.0,0.0,9748.94,85316.29,0.0,2026-09-21 07:20:17+00:00
09/21/2026 02:25:18,N,26.4811,0.0,0.0,0.0,0.0,0.0,0.0,0.0,0.0,0.0,0.0,0.0,0.0,0.0,0.0,9783.61,85337.53,0.0,2026-09-21 07:25:18+00:00
09/21/2026 02:30:18,N,26.6118,0.0,0.0,0.0,0.0,0.0,0.0,0.0,0.0,0.0,0.0,0.0,0.0,0.0,0.0,9738.13,85261.36,0.0,2026-09-21 07:30:18+00:00
09/21/2026 02:35:17,N,26.5193,0.0,0.0,0.0,0.0,0.0,0.0,0.0,0.0,0.0,0.0,0.0,0.0,0.0,0.0,9633.91,85089.23,0.0,2026-09-21 07:35:17+00:00
09/21/2026 02:40:18,N,26.5155,0.0,0.0,0.0,0.0,0.0,0.0,0.0,0.0,0.0,0.0,0.0,0.0,0.0,0.0,9607.94,84936.66,0.0,2026-09-21 07:40:18+00:00
09/21/2026 02:45:18,N,26.5177,0.0,0.0,0.0,0.0,0.0,0.0,0.0,0.0,0.0,0.0,0.0,0.0,0.0,0.0,9705.05,84728.34,0.0,2026-09-21 07:45:18+00:00
09/21/2026 02:50:16,N,27.0205,0.0,0.0,0.0,0.0,0.0,0.0,0.0,0.0,0.0,0.0,0.0,0.0,0.0,0.0,9772.66,84524.1,0.0,2026-09-21 07:50:16+00:00
09/21/2026 02:55:16,N,25.8409,0.0,0.0,0.0,0.0,0.0,0.0,0.0,0.0,0.0,0.0,0.0,0.0,0.0,0.0,9715.12,84474.57,0.0,2026-09-21 07:55:16+00:00
09/21/2026 03:00:19,N,24.3872,0.0,0.0,0.0,0.0,0.0,0.0,0.0,0.0,0.0,0.0,0.0,0.0,0.0,0.0,9824.34,84886.97,0.0,2026-09-21 08:00:19+00:00
09/21/2026 03:05:17,N,25.0499,0.0,0.0,0.0,0.0,0.0,0.0,0.0,0.0,0.0,0.0,0.0,0.0,0.0,0.0,9730.42,84442.16,0.0,2026-09-21 08:05:17+00:00
09/21/2026 03:10:17,N,25.2112,0.0,0.0,0.0,0.0,0.0,0.0,0.0,0.0,0.0,0.0,0.0,0.0,0.0,0.0,9661.54,84434.96,0.0,2026-09-21 08:10:17+00:00
09/21/2026 03:15:17,N,25.1306,0.0,0.0,0.0,0.0,0.0,0.0,0.0,0.0,0.0,0.0,0.0,0.0,0.0,0.0,9627.14,84224.34,0.0,2026-09-21 08:15:17+00:00
09/21/2026 03:20:16,N,25.7366,0.0,0.0,0.0,0.0,0.0,0.0,0.0,0.0,0.0,0.0,0.0,0.0,0.0,0.0,9656.91,84018.38,0.0,2026-09-21 08:20:16+00:00
09/21/2026 03:25:17,N,26.1576,0.0,0.0,0.0,0.0,0.0,0.0,0.0,0.0,0.0,0.0,0.0,0.0,0.0,0.0,9795.11,83952.45,0.0,2026-09-21 08:25:17+00:00
09/21/2026 03:30:17,N,26.0949,0.0,0.0,0.0,0.0,0.0,0.0,0.0,0.0,0.0,0.0,0.0,0.0,0.0,0.0,9821.26,83967.81,0.0,2026-09-21 08:30:17+00:00
09/21/2026 03:35:16,N,25.8212,0.0,0.0,0.0,0.0,0.0,0.0,0.0,0.0,0.0,0.0,0.0,0.0,0.0,0.0,9838.81,83949.21,0.0,2026-09-21 08:35:16+00:00
09/21/2026 03:40:17,N,25.804,0.0,0.0,0.0,0.0,0.0,0.0,0.0,0.0,0.0,0.0,0.0,0.0,0.0,0.0,9875.97,83887.63,0.0,2026-09-21 08:40:17+00:00
09/21/2026 03:45:17,N,28.2548,0.0,0.0,0.0,0.0,0.0,0.0,0.0,0.0,0.0,0.0,0.0,0.0,0.0,0.0,9891.55,83804.13,0.0,2026-09-21 08:45:17+00:00
09/21/2026 03:50:17,N,29.0201,0.0,0.0,0.0,0.0,0.0,0.0,0.0,0.0,0.0,0.0,0.0,0.0,0.0,0.0,9938.11,83698.07,0.0,2026-09-21 08:50:17+00:00
09/21/2026 03:55:18,N,27.5733,0.0,0.0,0.0,0.0,0.0,0.0,0.0,0.0,0.0,0.0,0.0,0.0,0.0,0.0,9928.74,83638.52,0.0,2026-09-21 08:55:18+00:00
09/21/2026 04:00:19,N,26.0618,0.0,0.0,0.0,0.0,0.0,0.0,0.0,0.0,0.0,0.0,0.0,0.0,0.0,0.0,9999.27,83961.66,0.0,2026-09-21 09:00:19+00:00
09/21/2026 04:05:17,N,26.6331,0.0,0.0,0.0,0.0,0.0,0.0,0.0,0.0,0.0,0.0,0.0,0.0,0.0,0.0,10188.58,83564.53,0.0,2026-09-21 09:05:17+00:00
09/21/2026 04:10:17,N,26.9176,0.0,0.0,0.0,0.0,0.0,0.0,0.0,0.0,0.0,0.0,0.0,0.0,0.0,0.0,10325.72,83526.98,0.0,2026-09-21 09:10:17+00:00
09/21/2026 04:15:17,N,27.5088,0.0,0.0,0.0,0.0,0.0,0.0,0.0,0.0,0.0,0.0,0.0,0.0,0.0,0.0,10494.81,83432.79,0.0,2026-09-21 09:15:17+00:00
09/21/2026 04:20:18,N,27.7522,0.0,0.0,0.0,0.0,0.0,0.0,0.0,0.0,0.0,0.0,0.0,0.0,0.0,0.0,10580.24,83212.83,0.0,2026-09-21 09:20:18+00:00
09/21/2026 04:25:16,N,29.0037,0.0,0.0,0.0,0.0,0.0,0.0,0.0,0.0,0.0,0.0,0.0,0.0,0.0,0.0,10577.74,82910.23,0.0,2026-09-21 09:25:16+00:00
09/21/2026 04:30:17,N,28.6146,0.0,0.0,0.0,0.0,0.0,0.0,0.0,0.0,0.0,0.0,0.0,0.0,0.0,0.0,10587.99,82528.44,0.0,2026-09-21 09:30:17+00:00
09/21/2026 04:35:17,N,27.8139,0.0,0.0,0.0,0.0,0.0,0.0,0.0,0.0,0.0,0.0,0.0,0.0,0.0,0.0,10700.64,82662.76,0.0,2026-09-21 09:35:17+00:00
09/21/2026 04:40:16,N,28.9957,0.0,0.0,0.0,0.0,0.0,0.0,0.0,0.0,0.0,0.0,0.0,0.0,0.0,0.0,10670.59,82437.45,0.0,2026-09-21 09:40:16+00:00
09/21/2026 04:45:17,N,30.3733,0.0,0.0,0.0,0.0,0.0,0.0,0.0,0.0,0.0,0.0,0.0,0.0,0.0,0.0,10671.6,82131.52,0.0,2026-09-21 09:45:17+00:00
09/21/2026 04:50:17,N,32.1305,0.0,0.0,0.0,0.0,0.0,0.0,0.0,0.0,0.0,0.0,0.0,0.0,0.0,0.0,10644.92,81823.27,0.0,2026-09-21 09:50:17+00:00
09/21/2026 04:55:17,N,32.9926,0.0,0.0,0.0,0.0,0.0,0.0,0.0,0.0,0.0,0.0,0.0,0.0,0.0,0.0,10562.62,81554.34,0.0,2026-09-21 09:55:17+00:00
09/21/2026 05:00:20,N,30.097,0.0,0.0,0.0,0.0,0.0,0.0,0.0,0.0,0.0,0.0,0.0,0.0,0.0,0.0,10533.92,81284.42,0.0,2026-09-21 10:00:20+00:00
09/21/2026 05:05:17,N,37.9855,0.0,0.0,0.0,0.0,0.0,0.0,0.0,0.0,0.0,0.0,0.0,0.0,0.0,0.0,10047.48,81452.06,0.0,2026-09-21 10:05:17+00:00
09/21/2026 05:10:19,N,38.1167,0.0,0.0,0.0,0.0,0.0,0.0,0.0,0.0,0.0,0.0,0.0,0.0,0.0,0.0,9973.55,81218.97,0.0,2026-09-21 10:10:19+00:00
09/21/2026 05:15:17,N,34.4318,0.0,0.0,0.0,0.0,0.0,0.0,0.0,0.0,0.0,0.0,0.0,0.0,0.0,0.0,10065.25,81226.55,0.0,2026-09-21 10:15:17+00:00
09/21/2026 05:20:16,N,35.0249,0.0,0.0,0.0,0.0,0.0,0.0,0.0,0.0,0.0,0.0,0.0,0.0,0.0,0.0,10076.38,81125.76,0.0,2026-09-21 10:20:16+00:00
09/21/2026 05:25:17,N,33.1497,0.0,0.0,0.0,0.0,0.0,0.0,0.0,0.0,0.0,0.0,0.0,0.0,0.0,0.0,10032.26,81062.33,0.0,2026-09-21 10:25:17+00:00
09/21/2026 05:30:17,N,31.7101,0.0,0.0,0.0,0.0,0.0,0.0,0.0,0.0,0.0,0.0,0.0,0.0,0.0,0.0,9905.58,81033.53,0.0,2026-09-21 10:30:17+00:00
09/21/2026 05:35:15,N,30.5763,0.0,0.0,0.0,0.0,0.0,0.0,0.0,0.0,0.0,0.0,0.0,0.0,0.0,0.0,9884.28,81036.96,0.0,2026-09-21 10:35:15+00:00
09/21/2026 05:40:17,N,30.6037,0.0,0.0,0.0,0.0,0.0,0.0,0.0,0.0,0.0,0.0,0.0,0.0,0.0,0.0,9875.2,81132.05,0.0,2026-09-21 10:40:17+00:00
09/21/2026 05:45:17,N,29.5121,0.0,0.0,0.0,0.0,0.0,0.0,0.0,0.0,0.0,0.0,0.0,0.0,0.0,0.0,9888.21,81194.45,0.0,2026-09-21 10:45:17+00:00
09/21/2026 05:50:17,N,29.4643,0.0,0.0,0.0,0.0,0.0,0.0,0.0,0.0,0.0,0.0,0.0,0.0,0.0,0.0,9882.24,81135.63,0.0,2026-09-21 10:50:17+00:00
09/21/2026 05:55:17,N,29.4306,0.0,0.0,0.0,0.0,0.0,0.0,0.0,0.0,0.0,0.0,0.0,0.0,0.0,0.0,9880.15,81198.17,0.0,2026-09-21 10:55:17+00:00
09/21/2026 06:00:20,N,29.246,0.0,0.0,0.0,0.0,0.0,0.0,0.0,0.0,0.0,0.0,0.0,0.0,0.0,0.0,9878.64,81217.11,0.0,2026-09-21 11:00:20+00:00
09/21/2026 06:05:17,N,30.4945,0.0,0.0,0.0,0.0,0.0,0.0,0.0,0.0,0.0,0.0,0.0,0.0,0.0,0.0,9786.34,81080.55,0.0,2026-09-21 11:05:17+00:00
09/21/2026 06:10:19,N,32.6848,0.0,0.0,0.0,0.0,0.0,0.0,0.0,0.0,0.0,0.0,0.0,0.0,0.0,0.0,9475.99,80863.85,0.0,2026-09-21 11:10:19+00:00
09/21/2026 06:15:18,N,34.1304,0.0,0.0,0.0,0.0,0.0,0.0,0.0,0.0,0.0,0.0,0.0,0.0,0.0,0.0,9359.13,80601.6,0.0,2026-09-21 11:15:18+00:00
09/21/2026 06:20:16,N,35.0097,0.0,0.0,0.0,0.0,0.0,0.0,0.0,0.0,0.0,0.0,0.0,0.0,0.0,0.0,9120.17,80402.02,0.0,2026-09-21 11:20:16+00:00
09/21/2026 06:25:17,N,35.1908,0.0,0.0,0.0,0.0,0.0,0.0,0.0,0.0,0.0,0.0,0.0,0.0,0.0,0.0,8943.03,80185.94,0.0,2026-09-21 11:25:17+00:00
09/21/2026 06:30:20,N,36.2749,0.0,0.0,0.0,0.0,0.0,0.0,0.0,0.0,0.0,0.0,0.0,0.0,0.0,0.0,8949.0,80764.43,0.0,2026-09-21 11:30:20+00:00
09/21/2026 06:35:18,N,36.2079,0.0,0.0,0.0,0.0,0.0,0.0,0.0,0.0,0.0,0.0,0.0,0.0,0.0,0.0,8701.84,80647.13,0.0,2026-09-21 11:35:18+00:00
09/21/2026 06:40:18,N,37.297,0.0,0.0,0.0,0.0,0.0,0.0,0.0,0.0,0.0,0.0,0.0,0.0,0.0,0.0,8653.37,80477.7,0.0,2026-09-21 11:40:18+00:00
09/21/2026 06:45:18,N,39.4727,0.0,0.0,0.0,0.0,0.0,0.0,0.0,0.0,0.0,0.0,0.0,0.0,0.0,0.0,8606.87,80227.66,0.0,2026-09-21 11:45:18+00:00
09/21/2026 06:50:18,N,38.4453,0.0,0.0,0.0,0.0,0.0,0.0,0.0,0.0,0.0,0.0,0.0,0.0,0.0,0.0,8442.34,79954.73,0.0,2026-09-21 11:50:18+00:00
09/21/2026 06:55:17,N,38.0106,0.0,0.0,0.0,0.0,0.0,0.0,0.0,0.0,0.0,0.0,0.0,0.0,0.0,0.0,8309.45,79790.05,0.0,2026-09-21 11:55:17+00:00
09/21/2026 07:00:18,N,35.7317,0.0,0.0,0.0,0.0,0.0,0.0,0.0,0.0,0.0,0.0,0.0,0.0,0.0,0.0,8294.63,79622.94,0.0,2026-09-21 12:00:18+00:00
09/21/2026 07:05:25,N,36.964,0.0,0.0,0.0,0.0,0.0,0.0,0.0,0.0,0.0,0.0,0.0,0.0,0.0,0.0,8321.48,79424.49,0.0,2026-09-21 12:05:25+00:00
09/21/2026 07:10:24,N,37.1243,0.0,0.0,0.0,0.0,0.0,0.0,0.0,0.0,0.0,0.0,0.0,0.0,0.0,0.0,8254.88,79302.16,0.0,2026-09-21 12:10:24+00:00
09/21/2026 07:15:18,N,38.0746,0.0,0.0,0.0,0.0,0.0,0.0,0.0,0.0,0.0,0.0,0.0,0.0,0.0,0.0,8246.04,79215.43,0.0,2026-09-21 12:15:18+00:00
09/21/2026 07:20:24,N,37.7153,0.0,0.0,0.0,0.0,0.0,0.0,0.0,0.0,0.0,0.0,0.0,0.0,0.0,0.0,8233.99,79238.68,0.0,2026-09-21 12:20:24+00:00
09/21/2026 07:25:23,N,37.0444,0.0,0.0,0.0,0.0,0.0,0.0,0.0,0.0,0.0,0.0,0.0,0.0,0.0,0.0,8256.35,79581.84,0.0,2026-09-21 12:25:23+00:00
09/21/2026 07:30:24,N,35.7912,0.0,0.0,0.0,0.0,0.0,0.0,0.0,0.0,0.0,0.0,0.0,0.0,0.0,0.0,8403.31,79654.26,0.0,2026-09-21 12:30:24+00:00
09/21/2026 07:35:25,N,35.4743,0.0,0.0,0.0,0.0,0.0,0.0,0.0,0.0,0.0,0.0,0.0,0.0,0.0,0.0,8391.48,79920.62,0.0,2026-09-21 12:35:25+00:00
09/21/2026 07:40:22,N,35.0907,0.0,0.0,0.0,0.0,0.0,0.0,0.0,0.0,0.0,0.0,0.0,0.0,0.0,0.0,8454.24,80292.47,0.0,2026-09-21 12:40:22+00:00
09/21/2026 07:45:20,N,34.8469,0.0,0.0,0.0,0.0,0.0,0.0,0.0,0.0,0.0,0.0,0.0,0.0,0.0,0.0,8479.19,80729.06,0.0,2026-09-21 12:45:20+00:00
09/21/2026 07:50:19,N,34.2881,0.0,0.0,0.0,0.0,0.0,0.0,0.0,0.0,0.0,0.0,0.0,0.0,0.0,0.0,8476.87,81492.74,0.0,2026-09-21 12:50:19+00:00
09/21/2026 07:55:18,N,32.1774,0.0,0.0,0.0,0.0,0.0,0.0,0.0,0.0,0.0,0.0,0.0,0.0,0.0,0.0,8521.68,82276.58,0.0,2026-09-21 12:55:18+00:00
09/21/2026 08:00:19,N,33.9327,0.0,0.0,0.0,0.0,0.0,0.0,0.0,0.0,0.0,0.0,0.0,0.0,0.0,0.0,8406.33,82989.09,0.0,2026-09-21 13:00:19+00:00
09/21/2026 08:05:17,N,31.0134,0.0,0.0,0.0,0.0,0.0,0.0,0.0,0.0,0.0,0.0,0.0,0.0,0.0,0.0,8446.08,83507.2,0.0,2026-09-21 13:05:17+00:00
09/21/2026 08:10:17,N,30.0096,0.0,0.0,0.0,0.0,0.0,0.0,0.0,0.0,0.0,0.0,0.0,0.0,0.0,0.0,8340.07,84480.05,0.0,2026-09-21 13:10:17+00:00
09/21/2026 08:15:18,N,28.4103,0.0,0.0,0.0,0.0,0.0,0.0,0.0,0.0,0.0,0.0,0.0,0.0,0.0,0.0,8309.89,85398.14,0.0,2026-09-21 13:15:18+00:00
09/21/2026 08:20:17,N,26.3333,0.0,0.0,0.0,0.0,0.0,0.0,0.0,0.0,0.0,0.0,0.0,0.0,0.0,0.0,8316.95,86770.96,0.0,2026-09-21 13:20:17+00:00
09/21/2026 08:25:16,N,25.1959,0.0,0.0,0.0,0.0,0.0,0.0,0.0,0.0,0.0,0.0,0.0,0.0,0.0,0.0,8246.71,88296.2,0.0,2026-09-21 13:25:16+00:00
09/21/2026 08:30:17,N,23.9369,0.0,0.0,0.0,0.0,0.0,0.0,0.0,0.0,0.0,0.0,0.0,0.0,0.0,0.0,8267.94,89461.34,0.0,2026-09-21 13:30:17+00:00
09/21/2026 08:35:15,N,23.7192,0.0,0.0,0.0,0.0,0.0,0.0,0.0,0.0,0.0,0.0,0.0,0.0,0.0,0.0,8206.55,90890.32,0.0,2026-09-21 13:35:15+00:00
09/21/2026 08:40:17,N,23.9102,0.0,0.0,0.0,0.0,0.0,0.0,0.0,0.0,0.0,0.0,0.0,0.0,0.0,0.0,8162.37,91763.73,0.0,2026-09-21 13:40:17+00:00
09/21/2026 08:45:18,N,23.0604,0.0,0.0,0.0,0.0,0.0,0.0,0.0,0.0,0.0,0.0,0.0,0.0,0.0,0.0,8075.11,93161.52,0.0,2026-09-21 13:45:18+00:00
09/21/2026 08:50:17,N,21.7385,0.0,0.0,0.0,0.0,0.0,0.0,0.0,0.0,0.0,0.0,0.0,0.0,0.0,0.0,8246.69,94605.73,0.0,2026-09-21 13:50:17+00:00
09/21/2026 08:55:16,N,22.0824,0.0,0.0,0.0,0.0,0.0,0.0,0.0,0.0,0.0,0.0,0.0,0.0,0.0,0.0,8448.19,95751.55,0.0,2026-09-21 13:55:16+00:00
09/21/2026 09:00:18,N,24.423,0.0,0.0,0.0,0.0,0.0,0.0,0.0,0.0,0.0,0.0,0.0,0.0,0.0,0.0,8906.67,96500.24,0.0,2026-09-21 14:00:18+00:00
09/21/2026 09:05:16,N,23.9789,0.0,0.0,0.0,0.0,0.0,0.0,0.0,0.0,0.0,0.0,0.0,0.0,0.0,0.0,8882.78,97899.88,0.0,2026-09-21 14:05:16+00:00
09/21/2026 09:10:16,N,22.8998,0.0,0.0,0.0,0.0,0.0,0.0,0.0,0.0,0.0,0.0,0.0,0.0,0.0,0.0,8854.37,99131.47,0.0,2026-09-21 14:10:16+00:00
09/21/2026 09:15:16,N,23.3179,0.0,0.0,0.0,0.0,0.0,0.0,0.0,0.0,0.0,0.0,0.0,0.0,0.0,0.0,8750.09,99784.34,0.0,2026-09-21 14:15:16+00:00
09/21/2026 09:20:16,N,22.1987,0.0,0.0,0.0,0.0,0.0,0.0,0.0,0.0,0.0,0.0,0.0,0.0,0.0,0.0,8890.94,101063.15,0.0,2026-09-21 14:20:16+00:00
09/21/2026 09:25:16,N,21.56,0.0,0.0,0.0,0.0,0.0,0.0,0.0,0.0,0.0,0.0,0.0,0.0,0.0,0.0,8794.66,101690.3,0.0,2026-09-21 14:25:16+00:00
09/21/2026 09:30:16,N,22.8534,0.0,0.0,0.0,0.0,0.0,0.0,0.0,0.0,0.0,0.0,0.0,0.0,0.0,0.0,8647.58,101943.42,0.0,2026-09-21 14:30:16+00:00
09/21/2026 09:35:17,N,23.482,0.0,0.0,0.0,0.0,0.0,0.0,0.0,0.0,0.0,0.0,0.0,0.0,0.0,0.0,8743.43,101969.3,0.0,2026-09-21 14:35:17+00:00
09/21/2026 09:40:17,N,23.3214,0.0,0.0,0.0,0.0,0.0,0.0,0.0,0.0,0.0,0.0,0.0,0.0,0.0,0.0,8910.35,102042.14,0.0,2026-09-21 14:40:17+00:00
09/21/2026 09:45:16,N,23.0652,0.0,0.0,0.0,0.0,0.0,0.0,0.0,0.0,0.0,0.0,0.0,0.0,0.0,0.0,9061.94,102795.72,0.0,2026-09-21 14:45:16+00:00
09/21/2026 09:50:16,N,23.5617,0.0,0.0,0.0,0.0,0.0,0.0,0.0,0.0,0.0,0.0,0.0,0.0,0.0,0.0,9130.02,102845.44,0.0,2026-09-21 14:50:16+00:00
09/21/2026 09:55:17,N,25.4528,0.0,0.0,0.0,0.0,0.0,0.0,0.0,0.0,0.0,0.0,0.0,0.0,0.0,0.0,9174.68,103201.21,0.0,2026-09-21 14:55:17+00:00
09/21/2026 10:00:20,N,24.5555,0.0,0.0,0.0,0.0,0.0,0.0,0.0,0.0,0.0,0.0,0.0,0.0,0.0,0.0,9310.11,103886.97,0.0,2026-09-21 15:00:20+00:00
09/21/2026 10:05:18,N,24.5474,0.0,0.0,0.0,0.0,0.0,0.0,0.0,0.0,0.0,0.0,0.0,0.0,0.0,0.0,9563.51,103202.49,0.0,2026-09-21 15:05:18+00:00
09/21/2026 10:10:18,N,24.4611,0.0,0.0,0.0,0.0,0.0,0.0,0.0,0.0,0.0,0.0,0.0,0.0,0.0,0.0,9800.29,103704.16,0.0,2026-09-21 15:10:18+00:00
09/21/2026 10:15:18,N,24.6748,0.0,0.0,0.0,0.0,0.0,0.0,0.0,0.0,0.0,0.0,0.0,0.0,0.0,0.0,9941.66,104408.86,0.0,2026-09-21 15:15:18+00:00
09/21/2026 10:20:18,N,25.3791,0.0,0.0,0.0,0.0,0.0,0.0,0.0,0.0,0.0,0.0,0.0,0.0,0.0,0.0,10033.67,104443.07,0.0,2026-09-21 15:20:18+00:00
09/21/2026 10:25:18,N,24.7239,0.0,0.0,0.0,0.0,0.0,0.0,0.0,0.0,0.0,0.0,0.0,0.0,0.0,0.0,10141.24,105352.28,0.0,2026-09-21 15:25:18+00:00
09/21/2026 10:30:18,N,25.217,0.0,0.0,0.0,0.0,0.0,0.0,0.0,0.0,0.0,0.0,0.0,0.0,0.0,0.0,10215.93,105761.25,0.0,2026-09-21 15:30:18+00:00
09/21/2026 10:35:17,N,24.9028,0.0,0.0,0.0,0.0,0.0,0.0,0.0,0.0,0.0,0.0,0.0,0.0,0.0,0.0,10282.42,105325.0,0.0,2026-09-21 15:35:17+00:00
09/21/2026 10:40:17,N,27.2742,0.0,0.0,0.0,0.0,0.0,0.0,0.0,0.0,0.0,0.0,0.0,0.0,0.0,0.0,10329.73,105065.71,0.0,2026-09-21 15:40:17+00:00
09/21/2026 10:45:18,N,29.2008,0.0,0.0,0.0,0.0,0.0,0.0,0.0,0.0,0.0,0.0,0.0,0.0,0.0,0.0,10516.01,104702.33,0.0,2026-09-21 15:45:18+00:00
09/21/2026 10:50:18,N,29.5527,0.0,0.0,0.0,0.0,0.0,0.0,0.0,0.0,0.0,0.0,0.0,0.0,0.0,0.0,10672.9,104870.55,0.0,2026-09-21 15:50:18+00:00
09/21/2026 10:55:16,N,28.5711,0.0,0.0,0.0,0.0,0.0,0.0,0.0,0.0,0.0,0.0,0.0,0.0,0.0,0.0,10789.9,105201.92,0.0,2026-09-21 15:55:16+00:00
09/21/2026 11:00:20,N,27.9886,0.0,0.0,0.0,0.0,0.0,0.0,0.0,0.0,0.0,0.0,0.0,0.0,0.0,0.0,11153.23,105259.92,0.0,2026-09-21 16:00:20+00:00
09/21/2026 11:05:18,N,30.0157,0.0,0.0,0.0,0.0,0.0,0.0,0.0,0.0,0.0,0.0,0.0,0.0,0.0,0.0,10808.11,104978.7,0.0,2026-09-21 16:05:18+00:00
09/21/2026 11:10:21,N,30.9225,0.0,0.0,0.0,0.0,0.0,0.0,0.0,0.0,0.0,0.0,0.0,0.0,0.0,0.0,10976.55,104134.88,0.0,2026-09-21 16:10:21+00:00
09/21/2026 11:15:21,N,31.632,0.0,0.0,0.0,0.0,0.0,0.0,0.0,0.0,0.0,0.0,0.0,0.0,0.0,0.0,11022.49,104634.71,0.0,2026-09-21 16:15:21+00:00
09/21/2026 11:20:17,N,34.5356,0.0,0.0,0.0,0.0,0.0,0.0,0.0,0.0,0.0,0.0,0.0,0.0,0.0,0.0,11491.66,105101.16,0.0,2026-09-21 16:20:17+00:00
09/21/2026 11:25:19,N,30.6807,0.0,0.0,0.0,0.0,0.0,0.0,0.0,0.0,0.0,0.0,0.0,0.0,0.0,0.0,11776.16,105003.34,0.0,2026-09-21 16:25:19+00:00
09/21/2026 11:30:19,N,31.516,0.0,0.0,0.0,0.0,0.0,0.0,0.0,0.0,0.0,0.0,0.0,0.0,0.0,0.0,11751.06,105463.4,0.0,2026-09-21 16:30:19+00:00
09/21/2026 11:35:19,N,34.2686,0.0,0.0,0.0,0.0,0.0,0.0,0.0,0.0,0.0,0.0,0.0,0.0,0.0,0.0,11770.1,105640.66,0.0,2026-09-21 16:35:19+00:00
09/21/2026 11:40:19,N,30.927,0.0,0.0,0.0,0.0,0.0,0.0,0.0,0.0,0.0,0.0,0.0,0.0,0.0,0.0,12241.83,105841.22,0.0,2026-09-21 16:40:19+00:00
09/21/2026 11:45:19,N,29.612,0.0,0.0,0.0,0.0,0.0,0.0,0.0,0.0,0.0,0.0,0.0,0.0,0.0,0.0,12814.39,105701.82,0.0,2026-09-21 16:45:19+00:00
09/21/2026 11:50:19,N,32.8234,0.0,0.0,0.0,0.0,0.0,0.0,0.0,0.0,0.0,0.0,0.0,0.0,0.0,0.0,12670.73,105790.0,0.0,2026-09-21 16:50:19+00:00
09/21/2026 11:55:21,N,33.2108,0.0,0.0,0.0,0.0,0.0,0.0,0.0,0.0,0.0,0.0,0.0,0.0,0.0,0.0,12935.48,106027.48,0.0,2026-09-21 16:55:21+00:00
09/21/2026 12:00:23,N,36.8449,0.0,0.0,0.0,0.0,0.0,0.0,0.0,0.0,0.0,0.0,0.0,0.0,0.0,0.0,13025.95,105421.79,0.0,2026-09-21 17:00:23+00:00
09/21/2026 12:05:21,N,35.2384,0.0,0.0,0.0,0.0,0.0,0.0,0.0,0.0,0.0,0.0,0.0,0.0,0.0,0.0,13067.53,105527.52,0.0,2026-09-21 17:05:21+00:00
09/21/2026 12:10:20,N,32.0664,0.0,0.0,0.0,0.0,0.0,0.0,0.0,0.0,0.0,0.0,0.0,0.0,0.0,0.0,13100.79,105553.96,0.0,2026-09-21 17:10:20+00:00
09/21/2026 12:15:20,N,38.625,0.0,0.0,0.0,0.0,0.0,0.0,0.0,0.0,0.0,0.0,0.0,0.0,0.0,0.0,13146.75,105809.79,0.0,2026-09-21 17:15:20+00:00
09/21/2026 12:20:21,N,42.4357,0.0,0.0,0.0,0.0,0.0,0.0,0.0,0.0,0.0,0.0,0.0,0.0,0.0,0.0,13294.75,105855.04,0.0,2026-09-21 17:20:21+00:00
09/21/2026 12:25:21,N,43.5641,0.0,0.0,0.0,0.0,0.0,0.0,0.0,0.0,0.0,0.0,0.0,0.0,0.0,0.0,13382.41,105857.46,0.0,2026-09-21 17:25:21+00:00
09/21/2026 12:30:21,N,48.2033,0.0,0.0,0.0,0.0,0.0,0.0,0.0,0.0,0.0,0.0,0.0,0.0,0.0,0.0,13540.27,105933.84,0.0,2026-09-21 17:30:21+00:00
09/21/2026 12:35:21,N,47.1094,0.0,0.0,0.0,0.0,0.0,0.0,0.0,0.0,0.0,0.0,0.0,0.0,0.0,0.0,13595.82,105838.28,0.0,2026-09-21 17:35:21+00:00
09/21/2026 12:40:21,N,50.5309,0.0,0.0,0.0,0.0,0.0,0.0,0.0,0.0,0.0,0.0,0.0,0.0,0.0,0.0,13911.46,105738.31,0.0,2026-09-21 17:40:21+00:00
09/21/2026 12:45:21,N,47.4155,0.0,0.0,0.0,0.0,0.0,0.0,0.0,0.0,0.0,0.0,0.0,0.0,0.0,0.0,13618.82,105684.32,0.0,2026-09-21 17:45:21+00:00
09/21/2026 12:50:22,N,44.3178,0.0,0.0,0.0,0.0,0.0,0.0,0.0,0.0,0.0,0.0,0.0,0.0,0.0,0.0,13854.57,106227.52,0.0,2026-09-21 17:50:22+00:00
09/21/2026 12:55:20,N,41.8591,0.0,0.0,0.0,0.0,0.0,0.0,0.0,0.0,0.0,0.0,0.0,0.0,0.0,0.0,14085.96,106968.91,0.0,2026-09-21 17:55:20+00:00
09/21/2026 13:00:24,N,60.5737,0.0,0.0,0.0,0.0,0.0,0.0,0.0,0.0,0.0,0.0,0.0,0.0,0.0,0.0,13679.43,106635.47,0.0,2026-09-21 18:00:24+00:00
09/21/2026 13:05:23,N,58.2576,0.0,0.0,0.0,0.0,0.0,0.0,0.0,0.0,0.0,0.0,0.0,0.0,0.0,0.0,13810.67,106107.5,0.0,2026-09-21 18:05:23+00:00
09/21/2026 13:10:22,N,56.5903,0.0,0.0,0.0,0.0,0.0,0.0,0.0,0.0,0.0,0.0,0.0,0.0,0.0,0.0,13781.3,106479.47,0.0,2026-09-21 18:10:22+00:00
09/21/2026 13:15:20,N,53.4517,0.0,0.0,0.0,0.0,0.0,0.0,0.0,0.0,0.0,0.0,0.0,0.0,0.0,0.0,14027.82,106822.54,0.0,2026-09-21 18:15:20+00:00
09/21/2026 13:20:21,N,54.9129,0.0,0.0,0.0,0.0,0.0,0.0,0.0,0.0,0.0,0.0,0.0,0.0,0.0,0.0,14161.66,106801.53,0.0,2026-09-21 18:20:21+00:00
09/21/2026 13:25:20,N,51.3988,0.0,0.0,0.0,0.0,0.0,0.0,0.0,0.0,0.0,0.0,0.0,0.0,0.0,0.0,13984.67,107103.07,0.0,2026-09-21 18:25:20+00:00
09/21/2026 13:30:21,N,61.3555,0.0,0.0,0.0,0.0,0.0,0.0,0.0,0.0,0.0,0.0,0.0,0.0,0.0,0.0,13935.45,106848.3,0.0,2026-09-21 18:30:21+00:00
09/21/2026 13:35:21,N,61.4015,0.0,0.0,0.0,0.0,0.0,0.0,0.0,0.0,0.0,0.0,0.0,0.0,0.0,0.0,13888.58,107271.23,0.0,2026-09-21 18:35:21+00:00
09/21/2026 13:40:21,N,58.2409,0.0,0.0,0.0,0.0,0.0,0.0,0.0,0.0,0.0,0.0,0.0,0.0,0.0,0.0,13910.0,107951.86,0.0,2026-09-21 18:40:21+00:00
09/21/2026 13:45:21,N,56.0118,0.0,0.0,0.0,0.0,0.0,0.0,0.0,0.0,0.0,0.0,0.0,0.0,0.0,0.0,14333.01,108086.58,0.0,2026-09-21 18:45:21+00:00
09/21/2026 13:50:21,N,46.5404,0.0,0.0,0.0,0.0,0.0,0.0,0.0,0.0,0.0,0.0,0.0,0.0,0.0,0.0,15033.74,108609.11,0.0,2026-09-21 18:50:21+00:00
09/21/2026 13:55:21,N,49.2502,0.0,0.0,0.0,0.0,0.0,0.0,0.0,0.0,0.0,0.0,0.0,0.0,0.0,0.0,15106.13,108591.34,0.0,2026-09-21 18:55:21+00:00
09/21/2026 14:00:24,N,47.3223,0.0,0.0,0.0,0.0,0.0,0.0,0.0,0.0,0.0,0.0,0.0,0.0,0.0,0.0,14981.18,108627.05,0.0,2026-09-21 19:00:24+00:00
09/21/2026 14:05:22,N,49.0375,0.0,0.0,0.0,0.0,0.0,0.0,0.0,0.0,0.0,0.0,0.0,0.0,0.0,0.0,15238.1,108647.82,0.0,2026-09-21 19:05:22+00:00
09/21/2026 14:10:22,N,51.0672,0.0,0.0,0.0,0.0,0.0,0.0,0.0,0.0,0.0,0.0,0.0,0.0,0.0,0.0,15312.56,108610.97,0.0,2026-09-21 19:10:22+00:00
09/21/2026 14:15:23,N,57.6647,0.0,0.0,0.0,0.0,0.0,0.0,0.0,0.0,0.0,0.0,0.0,0.0,0.0,0.0,15244.22,108425.44,0.0,2026-09-21 19:15:23+00:00
09/21/2026 14:20:23,N,57.8634,0.0,0.0,0.0,0.0,0.0,0.0,0.0,0.0,0.0,0.0,0.0,0.0,0.0,0.0,15349.55,108819.13,0.0,2026-09-21 19:20:23+00:00
09/21/2026 14:25:22,N,61.9742,0.0,0.0,0.0,0.0,0.0,0.0,0.0,0.0,0.0,0.0,0.0,0.0,0.0,0.0,15444.08,108566.7,0.0,2026-09-21 19:25:22+00:00
09/21/2026 14:30:23,N,66.2433,0.0,0.0,0.0,0.0,0.0,0.0,0.0,0.0,0.0,0.0,0.0,0.0,0.0,0.0,15298.53,108696.45,0.0,2026-09-21 19:30:23+00:00
09/21/2026 14:35:22,N,62.4565,0.0,0.0,0.0,0.0,0.0,0.0,0.0,0.0,0.0,0.0,0.0,0.0,0.0,0.0,15596.37,108554.22,0.0,2026-09-21 19:35:22+00:00
09/21/2026 14:40:23,N,62.9522,0.0,0.0,0.0,0.0,0.0,0.0,0.0,0.0,0.0,0.0,0.0,0.0,0.0,0.0,15677.39,108648.09,0.0,2026-09-21 19:40:23+00:00
09/21/2026 14:45:25,N,42.9493,0.0,0.0,0.0,0.0,0.0,0.0,0.0,0.0,0.0,0.0,0.0,0.0,0.0,0.0,15660.41,109227.29,0.0,2026-09-21 19:45:25+00:00
09/21/2026 14:50:22,N,40.8314,0.0,0.0,0.0,0.0,0.0,0.0,0.0,0.0,0.0,0.0,0.0,0.0,0.0,0.0,15720.66,109630.09,0.0,2026-09-21 19:50:22+00:00
09/21/2026 14:55:25,N,43.7267,0.0,0.0,0.0,0.0,0.0,0.0,0.0,0.0,0.0,0.0,0.0,0.0,0.0,0.0,16199.06,109203.34,0.0,2026-09-21 19:55:25+00:00
09/21/2026 15:00:22,N,41.6023,0.0,0.0,0.0,0.0,0.0,0.0,0.0,0.0,0.0,0.0,0.0,0.0,0.0,0.0,16176.67,109566.42,0.0,2026-09-21 20:00:22+00:00
09/21/2026 15:05:20,N,47.3116,8.69,0.0,0.0,0.0,0.0,0.02,30.0,0.0,0.0,0.0,0.0,0.0,0.0,0.0,16295.17,109415.85,0.0,2026-09-21 20:05:20+00:00
09/21/2026 15:10:21,N,60.5687,3.09,0.0,0.0,0.0,0.0,0.0,30.0,0.0,0.0,0.0,0.0,0.0,0.0,0.0,16326.13,109686.34,0.0,2026-09-21 20:10:21+00:00
09/21/2026 15:15:19,N,48.0326,9.77,0.0,0.0,0.0,0.0,0.0,30.0,0.0,0.0,0.0,0.0,0.0,0.0,0.0,16333.29,109900.82,0.0,2026-09-21 20:15:19+00:00
09/21/2026 15:20:20,N,58.6023,8.14,0.01,0.0,0.0,0.0,0.01,30.0,0.0,0.0,0.0,0.0,0.0,0.0,0.0,16248.27,110000.21,0.0,2026-09-21 20:20:20+00:00
09/21/2026 15:25:19,N,51.6824,4.52,0.0,0.0,0.0,0.0,0.0,30.0,0.0,0.0,0.0,0.0,0.0,0.0,0.0,15896.66,110636.23,0.0,2026-09-21 20:25:19+00:00
09/21/2026 15:30:20,N,57.0257,4.22,0.0,0.0,0.0,0.0,0.02,30.0,0.0,0.0,0.0,0.0,0.0,0.0,0.0,15863.84,110592.85,0.0,2026-09-21 20:30:20+00:00
09/21/2026 15:35:22,N,36.749,2.19,0.0,0.0,0.0,0.0,0.01,30.0,0.0,0.0,0.0,0.0,0.0,0.0,0.0,15463.37,110982.76,0.0,2026-09-21 20:35:22+00:00
09/21/2026 15:40:21,N,31.9651,4.93,0.0,0.0,0.0,0.0,0.0,30.0,0.0,0.0,0.0,0.0,0.0,0.0,0.0,15410.87,111432.13,0.0,2026-09-21 20:40:21+00:00
09/21/2026 15:45:22,N,31.8878,2.09,0.0,0.0,0.0,0.0,0.0,30.0,0.0,0.0,0.0,0.0,0.0,0.0,0.0,15719.7,111984.83,0.0,2026-09-21 20:45:22+00:00
09/21/2026 15:50:21,N,35.806,0.69,0.0,0.0,0.0,0.0,0.0,30.0,0.0,0.0,0.0,0.0,0.0,0.0,0.0,15704.15,111975.77,0.0,2026-09-21 20:50:21+00:00
09/21/2026 15:55:23,N,37.9748,0.0,0.0,0.0,0.0,0.0,0.0,30.0,0.0,0.0,0.0,0.0,0.0,0.0,0.0,15762.52,111775.52,0.0,2026-09-21 20:55:23+00:00
09/21/2026 15:58:26,N,60.9478,0.0,0.0,0.0,0.0,0.0,0.0,30.0,0.0,0.0,0.0,0.0,0.0,0.0,0.0,15716.58,111282.28,0.0,2026-09-21 20:58:26+00:00
09/21/2026 16:00:22,N,62.7749,0.0,0.0,0.0,0.0,0.0,0.0,30.0,0.0,0.0,0.0,0.0,0.0,0.0,0.0,15579.83,110616.47,0.0,2026-09-21 21:00:22+00:00
09/21/2026 16:03:36,N,54.2449,0.27,0.0,0.0,0.0,0.0,0.0,30.0,0.0,0.0,0.0,0.0,0.0,0.0,0.0,15715.52,110575.68,0.0,2026-09-21 21:03:36+00:00
09/21/2026 16:05:19,N,54.9705,0.0,0.0,0.0,0.0,0.0,0.0,30.0,0.0,0.0,0.0,0.0,0.0,0.0,0.0,15753.51,110376.11,0.0,2026-09-21 21:05:19+00:00
09/21/2026 16:10:20,N,58.0291,0.0,0.0,0.0,0.0,0.0,0.0,30.0,0.0,0.0,0.0,0.0,0.0,0.0,0.0,15666.42,110220.27,0.0,2026-09-21 21:10:20+00:00
09/21/2026 16:15:18,N,77.5314,0.0,0.0,0.0,0.0,0.0,0.0,30.0,0.0,0.0,0.0,0.0,0.0,0.0,0.0,15677.29,109799.26,0.0,2026-09-21 21:15:18+00:00
09/21/2026 16:20:19,N,58.7917,0.0,0.0,0.0,0.0,0.0,0.0,30.0,0.0,0.0,0.0,0.0,0.0,0.0,0.0,15596.82,109784.02,0.0,2026-09-21 21:20:19+00:00
09/21/2026 16:25:22,N,44.798,0.61,0.0,0.0,0.0,0.0,0.0,30.0,0.0,0.0,0.0,0.0,0.0,0.0,0.0,15599.06,109990.28,0.0,2026-09-21 21:25:22+00:00
09/21/2026 16:30:21,N,48.276,0.0,0.0,0.0,0.0,0.0,0.0,30.0,0.0,0.0,0.0,0.0,0.0,0.0,0.0,15631.7,110434.64,0.0,2026-09-21 21:30:21+00:00
09/21/2026 16:35:19,N,45.7792,0.0,0.0,0.0,0.0,0.0,0.0,30.0,0.0,0.0,0.0,0.0,0.0,0.0,0.0,15753.36,109961.7,0.0,2026-09-21 21:35:19+00:00
09/21/2026 16:40:20,N,45.9868,0.0,0.0,0.0,0.0,0.0,0.0,30.0,0.0,0.0,0.0,0.0,0.0,0.0,0.0,15835.25,109992.72,0.0,2026-09-21 21:40:20+00:00
09/21/2026 16:45:21,N,46.6827,0.0,0.0,0.0,0.0,0.0,0.0,30.0,0.0,0.0,0.0,0.0,0.0,0.0,0.0,15784.11,109517.16,0.0,2026-09-21 21:45:21+00:00
09/21/2026 16:50:21,N,45.3238,0.07,0.0,0.0,0.0,0.0,0.0,30.0,0.0,0.0,0.0,0.0,0.0,0.0,0.0,15902.29,109007.81,0.0,2026-09-21 21:50:21+00:00
09/21/2026 16:55:23,N,47.3891,0.0,0.0,0.0,0.0,0.0,0.0,30.0,0.0,0.0,0.0,0.0,0.0,0.0,0.0,15985.32,109053.05,0.0,2026-09-21 21:55:23+00:00
09/21/2026 17:00:22,N,49.3476,0.0,0.0,0.0,0.0,0.0,0.0,30.0,0.0,0.0,0.0,0.0,0.0,0.0,0.0,15946.04,108172.16,0.0,2026-09-21 22:00:22+00:00
09/21/2026 17:05:22,N,39.9836,0.0,0.0,0.0,0.0,0.0,0.0,30.0,0.0,0.0,0.0,0.0,0.0,0.0,0.0,15777.76,108520.84,0.0,2026-09-21 22:05:22+00:00
09/21/2026 17:10:20,N,41.376,0.0,0.0,0.0,0.0,0.0,0.0,30.0,0.0,0.0,0.0,0.0,0.0,0.0,0.0,15423.22,108045.61,0.0,2026-09-21 22:10:20+00:00
09/21/2026 17:12:49,N,48.5426,0.0,0.0,0.0,0.0,0.0,0.0,30.0,0.0,0.0,0.0,0.0,0.0,0.0,0.0,15324.42,107908.73,0.0,2026-09-21 22:12:49+00:00
09/21/2026 17:15:22,N,40.3669,0.0,0.0,0.0,0.0,0.0,0.0,30.0,0.0,0.0,0.0,0.0,0.0,0.0,0.0,15246.19,108137.39,0.0,2026-09-21 22:15:22+00:00
09/21/2026 17:20:24,N,42.1392,0.0,0.0,0.0,0.0,0.0,0.0,30.0,0.0,0.0,0.0,0.0,0.0,0.0,0.0,15997.47,107876.54,0.0,2026-09-21 22:20:24+00:00
09/21/2026 17:25:19,N,50.7128,0.0,0.0,0.0,0.0,0.0,0.0,30.0,0.0,0.0,0.0,0.0,0.0,0.0,0.0,16063.51,107810.37,0.0,2026-09-21 22:25:19+00:00
09/21/2026 17:30:20,N,42.1121,0.0,0.0,0.0,0.0,0.0,0.0,30.0,0.0,0.0,0.0,0.0,0.0,0.0,0.0,16012.4,107543.53,0.0,2026-09-21 22:30:20+00:00
09/21/2026 17:35:20,N,61.554,0.0,0.0,0.14,0.0,0.0,0.0,30.0,0.0,0.0,0.0,0.0,0.0,0.0,0.0,16120.71,106700.87,0.0,2026-09-21 22:35:20+00:00
09/21/2026 17:40:19,N,46.3042,0.0,0.0,0.0,0.0,0.0,0.0,30.0,0.0,0.0,0.0,0.0,0.0,0.0,0.0,16414.29,106383.27,0.0,2026-09-21 22:40:19+00:00
09/21/2026 17:45:21,N,73.1229,0.0,0.0,0.0,0.0,0.01,0.03,30.0,0.0,0.0,0.0,0.0,0.0,0.0,0.0,16553.18,105535.57,0.0,2026-09-21 22:45:21+00:00
09/21/2026 17:50:22,N,100.4615,0.0,0.0,0.0,0.0,0.0,0.0,30.0,0.0,0.0,0.0,0.0,0.0,0.0,0.0,16501.35,104578.78,0.0,2026-09-21 22:50:22+00:00
09/21/2026 17:55:22,N,73.1753,0.0,0.0,0.0,0.0,0.01,0.02,30.0,0.0,0.0,0.0,0.0,0.0,0.0,0.0,16862.23,104466.67,0.0,2026-09-21 22:55:22+00:00
09/21/2026 18:00:24,N,62.1951,1.41,0.0,0.0,0.0,0.0,0.0,30.0,0.0,0.0,0.0,0.0,0.0,0.0,0.0,16845.13,103764.77,0.0,2026-09-21 23:00:24+00:00
09/21/2026 18:05:23,N,73.2486,0.0,0.0,0.0,0.0,0.0,0.0,30.0,0.0,0.0,0.0,0.0,0.0,0.0,0.0,16375.5,103053.16,0.0,2026-09-21 23:05:23+00:00
09/21/2026 18:10:22,N,74.2531,0.0,0.0,0.0,0.0,0.0,0.0,30.0,0.0,0.0,0.0,0.0,0.0,0.0,0.0,16050.12,102789.85,0.0,2026-09-21 23:10:22+00:00
09/21/2026 18:15:22,N,87.1856,0.62,0.01,0.0,0.0,0.0,0.02,30.0,0.0,0.0,0.0,0.0,0.0,0.0,0.0,16079.3,102170.53,0.0,2026-09-21 23:15:22+00:00
09/21/2026 18:20:23,N,87.4506,0.46,0.0,0.0,0.0,0.0,0.0,30.0,0.0,0.0,0.0,0.0,0.0,0.0,0.0,15776.2,101765.86,0.0,2026-09-21 23:20:23+00:00
09/21/2026 18:22:55,N,96.6788,0.0,0.01,0.0,0.0,0.0,0.01,30.0,0.0,0.0,0.0,0.0,0.0,0.0,0.0,15722.09,101205.32,0.0,2026-09-21 23:22:55+00:00
09/21/2026 18:25:22,N,98.3981,0.0,0.0,0.0,0.0,0.0,0.0,30.0,0.0,0.0,0.0,0.0,0.0,0.0,0.0,15649.11,100783.66,0.0,2026-09-21 23:25:22+00:00
09/21/2026 18:30:21,N,97.7533,0.0,0.01,0.0,0.0,0.0,0.01,30.0,0.0,0.0,0.0,0.0,0.0,0.0,0.0,15459.4,100176.43,0.0,2026-09-21 23:30:21+00:00
09/21/2026 18:35:23,N,94.7564,0.0,0.0,0.0,0.0,0.01,0.0,30.0,0.0,0.0,0.0,0.0,0.0,0.0,0.0,15578.23,99930.59,0.0,2026-09-21 23:35:23+00:00
09/21/2026 18:40:23,N,94.2661,0.0,0.01,0.0,0.0,0.0,0.01,30.0,0.0,0.0,0.0,0.0,0.0,0.0,0.0,15862.64,98983.88,0.0,2026-09-21 23:40:23+00:00
09/21/2026 18:45:23,N,96.159,0.02,0.01,0.0,0.01,0.01,0.06,30.0,0.0,0.0,0.0,0.0,0.0,0.0,0.0,15935.82,98264.86,0.0,2026-09-21 23:45:23+00:00
09/21/2026 18:50:23,N,95.5224,0.0,0.15,0.0,0.02,0.03,0.18,30.0,0.0,0.0,0.0,0.0,0.0,0.0,0.0,15887.3,97799.93,0.0,2026-09-21 23:50:23+00:00
09/21/2026 18:55:24,N,93.7075,0.85,0.0,0.0,0.0,0.0,0.0,30.0,0.0,0.0,0.0,0.0,0.0,0.0,0.0,15763.72,97228.33,0.0,2026-09-21 23:55:24+00:00
09/21/2026 19:00:24,N,66.3099,0.5,0.0,0.0,0.0,0.0,0.0,30.0,0.0,0.0,0.0,0.0,0.0,0.0,0.0,15229.74,96326.88,0.0,2026-09-22 00:00:24+00:00
09/21/2026 19:05:25,N,65.8122,0.7,0.0,0.0,0.0,0.0,0.0,30.0,0.0,0.0,0.0,0.0,0.0,0.0,0.0,14737.47,96097.38,0.0,2026-09-22 00:05:25+00:00
09/21/2026 19:10:23,N,64.6826,0.39,0.0,0.0,0.0,0.0,0.0,30.0,0.0,0.0,0.0,0.0,0.0,0.0,0.0,14281.22,95775.5,0.0,2026-09-22 00:10:23+00:00
09/21/2026 19:15:22,N,57.9867,0.0,0.21,0.0,0.06,0.11,0.44,30.0,0.0,0.0,0.0,0.0,0.0,0.0,0.0,14016.05,95404.13,0.0,2026-09-22 00:15:22+00:00
09/21/2026 19:20:22,N,57.696,0.1,0.28,0.0,0.04,0.05,0.33,30.0,0.0,0.0,0.0,0.0,0.0,0.0,0.0,13863.03,95229.03,0.0,2026-09-22 00:20:22+00:00
09/21/2026 19:25:23,N,55.9492,0.47,0.0,0.0,0.05,0.11,0.41,30.0,0.0,0.0,0.0,0.0,0.0,0.0,0.0,13793.86,94967.77,0.0,2026-09-22 00:25:23+00:00
09/21/2026 19:30:22,N,53.084,0.14,0.0,0.0,0.02,0.05,0.19,30.0,0.0,0.0,0.0,0.0,0.0,0.0,0.0,13717.24,94563.7,0.0,2026-09-22 00:30:22+00:00
09/21/2026 19:35:23,N,54.4285,0.39,0.02,0.0,0.02,0.05,0.19,30.0,0.0,0.0,0.0,0.0,0.0,0.0,0.0,13688.71,94368.42,0.0,2026-09-22 00:35:23+00:00
09/21/2026 19:40:22,N,56.2611,0.01,0.0,0.0,0.0,0.0,0.0,30.0,0.0,0.0,0.0,0.0,0.0,0.0,0.0,13587.55,94152.28,0.0,2026-09-22 00:40:22+00:00
09/21/2026 19:45:22,N,54.4809,0.08,0.04,0.0,0.04,0.08,0.31,30.0,0.0,0.0,0.0,0.0,0.0,0.0,0.0,13557.73,94165.83,0.0,2026-09-22 00:45:22+00:00
09/21/2026 19:50:22,N,54.0701,0.0,0.16,0.0,0.05,0.09,0.41,30.0,0.0,0.0,0.0,0.0,0.0,0.0,0.0,13490.33,93992.78,0.0,2026-09-22 00:50:22+00:00
09/21/2026 19:55:22,N,53.8419,0.17,0.0,0.0,0.0,0.0,0.0,30.0,0.0,0.0,0.0,0.0,0.0,0.0,0.0,13484.89,93731.09,0.0,2026-09-22 00:55:22+00:00
09/21/2026 20:00:25,N,55.9468,0.57,0.0,0.0,0.0,0.0,0.02,20.0,0.0,0.0,0.0,0.0,0.0,0.0,0.0,13176.23,93556.63,0.0,2026-09-22 01:00:25+00:00
09/21/2026 20:05:25,N,54.5451,0.33,0.0,0.0,0.0,0.0,0.02,20.0,0.0,0.0,0.0,0.0,0.0,0.0,0.0,13122.66,93163.3,0.0,2026-09-22 01:05:25+00:00
09/21/2026 20:10:24,N,52.4676,0.59,0.01,0.0,0.01,0.01,0.11,20.0,0.0,0.0,0.0,0.0,0.0,0.0,0.0,12802.47,93099.55,0.0,2026-09-22 01:10:24+00:00
09/21/2026 20:15:24,N,51.3552,0.54,0.01,0.0,0.01,0.01,0.05,20.0,0.0,0.0,0.0,0.0,0.0,0.0,0.0,12737.04,92977.74,0.0,2026-09-22 01:15:24+00:00
09/21/2026 20:20:24,N,49.8519,0.07,0.02,0.0,0.02,0.02,0.13,20.0,0.0,0.0,0.0,0.0,0.0,0.0,0.0,12742.81,92967.14,0.0,2026-09-22 01:20:24+00:00
09/21/2026 20:25:24,N,47.6815,0.48,0.0,0.0,0.0,0.0,0.0,20.0,0.0,0.0,0.0,0.0,0.0,0.0,0.0,12747.4,92850.65,0.0,2026-09-22 01:25:24+00:00
09/21/2026 20:30:23,N,48.9817,0.49,0.01,0.0,0.01,0.01,0.07,20.0,0.0,0.0,0.0,0.0,0.0,0.0,0.0,12756.08,92603.8,0.0,2026-09-22 01:30:23+00:00
09/21/2026 20:35:22,N,48.0364,0.31,0.25,0.0,0.05,0.12,0.42,20.0,0.0,0.0,0.0,0.0,0.0,0.0,0.0,12742.22,92583.52,0.0,2026-09-22 01:35:22+00:00
09/21/2026 20:40:25,N,43.1127,0.61,0.04,0.0,0.02,0.04,0.18,20.0,0.0,0.0,0.0,0.0,0.0,0.0,0.0,12743.58,92347.38,0.0,2026-09-22 01:40:25+00:00
09/21/2026 20:45:23,N,42.0017,0.64,0.27,0.0,0.0,0.0,0.0,20.0,0.0,0.0,0.0,0.0,0.0,0.0,0.0,12740.78,91994.23,0.0,2026-09-22 01:45:23+00:00
09/21/2026 20:50:22,N,44.2962,0.63,0.0,0.0,0.0,0.0,0.0,20.0,0.0,0.0,0.0,0.0,0.0,0.0,0.0,12704.14,91767.7,0.0,2026-09-22 01:50:22+00:00
09/21/2026 20:55:23,N,44.7776,0.0,0.0,0.0,0.0,0.0,0.0,20.0,0.0,0.0,0.0,0.0,0.0,0.0,0.0,12684.82,91445.04,0.0,2026-09-22 01:55:23+00:00
09/21/2026 21:00:26,N,45.5017,0.0,0.07,0.0,0.07,0.07,0.55,20.0,0.0,0.0,0.0,0.0,0.0,0.0,0.0,12663.44,91132.61,0.0,2026-09-22 02:00:26+00:00
09/21/2026 21:05:25,N,44.0851,0.0,0.06,0.0,0.06,0.05,0.45,20.0,0.0,0.0,0.0,0.0,0.0,0.0,0.0,12568.13,90744.52,0.0,2026-09-22 02:05:25+00:00
09/21/2026 21:10:24,N,44.0435,0.04,0.0,0.0,0.0,0.0,0.0,20.0,0.0,0.0,0.0,0.0,0.0,0.0,0.0,12521.03,90660.09,0.0,2026-09-22 02:10:24+00:00
09/21/2026 21:15:24,N,42.8303,0.0,0.0,0.0,0.0,0.0,0.0,20.0,0.0,0.0,0.0,0.0,0.0,0.0,0.0,12518.68,90382.36,0.0,2026-09-22 02:15:24+00:00
09/21/2026 21:20:23,N,42.1719,0.35,0.0,0.0,0.0,0.0,0.0,20.0,0.0,0.0,0.0,0.0,0.0,0.0,0.0,12522.06,90197.45,0.0,2026-09-22 02:20:23+00:00
09/21/2026 21:25:23,N,42.3057,0.04,0.0,0.0,0.0,0.0,0.0,20.0,0.0,0.0,0.0,0.0,0.0,0.0,0.0,12509.31,90047.67,0.0,2026-09-22 02:25:23+00:00
09/21/2026 21:30:23,N,41.4057,0.0,0.0,0.0,0.0,0.0,0.0,20.0,0.0,0.0,0.0,0.0,0.0,0.0,0.0,12506.66,89711.76,0.0,2026-09-22 02:30:23+00:00
09/21/2026 21:35:23,N,41.5691,0.34,0.01,0.0,0.01,0.0,0.07,20.0,0.0,0.0,0.0,0.0,0.0,0.0,0.0,12462.56,89520.16,0.0,2026-09-22 02:35:23+00:00
09/21/2026 21:40:23,N,41.4089,0.0,0.0,0.0,0.0,0.0,0.0,20.0,0.0,0.0,0.0,0.0,0.0,0.0,0.0,12856.76,89523.42,0.0,2026-09-22 02:40:23+00:00
09/21/2026 21:45:23,N,41.6972,0.1,0.01,0.0,0.01,0.0,0.08,20.0,0.0,0.0,0.0,0.0,0.0,0.0,0.0,12809.21,89459.25,0.0,2026-09-22 02:45:23+00:00
09/21/2026 21:50:23,N,40.7876,0.01,0.0,0.0,0.0,0.0,0.0,20.0,0.0,0.0,0.0,0.0,0.0,0.0,0.0,12887.19,89157.18,0.0,2026-09-22 02:50:23+00:00
09/21/2026 21:55:23,N,41.1099,0.15,0.01,0.0,0.01,0.02,0.06,20.0,0.0,0.0,0.0,0.0,0.0,0.0,0.0,12695.98,89126.34,0.0,2026-09-22 02:55:23+00:00
09/21/2026 22:00:25,N,45.5742,0.5,0.05,0.0,0.05,0.11,0.42,20.0,0.0,0.0,0.0,0.0,0.0,0.0,0.0,11970.9,88922.52,0.0,2026-09-22 03:00:25+00:00
09/21/2026 22:05:25,N,45.2445,0.14,0.03,0.0,0.03,0.14,0.23,20.0,0.0,0.0,0.0,0.0,0.0,0.0,0.0,11639.33,88606.22,0.0,2026-09-22 03:05:25+00:00
09/21/2026 22:10:21,N,41.5037,1.29,0.02,0.0,0.02,0.05,0.19,20.0,0.0,0.0,0.0,0.0,0.0,0.0,0.0,12062.07,88321.2,0.0,2026-09-22 03:10:21+00:00
09/21/2026 22:15:22,N,39.4429,1.16,0.03,0.0,0.02,0.03,0.14,20.0,0.0,0.0,0.0,0.0,0.0,0.0,0.0,12064.08,87960.38,0.0,2026-09-22 03:15:22+00:00
09/21/2026 22:20:21,N,39.013,0.65,0.01,0.0,0.01,0.01,0.06,20.0,0.0,0.0,0.0,0.0,0.0,0.0,0.0,11972.57,87982.84,0.0,2026-09-22 03:20:21+00:00
09/21/2026 22:25:21,N,40.9102,0.72,0.02,0.0,0.02,0.03,0.12,20.0,0.0,0.0,0.0,0.0,0.0,0.0,0.0,11846.57,87702.12,0.0,2026-09-22 03:25:21+00:00
09/21/2026 22:30:24,N,40.8867,0.17,0.01,0.0,0.01,0.03,0.11,20.0,0.0,0.0,0.0,0.0,0.0,0.0,0.0,11808.14,87575.34,0.0,2026-09-22 03:30:24+00:00
09/21/2026 22:35:19,N,39.0335,1.15,0.07,0.0,0.07,0.15,0.57,20.0,0.0,0.0,0.0,0.0,0.0,0.0,0.0,11757.63,87637.76,0.0,2026-09-22 03:35:19+00:00
09/21/2026 22:40:23,N,38.2727,0.71,0.03,0.0,0.03,0.05,0.21,20.0,0.0,0.0,0.0,0.0,0.0,0.0,0.0,11749.85,87632.67,0.0,2026-09-22 03:40:23+00:00
09/21/2026 22:45:22,N,39.2321,0.29,0.02,0.0,0.02,0.05,0.19,20.0,0.0,0.0,0.0,0.0,0.0,0.0,0.0,11837.97,87433.38,0.0,2026-09-22 03:45:22+00:00
09/21/2026 22:50:20,N,39.2048,0.32,0.03,0.0,0.03,0.05,0.21,20.0,0.0,0.0,0.0,0.0,0.0,0.0,0.0,11913.18,87322.3,0.0,2026-09-22 03:50:20+00:00
09/21/2026 22:55:20,N,41.5043,0.07,0.0,0.0,0.0,0.0,0.0,20.0,0.0,0.0,0.0,0.0,0.0,0.0,0.0,11548.32,86903.39,0.0,2026-09-22 03:55:20+00:00
09/21/2026 23:00:22,N,42.9838,1.33,0.1,0.0,0.04,0.09,0.35,20.0,0.0,0.0,0.0,0.0,0.0,0.0,0.0,11153.01,86643.23,0.0,2026-09-22 04:00:22+00:00
09/21/2026 23:05:22,N,42.5166,0.39,0.03,0.0,0.03,0.0,0.21,20.0,0.0,0.0,0.0,0.0,0.0,0.0,0.0,11013.61,86309.28,0.0,2026-09-22 04:05:22+00:00
09/21/2026 23:10:21,N,40.6743,1.89,0.08,0.0,0.08,0.0,0.66,20.0,0.0,0.0,0.0,0.0,0.0,0.0,0.0,10976.82,86011.24,0.0,2026-09-22 04:10:21+00:00
09/21/2026 23:15:20,N,40.7641,1.61,0.09,0.0,0.09,0.0,0.71,20.0,0.0,0.0,0.0,0.0,0.0,0.0,0.0,10963.09,85774.68,0.0,2026-09-22 04:15:20+00:00
09/21/2026 23:20:19,N,39.6949,1.65,0.11,0.0,0.11,0.14,0.91,20.0,0.0,0.0,0.0,0.0,0.0,0.0,0.0,10931.01,85619.91,0.0,2026-09-22 04:20:19+00:00
09/21/2026 23:25:19,N,39.208,1.45,0.13,0.0,0.13,0.11,1.03,20.0,0.0,0.0,0.0,0.0,0.0,0.0,0.0,10922.3,85440.63,0.0,2026-09-22 04:25:19+00:00
09/21/2026 23:30:19,N,37.7505,0.25,0.0,0.0,0.0,0.01,0.04,20.0,0.0,0.0,0.0,0.0,0.0,0.0,0.0,10906.12,85414.1,0.0,2026-09-22 04:30:19+00:00
09/21/2026 23:35:19,N,37.5919,1.11,0.04,0.0,0.04,0.09,0.35,20.0,0.0,0.0,0.0,0.0,0.0,0.0,0.0,10909.37,85256.73,0.0,2026-09-22 04:35:19+00:00
09/21/2026 23:40:18,N,36.3613,1.6,0.05,0.0,0.05,0.0,0.43,20.0,0.0,0.0,0.0,0.0,0.0,0.0,0.0,10901.63,85329.36,0.0,2026-09-22 04:40:18+00:00
09/21/2026 23:45:19,N,36.3588,1.6,0.04,0.0,0.04,0.07,0.28,20.0,0.0,0.0,0.0,0.0,0.0,0.0,0.0,10880.76,85172.11,0.0,2026-09-22 04:45:19+00:00
09/21/2026 23:50:19,N,36.8763,0.98,0.05,0.0,0.05,0.09,0.37,20.0,0.0,0.0,0.0,0.0,0.0,0.0,0.0,10814.41,85053.06,0.0,2026-09-22 04:50:19+00:00
09/21/2026 23:55:19,N,36.6887,1.6,0.05,0.0,0.05,0.07,0.42,20.0,0.0,0.0,0.0,0.0,0.0,0.0,0.0,10660.75,84992.0,0.0,2026-09-22 04:55:19+00:00
09/22/2026 00:00:21,N,38.0908,0.0,0.0,0.0,0.0,0.0,0.0,0.0,0.0,0.0,0.0,0.0,0.0,0.0,0.0,10718.06,85107.3,0.0,2026-09-22 05:00:21+00:00
09/22/2026 00:05:20,N,39.0917,0.0,0.0,0.0,0.0,0.0,0.0,0.0,0.0,0.0,0.0,0.0,0.0,0.0,0.0,10914.61,84501.09,0.0,2026-09-22 05:05:20+00:00
09/22/2026 00:10:19,N,40.1813,0.0,0.0,0.0,0.0,0.0,0.0,0.0,0.0,0.0,0.0,0.0,0.0,0.0,0.0,10791.26,84305.97,0.0,2026-09-22 05:10:19+00:00
09/22/2026 00:15:19,N,39.9219,0.0,0.0,0.0,0.0,0.0,0.0,0.0,0.0,0.0,0.0,0.0,0.0,0.0,0.0,10769.62,84022.59,0.0,2026-09-22 05:15:19+00:00
09/22/2026 00:20:25,N,41.3806,0.0,0.0,0.0,0.0,0.0,0.0,0.0,0.0,0.0,0.0,0.0,0.0,0.0,0.0,10372.51,84046.97,0.0,2026-09-22 05:20:25+00:00
09/22/2026 00:25:20,N,40.9419,0.0,0.0,0.0,0.0,0.0,0.0,0.0,0.0,0.0,0.0,0.0,0.0,0.0,0.0,10252.32,83490.35,0.0,2026-09-22 05:25:20+00:00
09/22/2026 00:30:20,N,41.2575,0.0,0.0,0.0,0.0,0.0,0.0,0.0,0.0,0.0,0.0,0.0,0.0,0.0,0.0,10040.82,83170.01,0.0,2026-09-22 05:30:20+00:00
09/22/2026 00:35:22,N,42.4886,0.0,0.0,0.0,0.0,0.0,0.0,0.0,0.0,0.0,0.0,0.0,0.0,0.0,0.0,9241.62,82206.96,0.0,2026-09-22 05:35:22+00:00
09/22/2026 00:40:20,N,41.3568,0.0,0.0,0.0,0.0,0.0,0.0,0.0,0.0,0.0,0.0,0.0,0.0,0.0,0.0,9206.49,82151.75,0.0,2026-09-22 05:40:20+00:00
09/22/2026 00:45:19,N,39.2383,0.0,0.0,0.0,0.0,0.0,0.0,0.0,0.0,0.0,0.0,0.0,0.0,0.0,0.0,9204.7,82046.3,0.0,2026-09-22 05:45:19+00:00
09/22/2026 00:50:19,N,40.3137,0.0,0.0,0.0,0.0,0.0,0.0,0.0,0.0,0.0,0.0,0.0,0.0,0.0,0.0,9632.86,81919.66,0.0,2026-09-22 05:50:19+00:00
09/22/2026 00:55:19,N,38.0575,0.0,0.0,0.0,0.0,0.0,0.0,0.0,0.0,0.0,0.0,0.0,0.0,0.0,0.0,9663.59,81714.77,0.0,2026-09-22 05:55:19+00:00
09/22/2026 01:00:22,N,41.77,0.0,0.0,0.0,0.0,0.0,0.0,0.0,0.0,0.0,0.0,0.0,0.0,0.0,0.0,9596.44,81602.22,0.0,2026-09-22 06:00:22+00:00
09/22/2026 01:05:20,N,43.1819,0.0,0.0,0.0,0.0,0.0,0.0,0.0,0.0,0.0,0.0,0.0,0.0,0.0,0.0,9491.21,81494.32,0.0,2026-09-22 06:05:20+00:00
09/22/2026 01:10:21,N,40.7749,0.0,0.0,0.0,0.0,0.0,0.0,0.0,0.0,0.0,0.0,0.0,0.0,0.0,0.0,9599.83,81358.63,0.0,2026-09-22 06:10:21+00:00
09/22/2026 01:15:20,N,39.0336,0.0,0.0,0.0,0.0,0.0,0.0,0.0,0.0,0.0,0.0,0.0,0.0,0.0,0.0,9545.03,81446.07,0.0,2026-09-22 06:15:20+00:00
09/22/2026 01:20:18,N,39.4121,0.0,0.0,0.0,0.0,0.0,0.0,0.0,0.0,0.0,0.0,0.0,0.0,0.0,0.0,9592.07,81370.79,0.0,2026-09-22 06:20:18+00:00
09/22/2026 01:25:18,N,37.4129,0.0,0.0,0.0,0.0,0.0,0.0,0.0,0.0,0.0,0.0,0.0,0.0,0.0,0.0,9556.81,81491.48,0.0,2026-09-22 06:25:18+00:00
09/22/2026 01:30:20,N,39.3618,0.0,0.0,0.0,0.0,0.0,0.0,0.0,0.0,0.0,0.0,0.0,0.0,0.0,0.0,9373.79,81268.95,0.0,2026-09-22 06:30:20+00:00
09/22/2026 01:35:19,N,40.0237,0.0,0.0,0.0,0.0,0.0,0.0,0.0,0.0,0.0,0.0,0.0,0.0,0.0,0.0,9410.63,81010.04,0.0,2026-09-22 06:35:19+00:00
09/22/2026 01:40:20,N,40.3731,0.0,0.0,0.0,0.0,0.0,0.0,0.0,0.0,0.0,0.0,0.0,0.0,0.0,0.0,9364.52,80997.21,0.0,2026-09-22 06:40:20+00:00
09/22/2026 01:45:20,N,41.4642,0.0,0.0,0.0,0.0,0.0,0.0,0.0,0.0,0.0,0.0,0.0,0.0,0.0,0.0,9771.01,80829.52,0.0,2026-09-22 06:45:20+00:00
09/22/2026 01:50:20,N,41.3415,0.0,0.0,0.0,0.0,0.0,0.0,0.0,0.0,0.0,0.0,0.0,0.0,0.0,0.0,9712.55,80687.95,0.0,2026-09-22 06:50:20+00:00
09/22/2026 01:55:19,N,39.7522,0.0,0.0,0.0,0.0,0.0,0.0,0.0,0.0,0.0,0.0,0.0,0.0,0.0,0.0,9700.22,80574.4,0.0,2026-09-22 06:55:19+00:00
09/22/2026 02:00:22,N,46.1658,0.0,0.0,0.0,0.0,0.0,0.0,0.0,0.0,0.0,0.0,0.0,0.0,0.0,0.0,9726.6,80877.49,0.0,2026-09-22 07:00:22+00:00
09/22/2026 02:05:21,N,45.2803,0.0,0.0,0.0,0.0,0.0,0.0,0.0,0.0,0.0,0.0,0.0,0.0,0.0,0.0,9409.66,81022.83,0.0,2026-09-22 07:05:21+00:00
09/22/2026 02:10:23,N,40.1231,0.0,0.0,0.0,0.0,0.0,0.0,0.0,0.0,0.0,0.0,0.0,0.0,0.0,0.0,9409.78,80879.25,0.0,2026-09-22 07:10:23+00:00
09/22/2026 02:15:21,N,43.3575,0.0,0.0,0.0,0.0,0.0,0.0,0.0,0.0,0.0,0.0,0.0,0.0,0.0,0.0,9537.08,80867.59,0.0,2026-09-22 07:15:21+00:00
09/22/2026 02:20:19,N,42.594,0.0,0.0,0.0,0.0,0.0,0.0,0.0,0.0,0.0,0.0,0.0,0.0,0.0,0.0,9532.28,80825.91,0.0,2026-09-22 07:20:19+00:00
09/22/2026 02:25:18,N,45.3476,0.0,0.0,0.0,0.0,0.0,0.0,0.0,0.0,0.0,0.0,0.0,0.0,0.0,0.0,9242.99,80861.89,0.0,2026-09-22 07:25:18+00:00
09/22/2026 02:30:18,N,41.3103,0.0,0.0,0.0,0.0,0.0,0.0,0.0,0.0,0.0,0.0,0.0,0.0,0.0,0.0,9220.96,80716.46,0.0,2026-09-22 07:30:18+00:00
09/22/2026 02:35:18,N,40.8148,0.0,0.0,0.0,0.0,0.0,0.0,0.0,0.0,0.0,0.0,0.0,0.0,0.0,0.0,9244.68,80654.04,0.0,2026-09-22 07:35:18+00:00
09/22/2026 02:40:19,N,43.1854,0.0,0.0,0.0,0.0,0.0,0.0,0.0,0.0,0.0,0.0,0.0,0.0,0.0,0.0,9224.04,80568.34,0.0,2026-09-22 07:40:19+00:00
09/22/2026 02:45:18,N,43.6521,0.0,0.0,0.0,0.0,0.0,0.0,0.0,0.0,0.0,0.0,0.0,0.0,0.0,0.0,9326.2,80582.13,0.0,2026-09-22 07:45:18+00:00
09/22/2026 02:50:23,N,43.0061,0.0,0.0,0.0,0.0,0.0,0.0,0.0,0.0,0.0,0.0,0.0,0.0,0.0,0.0,9321.5,80486.64,0.0,2026-09-22 07:50:23+00:00
09/22/2026 02:55:19,N,39.8632,0.0,0.0,0.0,0.0,0.0,0.0,0.0,0.0,0.0,0.0,0.0,0.0,0.0,0.0,9332.03,80340.91,0.0,2026-09-22 07:55:19+00:00
09/22/2026 03:00:20,N,44.4057,0.0,0.0,0.0,0.0,0.0,0.0,0.0,0.0,0.0,0.0,0.0,0.0,0.0,0.0,9336.84,80274.15,0.0,2026-09-22 08:00:20+00:00
09/22/2026 03:05:19,N,44.0118,0.0,0.0,0.0,0.0,0.0,0.0,0.0,0.0,0.0,0.0,0.0,0.0,0.0,0.0,9312.62,80206.64,0.0,2026-09-22 08:05:19+00:00
09/22/2026 03:10:19,N,41.5872,0.0,0.0,0.0,0.0,0.0,0.0,0.0,0.0,0.0,0.0,0.0,0.0,0.0,0.0,9319.4,80183.1,0.0,2026-09-22 08:10:19+00:00
09/22/2026 03:15:18,N,39.6425,0.0,0.0,0.0,0.0,0.0,0.0,0.0,0.0,0.0,0.0,0.0,0.0,0.0,0.0,9334.66,80205.38,0.0,2026-09-22 08:15:18+00:00
09/22/2026 03:20:19,N,40.0104,0.0,0.0,0.0,0.0,0.0,0.0,0.0,0.0,0.0,0.0,0.0,0.0,0.0,0.0,9336.38,80097.02,0.0,2026-09-22 08:20:19+00:00
09/22/2026 03:25:20,N,40.7026,0.0,0.0,0.0,0.0,0.0,0.0,0.0,0.0,0.0,0.0,0.0,0.0,0.0,0.0,9337.72,80041.5,0.0,2026-09-22 08:25:20+00:00
09/22/2026 03:30:19,N,39.8595,0.0,0.0,0.0,0.0,0.0,0.0,0.0,0.0,0.0,0.0,0.0,0.0,0.0,0.0,9342.25,80044.73,0.0,2026-09-22 08:30:19+00:00
09/22/2026 03:35:19,N,39.9801,0.0,0.0,0.0,0.0,0.0,0.0,0.0,0.0,0.0,0.0,0.0,0.0,0.0,0.0,9340.39,79881.79,0.0,2026-09-22 08:35:19+00:00
09/22/2026 03:40:18,N,39.3532,0.0,0.0,0.0,0.0,0.0,0.0,0.0,0.0,0.0,0.0,0.0,0.0,0.0,0.0,9364.0,79807.53,0.0,2026-09-22 08:40:18+00:00
09/22/2026 03:45:20,N,38.8817,0.0,0.0,0.0,0.0,0.0,0.0,0.0,0.0,0.0,0.0,0.0,0.0,0.0,0.0,9364.1,79810.92,0.0,2026-09-22 08:45:20+00:00
09/22/2026 03:50:18,N,38.4791,0.0,0.0,0.0,0.0,0.0,0.0,0.0,0.0,0.0,0.0,0.0,0.0,0.0,0.0,9328.82,79851.68,0.0,2026-09-22 08:50:18+00:00
09/22/2026 03:55:18,N,38.6071,0.0,0.0,0.0,0.0,0.0,0.0,0.0,0.0,0.0,0.0,0.0,0.0,0.0,0.0,9238.2,79819.02,0.0,2026-09-22 08:55:18+00:00
09/22/2026 04:00:22,N,34.6035,0.0,0.0,0.0,0.0,0.0,0.0,0.0,0.0,0.0,0.0,0.0,0.0,0.0,0.0,9267.22,79810.03,0.0,2026-09-22 09:00:22+00:00
09/22/2026 04:05:20,N,36.1287,0.0,0.0,0.0,0.0,0.0,0.0,0.0,0.0,0.0,0.0,0.0,0.0,0.0,0.0,9304.31,79755.74,0.0,2026-09-22 09:05:20+00:00
09/22/2026 04:10:19,N,38.7593,0.0,0.0,0.0,0.0,0.0,0.0,0.0,0.0,0.0,0.0,0.0,0.0,0.0,0.0,9316.55,79705.95,0.0,2026-09-22 09:10:19+00:00
09/22/2026 04:15:19,N,37.0063,0.0,0.0,0.0,0.0,0.0,0.0,0.0,0.0,0.0,0.0,0.0,0.0,0.0,0.0,9360.07,79635.27,0.0,2026-09-22 09:15:19+00:00
09/22/2026 04:20:18,N,37.4761,0.0,0.0,0.0,0.0,0.0,0.0,0.0,0.0,0.0,0.0,0.0,0.0,0.0,0.0,9443.43,79518.52,0.0,2026-09-22 09:20:18+00:00
09/22/2026 04:25:18,N,38.8807,0.0,0.0,0.0,0.0,0.0,0.0,0.0,0.0,0.0,0.0,0.0,0.0,0.0,0.0,9409.44,79513.15,0.0,2026-09-22 09:25:18+00:00
09/22/2026 04:30:19,N,38.3694,0.0,0.0,0.0,0.0,0.0,0.0,0.0,0.0,0.0,0.0,0.0,0.0,0.0,0.0,9426.92,79483.47,0.0,2026-09-22 09:30:19+00:00
09/22/2026 04:35:18,N,35.4925,0.0,0.0,0.0,0.0,0.0,0.0,0.0,0.0,0.0,0.0,0.0,0.0,0.0,0.0,9500.25,79481.98,0.0,2026-09-22 09:35:18+00:00
09/22/2026 04:40:18,N,37.3124,0.0,0.0,0.0,0.0,0.0,0.0,0.0,0.0,0.0,0.0,0.0,0.0,0.0,0.0,9469.28,79577.7,0.0,2026-09-22 09:40:18+00:00
09/22/2026 04:45:18,N,38.9745,0.0,0.0,0.0,0.0,0.0,0.0,0.0,0.0,0.0,0.0,0.0,0.0,0.0,0.0,9372.34,79619.27,0.0,2026-09-22 09:45:18+00:00
09/22/2026 04:50:17,N,38.901,0.0,0.0,0.0,0.0,0.0,0.0,0.0,0.0,0.0,0.0,0.0,0.0,0.0,0.0,9379.65,79608.75,0.0,2026-09-22 09:50:17+00:00
09/22/2026 04:55:18,N,39.5541,0.0,0.0,0.0,0.0,0.0,0.0,0.0,0.0,0.0,0.0,0.0,0.0,0.0,0.0,9442.27,79695.71,0.0,2026-09-22 09:55:18+00:00
09/22/2026 05:00:20,N,39.6341,0.0,0.0,0.0,0.0,0.0,0.0,0.0,0.0,0.0,0.0,0.0,0.0,0.0,0.0,9401.05,79524.39,0.0,2026-09-22 10:00:20+00:00
09/22/2026 05:05:18,N,39.8525,0.0,0.0,0.0,0.0,0.0,0.0,0.0,0.0,0.0,0.0,0.0,0.0,0.0,0.0,9423.59,79432.8,0.0,2026-09-22 10:05:18+00:00
09/22/2026 05:10:18,N,39.7437,0.0,0.0,0.0,0.0,0.0,0.0,0.0,0.0,0.0,0.0,0.0,0.0,0.0,0.0,9359.61,79365.64,0.0,2026-09-22 10:10:18+00:00
09/22/2026 05:15:18,N,40.5249,0.0,0.0,0.0,0.0,0.0,0.0,0.0,0.0,0.0,0.0,0.0,0.0,0.0,0.0,9469.91,79305.61,0.0,2026-09-22 10:15:18+00:00
09/22/2026 05:20:19,N,40.0679,0.0,0.0,0.0,0.0,0.0,0.0,0.0,0.0,0.0,0.0,0.0,0.0,0.0,0.0,9448.39,79320.08,0.0,2026-09-22 10:20:19+00:00
09/22/2026 05:25:18,N,39.7449,0.0,0.0,0.0,0.0,0.0,0.0,0.0,0.0,0.0,0.0,0.0,0.0,0.0,0.0,9544.14,79297.47,0.0,2026-09-22 10:25:18+00:00
09/22/2026 05:30:18,N,39.7525,0.0,0.0,0.0,0.0,0.0,0.0,0.0,0.0,0.0,0.0,0.0,0.0,0.0,0.0,9485.03,79192.3,0.0,2026-09-22 10:30:18+00:00
09/22/2026 05:35:18,N,40.4266,0.0,0.0,0.0,0.0,0.0,0.0,0.0,0.0,0.0,0.0,0.0,0.0,0.0,0.0,9531.64,79145.59,0.0,2026-09-22 10:35:18+00:00
09/22/2026 05:40:18,N,39.0348,0.0,0.0,0.0,0.0,0.0,0.0,0.0,0.0,0.0,0.0,0.0,0.0,0.0,0.0,9499.61,79207.63,0.0,2026-09-22 10:40:18+00:00
09/22/2026 05:45:18,N,40.6129,0.0,0.0,0.0,0.0,0.0,0.0,0.0,0.0,0.0,0.0,0.0,0.0,0.0,0.0,9492.82,79274.76,0.0,2026-09-22 10:45:18+00:00
09/22/2026 05:50:18,N,40.0533,0.0,0.0,0.0,0.0,0.0,0.0,0.0,0.0,0.0,0.0,0.0,0.0,0.0,0.0,9490.03,79365.7,0.0,2026-09-22 10:50:18+00:00
09/22/2026 05:55:18,N,39.1475,0.0,0.0,0.0,0.0,0.0,0.0,0.0,0.0,0.0,0.0,0.0,0.0,0.0,0.0,9525.87,79480.6,0.0,2026-09-22 10:55:18+00:00
09/22/2026 06:00:25,N,36.2506,0.0,0.0,0.0,0.0,0.0,0.0,0.0,0.0,0.0,0.0,0.0,0.0,0.0,0.0,9497.45,79571.97,0.0,2026-09-22 11:00:25+00:00
09/22/2026 06:05:18,N,37.2576,0.0,0.0,0.0,0.0,0.0,0.0,0.0,0.0,0.0,0.0,0.0,0.0,0.0,0.0,9019.31,79977.42,0.0,2026-09-22 11:05:18+00:00
09/22/2026 06:10:21,N,37.6313,0.0,0.0,0.0,0.0,0.0,0.0,0.0,0.0,0.0,0.0,0.0,0.0,0.0,0.0,9006.54,80027.09,0.0,2026-09-22 11:10:21+00:00
09/22/2026 06:15:18,N,37.5803,0.0,0.0,0.0,0.0,0.0,0.0,0.0,0.0,0.0,0.0,0.0,0.0,0.0,0.0,9001.79,79976.36,0.0,2026-09-22 11:15:18+00:00
09/22/2026 06:20:18,N,38.1597,0.0,0.0,0.0,0.0,0.0,0.0,0.0,0.0,0.0,0.0,0.0,0.0,0.0,0.0,8990.9,79906.86,0.0,2026-09-22 11:20:18+00:00
09/22/2026 06:25:17,N,38.1622,0.0,0.0,0.0,0.0,0.0,0.0,0.0,0.0,0.0,0.0,0.0,0.0,0.0,0.0,8990.21,79961.4,0.0,2026-09-22 11:25:17+00:00
09/22/2026 06:30:18,N,37.6403,0.0,0.0,0.0,0.0,0.0,0.0,0.0,0.0,0.0,0.0,0.0,0.0,0.0,0.0,8991.49,79933.59,0.0,2026-09-22 11:30:18+00:00
09/22/2026 06:35:18,N,37.5832,0.0,0.0,0.0,0.0,0.0,0.0,0.0,0.0,0.0,0.0,0.0,0.0,0.0,0.0,8980.23,79864.2,0.0,2026-09-22 11:35:18+00:00
09/22/2026 06:40:18,N,37.8679,0.0,0.0,0.0,0.0,0.0,0.0,0.0,0.0,0.0,0.0,0.0,0.0,0.0,0.0,8963.04,79890.17,0.0,2026-09-22 11:40:18+00:00
09/22/2026 06:45:19,N,40.2009,0.0,0.0,0.0,0.0,0.0,0.0,0.0,0.0,0.0,0.0,0.0,0.0,0.0,0.0,8932.88,79778.23,0.0,2026-09-22 11:45:19+00:00
09/22/2026 06:50:18,N,40.1256,0.0,0.0,0.0,0.0,0.0,0.0,0.0,0.0,0.0,0.0,0.0,0.0,0.0,0.0,9010.82,79607.22,0.0,2026-09-22 11:50:18+00:00
09/22/2026 06:55:18,N,42.667,0.0,0.0,0.0,0.0,0.0,0.0,0.0,0.0,0.0,0.0,0.0,0.0,0.0,0.0,8984.2,79465.3,0.0,2026-09-22 11:55:18+00:00
09/22/2026 07:00:28,N,44.2064,0.0,0.0,0.0,0.0,0.0,0.0,0.0,0.0,0.0,0.0,0.0,0.0,0.0,0.0,8973.86,79213.37,0.0,2026-09-22 12:00:28+00:00
09/22/2026 07:05:19,N,43.4333,0.0,0.0,0.0,0.0,0.0,0.0,0.0,0.0,0.0,0.0,0.0,0.0,0.0,0.0,9366.67,78902.28,0.0,2026-09-22 12:05:19+00:00
09/22/2026 07:10:19,N,44.1943,0.0,0.0,0.0,0.0,0.0,0.0,0.0,0.0,0.0,0.0,0.0,0.0,0.0,0.0,9359.33,78604.54,0.0,2026-09-22 12:10:19+00:00
09/22/2026 07:15:19,N,46.0293,0.0,0.0,0.0,0.0,0.0,0.0,0.0,0.0,0.0,0.0,0.0,0.0,0.0,0.0,9347.19,78373.59,0.0,2026-09-22 12:15:19+00:00
09/22/2026 07:20:18,N,45.4069,0.0,0.0,0.0,0.0,0.0,0.0,0.0,0.0,0.0,0.0,0.0,0.0,0.0,0.0,9317.89,78400.11,0.0,2026-09-22 12:20:18+00:00
09/22/2026 07:25:18,N,44.5802,0.0,0.0,0.0,0.0,0.0,0.0,0.0,0.0,0.0,0.0,0.0,0.0,0.0,0.0,9308.82,78338.9,0.0,2026-09-22 12:25:18+00:00
09/22/2026 07:30:18,N,44.5346,0.0,0.0,0.0,0.0,0.0,0.0,0.0,0.0,0.0,0.0,0.0,0.0,0.0,0.0,9303.43,78500.15,0.0,2026-09-22 12:30:18+00:00
09/22/2026 07:35:19,N,41.0138,0.0,0.0,0.0,0.0,0.0,0.0,0.0,0.0,0.0,0.0,0.0,0.0,0.0,0.0,9302.38,78793.01,0.0,2026-09-22 12:35:19+00:00
09/22/2026 07:40:19,N,37.5991,0.0,0.0,0.0,0.0,0.0,0.0,0.0,0.0,0.0,0.0,0.0,0.0,0.0,0.0,9305.58,79223.82,0.0,2026-09-22 12:40:19+00:00
09/22/2026 07:45:19,N,35.4527,0.0,0.0,0.0,0.0,0.0,0.0,0.0,0.0,0.0,0.0,0.0,0.0,0.0,0.0,9272.45,79881.7,0.0,2026-09-22 12:45:19+00:00
09/22/2026 07:50:19,N,34.3116,0.0,0.0,0.0,0.0,0.0,0.0,0.0,0.0,0.0,0.0,0.0,0.0,0.0,0.0,9155.6,80537.44,0.0,2026-09-22 12:50:19+00:00
09/22/2026 07:55:19,N,29.7281,0.0,0.0,0.0,0.0,0.0,0.0,0.0,0.0,0.0,0.0,0.0,0.0,0.0,0.0,9087.27,81985.53,0.0,2026-09-22 12:55:19+00:00
09/22/2026 08:00:20,N,30.4878,0.0,0.0,0.0,0.0,0.0,0.0,0.0,0.0,0.0,0.0,0.0,0.0,0.0,0.0,8764.69,82831.46,0.0,2026-09-22 13:00:20+00:00
09/22/2026 08:05:19,N,28.4592,0.0,0.0,0.0,0.0,0.0,0.0,0.0,0.0,0.0,0.0,0.0,0.0,0.0,0.0,8726.6,83605.22,0.0,2026-09-22 13:05:19+00:00
09/22/2026 08:10:18,N,28.7753,0.0,0.0,0.0,0.0,0.0,0.0,0.0,0.0,0.0,0.0,0.0,0.0,0.0,0.0,8471.04,84496.86,0.0,2026-09-22 13:10:18+00:00
09/22/2026 08:15:17,N,27.9494,0.0,0.0,0.0,0.0,0.0,0.0,0.0,0.0,0.0,0.0,0.0,0.0,0.0,0.0,8430.96,85770.0,0.0,2026-09-22 13:15:17+00:00
09/22/2026 08:20:17,N,26.7466,0.0,0.0,0.0,0.0,0.0,0.0,0.0,0.0,0.0,0.0,0.0,0.0,0.0,0.0,8293.74,87354.89,0.0,2026-09-22 13:20:17+00:00
09/22/2026 08:25:17,N,26.2141,0.0,0.0,0.0,0.0,0.0,0.0,0.0,0.0,0.0,0.0,0.0,0.0,0.0,0.0,8262.24,88397.8,0.0,2026-09-22 13:25:17+00:00
09/22/2026 08:30:17,N,25.2314,0.0,0.0,0.0,0.0,0.0,0.0,0.0,0.0,0.0,0.0,0.0,0.0,0.0,0.0,8263.69,89931.3,0.0,2026-09-22 13:30:17+00:00
09/22/2026 08:35:17,N,24.0558,0.0,0.0,0.0,0.0,0.0,0.0,0.0,0.0,0.0,0.0,0.0,0.0,0.0,0.0,8294.66,91228.71,0.0,2026-09-22 13:35:17+00:00
09/22/2026 08:40:18,N,23.0724,0.0,0.0,0.0,0.0,0.0,0.0,0.0,0.0,0.0,0.0,0.0,0.0,0.0,0.0,8283.46,92820.9,0.0,2026-09-22 13:40:18+00:00
09/22/2026 08:45:17,N,22.7092,0.0,0.0,0.0,0.0,0.0,0.0,0.0,0.0,0.0,0.0,0.0,0.0,0.0,0.0,7844.87,94802.75,0.0,2026-09-22 13:45:17+00:00
09/22/2026 08:50:17,N,20.6839,0.0,0.0,0.0,0.0,0.0,0.0,0.0,0.0,0.0,0.0,0.0,0.0,0.0,0.0,7786.9,96238.09,0.0,2026-09-22 13:50:17+00:00
09/22/2026 08:55:17,N,21.2575,0.0,0.0,0.0,0.0,0.0,0.0,0.0,0.0,0.0,0.0,0.0,0.0,0.0,0.0,7751.56,97471.09,0.0,2026-09-22 13:55:17+00:00
09/22/2026 09:00:18,N,25.4384,0.0,0.0,0.0,0.0,0.0,0.0,0.0,0.0,0.0,0.0,0.0,0.0,0.0,0.0,8039.64,98493.73,0.0,2026-09-22 14:00:18+00:00
09/22/2026 09:05:17,N,23.5594,0.0,0.0,0.0,0.0,0.0,0.0,0.0,0.0,0.0,0.0,0.0,0.0,0.0,0.0,8024.96,99952.63,0.0,2026-09-22 14:05:17+00:00
09/22/2026 09:10:18,N,23.6177,0.0,0.0,0.0,0.0,0.0,0.0,0.0,0.0,0.0,0.0,0.0,0.0,0.0,0.0,8010.04,100484.05,0.0,2026-09-22 14:10:18+00:00
09/22/2026 09:15:18,N,25.211,0.0,0.0,0.0,0.0,0.0,0.0,0.0,0.0,0.0,0.0,0.0,0.0,0.0,0.0,7985.83,100762.02,0.0,2026-09-22 14:15:18+00:00
09/22/2026 09:20:18,N,25.5614,0.0,0.0,0.0,0.0,0.0,0.0,0.0,0.0,0.0,0.0,0.0,0.0,0.0,0.0,7992.36,101579.1,0.0,2026-09-22 14:20:18+00:00
09/22/2026 09:25:18,N,25.1442,0.0,0.0,0.0,0.0,0.0,0.0,0.0,0.0,0.0,0.0,0.0,0.0,0.0,0.0,7995.75,102185.18,0.0,2026-09-22 14:25:18+00:00
09/22/2026 09:30:19,N,24.0225,0.0,0.0,0.0,0.0,0.0,0.0,0.0,0.0,0.0,0.0,0.0,0.0,0.0,0.0,8086.13,102852.78,0.0,2026-09-22 14:30:19+00:00
09/22/2026 09:35:18,N,24.1566,0.0,0.0,0.0,0.0,0.0,0.0,0.0,0.0,0.0,0.0,0.0,0.0,0.0,0.0,8117.74,103098.43,0.0,2026-09-22 14:35:18+00:00
09/22/2026 09:40:18,N,23.1897,0.0,0.0,0.0,0.0,0.0,0.0,0.0,0.0,0.0,0.0,0.0,0.0,0.0,0.0,8151.59,103597.97,0.0,2026-09-22 14:40:18+00:00
09/22/2026 09:45:17,N,23.3799,0.0,0.0,0.0,0.0,0.0,0.0,0.0,0.0,0.0,0.0,0.0,0.0,0.0,0.0,8162.52,103713.47,0.0,2026-09-22 14:45:17+00:00
09/22/2026 09:50:18,N,24.6026,0.0,0.0,0.0,0.0,0.0,0.0,0.0,0.0,0.0,0.0,0.0,0.0,0.0,0.0,8233.62,103520.76,0.0,2026-09-22 14:50:18+00:00
09/22/2026 09:55:18,N,25.04,0.0,0.0,0.0,0.0,0.0,0.0,0.0,0.0,0.0,0.0,0.0,0.0,0.0,0.0,8357.77,103435.47,0.0,2026-09-22 14:55:18+00:00
09/22/2026 10:00:20,N,24.2429,0.0,0.0,0.0,0.0,0.0,0.0,0.0,0.0,0.0,0.0,0.0,0.0,0.0,0.0,8720.91,103448.48,0.0,2026-09-22 15:00:20+00:00
09/22/2026 10:05:20,N,25.0577,0.0,0.0,0.0,0.0,0.0,0.0,0.0,0.0,0.0,0.0,0.0,0.0,0.0,0.0,8938.71,103167.59,0.0,2026-09-22 15:05:20+00:00
09/22/2026 10:10:19,N,24.202,0.0,0.0,0.0,0.0,0.0,0.0,0.0,0.0,0.0,0.0,0.0,0.0,0.0,0.0,8988.19,103740.7,0.0,2026-09-22 15:10:19+00:00
09/22/2026 10:15:18,N,24.5398,0.0,0.0,0.0,0.0,0.0,0.0,0.0,0.0,0.0,0.0,0.0,0.0,0.0,0.0,9192.57,103756.05,0.0,2026-09-22 15:15:18+00:00
09/22/2026 10:20:17,N,23.6446,0.0,0.0,0.0,0.0,0.0,0.0,0.0,0.0,0.0,0.0,0.0,0.0,0.0,0.0,9535.77,104017.59,0.0,2026-09-22 15:20:17+00:00
09/22/2026 10:25:17,N,23.3253,0.0,0.0,0.0,0.0,0.0,0.0,0.0,0.0,0.0,0.0,0.0,0.0,0.0,0.0,9834.56,104264.9,0.0,2026-09-22 15:25:17+00:00
09/22/2026 10:30:18,N,24.6124,0.0,0.0,0.0,0.0,0.0,0.0,0.0,0.0,0.0,0.0,0.0,0.0,0.0,0.0,10253.9,104109.01,0.0,2026-09-22 15:30:18+00:00
09/22/2026 10:35:18,N,24.292,0.0,0.0,0.0,0.0,0.0,0.0,0.0,0.0,0.0,0.0,0.0,0.0,0.0,0.0,10521.65,104443.7,0.0,2026-09-22 15:35:18+00:00
09/22/2026 10:40:17,N,24.536,0.0,0.0,0.0,0.0,0.0,0.0,0.0,0.0,0.0,0.0,0.0,0.0,0.0,0.0,10809.83,104222.68,0.0,2026-09-22 15:40:17+00:00
09/22/2026 10:45:17,N,24.51,0.0,0.0,0.0,0.0,0.0,0.0,0.0,0.0,0.0,0.0,0.0,0.0,0.0,0.0,11291.41,104414.87,0.0,2026-09-22 15:45:17+00:00
09/22/2026 10:50:17,N,24.0453,0.0,0.0,0.0,0.0,0.0,0.0,0.0,0.0,0.0,0.0,0.0,0.0,0.0,0.0,11699.84,104613.93,0.0,2026-09-22 15:50:17+00:00
09/22/2026 10:55:17,N,23.0577,0.0,0.0,0.0,0.0,0.0,0.0,0.0,0.0,0.0,0.0,0.0,0.0,0.0,0.0,11862.71,104949.72,0.0,2026-09-22 15:55:17+00:00
09/22/2026 11:00:21,N,22.2538,0.0,0.0,0.0,0.0,0.0,0.0,0.0,0.0,0.0,0.0,0.0,0.0,0.0,0.0,12002.72,104854.77,0.0,2026-09-22 16:00:21+00:00
09/22/2026 11:05:19,N,22.4188,0.0,0.0,0.0,0.0,0.0,0.0,0.0,0.0,0.0,0.0,0.0,0.0,0.0,0.0,12069.08,104914.01,0.0,2026-09-22 16:05:19+00:00
09/22/2026 11:10:18,N,24.9184,0.0,0.0,0.0,0.0,0.0,0.0,0.0,0.0,0.0,0.0,0.0,0.0,0.0,0.0,12106.68,104207.38,0.0,2026-09-22 16:10:18+00:00
09/22/2026 11:15:22,N,23.2491,0.0,0.0,0.0,0.0,0.0,0.0,0.0,0.0,0.0,0.0,0.0,0.0,0.0,0.0,12276.3,104376.29,0.0,2026-09-22 16:15:22+00:00
09/22/2026 11:20:18,N,22.6968,0.0,0.0,0.0,0.0,0.0,0.0,0.0,0.0,0.0,0.0,0.0,0.0,0.0,0.0,12418.81,104717.73,0.0,2026-09-22 16:20:18+00:00
09/22/2026 11:25:18,N,23.1362,0.0,0.0,0.0,0.0,0.0,0.0,0.0,0.0,0.0,0.0,0.0,0.0,0.0,0.0,12363.53,104960.93,0.0,2026-09-22 16:25:18+00:00
09/22/2026 11:30:19,N,23.9538,0.0,0.0,0.0,0.0,0.0,0.0,0.0,0.0,0.0,0.0,0.0,0.0,0.0,0.0,12598.13,104911.7,0.0,2026-09-22 16:30:19+00:00
09/22/2026 11:35:18,N,23.3772,0.0,0.0,0.0,0.0,0.0,0.0,0.0,0.0,0.0,0.0,0.0,0.0,0.0,0.0,12801.34,104949.24,0.0,2026-09-22 16:35:18+00:00
09/22/2026 11:40:22,N,23.8897,0.0,0.0,0.0,0.0,0.0,0.0,0.0,0.0,0.0,0.0,0.0,0.0,0.0,0.0,12817.66,104915.89,0.0,2026-09-22 16:40:22+00:00
09/22/2026 11:45:19,N,24.1542,0.0,0.0,0.0,0.0,0.0,0.0,0.0,0.0,0.0,0.0,0.0,0.0,0.0,0.0,12966.89,104957.79,0.0,2026-09-22 16:45:19+00:00
09/22/2026 11:50:18,N,28.8607,0.0,0.0,0.0,0.0,0.0,0.0,0.0,0.0,0.0,0.0,0.0,0.0,0.0,0.0,13054.62,104884.33,0.0,2026-09-22 16:50:18+00:00
09/22/2026 11:55:19,N,30.8263,0.0,0.0,0.0,0.0,0.0,0.0,0.0,0.0,0.0,0.0,0.0,0.0,0.0,0.0,12987.58,104713.73,0.0,2026-09-22 16:55:19+00:00
09/22/2026 12:00:22,N,23.731,0.0,0.0,0.0,0.0,0.0,0.0,0.0,0.0,0.0,0.0,0.0,0.0,0.0,0.0,13379.33,104624.39,0.0,2026-09-22 17:00:22+00:00
09/22/2026 12:05:23,N,23.4819,0.0,0.0,0.0,0.0,0.0,0.0,0.0,0.0,0.0,0.0,0.0,0.0,0.0,0.0,13248.02,105102.11,0.0,2026-09-22 17:05:23+00:00
09/22/2026 12:10:20,N,26.7766,0.0,0.0,0.0,0.0,0.0,0.0,0.0,0.0,0.0,0.0,0.0,0.0,0.0,0.0,13515.87,105200.68,0.0,2026-09-22 17:10:20+00:00
09/22/2026 12:15:18,N,31.0215,0.0,0.0,0.0,0.0,0.0,0.0,0.0,0.0,0.0,0.0,0.0,0.0,0.0,0.0,13330.1,105233.32,0.0,2026-09-22 17:15:18+00:00
09/22/2026 12:20:19,N,34.9246,0.0,0.0,0.0,0.0,0.0,0.0,0.0,0.0,0.0,0.0,0.0,0.0,0.0,0.0,13391.86,104964.01,0.0,2026-09-22 17:20:19+00:00
09/22/2026 12:25:19,N,36.4125,0.0,0.0,0.0,0.0,0.0,0.0,0.0,0.0,0.0,0.0,0.0,0.0,0.0,0.0,13417.1,104972.2,0.0,2026-09-22 17:25:19+00:00
09/22/2026 12:30:21,N,43.8623,0.0,0.0,0.0,0.0,0.0,0.0,0.0,0.0,0.0,0.0,0.0,0.0,0.0,0.0,13372.08,104824.7,0.0,2026-09-22 17:30:21+00:00
09/22/2026 12:35:21,N,47.6349,0.0,0.0,0.0,0.0,0.0,0.0,0.0,0.0,0.0,0.0,0.0,0.0,0.0,0.0,13147.79,104343.79,0.0,2026-09-22 17:35:21+00:00
09/22/2026 12:40:20,N,45.5753,0.0,0.0,0.0,0.0,0.0,0.0,0.0,0.0,0.0,0.0,0.0,0.0,0.0,0.0,13451.65,104805.87,0.0,2026-09-22 17:40:20+00:00
09/22/2026 12:45:19,N,39.7095,0.0,0.0,0.0,0.0,0.0,0.0,0.0,0.0,0.0,0.0,0.0,0.0,0.0,0.0,13465.96,105323.71,0.0,2026-09-22 17:45:19+00:00
09/22/2026 12:50:20,N,35.789,0.0,0.0,0.0,0.0,0.0,0.0,0.0,0.0,0.0,0.0,0.0,0.0,0.0,0.0,13512.32,105953.32,0.0,2026-09-22 17:50:20+00:00
09/22/2026 12:55:19,N,28.649,0.0,0.0,0.0,0.0,0.0,0.0,0.0,0.0,0.0,0.0,0.0,0.0,0.0,0.0,13958.24,106714.18,0.0,2026-09-22 17:55:19+00:00
09/22/2026 13:00:21,N,28.3153,0.0,0.0,0.0,0.0,0.0,0.0,0.0,0.0,0.0,0.0,0.0,0.0,0.0,0.0,14106.62,106953.17,0.0,2026-09-22 18:00:21+00:00
09/22/2026 13:05:19,N,34.2269,0.0,0.0,0.0,0.0,0.0,0.0,0.0,0.0,0.0,0.0,0.0,0.0,0.0,0.0,14329.18,107001.24,0.0,2026-09-22 18:05:19+00:00
09/22/2026 13:10:18,N,37.3667,0.0,0.0,0.0,0.0,0.0,0.0,0.0,0.0,0.0,0.0,0.0,0.0,0.0,0.0,14347.36,106744.8,0.0,2026-09-22 18:10:18+00:00
09/22/2026 13:15:18,N,41.8948,0.0,0.0,0.0,0.0,0.0,0.0,0.0,0.0,0.0,0.0,0.0,0.0,0.0,0.0,14272.9,106487.97,0.0,2026-09-22 18:15:18+00:00
09/22/2026 13:20:18,N,39.5394,0.0,0.0,0.0,0.0,0.0,0.0,0.0,0.0,0.0,0.0,0.0,0.0,0.0,0.0,14353.01,106698.17,0.0,2026-09-22 18:20:18+00:00
09/22/2026 13:25:18,N,33.8535,0.0,0.0,0.0,0.0,0.0,0.0,0.0,0.0,0.0,0.0,0.0,0.0,0.0,0.0,14411.28,107353.18,0.0,2026-09-22 18:25:18+00:00
09/22/2026 13:30:19,N,36.4997,0.0,0.0,0.0,0.0,0.0,0.0,0.0,0.0,0.0,0.0,0.0,0.0,0.0,0.0,14423.71,107403.78,0.0,2026-09-22 18:30:19+00:00
09/22/2026 13:35:18,N,42.2046,0.0,0.0,0.0,0.0,0.0,0.0,0.0,0.0,0.0,0.0,0.0,0.0,0.0,0.0,14340.42,107705.52,0.0,2026-09-22 18:35:18+00:00
09/22/2026 13:40:18,N,44.6782,0.0,0.0,0.0,0.0,0.0,0.0,0.0,0.0,0.0,0.0,0.0,0.0,0.0,0.0,14576.48,107777.43,0.0,2026-09-22 18:40:18+00:00
09/22/2026 13:45:20,N,43.7072,0.0,0.0,0.0,0.0,0.0,0.0,0.0,0.0,0.0,0.0,0.0,0.0,0.0,0.0,14605.56,107926.59,0.0,2026-09-22 18:45:20+00:00
09/22/2026 13:50:22,N,41.4725,0.0,0.0,0.0,0.0,0.0,0.0,0.0,0.0,0.0,0.0,0.0,0.0,0.0,0.0,14670.39,108060.67,0.0,2026-09-22 18:50:22+00:00
09/22/2026 13:55:19,N,39.5532,0.0,0.0,0.0,0.0,0.0,0.0,0.0,0.0,0.0,0.0,0.0,0.0,0.0,0.0,14830.62,107358.59,0.0,2026-09-22 18:55:19+00:00
09/22/2026 14:00:24,N,38.2983,0.0,0.0,0.0,0.0,0.0,0.0,0.0,0.0,0.0,0.0,0.0,0.0,0.0,0.0,14899.55,107930.3,0.0,2026-09-22 19:00:24+00:00
09/22/2026 14:05:22,N,40.6939,0.0,0.0,0.0,0.0,0.0,0.0,0.0,0.0,0.0,0.0,0.0,0.0,0.0,0.0,14991.07,108415.73,0.0,2026-09-22 19:05:22+00:00
09/22/2026 14:10:21,N,31.2569,0.0,0.0,0.0,0.0,0.0,0.0,0.0,0.0,0.0,0.0,0.0,0.0,0.0,0.0,15297.77,109046.36,0.0,2026-09-22 19:10:21+00:00
09/22/2026 14:15:19,N,37.5418,0.0,0.0,0.0,0.0,0.0,0.0,0.0,0.0,0.0,0.0,0.0,0.0,0.0,0.0,15274.18,108998.48,0.0,2026-09-22 19:15:19+00:00
09/22/2026 14:20:21,N,35.056,0.0,0.0,0.0,0.0,0.0,0.0,0.0,0.0,0.0,0.0,0.0,0.0,0.0,0.0,15320.42,109322.44,0.0,2026-09-22 19:20:21+00:00
09/22/2026 14:25:20,N,33.6257,0.0,0.0,0.0,0.0,0.0,0.0,0.0,0.0,0.0,0.0,0.0,0.0,0.0,0.0,15409.38,109731.91,0.0,2026-09-22 19:25:20+00:00
09/22/2026 14:30:21,N,36.4029,0.0,0.0,0.0,0.0,0.0,0.0,0.0,0.0,0.0,0.0,0.0,0.0,0.0,0.0,15434.93,109609.91,0.0,2026-09-22 19:30:21+00:00
09/22/2026 14:35:21,N,44.1387,0.0,0.0,0.0,0.0,0.0,0.0,0.0,0.0,0.0,0.0,0.0,0.0,0.0,0.0,15472.58,109504.29,0.0,2026-09-22 19:35:21+00:00
09/22/2026 14:40:22,N,38.4609,0.0,0.0,0.0,0.0,0.0,0.0,0.0,0.0,0.0,0.0,0.0,0.0,0.0,0.0,15546.78,109391.67,0.0,2026-09-22 19:40:22+00:00
09/22/2026 14:45:21,N,43.4356,0.0,0.0,0.0,0.0,0.0,0.0,0.0,0.0,0.0,0.0,0.0,0.0,0.0,0.0,15562.47,109445.06,0.0,2026-09-22 19:45:21+00:00
09/22/2026 14:50:21,N,42.9084,0.0,0.0,0.0,0.0,0.0,0.0,0.0,0.0,0.0,0.0,0.0,0.0,0.0,0.0,15619.09,109892.6,0.0,2026-09-22 19:50:21+00:00
09/22/2026 14:55:20,N,39.8203,0.0,0.0,0.0,0.0,0.0,0.0,0.0,0.0,0.0,0.0,0.0,0.0,0.0,0.0,15754.0,110254.73,0.0,2026-09-22 19:55:20+00:00
09/22/2026 15:00:22,N,35.424,0.0,0.0,0.0,0.0,0.0,0.0,0.0,0.0,0.0,0.0,0.0,0.0,0.0,0.0,15652.85,110385.69,0.0,2026-09-22 20:00:22+00:00
09/22/2026 15:05:21,N,41.5735,0.0,0.0,0.0,0.0,0.0,0.0,20.0,0.0,0.0,0.0,0.0,0.0,0.0,0.0,15657.63,110620.26,0.0,2026-09-22 20:05:21+00:00
09/22/2026 15:10:20,N,45.5065,0.0,0.0,0.0,0.0,0.0,0.0,20.0,0.0,0.0,0.0,0.0,0.0,0.0,0.0,15709.06,111026.58,0.0,2026-09-22 20:10:20+00:00
09/22/2026 15:15:19,N,39.8007,0.0,0.0,0.0,0.0,0.0,0.0,20.0,0.0,0.0,0.0,0.0,0.0,0.0,0.0,15949.55,111395.13,0.0,2026-09-22 20:15:19+00:00
09/22/2026 15:20:21,N,42.038,0.3,0.0,0.0,0.0,0.0,0.0,20.0,0.0,0.0,0.0,0.0,0.0,0.0,0.0,16001.29,111168.49,0.0,2026-09-22 20:20:21+00:00
09/22/2026 15:25:21,N,42.5764,0.0,0.0,0.0,0.0,0.0,0.0,20.0,0.0,0.0,0.0,0.0,0.0,0.0,0.0,16139.28,111512.89,0.0,2026-09-22 20:25:21+00:00
09/22/2026 15:30:21,N,44.308,0.0,0.0,0.0,0.0,0.0,0.0,20.0,0.0,0.0,0.0,0.0,0.0,0.0,0.0,16296.98,111904.34,0.0,2026-09-22 20:30:21+00:00
09/22/2026 15:35:20,N,46.0511,0.29,0.0,0.0,0.0,0.0,0.0,20.0,0.0,0.0,0.0,0.0,0.0,0.0,0.0,16116.22,112298.67,0.0,2026-09-22 20:35:20+00:00
09/22/2026 15:40:22,N,46.2569,0.29,0.0,0.0,0.0,0.0,0.0,20.0,0.0,0.0,0.0,0.0,0.0,0.0,0.0,16145.23,112144.51,0.0,2026-09-22 20:40:22+00:00
09/22/2026 15:45:20,N,52.5358,0.0,0.0,0.0,0.0,0.0,0.0,20.0,0.0,0.0,0.0,0.0,0.0,0.0,0.0,16107.09,111881.59,0.0,2026-09-22 20:45:20+00:00
09/22/2026 15:50:22,N,52.3836,0.0,0.0,0.0,0.0,0.0,0.0,20.0,0.0,0.0,0.0,0.0,0.0,0.0,0.0,16110.85,111886.19,0.0,2026-09-22 20:50:22+00:00
09/22/2026 15:55:24,N,56.7449,0.66,0.0,0.0,0.0,0.0,0.0,20.0,0.0,0.0,0.0,0.0,0.0,0.0,0.0,16199.93,112466.66,0.0,2026-09-22 20:55:24+00:00
09/22/2026 16:00:24,N,44.1599,0.0,0.0,0.0,0.0,0.0,0.0,20.0,0.0,0.0,0.0,0.0,0.0,0.0,0.0,16155.2,112756.51,0.0,2026-09-22 21:00:24+00:00
09/22/2026 16:05:22,N,47.1224,0.0,0.0,0.0,0.0,0.0,0.0,20.0,0.0,0.0,0.0,0.0,0.0,0.0,0.0,16080.9,112875.87,0.0,2026-09-22 21:05:22+00:00
09/22/2026 16:10:22,N,78.3448,0.0,0.0,0.0,0.0,0.0,0.0,20.0,0.0,0.0,0.0,0.0,0.0,0.0,0.0,16080.96,113079.38,0.0,2026-09-22 21:10:22+00:00
09/22/2026 16:15:25,N,79.2331,0.0,0.01,0.0,0.0,0.0,0.0,20.0,0.0,0.0,0.0,0.0,0.0,0.0,0.0,16137.53,112827.16,0.0,2026-09-22 21:15:25+00:00
09/22/2026 16:20:24,N,86.2789,0.0,0.0,0.0,0.0,0.0,0.0,20.0,0.0,0.0,0.0,0.0,0.0,0.0,0.0,16101.35,112707.16,0.0,2026-09-22 21:20:24+00:00
09/22/2026 16:25:23,N,79.9773,2.06,0.0,0.0,0.0,0.0,0.0,20.0,0.0,0.0,0.0,0.0,0.0,0.0,0.0,16044.89,112285.88,0.0,2026-09-22 21:25:23+00:00
09/22/2026 16:30:24,N,84.2292,0.0,0.0,0.0,0.0,0.0,0.0,20.0,0.0,0.0,0.0,0.0,0.0,0.0,0.0,16052.49,112484.34,0.0,2026-09-22 21:30:24+00:00
09/22/2026 16:35:23,N,129.9616,0.0,0.0,0.0,0.0,0.0,0.0,20.0,0.0,0.0,0.0,0.0,0.0,0.0,0.0,16136.03,112212.75,0.0,2026-09-22 21:35:23+00:00
09/22/2026 16:40:24,N,120.2742,0.89,0.0,0.0,0.0,0.0,0.0,20.0,0.0,0.0,0.0,0.0,0.0,0.0,0.0,16121.86,111661.42,0.0,2026-09-22 21:40:24+00:00
09/22/2026 16:45:21,N,86.211,0.0,0.0,0.0,0.0,0.0,0.0,20.0,0.0,0.0,0.0,0.0,0.0,0.0,0.0,16131.21,112022.88,0.0,2026-09-22 21:45:21+00:00
09/22/2026 16:50:21,N,89.7107,0.0,0.0,0.0,0.0,0.0,0.0,20.0,0.0,0.0,0.0,0.0,0.0,0.0,0.0,16201.89,112006.45,0.0,2026-09-22 21:50:21+00:00
09/22/2026 16:52:46,N,100.5466,0.0,0.0,0.0,0.0,0.0,0.0,20.0,0.0,0.0,0.0,0.0,0.0,0.0,0.0,16067.41,111308.48,0.0,2026-09-22 21:52:46+00:00
09/22/2026 16:55:23,N,111.9877,0.0,0.0,0.0,0.0,0.0,0.0,20.0,0.0,0.0,0.0,0.0,0.0,0.0,0.0,16017.73,111001.95,0.0,2026-09-22 21:55:23+00:00
09/22/2026 16:58:14,N,103.7802,0.0,0.0,0.0,0.0,0.0,0.0,20.0,0.0,0.0,0.0,0.0,0.0,0.0,0.0,15879.4,110646.52,0.0,2026-09-22 21:58:14+00:00
09/22/2026 17:00:24,N,134.3792,0.0,0.0,0.84,0.0,0.0,0.0,20.0,0.0,0.0,0.0,0.0,0.0,0.0,0.0,15656.47,110238.74,0.0,2026-09-22 22:00:24+00:00
09/22/2026 17:05:22,N,90.2586,0.12,0.0,0.0,0.0,0.0,0.0,20.0,0.0,0.0,0.0,0.0,0.0,0.0,0.0,15815.43,111027.46,0.0,2026-09-22 22:05:22+00:00
09/22/2026 17:10:23,N,132.078,0.0,0.0,0.0,0.0,0.0,0.0,20.0,0.0,0.0,0.0,0.0,0.0,0.0,0.0,15873.11,110869.1,0.0,2026-09-22 22:10:23+00:00
09/22/2026 17:12:27,N,150.5716,0.0,0.0,0.29,0.0,0.0,0.0,20.0,0.0,0.0,0.0,0.0,0.0,0.0,0.0,15856.0,110450.54,0.0,2026-09-22 22:12:27+00:00
09/22/2026 17:15:22,N,146.0215,0.0,0.0,0.0,0.0,0.0,0.0,20.0,0.0,0.0,0.0,0.0,0.0,0.0,0.0,15760.7,109978.97,0.0,2026-09-22 22:15:22+00:00
09/22/2026 17:17:23,N,139.3699,0.0,0.0,0.0,0.0,0.0,0.0,20.0,0.0,0.0,0.0,0.0,0.0,0.0,0.0,15739.72,110056.47,0.0,2026-09-22 22:17:23+00:00
09/22/2026 17:20:22,N,142.0113,0.0,0.0,0.0,0.0,0.0,0.0,20.0,0.0,0.0,0.0,0.0,0.0,0.0,0.0,15950.87,109661.39,0.0,2026-09-22 22:20:22+00:00
09/22/2026 17:25:23,N,134.5863,0.0,0.0,0.0,0.0,0.0,0.0,20.0,0.0,0.0,0.0,0.0,0.0,0.0,0.0,16097.03,109898.89,0.0,2026-09-22 22:25:23+00:00
09/22/2026 17:30:22,N,137.7951,0.0,0.0,0.0,0.0,0.0,0.0,20.0,0.0,0.0,0.0,0.0,0.0,0.0,0.0,16052.32,109402.89,0.0,2026-09-22 22:30:22+00:00
09/22/2026 17:35:21,N,138.5706,0.0,0.0,0.0,0.0,0.0,0.0,20.0,0.0,0.0,0.0,0.0,0.0,0.0,0.0,16105.2,109369.83,0.0,2026-09-22 22:35:21+00:00
09/22/2026 17:40:23,N,145.5559,0.0,0.0,0.0,0.0,0.0,0.0,20.0,0.0,0.0,0.0,0.0,0.0,0.0,0.0,15934.22,109238.1,0.0,2026-09-22 22:40:23+00:00
09/22/2026 17:45:22,N,147.5814,0.0,0.1,0.0,0.0,0.0,0.01,20.0,0.0,0.0,0.0,0.0,0.0,0.0,0.0,16015.5,108743.82,0.0,2026-09-22 22:45:22+00:00
09/22/2026 17:50:23,N,161.8708,0.0,0.0,0.0,0.01,0.01,0.06,20.0,0.0,0.0,0.0,0.0,0.0,0.0,0.0,16034.08,107407.88,0.0,2026-09-22 22:50:23+00:00
09/22/2026 17:55:23,N,162.2213,0.0,0.0,0.0,0.01,0.01,0.06,20.0,0.0,0.0,0.0,0.0,0.0,0.0,0.0,16011.33,106651.03,0.0,2026-09-22 22:55:23+00:00
09/22/2026 18:00:31,N,151.8409,0.0,0.0,2.04,0.0,0.01,0.03,20.0,0.0,0.0,0.0,0.0,0.0,0.0,0.0,16061.31,105120.55,0.0,2026-09-22 23:00:31+00:00
09/22/2026 18:05:24,N,149.853,0.0,0.0,0.0,0.0,0.01,0.02,20.0,0.0,0.0,0.0,0.0,0.0,0.0,0.0,15830.52,104366.14,0.0,2026-09-22 23:05:24+00:00
09/22/2026 18:10:22,N,151.4268,0.0,0.04,0.0,0.01,0.02,0.09,20.0,0.0,0.0,0.0,0.0,0.0,0.0,0.0,15384.31,103573.9,0.0,2026-09-22 23:10:22+00:00
09/22/2026 18:15:24,N,154.973,0.0,0.04,0.0,0.0,0.01,0.04,20.0,0.0,0.0,0.0,0.0,0.0,0.0,0.0,14984.5,102392.09,0.0,2026-09-22 23:15:24+00:00
09/22/2026 18:20:23,N,157.2515,0.0,0.0,0.12,0.0,0.0,0.0,20.0,0.0,0.0,0.0,0.0,0.0,0.0,0.0,14689.83,101274.59,0.0,2026-09-22 23:20:23+00:00
09/22/2026 18:25:23,N,162.2006,0.0,0.0,0.0,0.0,0.0,0.0,20.0,0.0,0.0,0.0,0.0,0.0,0.0,0.0,14328.73,99977.5,0.0,2026-09-22 23:25:23+00:00
09/22/2026 18:30:27,N,157.9549,0.0,0.0,0.0,0.0,0.0,0.0,20.0,0.0,0.0,0.0,0.0,0.0,0.0,0.0,13937.42,99402.77,0.0,2026-09-22 23:30:27+00:00
09/22/2026 18:35:28,N,161.0502,0.0,0.01,0.0,0.0,0.01,0.02,20.0,0.0,0.0,0.0,0.0,0.0,0.0,0.0,13864.85,98393.15,0.0,2026-09-22 23:35:28+00:00
09/22/2026 18:38:30,N,163.2409,0.0,0.05,0.0,0.01,0.0,0.05,20.0,0.0,0.0,0.0,0.0,0.0,0.0,0.0,13819.41,97787.07,0.0,2026-09-22 23:38:30+00:00
09/22/2026 18:40:23,N,165.7426,0.0,0.06,0.0,0.01,0.02,0.07,20.0,0.0,0.0,0.0,0.0,0.0,0.0,0.0,13804.25,97342.1,0.0,2026-09-22 23:40:23+00:00
09/22/2026 18:45:24,N,163.144,0.03,0.16,0.0,0.02,0.04,0.16,20.0,0.0,0.0,0.0,0.0,0.0,0.0,0.0,13688.77,96383.19,0.0,2026-09-22 23:45:24+00:00
09/22/2026 18:50:25,N,164.0322,0.0,0.1,0.0,0.03,0.06,0.27,20.0,0.0,0.0,0.0,0.0,0.0,0.0,0.0,13900.47,95442.81,0.0,2026-09-22 23:50:25+00:00
09/22/2026 18:55:24,N,164.0456,0.0,0.13,0.0,0.02,0.03,0.13,20.0,0.0,0.0,0.0,0.0,0.0,0.0,0.0,13616.3,94780.65,0.0,2026-09-22 23:55:24+00:00
09/22/2026 18:57:43,N,164.6018,0.0,0.08,0.0,0.01,0.02,0.08,20.0,0.0,0.0,0.0,0.0,0.0,0.0,0.0,13085.21,94529.98,0.0,2026-09-22 23:57:43+00:00
09/22/2026 19:00:28,N,155.5526,0.11,0.01,0.0,0.01,0.02,0.09,20.0,0.0,0.0,0.0,0.0,0.0,0.0,0.0,13062.5,94228.45,0.0,2026-09-23 00:00:28+00:00
09/22/2026 19:05:34,N,149.7299,0.02,0.0,0.0,0.05,0.1,0.38,20.0,0.0,0.0,0.0,0.0,0.0,0.0,0.0,12817.25,93637.87,0.0,2026-09-23 00:05:34+00:00
09/22/2026 19:10:28,N,149.7938,0.49,0.05,0.0,0.05,0.03,0.13,20.0,0.0,0.0,0.0,0.0,0.0,0.0,0.0,12713.61,93220.73,0.0,2026-09-23 00:10:28+00:00
09/22/2026 19:15:25,N,151.1118,0.75,0.03,0.0,0.03,0.06,0.2,20.0,0.0,0.0,0.0,0.0,0.0,0.0,0.0,12712.74,92848.36,0.0,2026-09-23 00:15:25+00:00
09/22/2026 19:20:26,N,152.3079,0.0,0.2,0.0,0.0,0.03,0.55,20.0,0.0,0.0,0.0,0.0,0.0,0.0,0.0,12639.78,92508.28,0.0,2026-09-23 00:20:26+00:00
09/22/2026 19:25:24,N,153.1426,0.0,0.05,0.0,0.0,0.05,0.49,20.0,0.0,0.0,0.0,0.0,0.0,0.0,0.0,12621.92,92201.26,0.0,2026-09-23 00:25:24+00:00
09/22/2026 19:30:25,N,152.3371,0.25,0.02,0.0,0.1,0.13,0.36,20.0,0.0,0.0,0.0,0.0,0.0,0.0,0.0,12600.03,92034.41,0.0,2026-09-23 00:30:25+00:00
09/22/2026 19:35:24,N,121.187,0.0,0.17,0.0,0.17,0.34,1.4,20.0,0.0,0.0,0.0,0.0,0.0,0.0,0.0,12394.26,92017.09,0.0,2026-09-23 00:35:24+00:00
09/22/2026 19:40:23,N,120.7806,0.0,0.06,0.0,0.06,0.13,0.52,20.0,0.0,0.0,0.0,0.0,0.0,0.0,0.0,12401.66,91792.31,0.0,2026-09-23 00:40:23+00:00
09/22/2026 19:45:23,N,123.4444,0.0,0.02,0.0,0.02,0.04,0.16,20.0,0.0,0.0,0.0,0.0,0.0,0.0,0.0,12288.35,91347.01,0.0,2026-09-23 00:45:23+00:00
09/22/2026 19:50:23,N,125.4629,0.0,0.0,0.0,0.02,0.03,0.12,20.0,0.0,0.0,0.0,0.0,0.0,0.0,0.0,12273.39,91163.32,0.0,2026-09-23 00:50:23+00:00
09/22/2026 19:55:24,N,125.1747,0.0,0.0,0.0,0.0,0.0,0.0,20.0,0.0,0.0,0.0,0.0,0.0,0.0,0.0,12218.57,91065.99,0.0,2026-09-23 00:55:24+00:00
09/22/2026 20:00:28,N,123.3597,0.0,0.29,0.0,0.29,0.57,2.3,20.0,0.0,0.0,0.0,0.0,0.0,0.0,0.0,12246.03,90947.02,0.0,2026-09-23 01:00:28+00:00
09/22/2026 20:05:29,N,111.5283,0.0,0.19,0.0,0.19,0.38,1.54,20.0,0.0,0.0,0.0,0.0,0.0,0.0,0.0,12168.69,90683.22,0.0,2026-09-23 01:05:29+00:00
09/22/2026 20:10:25,N,112.8676,0.0,0.13,0.0,0.14,0.27,1.07,20.0,0.0,0.0,0.0,0.0,0.0,0.0,0.0,12042.66,90356.88,0.0,2026-09-23 01:10:25+00:00
09/22/2026 20:15:24,N,130.9701,0.0,0.0,0.0,0.0,0.0,0.0,20.0,0.0,0.0,0.0,0.0,0.0,0.0,0.0,12027.07,89940.77,0.0,2026-09-23 01:15:24+00:00
09/22/2026 20:20:24,N,136.1015,0.4,0.0,0.0,0.0,0.0,0.0,20.0,0.0,0.0,0.0,0.0,0.0,0.0,0.0,11957.31,89704.43,0.0,2026-09-23 01:20:24+00:00
09/22/2026 20:25:24,N,136.9491,0.0,0.0,0.0,0.0,0.0,0.0,20.0,0.0,0.0,0.0,0.0,0.0,0.0,0.0,11963.98,89258.23,0.0,2026-09-23 01:25:24+00:00
09/22/2026 20:30:25,N,116.611,1.45,0.0,0.0,0.0,0.0,0.0,20.0,0.0,0.0,0.0,0.0,0.0,0.0,0.0,11959.95,89180.38,0.0,2026-09-23 01:30:25+00:00
09/22/2026 20:35:26,N,133.1779,0.0,0.0,0.0,0.0,0.0,0.0,20.0,0.0,0.0,0.0,0.0,0.0,0.0,0.0,11965.13,88818.61,0.0,2026-09-23 01:35:26+00:00
09/22/2026 20:37:52,N,141.0948,0.0,0.0,0.0,0.0,0.0,0.0,20.0,0.0,0.0,0.0,0.0,0.0,0.0,0.0,11972.33,88297.41,0.0,2026-09-23 01:37:52+00:00
09/22/2026 20:40:25,N,140.5573,0.0,0.0,0.0,0.0,0.0,0.9,20.0,0.0,0.0,0.0,0.0,0.0,0.0,0.0,11978.19,88020.3,0.0,2026-09-23 01:40:25+00:00
09/22/2026 20:45:26,N,195.3744,0.0,0.17,0.0,0.8,1.61,5.25,20.0,0.0,0.0,0.0,0.0,0.0,0.0,0.0,12018.5,87504.66,0.0,2026-09-23 01:45:26+00:00
09/22/2026 20:50:26,N,169.1126,0.0,0.0,0.0,0.52,1.04,0.0,20.0,0.0,0.0,0.0,0.0,0.0,0.0,0.0,12021.98,86968.05,0.0,2026-09-23 01:50:26+00:00
09/22/2026 20:55:25,N,241.1954,0.0,1.45,0.0,1.45,2.9,0.0,20.0,0.0,0.0,0.0,0.0,0.0,0.0,0.0,11962.42,86434.86,0.0,2026-09-23 01:55:25+00:00
09/22/2026 21:00:33,N,288.6714,0.98,7.68,0.0,7.68,15.37,4.49,20.0,0.0,0.0,0.0,0.0,0.0,0.0,0.0,12366.51,85831.02,0.0,2026-09-23 02:00:33+00:00
09/22/2026 21:05:27,N,153.8775,0.01,0.0,0.0,0.0,0.0,0.0,25.4,0.0,0.0,0.0,0.0,0.0,0.0,0.0,12418.69,86094.57,0.0,2026-09-23 02:05:27+00:00
09/22/2026 21:10:29,N,138.4355,6.26,0.21,0.0,0.21,0.42,0.0,20.0,0.0,0.0,0.0,0.0,0.0,0.0,0.0,12473.91,86359.57,0.0,2026-09-23 02:10:29+00:00
09/22/2026 21:15:25,N,120.243,2.81,0.0,0.0,0.0,0.0,0.0,20.0,0.0,0.0,0.0,0.0,0.0,0.0,0.0,12540.61,86272.44,0.0,2026-09-23 02:15:25+00:00
09/22/2026 21:20:26,N,107.1219,4.33,0.0,0.0,0.0,0.0,1.92,20.0,0.0,0.0,0.0,0.0,0.0,0.0,0.0,12597.03,86202.68,0.0,2026-09-23 02:20:26+00:00
09/22/2026 21:25:27,N,104.9181,4.31,0.0,0.0,0.0,0.0,2.76,20.0,0.0,0.0,0.0,0.0,0.0,0.0,0.0,12590.82,86149.41,0.0,2026-09-23 02:25:27+00:00
09/22/2026 21:30:26,N,91.0915,2.14,0.0,0.0,0.0,0.0,0.0,20.0,0.0,0.0,0.0,0.0,0.0,0.0,0.0,12594.2,86200.17,0.0,2026-09-23 02:30:26+00:00
09/22/2026 21:35:25,N,87.7534,1.91,0.01,0.0,0.01,0.01,0.0,20.0,0.0,0.0,0.0,0.0,0.0,0.0,0.0,12587.54,86099.14,0.0,2026-09-23 02:35:25+00:00
09/22/2026 21:40:26,N,84.4316,0.0,0.0,0.0,0.0,0.0,0.0,20.0,0.0,0.0,0.0,0.0,0.0,0.0,0.0,12593.02,85880.92,0.0,2026-09-23 02:40:26+00:00
09/22/2026 21:45:26,N,87.6681,0.66,0.0,0.0,0.0,0.0,0.0,20.0,0.0,0.0,0.0,0.0,0.0,0.0,0.0,12584.68,85861.0,0.0,2026-09-23 02:45:26+00:00
09/22/2026 21:50:26,N,87.9684,0.28,0.0,0.0,0.0,0.0,0.0,20.0,0.0,0.0,0.0,0.0,0.0,0.0,0.0,12649.1,85828.6,0.0,2026-09-23 02:50:26+00:00
09/22/2026 21:55:26,N,96.065,0.74,0.46,0.0,0.37,0.75,0.0,20.0,0.0,0.0,0.0,0.0,0.0,0.0,0.0,12645.76,85448.6,0.0,2026-09-23 02:55:26+00:00
09/22/2026 22:00:30,N,123.2229,12.31,7.9,0.0,7.74,15.43,11.19,20.0,0.0,0.0,0.0,0.0,0.0,0.0,0.0,12442.81,85075.38,0.0,2026-09-23 03:00:30+00:00
09/22/2026 22:05:26,N,102.7545,16.2,5.85,0.0,5.85,11.7,14.25,20.0,0.0,0.0,0.0,0.0,0.0,0.0,0.0,12545.23,84377.6,0.0,2026-09-23 03:05:26+00:00
09/22/2026 22:10:43,N,141.3771,18.73,11.87,0.0,11.87,23.74,17.74,20.0,0.0,0.0,0.0,0.0,0.0,0.0,0.0,12419.45,84149.76,0.0,2026-09-23 03:10:43+00:00
09/22/2026 22:15:25,N,160.5568,12.22,5.86,0.0,5.86,11.71,10.73,20.0,0.0,0.0,0.0,0.0,0.0,0.0,0.0,12421.97,83979.28,0.0,2026-09-23 03:15:25+00:00
09/22/2026 22:20:33,N,160.7922,11.86,5.28,0.0,5.28,10.56,10.04,20.0,0.0,0.0,0.0,0.0,0.0,0.0,0.0,12426.36,83719.45,0.0,2026-09-23 03:20:33+00:00
09/22/2026 22:25:23,N,160.727,12.67,6.75,0.0,6.75,13.51,11.03,20.0,0.0,0.0,0.0,0.0,0.0,0.0,0.0,12908.29,83520.44,0.0,2026-09-23 03:25:23+00:00
09/22/2026 22:30:40,N,108.9577,0.0,0.0,0.0,0.0,0.0,0.0,20.0,0.0,0.0,0.0,0.0,0.0,0.0,0.0,12792.54,83461.68,0.0,2026-09-23 03:30:40+00:00
09/22/2026 22:35:33,N,105.3648,0.0,0.0,0.0,0.0,0.0,0.0,20.0,0.0,0.0,0.0,0.0,0.0,0.0,0.0,12654.96,83405.91,0.0,2026-09-23 03:35:33+00:00
09/22/2026 22:40:26,N,99.8029,0.0,0.0,0.0,0.0,0.0,0.0,20.0,0.0,0.0,0.0,0.0,0.0,0.0,0.0,12530.88,83226.78,0.0,2026-09-23 03:40:26+00:00
09/22/2026 22:45:30,N,92.1,0.8,0.0,0.0,0.0,0.0,0.0,20.0,0.0,0.0,0.0,0.0,0.0,0.0,0.0,12397.2,83003.19,0.0,2026-09-23 03:45:30+00:00
09/22/2026 22:50:27,N,66.0309,2.3,0.4,0.0,0.4,0.81,0.81,20.0,0.0,0.0,0.0,0.0,0.0,0.0,0.0,12311.99,82941.46,0.0,2026-09-23 03:50:27+00:00
09/22/2026 22:57:30,N,103.4103,1.16,0.0,0.0,0.0,0.0,0.0,20.0,0.0,0.0,0.0,0.0,0.0,0.0,0.0,11880.54,82753.09,0.0,2026-09-23 03:57:30+00:00
09/22/2026 23:00:38,N,131.5491,0.0,0.0,0.0,0.0,0.0,0.0,0.0,0.0,0.0,0.0,0.0,0.0,0.0,0.0,11477.25,82414.02,0.0,2026-09-23 04:00:38+00:00
09/22/2026 23:05:50,N,145.1745,0.0,0.0,0.0,0.0,0.0,0.0,0.0,0.0,0.0,0.0,0.0,0.0,0.0,0.0,11310.52,82202.09,0.0,2026-09-23 04:05:50+00:00
09/22/2026 23:10:28,N,108.5356,0.0,0.0,0.0,0.0,0.0,0.0,0.0,0.0,0.0,0.0,0.0,0.0,0.0,0.0,11577.34,81973.98,0.0,2026-09-23 04:10:28+00:00
09/22/2026 23:15:32,N,101.9895,0.0,0.0,0.0,0.0,0.0,0.0,0.0,0.0,0.0,0.0,0.0,0.0,0.0,0.0,11449.59,81730.48,0.0,2026-09-23 04:15:32+00:00
09/22/2026 23:21:09,N,94.0131,0.0,0.0,0.0,0.0,0.0,0.0,0.0,0.0,0.0,0.0,0.0,0.0,0.0,0.0,11391.49,81656.81,0.0,2026-09-23 04:21:09+00:00
09/22/2026 23:25:25,N,83.5526,0.0,0.0,0.0,0.0,0.0,0.0,0.0,0.0,0.0,0.0,0.0,0.0,0.0,0.0,11453.18,81410.05,0.0,2026-09-23 04:25:25+00:00
09/22/2026 23:30:25,N,81.4002,0.0,0.0,0.0,0.0,0.0,0.0,0.0,0.0,0.0,0.0,0.0,0.0,0.0,0.0,11419.71,81782.45,0.0,2026-09-23 04:30:25+00:00
09/22/2026 23:35:21,N,82.4924,0.0,0.0,0.0,0.0,0.0,0.0,0.0,0.0,0.0,0.0,0.0,0.0,0.0,0.0,11394.51,81773.18,0.0,2026-09-23 04:35:21+00:00
09/22/2026 23:40:29,N,77.8842,0.0,0.0,0.0,0.0,0.0,0.0,0.0,0.0,0.0,0.0,0.0,0.0,0.0,0.0,11421.99,81713.8,0.0,2026-09-23 04:40:29+00:00
09/22/2026 23:45:22,N,59.8059,0.0,0.0,0.0,0.0,0.0,0.0,0.0,0.0,0.0,0.0,0.0,0.0,0.0,0.0,11425.48,81859.7,0.0,2026-09-23 04:45:22+00:00
09/22/2026 23:50:22,N,59.5226,0.0,0.0,0.0,0.0,0.0,0.0,0.0,0.0,0.0,0.0,0.0,0.0,0.0,0.0,11374.1,81822.8,0.0,2026-09-23 04:50:22+00:00
09/22/2026 23:55:22,N,61.1752,0.0,0.0,0.0,0.0,0.0,0.0,0.0,0.0,0.0,0.0,0.0,0.0,0.0,0.0,11306.73,81716.84,0.0,2026-09-23 04:55:22+00:00
09/23/2026 00:00:33,N,57.8284,0.0,0.0,0.0,0.0,0.0,0.0,0.0,0.0,0.0,0.0,0.0,0.0,0.0,0.0,11312.74,81391.73,0.0,2026-09-23 05:00:33+00:00
09/23/2026 00:05:22,N,66.1116,0.0,0.0,0.0,0.0,0.0,0.0,0.0,0.0,0.0,0.0,0.0,0.0,0.0,0.0,11132.8,81320.24,0.0,2026-09-23 05:05:22+00:00
09/23/2026 00:10:23,N,60.0534,0.0,0.0,0.0,0.0,0.0,0.0,0.0,0.0,0.0,0.0,0.0,0.0,0.0,0.0,10967.42,81292.78,0.0,2026-09-23 05:10:23+00:00
09/23/2026 00:15:23,N,63.5602,0.0,0.0,0.0,0.0,0.0,0.0,0.0,0.0,0.0,0.0,0.0,0.0,0.0,0.0,10928.56,80851.2,0.0,2026-09-23 05:15:23+00:00
09/23/2026 00:20:21,N,52.6508,0.0,0.0,0.0,0.0,0.0,0.0,0.0,0.0,0.0,0.0,0.0,0.0,0.0,0.0,10995.82,80587.06,0.0,2026-09-23 05:20:21+00:00
09/23/2026 00:25:24,N,52.7827,0.0,0.0,0.0,0.0,0.0,0.0,0.0,0.0,0.0,0.0,0.0,0.0,0.0,0.0,10738.84,80434.75,0.0,2026-09-23 05:25:24+00:00
09/23/2026 00:30:23,N,49.8832,0.0,0.0,0.0,0.0,0.0,0.0,0.0,0.0,0.0,0.0,0.0,0.0,0.0,0.0,10615.35,80199.73,0.0,2026-09-23 05:30:23+00:00
09/23/2026 00:35:22,N,42.6114,0.0,0.0,0.0,0.0,0.0,0.0,0.0,0.0,0.0,0.0,0.0,0.0,0.0,0.0,10580.27,80301.34,0.0,2026-09-23 05:35:22+00:00
09/23/2026 00:40:21,N,42.1119,0.0,0.0,0.0,0.0,0.0,0.0,0.0,0.0,0.0,0.0,0.0,0.0,0.0,0.0,10544.67,80368.15,0.0,2026-09-23 05:40:21+00:00
09/23/2026 00:45:20,N,41.228,0.0,0.0,0.0,0.0,0.0,0.0,0.0,0.0,0.0,0.0,0.0,0.0,0.0,0.0,10605.53,80262.48,0.0,2026-09-23 05:45:20+00:00
09/23/2026 00:50:22,N,39.7076,0.0,0.0,0.0,0.0,0.0,0.0,0.0,0.0,0.0,0.0,0.0,0.0,0.0,0.0,10513.05,80401.7,0.0,2026-09-23 05:50:22+00:00
09/23/2026 00:55:21,N,40.9176,0.0,0.0,0.0,0.0,0.0,0.0,0.0,0.0,0.0,0.0,0.0,0.0,0.0,0.0,10226.28,80323.18,0.0,2026-09-23 05:55:21+00:00
09/23/2026 01:00:25,N,44.351,0.0,0.0,0.0,0.0,0.0,0.0,0.0,0.0,0.0,0.0,0.0,0.0,0.0,0.0,9929.49,80720.25,0.0,2026-09-23 06:00:25+00:00
09/23/2026 01:05:21,N,42.6304,0.0,0.0,0.0,0.0,0.0,0.0,0.0,0.0,0.0,0.0,0.0,0.0,0.0,0.0,10128.32,81527.33,0.0,2026-09-23 06:05:21+00:00
09/23/2026 01:10:23,N,43.6974,0.0,0.0,0.0,0.0,0.0,0.0,0.0,0.0,0.0,0.0,0.0,0.0,0.0,0.0,10031.04,81226.98,0.0,2026-09-23 06:10:23+00:00
09/23/2026 01:15:22,N,43.2562,0.0,0.0,0.0,0.0,0.0,0.0,0.0,0.0,0.0,0.0,0.0,0.0,0.0,0.0,10169.85,80899.57,0.0,2026-09-23 06:15:22+00:00
09/23/2026 01:20:21,N,43.3667,0.0,0.0,0.0,0.0,0.0,0.0,0.0,0.0,0.0,0.0,0.0,0.0,0.0,0.0,9981.45,80407.14,0.0,2026-09-23 06:20:21+00:00
09/23/2026 01:25:21,N,40.2873,0.0,0.0,0.0,0.0,0.0,0.0,0.0,0.0,0.0,0.0,0.0,0.0,0.0,0.0,9897.76,80547.22,0.0,2026-09-23 06:25:21+00:00
09/23/2026 01:30:21,N,40.4774,0.0,0.0,0.0,0.0,0.0,0.0,0.0,0.0,0.0,0.0,0.0,0.0,0.0,0.0,9841.5,80279.88,0.0,2026-09-23 06:30:21+00:00
09/23/2026 01:35:20,N,40.2719,0.0,0.0,0.0,0.0,0.0,0.0,0.0,0.0,0.0,0.0,0.0,0.0,0.0,0.0,9864.59,80185.19,0.0,2026-09-23 06:35:20+00:00
09/23/2026 01:40:19,N,38.2445,0.0,0.0,0.0,0.0,0.0,0.0,0.0,0.0,0.0,0.0,0.0,0.0,0.0,0.0,10099.28,79450.27,0.0,2026-09-23 06:40:19+00:00
09/23/2026 01:45:20,N,36.9978,0.0,0.0,0.0,0.0,0.0,0.0,0.0,0.0,0.0,0.0,0.0,0.0,0.0,0.0,10198.03,79426.45,0.0,2026-09-23 06:45:20+00:00
09/23/2026 01:50:19,N,36.0558,0.0,0.0,0.0,0.0,0.0,0.0,0.0,0.0,0.0,0.0,0.0,0.0,0.0,0.0,10309.52,79671.11,0.0,2026-09-23 06:50:19+00:00
09/23/2026 01:55:19,N,35.9415,0.0,0.0,0.0,0.0,0.0,0.0,0.0,0.0,0.0,0.0,0.0,0.0,0.0,0.0,10201.46,79943.82,0.0,2026-09-23 06:55:19+00:00
09/23/2026 02:00:21,N,34.7854,0.0,0.0,0.0,0.0,0.0,0.0,0.0,0.0,0.0,0.0,0.0,0.0,0.0,0.0,9723.65,80357.86,0.0,2026-09-23 07:00:21+00:00
09/23/2026 02:05:19,N,36.6633,0.0,0.0,0.0,0.0,0.0,0.0,0.0,0.0,0.0,0.0,0.0,0.0,0.0,0.0,9395.75,80338.98,0.0,2026-09-23 07:05:19+00:00
09/23/2026 02:10:19,N,35.9557,0.0,0.0,0.0,0.0,0.0,0.0,0.0,0.0,0.0,0.0,0.0,0.0,0.0,0.0,9330.32,80366.27,0.0,2026-09-23 07:10:19+00:00
09/23/2026 02:15:19,N,34.5266,0.0,0.0,0.0,0.0,0.0,0.0,0.0,0.0,0.0,0.0,0.0,0.0,0.0,0.0,9267.11,80115.59,0.0,2026-09-23 07:15:19+00:00
09/23/2026 02:20:19,N,35.0951,0.0,0.0,0.0,0.0,0.0,0.0,0.0,0.0,0.0,0.0,0.0,0.0,0.0,0.0,9252.41,79899.84,0.0,2026-09-23 07:20:19+00:00
09/23/2026 02:25:22,N,34.5781,0.0,0.0,0.0,0.0,0.0,0.0,0.0,0.0,0.0,0.0,0.0,0.0,0.0,0.0,9189.21,79929.6,0.0,2026-09-23 07:25:22+00:00
09/23/2026 02:30:20,N,31.999,0.0,0.0,0.0,0.0,0.0,0.0,0.0,0.0,0.0,0.0,0.0,0.0,0.0,0.0,9138.64,79980.85,0.0,2026-09-23 07:30:20+00:00
09/23/2026 02:35:22,N,32.7512,0.0,0.0,0.0,0.0,0.0,0.0,0.0,0.0,0.0,0.0,0.0,0.0,0.0,0.0,8871.66,79889.24,0.0,2026-09-23 07:35:22+00:00
09/23/2026 02:40:21,N,32.3067,0.0,0.0,0.0,0.0,0.0,0.0,0.0,0.0,0.0,0.0,0.0,0.0,0.0,0.0,8442.51,79547.24,0.0,2026-09-23 07:40:21+00:00
09/23/2026 02:45:18,N,31.6986,0.0,0.0,0.0,0.0,0.0,0.0,0.0,0.0,0.0,0.0,0.0,0.0,0.0,0.0,8477.4,79565.48,0.0,2026-09-23 07:45:18+00:00
09/23/2026 02:50:18,N,32.1323,0.0,0.0,0.0,0.0,0.0,0.0,0.0,0.0,0.0,0.0,0.0,0.0,0.0,0.0,8448.29,79623.65,0.0,2026-09-23 07:50:18+00:00
09/23/2026 02:55:17,N,31.7535,0.0,0.0,0.0,0.0,0.0,0.0,0.0,0.0,0.0,0.0,0.0,0.0,0.0,0.0,8355.21,79858.52,0.0,2026-09-23 07:55:17+00:00
09/23/2026 03:00:19,N,32.8468,0.0,0.0,0.0,0.0,0.0,0.0,0.0,0.0,0.0,0.0,0.0,0.0,0.0,0.0,8348.96,80083.02,0.0,2026-09-23 08:00:19+00:00
09/23/2026 03:05:21,N,32.8399,0.0,0.0,0.0,0.0,0.0,0.0,0.0,0.0,0.0,0.0,0.0,0.0,0.0,0.0,8194.67,80185.36,0.0,2026-09-23 08:05:21+00:00
09/23/2026 03:10:18,N,33.2202,0.0,0.0,0.0,0.0,0.0,0.0,0.0,0.0,0.0,0.0,0.0,0.0,0.0,0.0,8226.66,80040.36,0.0,2026-09-23 08:10:18+00:00
09/23/2026 03:15:19,N,32.9378,0.0,0.0,0.0,0.0,0.0,0.0,0.0,0.0,0.0,0.0,0.0,0.0,0.0,0.0,8224.37,79936.0,0.0,2026-09-23 08:15:19+00:00
09/23/2026 03:20:18,N,33.1926,0.0,0.0,0.0,0.0,0.0,0.0,0.0,0.0,0.0,0.0,0.0,0.0,0.0,0.0,8262.86,79835.22,0.0,2026-09-23 08:20:18+00:00
09/23/2026 03:25:17,N,32.9468,0.0,0.0,0.0,0.0,0.0,0.0,0.0,0.0,0.0,0.0,0.0,0.0,0.0,0.0,8259.27,79712.1,0.0,2026-09-23 08:25:17+00:00
09/23/2026 03:30:21,N,32.7046,0.0,0.0,0.0,0.0,0.0,0.0,0.0,0.0,0.0,0.0,0.0,0.0,0.0,0.0,8347.58,79644.56,0.0,2026-09-23 08:30:21+00:00
09/23/2026 03:35:17,N,32.6995,0.0,0.0,0.0,0.0,0.0,0.0,0.0,0.0,0.0,0.0,0.0,0.0,0.0,0.0,8405.43,79500.06,0.0,2026-09-23 08:35:17+00:00
09/23/2026 03:40:19,N,32.8584,0.0,0.0,0.0,0.0,0.0,0.0,0.0,0.0,0.0,0.0,0.0,0.0,0.0,0.0,8335.23,79463.02,0.0,2026-09-23 08:40:19+00:00
09/23/2026 03:45:19,N,32.7241,0.0,0.0,0.0,0.0,0.0,0.0,0.0,0.0,0.0,0.0,0.0,0.0,0.0,0.0,8331.56,79414.73,0.0,2026-09-23 08:45:19+00:00
09/23/2026 03:50:19,N,33.0354,0.0,0.0,0.0,0.0,0.0,0.0,0.0,0.0,0.0,0.0,0.0,0.0,0.0,0.0,8394.85,79159.55,0.0,2026-09-23 08:50:19+00:00
09/23/2026 03:55:19,N,32.9666,0.0,0.0,0.0,0.0,0.0,0.0,0.0,0.0,0.0,0.0,0.0,0.0,0.0,0.0,8343.67,78971.23,0.0,2026-09-23 08:55:19+00:00
09/23/2026 04:00:20,N,28.2087,0.0,0.0,0.0,0.0,0.0,0.0,0.0,0.0,0.0,0.0,0.0,0.0,0.0,0.0,8339.66,78815.37,0.0,2026-09-23 09:00:20+00:00
09/23/2026 04:05:18,N,28.3757,0.0,0.0,0.0,0.0,0.0,0.0,0.0,0.0,0.0,0.0,0.0,0.0,0.0,0.0,8337.45,78850.73,0.0,2026-09-23 09:05:18+00:00
09/23/2026 04:10:17,N,29.0452,0.0,0.0,0.0,0.0,0.0,0.0,0.0,0.0,0.0,0.0,0.0,0.0,0.0,0.0,8264.6,78711.63,0.0,2026-09-23 09:10:17+00:00
09/23/2026 04:15:18,N,29.4017,0.0,0.0,0.0,0.0,0.0,0.0,0.0,0.0,0.0,0.0,0.0,0.0,0.0,0.0,8263.92,78653.84,0.0,2026-09-23 09:15:18+00:00
09/23/2026 04:20:17,N,29.4015,0.0,0.0,0.0,0.0,0.0,0.0,0.0,0.0,0.0,0.0,0.0,0.0,0.0,0.0,8273.85,78585.9,0.0,2026-09-23 09:20:17+00:00
09/23/2026 04:25:16,N,29.4015,0.0,0.0,0.0,0.0,0.0,0.0,0.0,0.0,0.0,0.0,0.0,0.0,0.0,0.0,8180.43,78481.91,0.0,2026-09-23 09:25:16+00:00
09/23/2026 04:30:19,N,30.8818,0.0,0.0,0.0,0.0,0.0,0.0,0.0,0.0,0.0,0.0,0.0,0.0,0.0,0.0,8078.24,78170.2,0.0,2026-09-23 09:30:19+00:00
09/23/2026 04:35:17,N,32.3827,0.0,0.0,0.0,0.0,0.0,0.0,0.0,0.0,0.0,0.0,0.0,0.0,0.0,0.0,7979.38,78068.59,0.0,2026-09-23 09:35:17+00:00
09/23/2026 04:40:17,N,32.2612,0.0,0.0,0.0,0.0,0.0,0.0,0.0,0.0,0.0,0.0,0.0,0.0,0.0,0.0,7970.91,77950.7,0.0,2026-09-23 09:40:17+00:00
09/23/2026 04:45:17,N,30.8817,0.0,0.0,0.0,0.0,0.0,0.0,0.0,0.0,0.0,0.0,0.0,0.0,0.0,0.0,8031.19,78000.34,0.0,2026-09-23 09:45:17+00:00
09/23/2026 04:50:16,N,31.9807,0.0,0.0,0.0,0.0,0.0,0.0,0.0,0.0,0.0,0.0,0.0,0.0,0.0,0.0,8311.57,77726.44,0.0,2026-09-23 09:50:16+00:00
09/23/2026 04:55:18,N,33.5748,0.0,0.0,0.0,0.0,0.0,0.0,0.0,0.0,0.0,0.0,0.0,0.0,0.0,0.0,8269.37,77679.34,0.0,2026-09-23 09:55:18+00:00
09/23/2026 05:00:18,N,29.1323,0.0,0.0,0.0,0.0,0.0,0.0,0.0,0.0,0.0,0.0,0.0,0.0,0.0,0.0,8286.74,77596.79,0.0,2026-09-23 10:00:18+00:00
09/23/2026 05:05:17,N,30.5636,0.0,0.0,0.0,0.0,0.0,0.0,0.0,0.0,0.0,0.0,0.0,0.0,0.0,0.0,8259.57,77533.98,0.0,2026-09-23 10:05:17+00:00
09/23/2026 05:10:17,N,35.1614,0.0,0.0,0.0,0.0,0.0,0.0,0.0,0.0,0.0,0.0,0.0,0.0,0.0,0.0,8210.86,77456.95,0.0,2026-09-23 10:10:17+00:00
09/23/2026 05:15:17,N,36.1439,0.0,0.0,0.0,0.0,0.0,0.0,0.0,0.0,0.0,0.0,0.0,0.0,0.0,0.0,8144.52,77413.77,0.0,2026-09-23 10:15:17+00:00
09/23/2026 05:20:18,N,37.747,0.0,0.0,0.0,0.0,0.0,0.0,0.0,0.0,0.0,0.0,0.0,0.0,0.0,0.0,8127.93,77361.5,0.0,2026-09-23 10:20:18+00:00
09/23/2026 05:25:16,N,37.786,0.0,0.0,0.0,0.0,0.0,0.0,0.0,0.0,0.0,0.0,0.0,0.0,0.0,0.0,8162.52,77259.59,0.0,2026-09-23 10:25:16+00:00
09/23/2026 05:30:17,N,40.3623,0.0,0.0,0.0,0.0,0.0,0.0,0.0,0.0,0.0,0.0,0.0,0.0,0.0,0.0,8138.86,77176.1,0.0,2026-09-23 10:30:17+00:00
09/23/2026 05:35:17,N,38.5657,0.0,0.0,0.0,0.0,0.0,0.0,0.0,0.0,0.0,0.0,0.0,0.0,0.0,0.0,8126.45,77087.67,0.0,2026-09-23 10:35:17+00:00
09/23/2026 05:40:17,N,40.5968,0.0,0.0,0.0,0.0,0.0,0.0,0.0,0.0,0.0,0.0,0.0,0.0,0.0,0.0,8110.84,77063.34,0.0,2026-09-23 10:40:17+00:00
09/23/2026 05:45:16,N,40.5453,0.0,0.0,0.0,0.0,0.0,0.0,0.0,0.0,0.0,0.0,0.0,0.0,0.0,0.0,8118.25,77053.78,0.0,2026-09-23 10:45:16+00:00
09/23/2026 05:50:16,N,40.6868,0.0,0.0,0.0,0.0,0.0,0.0,0.0,0.0,0.0,0.0,0.0,0.0,0.0,0.0,8053.78,77147.38,0.0,2026-09-23 10:50:16+00:00
09/23/2026 05:55:16,N,40.5469,0.0,0.0,0.0,0.0,0.0,0.0,0.0,0.0,0.0,0.0,0.0,0.0,0.0,0.0,8040.71,77152.94,0.0,2026-09-23 10:55:16+00:00
09/23/2026 06:00:18,N,39.3274,0.0,0.0,0.0,0.0,0.0,0.0,0.0,0.0,0.0,0.0,0.0,0.0,0.0,0.0,8359.81,77132.85,0.0,2026-09-23 11:00:18+00:00
09/23/2026 06:05:19,N,42.4305,0.0,0.0,0.0,0.0,0.0,0.0,0.0,0.0,0.0,0.0,0.0,0.0,0.0,0.0,8123.21,77289.63,0.0,2026-09-23 11:05:19+00:00
09/23/2026 06:10:19,N,44.3341,0.0,0.0,0.0,0.0,0.0,0.0,0.0,0.0,0.0,0.0,0.0,0.0,0.0,0.0,8071.19,77256.72,0.0,2026-09-23 11:10:19+00:00
09/23/2026 06:15:18,N,44.3015,0.0,0.0,0.0,0.0,0.0,0.0,0.0,0.0,0.0,0.0,0.0,0.0,0.0,0.0,8029.97,77228.16,0.0,2026-09-23 11:15:18+00:00
09/23/2026 06:20:18,N,40.9195,0.0,0.0,0.0,0.0,0.0,0.0,0.0,0.0,0.0,0.0,0.0,0.0,0.0,0.0,8014.04,77192.51,0.0,2026-09-23 11:20:18+00:00
09/23/2026 06:25:17,N,49.4074,0.0,0.0,0.0,0.0,0.0,0.0,0.0,0.0,0.0,0.0,0.0,0.0,0.0,0.0,7973.45,77152.53,0.0,2026-09-23 11:25:17+00:00
09/23/2026 06:30:18,N,42.0982,0.0,0.0,0.0,0.0,0.0,0.0,0.0,0.0,0.0,0.0,0.0,0.0,0.0,0.0,7997.3,77264.45,0.0,2026-09-23 11:30:18+00:00
09/23/2026 06:35:17,N,49.853,0.0,0.0,0.0,0.0,0.0,0.0,0.0,0.0,0.0,0.0,0.0,0.0,0.0,0.0,7947.0,77226.2,0.0,2026-09-23 11:35:17+00:00
09/23/2026 06:40:17,N,46.556,0.0,0.0,0.0,0.0,0.0,0.0,0.0,0.0,0.0,0.0,0.0,0.0,0.0,0.0,8000.95,77245.52,0.0,2026-09-23 11:40:17+00:00
09/23/2026 06:45:18,N,46.6639,0.0,0.0,0.0,0.0,0.0,0.0,0.0,0.0,0.0,0.0,0.0,0.0,0.0,0.0,7684.09,77262.95,0.0,2026-09-23 11:45:18+00:00
09/23/2026 06:50:17,N,45.8846,0.0,0.0,0.0,0.0,0.0,0.0,0.0,0.0,0.0,0.0,0.0,0.0,0.0,0.0,7686.81,77109.36,0.0,2026-09-23 11:50:17+00:00
09/23/2026 06:55:18,N,45.0042,0.0,0.0,0.0,0.0,0.0,0.0,0.0,0.0,0.0,0.0,0.0,0.0,0.0,0.0,7768.84,77003.05,0.0,2026-09-23 11:55:18+00:00
09/23/2026 07:00:19,N,42.7756,0.0,0.0,0.0,0.0,0.0,0.0,0.0,0.0,0.0,0.0,0.0,0.0,0.0,0.0,7811.18,76831.96,0.0,2026-09-23 12:00:19+00:00
09/23/2026 07:05:18,N,47.3939,0.0,0.0,0.0,0.0,0.0,0.0,0.0,0.0,0.0,0.0,0.0,0.0,0.0,0.0,8075.38,76377.92,0.0,2026-09-23 12:05:18+00:00
09/23/2026 07:10:18,N,47.3947,0.0,0.0,0.0,0.0,0.0,0.0,0.0,0.0,0.0,0.0,0.0,0.0,0.0,0.0,7994.09,76226.68,0.0,2026-09-23 12:10:18+00:00
09/23/2026 07:15:20,N,50.2099,0.0,0.0,0.0,0.0,0.0,0.0,0.0,0.0,0.0,0.0,0.0,0.0,0.0,0.0,7941.05,76060.5,0.0,2026-09-23 12:15:20+00:00
09/23/2026 07:20:17,N,49.1807,0.0,0.0,0.0,0.0,0.0,0.0,0.0,0.0,0.0,0.0,0.0,0.0,0.0,0.0,7937.3,75894.54,0.0,2026-09-23 12:20:17+00:00
09/23/2026 07:25:17,N,47.4979,0.0,0.0,0.0,0.0,0.0,0.0,0.0,0.0,0.0,0.0,0.0,0.0,0.0,0.0,7987.17,75898.4,0.0,2026-09-23 12:25:17+00:00
09/23/2026 07:30:18,N,47.4978,0.0,0.0,0.0,0.0,0.0,0.0,0.0,0.0,0.0,0.0,0.0,0.0,0.0,0.0,8208.28,75842.7,0.0,2026-09-23 12:30:18+00:00
09/23/2026 07:35:17,N,44.4488,0.0,0.0,0.0,0.0,0.0,0.0,0.0,0.0,0.0,0.0,0.0,0.0,0.0,0.0,8253.25,76082.27,0.0,2026-09-23 12:35:17+00:00
09/23/2026 07:40:18,N,40.6942,0.0,0.0,0.0,0.0,0.0,0.0,0.0,0.0,0.0,0.0,0.0,0.0,0.0,0.0,8282.43,76330.62,0.0,2026-09-23 12:40:18+00:00
09/23/2026 07:45:17,N,40.5008,0.0,0.0,0.0,0.0,0.0,0.0,0.0,0.0,0.0,0.0,0.0,0.0,0.0,0.0,8251.38,76777.46,0.0,2026-09-23 12:45:17+00:00
09/23/2026 07:50:17,N,35.4106,0.0,0.0,0.0,0.0,0.0,0.0,0.0,0.0,0.0,0.0,0.0,0.0,0.0,0.0,8214.34,77347.67,0.0,2026-09-23 12:50:17+00:00
09/23/2026 07:55:17,N,34.1211,0.0,0.0,0.0,0.0,0.0,0.0,0.0,0.0,0.0,0.0,0.0,0.0,0.0,0.0,8206.01,78025.83,0.0,2026-09-23 12:55:17+00:00
09/23/2026 08:00:19,N,37.8637,0.0,0.0,0.0,0.0,0.0,0.0,0.0,0.0,0.0,0.0,0.0,0.0,0.0,0.0,8143.2,79104.84,0.0,2026-09-23 13:00:19+00:00
09/23/2026 08:05:18,N,36.1874,0.0,0.0,0.0,0.0,0.0,0.0,0.0,0.0,0.0,0.0,0.0,0.0,0.0,0.0,7957.22,80352.23,0.0,2026-09-23 13:05:18+00:00
09/23/2026 08:10:18,N,30.8824,0.0,0.0,0.0,0.0,0.0,0.0,0.0,0.0,0.0,0.0,0.0,0.0,0.0,0.0,8327.13,81137.63,0.0,2026-09-23 13:10:18+00:00
09/23/2026 08:15:18,N,30.2411,0.0,0.0,0.0,0.0,0.0,0.0,0.0,0.0,0.0,0.0,0.0,0.0,0.0,0.0,8246.72,82152.48,0.0,2026-09-23 13:15:18+00:00
09/23/2026 08:20:18,N,30.9375,0.0,0.0,0.0,0.0,0.0,0.0,0.0,0.0,0.0,0.0,0.0,0.0,0.0,0.0,7911.24,83484.27,0.0,2026-09-23 13:20:18+00:00
09/23/2026 08:25:18,N,15.9234,0.0,0.0,0.0,0.0,0.0,0.0,0.0,0.0,0.0,0.0,0.0,0.0,0.0,0.0,7888.29,84490.99,0.0,2026-09-23 13:25:18+00:00
09/23/2026 08:30:17,N,16.0534,0.0,0.0,0.0,0.0,0.0,0.0,0.0,0.0,0.0,0.0,0.0,0.0,0.0,0.0,7938.61,85528.09,0.0,2026-09-23 13:30:17+00:00
09/23/2026 08:35:19,N,15.267,0.0,0.0,0.0,0.0,0.0,0.0,0.0,0.0,0.0,0.0,0.0,0.0,0.0,0.0,7839.43,86925.73,0.0,2026-09-23 13:35:19+00:00
09/23/2026 08:40:19,N,27.1292,0.0,0.0,0.0,0.0,0.0,0.0,0.0,0.0,0.0,0.0,0.0,0.0,0.0,0.0,7756.73,87705.94,0.0,2026-09-23 13:40:19+00:00
09/23/2026 08:45:18,N,27.1485,0.0,0.0,0.0,0.0,0.0,0.0,0.0,0.0,0.0,0.0,0.0,0.0,0.0,0.0,7734.07,88932.31,0.0,2026-09-23 13:45:18+00:00
09/23/2026 08:50:18,N,26.1157,0.0,0.0,0.0,0.0,0.0,0.0,0.0,0.0,0.0,0.0,0.0,0.0,0.0,0.0,7304.08,90653.28,0.0,2026-09-23 13:50:18+00:00
09/23/2026 08:55:19,N,26.5287,0.0,0.0,0.0,0.0,0.0,0.0,0.0,0.0,0.0,0.0,0.0,0.0,0.0,0.0,7262.2,91860.82,0.0,2026-09-23 13:55:19+00:00
09/23/2026 09:00:19,N,29.3671,0.0,0.0,0.0,0.0,0.0,0.0,0.0,0.0,0.0,0.0,0.0,0.0,0.0,0.0,7536.1,92580.41,0.0,2026-09-23 14:00:19+00:00
09/23/2026 09:05:18,N,30.5584,0.0,0.0,0.0,0.0,0.0,0.0,0.0,0.0,0.0,0.0,0.0,0.0,0.0,0.0,7018.5,93717.79,0.0,2026-09-23 14:05:18+00:00
09/23/2026 09:10:18,N,30.7317,0.0,0.0,0.0,0.0,0.0,0.0,0.0,0.0,0.0,0.0,0.0,0.0,0.0,0.0,7269.34,94173.01,0.0,2026-09-23 14:10:18+00:00
09/23/2026 09:15:18,N,30.322,0.0,0.0,0.0,0.0,0.0,0.0,0.0,0.0,0.0,0.0,0.0,0.0,0.0,0.0,7240.46,94649.08,0.0,2026-09-23 14:15:18+00:00
09/23/2026 09:20:17,N,29.4223,0.0,0.0,0.0,0.0,0.0,0.0,0.0,0.0,0.0,0.0,0.0,0.0,0.0,0.0,7215.71,95633.36,0.0,2026-09-23 14:20:17+00:00
09/23/2026 09:25:18,N,30.5439,0.0,0.0,0.0,0.0,0.0,0.0,0.0,0.0,0.0,0.0,0.0,0.0,0.0,0.0,7189.34,96515.42,0.0,2026-09-23 14:25:18+00:00
09/23/2026 09:30:18,N,31.1395,0.0,0.0,0.0,0.0,0.0,0.0,0.0,0.0,0.0,0.0,0.0,0.0,0.0,0.0,7157.08,97270.59,0.0,2026-09-23 14:30:18+00:00
09/23/2026 09:35:17,N,29.993,0.0,0.0,0.0,0.0,0.0,0.0,0.0,0.0,0.0,0.0,0.0,0.0,0.0,0.0,7422.19,98227.21,0.0,2026-09-23 14:35:17+00:00
09/23/2026 09:40:17,N,29.515,0.0,0.0,0.0,0.0,0.0,0.0,0.0,0.0,0.0,0.0,0.0,0.0,0.0,0.0,7620.02,98728.3,0.0,2026-09-23 14:40:17+00:00
09/23/2026 09:45:17,N,30.329,0.0,0.0,0.0,0.0,0.0,0.0,0.0,0.0,0.0,0.0,0.0,0.0,0.0,0.0,7672.53,99234.74,0.0,2026-09-23 14:45:17+00:00
09/23/2026 09:50:16,N,30.6188,0.0,0.0,0.0,0.0,0.0,0.0,0.0,0.0,0.0,0.0,0.0,0.0,0.0,0.0,7686.4,99594.49,0.0,2026-09-23 14:50:16+00:00
09/23/2026 09:55:18,N,31.1684,0.0,0.0,0.0,0.0,0.0,0.0,0.0,0.0,0.0,0.0,0.0,0.0,0.0,0.0,7790.83,100164.64,0.0,2026-09-23 14:55:18+00:00
09/23/2026 10:00:20,N,32.4508,0.0,0.0,0.0,0.0,0.0,0.0,0.0,0.0,0.0,0.0,0.0,0.0,0.0,0.0,7870.63,100875.33,0.0,2026-09-23 15:00:20+00:00
09/23/2026 10:05:19,N,33.8906,0.0,0.0,0.0,0.0,0.0,0.0,0.0,0.0,0.0,0.0,0.0,0.0,0.0,0.0,7874.06,101270.9,0.0,2026-09-23 15:05:19+00:00
09/23/2026 10:10:19,N,35.6021,0.0,0.0,0.0,0.0,0.0,0.0,0.0,0.0,0.0,0.0,0.0,0.0,0.0,0.0,7898.74,101739.41,0.0,2026-09-23 15:10:19+00:00
09/23/2026 10:15:18,N,35.127,0.0,0.0,0.0,0.0,0.0,0.0,0.0,0.0,0.0,0.0,0.0,0.0,0.0,0.0,7939.87,101834.88,0.0,2026-09-23 15:15:18+00:00
09/23/2026 10:20:19,N,37.3685,0.0,0.0,0.0,0.0,0.0,0.0,0.0,0.0,0.0,0.0,0.0,0.0,0.0,0.0,8130.19,101484.68,0.0,2026-09-23 15:20:19+00:00
09/23/2026 10:25:19,N,37.1883,0.0,0.0,0.0,0.0,0.0,0.0,0.0,0.0,0.0,0.0,0.0,0.0,0.0,0.0,8249.0,101749.7,0.0,2026-09-23 15:25:19+00:00
09/23/2026 10:30:20,N,36.6294,0.0,0.0,0.0,0.0,0.0,0.0,0.0,0.0,0.0,0.0,0.0,0.0,0.0,0.0,8411.67,102603.72,0.0,2026-09-23 15:30:20+00:00
09/23/2026 10:35:17,N,37.0009,0.0,0.0,0.0,0.0,0.0,0.0,0.0,0.0,0.0,0.0,0.0,0.0,0.0,0.0,8570.43,103276.24,0.0,2026-09-23 15:35:17+00:00
09/23/2026 10:40:17,N,36.4557,0.0,0.0,0.0,0.0,0.0,0.0,0.0,0.0,0.0,0.0,0.0,0.0,0.0,0.0,8725.65,104187.16,0.0,2026-09-23 15:40:17+00:00
09/23/2026 10:45:17,N,35.8984,0.0,0.0,0.0,0.0,0.0,0.0,0.0,0.0,0.0,0.0,0.0,0.0,0.0,0.0,9164.46,104739.75,0.0,2026-09-23 15:45:17+00:00
09/23/2026 10:50:18,N,34.5668,0.0,0.0,0.0,0.0,0.0,0.0,0.0,0.0,0.0,0.0,0.0,0.0,0.0,0.0,9540.15,105143.7,0.0,2026-09-23 15:50:18+00:00
09/23/2026 10:55:18,N,31.0741,0.0,0.0,0.0,0.0,0.0,0.0,0.0,0.0,0.0,0.0,0.0,0.0,0.0,0.0,9795.22,104935.88,0.0,2026-09-23 15:55:18+00:00
09/23/2026 11:00:20,N,33.0032,0.0,0.0,0.0,0.0,0.0,0.0,0.0,0.0,0.0,0.0,0.0,0.0,0.0,0.0,9920.05,105342.82,0.0,2026-09-23 16:00:20+00:00
09/23/2026 11:05:18,N,31.781,0.0,0.0,0.0,0.0,0.0,0.0,0.0,0.0,0.0,0.0,0.0,0.0,0.0,0.0,10205.53,105303.34,0.0,2026-09-23 16:05:18+00:00
09/23/2026 11:10:18,N,32.5224,0.0,0.0,0.0,0.0,0.0,0.0,0.0,0.0,0.0,0.0,0.0,0.0,0.0,0.0,10561.41,105101.06,0.0,2026-09-23 16:10:18+00:00
09/23/2026 11:15:18,N,33.0333,0.0,0.0,0.0,0.0,0.0,0.0,0.0,0.0,0.0,0.0,0.0,0.0,0.0,0.0,10723.35,105420.7,0.0,2026-09-23 16:15:18+00:00
09/23/2026 11:20:17,N,32.915,0.0,0.0,0.0,0.0,0.0,0.0,0.0,0.0,0.0,0.0,0.0,0.0,0.0,0.0,10999.73,106189.29,0.0,2026-09-23 16:20:17+00:00
09/23/2026 11:25:17,N,32.1008,0.0,0.0,0.0,0.0,0.0,0.0,0.0,0.0,0.0,0.0,0.0,0.0,0.0,0.0,10944.48,106640.67,0.0,2026-09-23 16:25:17+00:00
09/23/2026 11:30:17,N,26.7544,0.0,0.0,0.0,0.0,0.0,0.0,0.0,0.0,0.0,0.0,0.0,0.0,0.0,0.0,11118.18,107229.39,0.0,2026-09-23 16:30:17+00:00
09/23/2026 11:35:17,N,29.7322,0.0,0.0,0.0,0.0,0.0,0.0,0.0,0.0,0.0,0.0,0.0,0.0,0.0,0.0,11286.18,107036.59,0.0,2026-09-23 16:35:17+00:00
09/23/2026 11:40:17,N,31.1127,0.0,0.0,0.0,0.0,0.0,0.0,0.0,0.0,0.0,0.0,0.0,0.0,0.0,0.0,11416.64,107295.75,0.0,2026-09-23 16:40:17+00:00
09/23/2026 11:45:17,N,30.2232,0.0,0.0,0.0,0.0,0.0,0.0,0.0,0.0,0.0,0.0,0.0,0.0,0.0,0.0,11691.24,107330.02,0.0,2026-09-23 16:45:17+00:00
09/23/2026 11:50:17,N,30.4066,0.0,0.0,0.0,0.0,0.0,0.0,0.0,0.0,0.0,0.0,0.0,0.0,0.0,0.0,11781.56,107492.2,0.0,2026-09-23 16:50:17+00:00
09/23/2026 11:55:19,N,30.2413,0.0,0.0,0.0,0.0,0.0,0.0,0.0,0.0,0.0,0.0,0.0,0.0,0.0,0.0,12027.27,107643.05,0.0,2026-09-23 16:55:19+00:00
09/23/2026 12:00:18,N,31.146,0.0,0.0,0.0,0.0,0.0,0.0,0.0,0.0,0.0,0.0,0.0,0.0,0.0,0.0,12315.45,107511.48,0.0,2026-09-23 17:00:18+00:00
09/23/2026 12:05:22,N,32.128,0.0,0.0,0.0,0.0,0.0,0.0,0.0,0.0,0.0,0.0,0.0,0.0,0.0,0.0,12304.7,108098.1,0.0,2026-09-23 17:05:22+00:00
09/23/2026 12:10:17,N,29.6597,0.0,0.0,0.0,0.0,0.0,0.0,0.0,0.0,0.0,0.0,0.0,0.0,0.0,0.0,12311.1,108543.7,0.0,2026-09-23 17:10:17+00:00
09/23/2026 12:15:17,N,30.2954,0.0,0.0,0.0,0.0,0.0,0.0,0.0,0.0,0.0,0.0,0.0,0.0,0.0,0.0,12586.54,109058.95,0.0,2026-09-23 17:15:17+00:00
09/23/2026 12:20:17,N,33.8979,0.0,0.0,0.0,0.0,0.0,0.0,0.0,0.0,0.0,0.0,0.0,0.0,0.0,0.0,12732.99,108739.05,0.0,2026-09-23 17:20:17+00:00
09/23/2026 12:25:19,N,32.6838,0.0,0.0,0.0,0.0,0.0,0.0,0.0,0.0,0.0,0.0,0.0,0.0,0.0,0.0,12749.83,108739.34,0.0,2026-09-23 17:25:19+00:00
09/23/2026 12:30:19,N,32.5293,0.0,0.0,0.0,0.0,0.0,0.0,0.0,0.0,0.0,0.0,0.0,0.0,0.0,0.0,12891.79,108674.31,0.0,2026-09-23 17:30:19+00:00
09/23/2026 12:35:18,N,26.6769,0.0,0.0,0.0,0.0,0.0,0.0,0.0,0.0,0.0,0.0,0.0,0.0,0.0,0.0,13197.59,109414.3,0.0,2026-09-23 17:35:18+00:00
09/23/2026 12:40:16,N,30.8528,0.0,0.0,0.0,0.0,0.0,0.0,0.0,0.0,0.0,0.0,0.0,0.0,0.0,0.0,13404.08,109421.45,0.0,2026-09-23 17:40:16+00:00
09/23/2026 12:45:16,N,29.0069,0.0,0.0,0.0,0.0,0.0,0.0,0.0,0.0,0.0,0.0,0.0,0.0,0.0,0.0,13425.31,109506.3,0.0,2026-09-23 17:45:16+00:00
09/23/2026 12:50:17,N,30.1662,0.0,0.0,0.0,0.0,0.0,0.0,0.0,0.0,0.0,0.0,0.0,0.0,0.0,0.0,13460.63,109077.42,0.0,2026-09-23 17:50:17+00:00
09/23/2026 12:55:19,N,33.179,0.0,0.0,0.0,0.0,0.0,0.0,0.0,0.0,0.0,0.0,0.0,0.0,0.0,0.0,13404.04,108705.19,0.0,2026-09-23 17:55:19+00:00
09/23/2026 13:00:22,N,32.0325,0.0,0.0,0.0,0.0,0.0,0.0,0.0,0.0,0.0,0.0,0.0,0.0,0.0,0.0,13641.95,108480.63,0.0,2026-09-23 18:00:22+00:00
09/23/2026 13:05:19,N,33.4226,0.0,0.0,0.0,0.0,0.0,0.0,0.0,0.0,0.0,0.0,0.0,0.0,0.0,0.0,13828.48,109592.05,0.0,2026-09-23 18:05:19+00:00
09/23/2026 13:10:19,N,30.5322,0.0,0.0,0.0,0.0,0.0,0.0,0.0,0.0,0.0,0.0,0.0,0.0,0.0,0.0,13922.35,109710.45,0.0,2026-09-23 18:10:19+00:00
09/23/2026 13:15:19,N,31.1365,0.0,0.0,0.0,0.0,0.0,0.0,0.0,0.0,0.0,0.0,0.0,0.0,0.0,0.0,14450.4,109845.91,0.0,2026-09-23 18:15:19+00:00
09/23/2026 13:20:18,N,34.3665,0.0,0.0,0.0,0.0,0.0,0.0,0.0,0.0,0.0,0.0,0.0,0.0,0.0,0.0,14471.38,110021.46,0.0,2026-09-23 18:20:18+00:00
09/23/2026 13:25:19,N,33.3167,0.0,0.0,0.0,0.0,0.0,0.0,0.0,0.0,0.0,0.0,0.0,0.0,0.0,0.0,14462.59,109972.34,0.0,2026-09-23 18:25:19+00:00
09/23/2026 13:30:20,N,36.7887,0.0,0.0,0.0,0.0,0.0,0.0,0.0,0.0,0.0,0.0,0.0,0.0,0.0,0.0,14582.2,110048.8,0.0,2026-09-23 18:30:20+00:00
09/23/2026 13:35:19,N,36.1247,0.0,0.0,0.0,0.0,0.0,0.0,0.0,0.0,0.0,0.0,0.0,0.0,0.0,0.0,14528.83,110254.25,0.0,2026-09-23 18:35:19+00:00
09/23/2026 13:40:18,N,34.0808,0.0,0.0,0.0,0.0,0.0,0.0,0.0,0.0,0.0,0.0,0.0,0.0,0.0,0.0,14638.21,110574.93,0.0,2026-09-23 18:40:18+00:00
09/23/2026 13:45:19,N,36.2022,0.0,0.0,0.0,0.0,0.0,0.0,0.0,0.0,0.0,0.0,0.0,0.0,0.0,0.0,14582.02,110445.79,0.0,2026-09-23 18:45:19+00:00
09/23/2026 13:50:23,N,36.1378,0.0,0.0,0.0,0.0,0.0,0.0,0.0,0.0,0.0,0.0,0.0,0.0,0.0,0.0,14877.89,111028.05,0.0,2026-09-23 18:50:23+00:00
09/23/2026 13:55:21,N,37.1304,0.0,0.0,0.0,0.0,0.0,0.0,0.0,0.0,0.0,0.0,0.0,0.0,0.0,0.0,14831.99,111772.26,0.0,2026-09-23 18:55:21+00:00
09/23/2026 14:00:21,N,33.072,0.0,0.0,0.0,0.0,0.0,0.0,0.0,0.0,0.0,0.0,0.0,0.0,0.0,0.0,14918.75,112523.8,0.0,2026-09-23 19:00:21+00:00
09/23/2026 14:05:19,N,35.6741,0.0,0.0,0.0,0.0,0.0,0.0,0.0,0.0,0.0,0.0,0.0,0.0,0.0,0.0,15137.24,112638.09,0.0,2026-09-23 19:05:19+00:00
09/23/2026 14:10:20,N,36.2198,0.0,0.0,0.0,0.0,0.0,0.0,0.0,0.0,0.0,0.0,0.0,0.0,0.0,0.0,15305.32,112684.68,0.0,2026-09-23 19:10:20+00:00
09/23/2026 14:15:20,N,37.7986,0.0,0.0,0.0,0.0,0.0,0.0,0.0,0.0,0.0,0.0,0.0,0.0,0.0,0.0,15366.34,112042.9,0.0,2026-09-23 19:15:20+00:00
09/23/2026 14:20:20,N,46.9197,0.0,0.0,0.0,0.0,0.0,0.0,0.0,0.0,0.0,0.0,0.0,0.0,0.0,0.0,15080.2,110954.3,0.0,2026-09-23 19:20:20+00:00
09/23/2026 14:22:03,N,47.8716,0.0,0.0,0.0,0.0,0.0,0.0,0.0,0.0,0.0,0.0,0.0,0.0,0.0,0.0,15007.67,110464.28,0.0,2026-09-23 19:22:03+00:00
09/23/2026 14:25:19,N,44.8848,0.0,0.0,0.0,0.0,0.0,0.0,0.0,0.0,0.0,0.0,0.0,0.0,0.0,0.0,14973.76,110571.3,0.0,2026-09-23 19:25:19+00:00
09/23/2026 14:30:19,N,32.8589,0.0,0.0,0.0,0.0,0.0,0.0,0.0,0.0,0.0,0.0,0.0,0.0,0.0,0.0,15264.66,111648.77,0.0,2026-09-23 19:30:19+00:00
09/23/2026 14:35:21,N,28.3677,0.0,0.0,0.0,0.0,0.0,0.0,0.0,0.0,0.0,0.0,0.0,0.0,0.0,0.0,15487.91,112132.7,0.0,2026-09-23 19:35:21+00:00
09/23/2026 14:40:19,N,34.4547,0.0,0.0,0.0,0.0,0.0,0.0,0.0,0.0,0.0,0.0,0.0,0.0,0.0,0.0,15684.58,112512.63,0.0,2026-09-23 19:40:19+00:00
09/23/2026 14:45:19,N,33.3083,0.0,0.0,0.0,0.0,0.0,0.0,0.0,0.0,0.0,0.0,0.0,0.0,0.0,0.0,15713.75,112351.46,0.0,2026-09-23 19:45:19+00:00
09/23/2026 14:50:19,N,29.1008,0.0,0.0,0.0,0.0,0.0,0.0,0.0,0.0,0.0,0.0,0.0,0.0,0.0,0.0,15667.5,112182.79,0.0,2026-09-23 19:50:19+00:00
09/23/2026 14:55:21,N,29.9415,0.0,0.0,0.0,0.0,0.0,0.0,0.0,0.0,0.0,0.0,0.0,0.0,0.0,0.0,15576.05,112635.16,0.0,2026-09-23 19:55:21+00:00
09/23/2026 15:00:21,N,28.0959,0.0,0.0,0.0,0.0,0.0,0.0,0.0,0.0,0.0,0.0,0.0,0.0,0.0,0.0,15816.05,112716.78,0.0,2026-09-23 20:00:21+00:00
09/23/2026 15:05:20,N,29.3587,0.0,0.0,0.0,0.0,0.0,0.0,0.0,0.0,0.0,0.0,0.0,0.0,0.0,0.0,15555.82,111869.8,0.0,2026-09-23 20:05:20+00:00
09/23/2026 15:10:21,N,40.4885,0.0,0.0,0.0,0.0,0.0,0.0,0.0,0.0,0.0,0.0,0.0,0.0,0.0,0.0,15664.37,111269.27,0.0,2026-09-23 20:10:21+00:00
09/23/2026 15:15:19,N,41.5382,0.0,0.0,0.0,0.0,0.0,0.0,0.0,0.0,0.0,0.0,0.0,0.0,0.0,0.0,15833.53,111754.72,0.0,2026-09-23 20:15:19+00:00
09/23/2026 15:20:20,N,39.9573,0.0,0.0,0.0,0.0,0.0,0.0,0.0,0.0,0.0,0.0,0.0,0.0,0.0,0.0,15752.14,112126.0,0.0,2026-09-23 20:20:20+00:00
09/23/2026 15:25:20,N,41.33,0.0,0.0,0.0,0.0,0.0,0.0,0.0,0.0,0.0,0.0,0.0,0.0,0.0,0.0,15681.61,111594.27,0.0,2026-09-23 20:25:20+00:00
09/23/2026 15:30:21,N,52.5625,0.0,0.0,0.0,0.0,0.0,0.0,0.0,0.0,0.0,0.0,0.0,0.0,0.0,0.0,15498.97,110738.98,0.0,2026-09-23 20:30:21+00:00
09/23/2026 15:32:19,N,59.5224,0.0,0.0,0.0,0.0,0.0,0.0,0.0,0.0,0.0,0.0,0.0,0.0,0.0,0.0,15425.11,110204.96,0.0,2026-09-23 20:32:19+00:00
09/23/2026 15:35:20,N,61.4856,0.0,0.0,0.0,0.0,0.0,0.0,0.0,0.0,0.0,0.0,0.0,0.0,0.0,0.0,15548.11,110012.05,0.0,2026-09-23 20:35:20+00:00
09/23/2026 15:40:21,N,61.0802,0.0,0.0,0.0,0.0,0.0,0.0,0.0,0.0,0.0,0.0,0.0,0.0,0.0,0.0,15532.42,110122.06,0.0,2026-09-23 20:40:21+00:00
09/23/2026 15:45:20,N,60.9346,0.0,0.0,0.0,0.0,0.0,0.0,0.0,0.0,0.0,0.0,0.0,0.0,0.0,0.0,15579.77,110588.78,0.0,2026-09-23 20:45:20+00:00
09/23/2026 15:50:20,N,57.1807,0.0,0.0,0.0,0.0,0.0,0.0,0.0,0.0,0.0,0.0,0.0,0.0,0.0,0.0,15748.82,111241.01,0.0,2026-09-23 20:50:20+00:00
09/23/2026 15:55:20,N,49.7972,0.0,0.0,0.0,0.0,0.0,0.0,0.0,0.0,0.0,0.0,0.0,0.0,0.0,0.0,15960.79,111378.68,0.0,2026-09-23 20:55:20+00:00
09/23/2026 16:00:25,N,49.7188,0.0,0.0,0.0,0.0,0.0,0.0,0.0,0.0,0.0,0.0,0.0,0.0,0.0,0.0,16152.04,111223.48,0.0,2026-09-23 21:00:25+00:00
09/23/2026 16:05:21,N,45.2162,0.0,0.0,0.0,0.0,0.0,0.0,0.0,0.0,0.0,0.0,0.0,0.0,0.0,0.0,15994.38,110349.12,0.0,2026-09-23 21:05:21+00:00
09/23/2026 16:07:55,N,44.8129,0.0,0.0,0.0,0.0,0.0,0.0,0.0,0.0,0.0,0.0,0.0,0.0,0.0,0.0,15922.58,110537.91,0.0,2026-09-23 21:07:55+00:00
09/23/2026 16:10:22,N,50.3314,0.0,0.0,0.0,0.0,0.0,0.0,0.0,0.0,0.0,0.0,0.0,0.0,0.0,0.0,15991.36,110001.95,0.0,2026-09-23 21:10:22+00:00
09/23/2026 16:15:20,N,50.9097,0.0,0.0,0.0,0.0,0.0,0.0,0.0,0.0,0.0,0.0,0.0,0.0,0.0,0.0,16084.19,109731.06,0.0,2026-09-23 21:15:20+00:00
09/23/2026 16:20:22,N,60.8069,0.0,0.0,0.0,0.0,0.0,0.0,0.0,0.0,0.0,0.0,0.0,0.0,0.0,0.0,16009.23,108816.95,0.0,2026-09-23 21:20:22+00:00
09/23/2026 16:25:20,N,48.0339,0.0,0.0,0.0,0.0,0.0,0.0,0.0,0.0,0.0,0.0,0.0,0.0,0.0,0.0,16080.79,109015.89,0.0,2026-09-23 21:25:20+00:00
09/23/2026 16:30:21,N,43.6603,0.0,0.0,0.0,0.0,0.0,0.0,0.0,0.0,0.0,0.0,0.0,0.0,0.0,0.0,16320.36,109722.45,0.0,2026-09-23 21:30:21+00:00
09/23/2026 16:35:21,N,46.1038,0.0,0.0,0.0,0.0,0.0,0.0,0.0,0.0,0.0,0.0,0.0,0.0,0.0,0.0,16927.13,109813.77,0.0,2026-09-23 21:35:21+00:00
09/23/2026 16:40:21,N,45.0876,0.0,0.0,0.0,0.0,0.0,0.0,0.0,0.0,0.0,0.0,0.0,0.0,0.0,0.0,17213.86,110112.96,0.0,2026-09-23 21:40:21+00:00
09/23/2026 16:45:21,N,47.0021,0.0,0.0,0.0,0.0,0.0,0.0,0.0,0.0,0.0,0.0,0.0,0.0,0.0,0.0,17424.41,109686.15,0.0,2026-09-23 21:45:21+00:00
09/23/2026 16:50:20,N,45.3707,0.0,0.0,0.0,0.0,0.0,0.0,0.0,0.0,0.0,0.0,0.0,0.0,0.0,0.0,17491.74,109464.45,0.0,2026-09-23 21:50:20+00:00
09/23/2026 16:55:21,N,58.3006,0.0,0.0,0.0,0.0,0.0,0.0,0.0,0.0,0.0,0.0,0.0,0.0,0.0,0.0,17535.31,109032.17,0.0,2026-09-23 21:55:21+00:00
09/23/2026 17:00:23,N,55.8731,0.0,0.0,0.0,0.0,0.0,0.0,0.0,0.0,0.0,0.0,0.0,0.0,0.0,0.0,17650.93,108192.04,0.0,2026-09-23 22:00:23+00:00
09/23/2026 17:05:22,N,56.1597,0.0,0.0,0.0,0.0,0.0,0.0,0.0,0.0,0.0,0.0,0.0,0.0,0.0,0.0,17013.63,108700.43,0.0,2026-09-23 22:05:22+00:00
09/23/2026 17:10:21,N,54.2968,0.0,0.0,0.0,0.0,0.0,0.0,0.0,0.0,0.0,0.0,0.0,0.0,0.0,0.0,17000.37,108549.38,0.0,2026-09-23 22:10:21+00:00
09/23/2026 17:13:37,N,68.0429,0.0,0.0,0.0,0.0,0.0,0.0,0.0,0.0,0.0,0.0,0.0,0.0,0.0,0.0,16394.27,107817.27,0.0,2026-09-23 22:13:37+00:00
09/23/2026 17:15:23,N,72.8574,0.0,0.0,0.0,0.0,0.0,0.0,0.0,0.0,0.0,0.0,0.0,0.0,0.0,0.0,16201.63,107275.32,0.0,2026-09-23 22:15:23+00:00
09/23/2026 17:20:20,N,74.0794,0.0,0.0,0.0,0.0,0.0,0.0,0.0,0.0,0.0,0.0,0.0,0.0,0.0,0.0,16164.02,107010.04,0.0,2026-09-23 22:20:20+00:00
09/23/2026 17:25:20,N,63.3754,0.0,0.0,0.0,0.0,0.0,0.0,0.0,0.0,0.0,0.0,0.0,0.0,0.0,0.0,17197.09,107415.54,0.0,2026-09-23 22:25:20+00:00
09/23/2026 17:30:20,N,60.1228,0.0,0.0,0.0,0.0,0.0,0.0,0.0,0.0,0.0,0.0,0.0,0.0,0.0,0.0,17163.37,107434.09,0.0,2026-09-23 22:30:20+00:00
09/23/2026 17:35:23,N,74.7299,0.0,0.0,0.0,0.0,0.0,0.0,0.0,0.0,0.0,0.0,0.0,0.0,0.0,0.0,17206.12,106440.48,0.0,2026-09-23 22:35:23+00:00
09/23/2026 17:40:21,N,79.9489,0.0,0.0,0.0,0.0,0.0,0.0,0.0,0.0,0.0,0.0,0.0,0.0,0.0,0.0,17118.09,105891.6,0.0,2026-09-23 22:40:21+00:00
09/23/2026 17:45:23,N,84.2684,0.0,0.0,0.0,0.0,0.0,0.0,0.0,0.0,0.0,0.0,0.0,0.0,0.0,0.0,17004.35,105015.12,0.0,2026-09-23 22:45:23+00:00
09/23/2026 17:47:30,N,87.818,0.0,0.0,0.0,0.0,0.0,0.0,0.0,0.0,0.0,0.0,0.0,0.0,0.0,0.0,16937.42,104348.55,0.0,2026-09-23 22:47:30+00:00
09/23/2026 17:50:21,N,91.1308,0.0,0.0,0.0,0.0,0.0,0.0,0.0,0.0,0.0,0.0,0.0,0.0,0.0,0.0,16883.96,103806.99,0.0,2026-09-23 22:50:21+00:00
09/23/2026 17:55:23,N,88.8238,0.0,0.0,0.0,0.0,0.0,0.0,0.0,0.0,0.0,0.0,0.0,0.0,0.0,0.0,16613.67,102830.92,0.0,2026-09-23 22:55:23+00:00
09/23/2026 18:00:24,N,69.2411,0.0,0.0,0.0,0.0,0.0,0.0,0.0,0.0,0.0,0.0,0.0,0.0,0.0,0.0,16638.66,102059.92,0.0,2026-09-23 23:00:24+00:00
09/23/2026 18:05:21,N,70.3743,0.0,0.0,0.0,0.0,0.0,0.0,0.0,0.0,0.0,0.0,0.0,0.0,0.0,0.0,16025.46,101616.33,0.0,2026-09-23 23:05:21+00:00
09/23/2026 18:10:21,N,69.0378,0.0,0.0,0.0,0.0,0.0,0.0,0.0,0.0,0.0,0.0,0.0,0.0,0.0,0.0,15099.92,101085.29,0.0,2026-09-23 23:10:21+00:00
09/23/2026 18:15:23,N,67.1403,0.0,0.0,0.0,0.0,0.0,0.0,0.0,0.0,0.0,0.0,0.0,0.0,0.0,0.0,15154.49,100270.01,0.0,2026-09-23 23:15:23+00:00
09/23/2026 18:20:22,N,70.5145,0.0,0.0,0.0,0.0,0.0,0.0,0.0,0.0,0.0,0.0,0.0,0.0,0.0,0.0,14912.54,99367.15,0.0,2026-09-23 23:20:22+00:00
09/23/2026 18:25:22,N,70.8305,0.0,0.0,0.0,0.0,0.0,0.0,0.0,0.0,0.0,0.0,0.0,0.0,0.0,0.0,14738.55,98622.34,0.0,2026-09-23 23:25:22+00:00
09/23/2026 18:30:21,N,66.5127,0.0,0.0,0.0,0.0,0.0,0.0,0.0,0.0,0.0,0.0,0.0,0.0,0.0,0.0,14585.96,97939.21,0.0,2026-09-23 23:30:21+00:00
09/23/2026 18:35:21,N,67.4265,0.0,0.0,0.0,0.0,0.0,0.0,0.0,0.0,0.0,0.0,0.0,0.0,0.0,0.0,14538.11,97126.41,0.0,2026-09-23 23:35:21+00:00
09/23/2026 18:40:21,N,71.1896,0.0,0.0,0.0,0.0,0.0,0.0,0.0,0.0,0.0,0.0,0.0,0.0,0.0,0.0,14413.72,96508.09,0.0,2026-09-23 23:40:21+00:00
09/23/2026 18:45:22,N,70.8097,0.0,0.0,0.0,0.0,0.0,0.0,0.0,0.0,0.0,0.0,0.0,0.0,0.0,0.0,14333.33,95731.53,0.0,2026-09-23 23:45:22+00:00
09/23/2026 18:50:22,N,69.8709,0.0,0.0,0.0,0.0,0.0,0.0,0.0,0.0,0.0,0.0,0.0,0.0,0.0,0.0,14415.65,95349.52,0.0,2026-09-23 23:50:22+00:00
09/23/2026 18:55:22,N,69.3445,0.0,0.0,0.0,0.0,0.0,0.0,0.0,0.0,0.0,0.0,0.0,0.0,0.0,0.0,14390.84,94681.07,0.0,2026-09-23 23:55:22+00:00
09/23/2026 19:00:25,N,58.6091,0.0,0.0,0.0,0.0,0.0,0.0,0.0,0.0,0.0,0.0,0.0,0.0,0.0,0.0,14479.36,94072.24,0.0,2026-09-24 00:00:25+00:00
09/23/2026 19:05:23,N,59.0462,0.0,0.0,0.0,0.0,0.0,0.0,0.0,0.0,0.0,0.0,0.0,0.0,0.0,0.0,14270.06,93673.16,0.0,2026-09-24 00:05:23+00:00
09/23/2026 19:10:22,N,61.9999,0.0,0.0,0.0,0.0,0.0,0.0,0.0,0.0,0.0,0.0,0.0,0.0,0.0,0.0,14001.8,93202.94,0.0,2026-09-24 00:10:22+00:00
09/23/2026 19:15:23,N,60.0281,0.0,0.0,0.0,0.0,0.0,0.0,0.0,0.0,0.0,0.0,0.0,0.0,0.0,0.0,13901.89,92851.8,0.0,2026-09-24 00:15:23+00:00
09/23/2026 19:20:23,N,60.0081,0.0,0.0,0.0,0.0,0.0,0.0,0.0,0.0,0.0,0.0,0.0,0.0,0.0,0.0,13879.35,92520.95,0.0,2026-09-24 00:20:23+00:00
09/23/2026 19:25:24,N,59.9837,0.0,0.0,0.0,0.0,0.0,0.0,0.0,0.0,0.0,0.0,0.0,0.0,0.0,0.0,13874.36,92226.55,0.0,2026-09-24 00:25:24+00:00
09/23/2026 19:30:24,N,60.6106,0.0,0.0,0.0,0.0,0.0,0.0,0.0,0.0,0.0,0.0,0.0,0.0,0.0,0.0,13239.01,91974.27,0.0,2026-09-24 00:30:24+00:00
09/23/2026 19:35:22,N,61.2414,0.0,0.0,0.0,0.0,0.0,0.0,0.0,0.0,0.0,0.0,0.0,0.0,0.0,0.0,13148.14,91704.43,0.0,2026-09-24 00:35:22+00:00
09/23/2026 19:40:22,N,61.0497,0.0,0.0,0.0,0.0,0.0,0.0,0.0,0.0,0.0,0.0,0.0,0.0,0.0,0.0,13123.95,91475.45,0.0,2026-09-24 00:40:22+00:00
09/23/2026 19:45:22,N,61.2814,0.0,0.0,0.0,0.0,0.0,0.0,0.0,0.0,0.0,0.0,0.0,0.0,0.0,0.0,12921.57,91213.29,0.0,2026-09-24 00:45:22+00:00
09/23/2026 19:50:23,N,61.526,0.0,0.0,0.0,0.0,0.0,0.0,0.0,0.0,0.0,0.0,0.0,0.0,0.0,0.0,12841.74,90940.06,0.0,2026-09-24 00:50:23+00:00
09/23/2026 19:55:21,N,61.5843,0.0,0.0,0.0,0.0,0.0,0.0,0.0,0.0,0.0,0.0,0.0,0.0,0.0,0.0,12853.21,90866.57,0.0,2026-09-24 00:55:21+00:00
09/23/2026 20:00:23,N,58.0287,0.0,0.0,0.0,0.0,0.0,0.0,0.0,0.0,0.0,0.0,0.0,0.0,0.0,0.0,12825.2,90784.13,0.0,2026-09-24 01:00:23+00:00
09/23/2026 20:05:30,N,55.2344,0.0,0.0,0.0,0.0,0.0,0.0,0.0,0.0,0.0,0.0,0.0,0.0,0.0,0.0,12845.98,90825.66,0.0,2026-09-24 01:05:30+00:00
09/23/2026 20:10:23,N,54.2261,0.0,0.0,0.0,0.0,0.0,0.0,0.0,0.0,0.0,0.0,0.0,0.0,0.0,0.0,12718.98,90958.48,0.0,2026-09-24 01:10:23+00:00
09/23/2026 20:15:22,N,50.5969,0.0,0.0,0.0,0.0,0.0,0.0,0.0,0.0,0.0,0.0,0.0,0.0,0.0,0.0,12659.32,90898.55,0.0,2026-09-24 01:15:22+00:00
09/23/2026 20:20:23,N,49.5128,0.0,0.0,0.0,0.0,0.0,0.0,0.0,0.0,0.0,0.0,0.0,0.0,0.0,0.0,12627.48,90851.0,0.0,2026-09-24 01:20:23+00:00
09/23/2026 20:25:22,N,47.6169,0.0,0.0,0.0,0.0,0.0,0.0,0.0,0.0,0.0,0.0,0.0,0.0,0.0,0.0,12648.06,90785.7,0.0,2026-09-24 01:25:22+00:00
09/23/2026 20:30:32,N,46.1101,0.0,0.0,0.0,0.0,0.0,0.0,0.0,0.0,0.0,0.0,0.0,0.0,0.0,0.0,12609.19,90717.66,0.0,2026-09-24 01:30:32+00:00
09/23/2026 20:35:21,N,45.9537,0.0,0.0,0.0,0.0,0.0,0.0,0.0,0.0,0.0,0.0,0.0,0.0,0.0,0.0,12576.72,90618.28,0.0,2026-09-24 01:35:21+00:00
09/23/2026 20:40:22,N,45.4398,0.0,0.0,0.0,0.0,0.0,0.0,0.0,0.0,0.0,0.0,0.0,0.0,0.0,0.0,12536.0,90852.99,0.0,2026-09-24 01:40:22+00:00
09/23/2026 20:45:21,N,43.7033,0.0,0.0,0.0,0.0,0.0,0.0,0.0,0.0,0.0,0.0,0.0,0.0,0.0,0.0,12649.91,90927.68,0.0,2026-09-24 01:45:21+00:00
09/23/2026 20:50:21,N,42.9929,0.0,0.0,0.0,0.0,0.0,0.0,0.0,0.0,0.0,0.0,0.0,0.0,0.0,0.0,12506.55,90976.48,0.0,2026-09-24 01:50:21+00:00
09/23/2026 20:55:25,N,43.5756,0.0,0.0,0.0,0.0,0.0,0.0,0.0,0.0,0.0,0.0,0.0,0.0,0.0,0.0,12148.34,90992.74,0.0,2026-09-24 01:55:25+00:00
09/23/2026 21:00:23,N,43.0255,0.0,0.0,0.0,0.0,0.0,0.0,0.0,0.0,0.0,0.0,0.0,0.0,0.0,0.0,12065.05,90772.27,0.0,2026-09-24 02:00:23+00:00
09/23/2026 21:05:21,N,43.3814,0.0,0.0,0.0,0.0,0.0,0.0,0.0,0.0,0.0,0.0,0.0,0.0,0.0,0.0,11951.94,90435.41,0.0,2026-09-24 02:05:21+00:00
09/23/2026 21:10:21,N,44.2547,0.0,0.0,0.0,0.0,0.0,0.0,0.0,0.0,0.0,0.0,0.0,0.0,0.0,0.0,12325.42,90285.16,0.0,2026-09-24 02:10:21+00:00
09/23/2026 21:15:21,N,43.6096,0.0,0.0,0.0,0.0,0.0,0.0,0.0,0.0,0.0,0.0,0.0,0.0,0.0,0.0,12273.09,90338.27,0.0,2026-09-24 02:15:21+00:00
09/23/2026 21:20:22,N,43.609,0.0,0.0,0.0,0.0,0.0,0.0,0.0,0.0,0.0,0.0,0.0,0.0,0.0,0.0,12317.51,90319.47,0.0,2026-09-24 02:20:22+00:00
09/23/2026 21:25:21,N,43.3897,0.0,0.0,0.0,0.0,0.0,0.0,0.0,0.0,0.0,0.0,0.0,0.0,0.0,0.0,12300.57,90241.58,0.0,2026-09-24 02:25:21+00:00
09/23/2026 21:30:21,N,44.2152,0.0,0.0,0.0,0.0,0.0,0.0,0.0,0.0,0.0,0.0,0.0,0.0,0.0,0.0,12278.55,90203.95,0.0,2026-09-24 02:30:21+00:00
09/23/2026 21:35:21,N,44.1636,0.0,0.0,0.0,0.0,0.0,0.0,0.0,0.0,0.0,0.0,0.0,0.0,0.0,0.0,12315.4,90235.24,0.0,2026-09-24 02:35:21+00:00
09/23/2026 21:40:20,N,43.1329,0.0,0.0,0.0,0.0,0.0,0.0,0.0,0.0,0.0,0.0,0.0,0.0,0.0,0.0,12282.02,90273.27,0.0,2026-09-24 02:40:20+00:00
09/23/2026 21:45:21,N,43.9563,0.0,0.0,0.0,0.0,0.0,0.0,0.0,0.0,0.0,0.0,0.0,0.0,0.0,0.0,12288.07,90345.91,0.0,2026-09-24 02:45:21+00:00
09/23/2026 21:50:20,N,43.2157,0.0,0.0,0.0,0.0,0.0,0.0,0.0,0.0,0.0,0.0,0.0,0.0,0.0,0.0,12698.62,89967.47,0.0,2026-09-24 02:50:20+00:00
09/23/2026 21:55:21,N,41.3303,0.0,0.0,0.0,0.0,0.0,0.0,0.0,0.0,0.0,0.0,0.0,0.0,0.0,0.0,12224.26,89900.19,0.0,2026-09-24 02:55:21+00:00
09/23/2026 22:00:24,N,45.2947,0.0,0.0,0.0,0.0,0.0,0.0,0.0,0.0,0.0,0.0,0.0,0.0,0.0,0.0,11512.6,89461.54,0.0,2026-09-24 03:00:24+00:00
09/23/2026 22:05:22,N,45.5254,0.0,0.0,0.0,0.0,0.0,0.0,0.0,0.0,0.0,0.0,0.0,0.0,0.0,0.0,11822.28,88909.91,0.0,2026-09-24 03:05:22+00:00
09/23/2026 22:10:21,N,44.8201,0.0,0.0,0.0,0.0,0.0,0.0,0.0,0.0,0.0,0.0,0.0,0.0,0.0,0.0,11778.37,88939.21,0.0,2026-09-24 03:10:21+00:00
09/23/2026 22:15:20,N,41.4008,0.0,0.0,0.0,0.0,0.0,0.0,0.0,0.0,0.0,0.0,0.0,0.0,0.0,0.0,11726.45,88940.93,0.0,2026-09-24 03:15:20+00:00
09/23/2026 22:20:20,N,42.0617,0.0,0.0,0.0,0.0,0.0,0.0,0.0,0.0,0.0,0.0,0.0,0.0,0.0,0.0,11794.77,88853.51,0.0,2026-09-24 03:20:20+00:00
09/23/2026 22:25:20,N,39.5294,0.0,0.0,0.0,0.0,0.0,0.0,0.0,0.0,0.0,0.0,0.0,0.0,0.0,0.0,11764.44,88906.58,0.0,2026-09-24 03:25:20+00:00
09/23/2026 22:30:23,N,40.0644,0.0,0.0,0.0,0.0,0.0,0.0,0.0,0.0,0.0,0.0,0.0,0.0,0.0,0.0,11702.5,88955.5,0.0,2026-09-24 03:30:23+00:00
09/23/2026 22:35:20,N,38.1144,0.0,0.0,0.0,0.0,0.0,0.0,0.0,0.0,0.0,0.0,0.0,0.0,0.0,0.0,11695.13,89005.84,0.0,2026-09-24 03:35:20+00:00
09/23/2026 22:40:20,N,37.3356,0.0,0.0,0.0,0.0,0.0,0.0,0.0,0.0,0.0,0.0,0.0,0.0,0.0,0.0,11542.0,89086.64,0.0,2026-09-24 03:40:20+00:00
09/23/2026 22:45:21,N,35.0904,0.0,0.0,0.0,0.0,0.0,0.0,0.0,0.0,0.0,0.0,0.0,0.0,0.0,0.0,11349.92,89064.84,0.0,2026-09-24 03:45:21+00:00
09/23/2026 22:50:18,N,35.7863,0.0,0.0,0.0,0.0,0.0,0.0,0.0,0.0,0.0,0.0,0.0,0.0,0.0,0.0,10628.63,89018.74,0.0,2026-09-24 03:50:18+00:00
09/23/2026 22:55:20,N,34.7656,0.0,0.0,0.0,0.0,0.0,0.0,0.0,0.0,0.0,0.0,0.0,0.0,0.0,0.0,10358.3,88739.41,0.0,2026-09-24 03:55:20+00:00
09/23/2026 23:00:21,N,44.7055,0.0,0.0,0.0,0.0,0.0,0.0,0.0,0.0,0.0,0.0,0.0,0.0,0.0,0.0,10301.76,88227.96,0.0,2026-09-24 04:00:21+00:00
09/23/2026 23:05:18,N,35.175,0.0,0.0,0.0,0.0,0.0,0.0,0.0,0.0,0.0,0.0,0.0,0.0,0.0,0.0,10309.75,87920.73,0.0,2026-09-24 04:05:18+00:00
09/23/2026 23:10:19,N,34.9648,0.0,0.0,0.0,0.0,0.0,0.0,0.0,0.0,0.0,0.0,0.0,0.0,0.0,0.0,10369.11,88005.87,0.0,2026-09-24 04:10:19+00:00
09/23/2026 23:15:19,N,34.5469,0.0,0.0,0.0,0.0,0.0,0.0,0.0,0.0,0.0,0.0,0.0,0.0,0.0,0.0,10190.01,88094.54,0.0,2026-09-24 04:15:19+00:00
09/23/2026 23:20:18,N,33.793,0.0,0.0,0.0,0.0,0.0,0.0,0.0,0.0,0.0,0.0,0.0,0.0,0.0,0.0,10158.92,88112.73,0.0,2026-09-24 04:20:18+00:00
09/23/2026 23:25:18,N,34.2313,0.0,0.0,0.0,0.0,0.0,0.0,0.0,0.0,0.0,0.0,0.0,0.0,0.0,0.0,9983.51,88069.32,0.0,2026-09-24 04:25:18+00:00
09/23/2026 23:30:18,N,33.032,0.0,0.0,0.0,0.0,0.0,0.0,0.0,0.0,0.0,0.0,0.0,0.0,0.0,0.0,9856.19,87579.83,0.0,2026-09-24 04:30:18+00:00
09/23/2026 23:35:18,N,32.1977,0.0,0.0,0.0,0.0,0.0,0.0,0.0,0.0,0.0,0.0,0.0,0.0,0.0,0.0,9783.32,87525.31,0.0,2026-09-24 04:35:18+00:00
09/23/2026 23:40:18,N,31.6614,0.0,0.0,0.0,0.0,0.0,0.0,0.0,0.0,0.0,0.0,0.0,0.0,0.0,0.0,9667.31,87170.63,0.0,2026-09-24 04:40:18+00:00
09/23/2026 23:45:18,N,31.4598,0.0,0.0,0.0,0.0,0.0,0.0,0.0,0.0,0.0,0.0,0.0,0.0,0.0,0.0,9624.5,86992.27,0.0,2026-09-24 04:45:18+00:00
09/23/2026 23:50:17,N,31.4523,0.0,0.0,0.0,0.0,0.0,0.0,0.0,0.0,0.0,0.0,0.0,0.0,0.0,0.0,9460.43,86977.66,0.0,2026-09-24 04:50:17+00:00
09/23/2026 23:55:18,N,30.9262,0.0,0.0,0.0,0.0,0.0,0.0,0.0,0.0,0.0,0.0,0.0,0.0,0.0,0.0,9372.31,86917.45,0.0,2026-09-24 04:55:18+00:00
09/24/2026 00:00:21,N,28.8825,0.0,0.0,0.0,0.0,0.0,0.0,0.0,0.0,0.0,0.0,0.0,0.0,0.0,0.0,9265.99,86737.38,0.0,2026-09-24 05:00:21+00:00
09/24/2026 00:05:18,N,33.4783,0.0,0.0,0.0,0.0,0.0,0.0,0.0,0.0,0.0,0.0,0.0,0.0,0.0,0.0,8476.39,86676.95,0.0,2026-09-24 05:05:18+00:00
09/24/2026 00:10:18,N,36.1598,0.0,0.0,0.0,0.0,0.0,0.0,0.0,0.0,0.0,0.0,0.0,0.0,0.0,0.0,8472.94,86467.23,0.0,2026-09-24 05:10:18+00:00
09/24/2026 00:15:19,N,34.1976,0.0,0.0,0.0,0.0,0.0,0.0,0.0,0.0,0.0,0.0,0.0,0.0,0.0,0.0,8444.58,86138.85,0.0,2026-09-24 05:15:19+00:00
09/24/2026 00:20:18,N,34.203,0.0,0.0,0.0,0.0,0.0,0.0,0.0,0.0,0.0,0.0,0.0,0.0,0.0,0.0,8116.75,85765.59,0.0,2026-09-24 05:20:18+00:00
09/24/2026 00:25:17,N,33.8249,0.0,0.0,0.0,0.0,0.0,0.0,0.0,0.0,0.0,0.0,0.0,0.0,0.0,0.0,7963.23,85734.3,0.0,2026-09-24 05:25:17+00:00
09/24/2026 00:30:18,N,32.386,0.0,0.0,0.0,0.0,0.0,0.0,0.0,0.0,0.0,0.0,0.0,0.0,0.0,0.0,7778.78,85694.44,0.0,2026-09-24 05:30:18+00:00
09/24/2026 00:35:17,N,29.6123,0.0,0.0,0.0,0.0,0.0,0.0,0.0,0.0,0.0,0.0,0.0,0.0,0.0,0.0,7765.28,85821.69,0.0,2026-09-24 05:35:17+00:00
09/24/2026 00:40:19,N,28.4058,0.0,0.0,0.0,0.0,0.0,0.0,0.0,0.0,0.0,0.0,0.0,0.0,0.0,0.0,7688.0,85709.66,0.0,2026-09-24 05:40:19+00:00
09/24/2026 00:45:18,N,28.4415,0.0,0.0,0.0,0.0,0.0,0.0,0.0,0.0,0.0,0.0,0.0,0.0,0.0,0.0,7708.01,85771.69,0.0,2026-09-24 05:45:18+00:00
09/24/2026 00:50:17,N,28.5364,0.0,0.0,0.0,0.0,0.0,0.0,0.0,0.0,0.0,0.0,0.0,0.0,0.0,0.0,7656.88,85436.03,0.0,2026-09-24 05:50:17+00:00
09/24/2026 00:55:17,N,28.3941,0.0,0.0,0.0,0.0,0.0,0.0,0.0,0.0,0.0,0.0,0.0,0.0,0.0,0.0,7669.27,85553.75,0.0,2026-09-24 05:55:17+00:00
09/24/2026 01:00:24,N,29.2358,0.0,0.0,0.0,0.0,0.0,0.0,0.0,0.0,0.0,0.0,0.0,0.0,0.0,0.0,7740.37,85495.42,0.0,2026-09-24 06:00:24+00:00
09/24/2026 01:05:21,N,29.5198,0.0,0.0,0.0,0.0,0.0,0.0,0.0,0.0,0.0,0.0,0.0,0.0,0.0,0.0,7611.89,85095.94,0.0,2026-09-24 06:05:21+00:00
09/24/2026 01:10:19,N,29.1275,0.0,0.0,0.0,0.0,0.0,0.0,0.0,0.0,0.0,0.0,0.0,0.0,0.0,0.0,7606.43,85209.52,0.0,2026-09-24 06:10:19+00:00
09/24/2026 01:15:18,N,28.809,0.0,0.0,0.0,0.0,0.0,0.0,0.0,0.0,0.0,0.0,0.0,0.0,0.0,0.0,7409.25,84839.87,0.0,2026-09-24 06:15:18+00:00
09/24/2026 01:20:18,N,28.5608,0.0,0.0,0.0,0.0,0.0,0.0,0.0,0.0,0.0,0.0,0.0,0.0,0.0,0.0,7352.17,84687.47,0.0,2026-09-24 06:20:18+00:00
09/24/2026 01:25:17,N,29.2411,0.0,0.0,0.0,0.0,0.0,0.0,0.0,0.0,0.0,0.0,0.0,0.0,0.0,0.0,7354.79,84414.27,0.0,2026-09-24 06:25:17+00:00
09/24/2026 01:30:17,N,28.5751,0.0,0.0,0.0,0.0,0.0,0.0,0.0,0.0,0.0,0.0,0.0,0.0,0.0,0.0,7420.29,84383.88,0.0,2026-09-24 06:30:17+00:00
09/24/2026 01:35:19,N,28.1143,0.0,0.0,0.0,0.0,0.0,0.0,0.0,0.0,0.0,0.0,0.0,0.0,0.0,0.0,7431.25,84356.6,0.0,2026-09-24 06:35:19+00:00
09/24/2026 01:40:18,N,27.7299,0.0,0.0,0.0,0.0,0.0,0.0,0.0,0.0,0.0,0.0,0.0,0.0,0.0,0.0,7352.7,84237.06,0.0,2026-09-24 06:40:18+00:00
09/24/2026 01:45:18,N,27.4989,0.0,0.0,0.0,0.0,0.0,0.0,0.0,0.0,0.0,0.0,0.0,0.0,0.0,0.0,7498.92,84282.62,0.0,2026-09-24 06:45:18+00:00
09/24/2026 01:50:18,N,27.3966,0.0,0.0,0.0,0.0,0.0,0.0,0.0,0.0,0.0,0.0,0.0,0.0,0.0,0.0,7495.65,84329.34,0.0,2026-09-24 06:50:18+00:00
09/24/2026 01:55:18,N,26.2464,0.0,0.0,0.0,0.0,0.0,0.0,0.0,0.0,0.0,0.0,0.0,0.0,0.0,0.0,7486.74,84035.83,0.0,2026-09-24 06:55:18+00:00
09/24/2026 02:00:20,N,25.9704,0.0,0.0,0.0,0.0,0.0,0.0,0.0,0.0,0.0,0.0,0.0,0.0,0.0,0.0,7370.8,84273.6,0.0,2026-09-24 07:00:20+00:00
09/24/2026 02:05:18,N,25.7035,0.0,0.0,0.0,0.0,0.0,0.0,0.0,0.0,0.0,0.0,0.0,0.0,0.0,0.0,7408.47,84217.63,0.0,2026-09-24 07:05:18+00:00
09/24/2026 02:10:18,N,26.6216,0.0,0.0,0.0,0.0,0.0,0.0,0.0,0.0,0.0,0.0,0.0,0.0,0.0,0.0,7128.27,84356.05,0.0,2026-09-24 07:10:18+00:00
09/24/2026 02:15:18,N,25.3494,0.0,0.0,0.0,0.0,0.0,0.0,0.0,0.0,0.0,0.0,0.0,0.0,0.0,0.0,7180.69,84466.63,0.0,2026-09-24 07:15:18+00:00
09/24/2026 02:20:17,N,26.2239,0.0,0.0,0.0,0.0,0.0,0.0,0.0,0.0,0.0,0.0,0.0,0.0,0.0,0.0,7177.46,84527.78,0.0,2026-09-24 07:20:17+00:00
09/24/2026 02:25:17,N,25.8895,0.0,0.0,0.0,0.0,0.0,0.0,0.0,0.0,0.0,0.0,0.0,0.0,0.0,0.0,7204.82,84439.44,0.0,2026-09-24 07:25:17+00:00
09/24/2026 02:30:17,N,26.2395,0.0,0.0,0.0,0.0,0.0,0.0,0.0,0.0,0.0,0.0,0.0,0.0,0.0,0.0,7130.88,84445.77,0.0,2026-09-24 07:30:17+00:00
09/24/2026 02:35:18,N,25.8364,0.0,0.0,0.0,0.0,0.0,0.0,0.0,0.0,0.0,0.0,0.0,0.0,0.0,0.0,7236.67,84438.56,0.0,2026-09-24 07:35:18+00:00
09/24/2026 02:40:17,N,25.6878,0.0,0.0,0.0,0.0,0.0,0.0,0.0,0.0,0.0,0.0,0.0,0.0,0.0,0.0,7251.52,84551.05,0.0,2026-09-24 07:40:17+00:00
09/24/2026 02:45:18,N,25.833,0.0,0.0,0.0,0.0,0.0,0.0,0.0,0.0,0.0,0.0,0.0,0.0,0.0,0.0,7188.56,84437.59,0.0,2026-09-24 07:45:18+00:00
09/24/2026 02:50:17,N,25.7187,0.0,0.0,0.0,0.0,0.0,0.0,0.0,0.0,0.0,0.0,0.0,0.0,0.0,0.0,7311.87,84323.57,0.0,2026-09-24 07:50:17+00:00
09/24/2026 02:55:16,N,25.6344,0.0,0.0,0.0,0.0,0.0,0.0,0.0,0.0,0.0,0.0,0.0,0.0,0.0,0.0,7247.13,84244.84,0.0,2026-09-24 07:55:16+00:00
09/24/2026 03:00:19,N,25.0996,0.0,0.0,0.0,0.0,0.0,0.0,0.0,0.0,0.0,0.0,0.0,0.0,0.0,0.0,7273.81,84130.41,0.0,2026-09-24 08:00:19+00:00
09/24/2026 03:05:19,N,25.3729,0.0,0.0,0.0,0.0,0.0,0.0,0.0,0.0,0.0,0.0,0.0,0.0,0.0,0.0,7327.84,84042.24,0.0,2026-09-24 08:05:19+00:00
09/24/2026 03:10:17,N,25.3636,0.0,0.0,0.0,0.0,0.0,0.0,0.0,0.0,0.0,0.0,0.0,0.0,0.0,0.0,7184.57,83925.93,0.0,2026-09-24 08:10:17+00:00
09/24/2026 03:15:17,N,25.5765,0.0,0.0,0.0,0.0,0.0,0.0,0.0,0.0,0.0,0.0,0.0,0.0,0.0,0.0,7213.61,83898.26,0.0,2026-09-24 08:15:17+00:00
09/24/2026 03:20:18,N,25.2942,0.0,0.0,0.0,0.0,0.0,0.0,0.0,0.0,0.0,0.0,0.0,0.0,0.0,0.0,7151.09,83869.85,0.0,2026-09-24 08:20:18+00:00
09/24/2026 03:25:16,N,25.3625,0.0,0.0,0.0,0.0,0.0,0.0,0.0,0.0,0.0,0.0,0.0,0.0,0.0,0.0,7197.85,83603.71,0.0,2026-09-24 08:25:16+00:00
09/24/2026 03:30:18,N,25.3235,0.0,0.0,0.0,0.0,0.0,0.0,0.0,0.0,0.0,0.0,0.0,0.0,0.0,0.0,7270.6,83472.63,0.0,2026-09-24 08:30:18+00:00
09/24/2026 03:35:18,N,25.3341,0.0,0.0,0.0,0.0,0.0,0.0,0.0,0.0,0.0,0.0,0.0,0.0,0.0,0.0,7269.95,83406.08,0.0,2026-09-24 08:35:18+00:00
09/24/2026 03:40:18,N,25.1108,0.0,0.0,0.0,0.0,0.0,0.0,0.0,0.0,0.0,0.0,0.0,0.0,0.0,0.0,7335.48,83317.16,0.0,2026-09-24 08:40:18+00:00
09/24/2026 03:45:19,N,25.0549,0.0,0.0,0.0,0.0,0.0,0.0,0.0,0.0,0.0,0.0,0.0,0.0,0.0,0.0,7418.46,83302.88,0.0,2026-09-24 08:45:19+00:00
09/24/2026 03:50:18,N,24.9504,0.0,0.0,0.0,0.0,0.0,0.0,0.0,0.0,0.0,0.0,0.0,0.0,0.0,0.0,7455.87,83278.09,0.0,2026-09-24 08:50:18+00:00
09/24/2026 03:55:17,N,24.9008,0.0,0.0,0.0,0.0,0.0,0.0,0.0,0.0,0.0,0.0,0.0,0.0,0.0,0.0,7677.99,83216.16,0.0,2026-09-24 08:55:17+00:00
09/24/2026 04:00:18,N,24.0974,0.0,0.0,0.0,0.0,0.0,0.0,0.0,0.0,0.0,0.0,0.0,0.0,0.0,0.0,7798.87,83172.62,0.0,2026-09-24 09:00:18+00:00
09/24/2026 04:05:18,N,24.1265,0.0,0.0,0.0,0.0,0.0,0.0,0.0,0.0,0.0,0.0,0.0,0.0,0.0,0.0,7866.15,83037.54,0.0,2026-09-24 09:05:18+00:00
09/24/2026 04:10:17,N,24.4058,0.0,0.0,0.0,0.0,0.0,0.0,0.0,0.0,0.0,0.0,0.0,0.0,0.0,0.0,7902.12,82897.77,0.0,2026-09-24 09:10:17+00:00
09/24/2026 04:15:18,N,24.7801,0.0,0.0,0.0,0.0,0.0,0.0,0.0,0.0,0.0,0.0,0.0,0.0,0.0,0.0,7889.67,82729.56,0.0,2026-09-24 09:15:18+00:00
09/24/2026 04:20:17,N,25.0157,0.0,0.0,0.0,0.0,0.0,0.0,0.0,0.0,0.0,0.0,0.0,0.0,0.0,0.0,7831.47,82704.31,0.0,2026-09-24 09:20:17+00:00
09/24/2026 04:25:16,N,25.5585,0.0,0.0,0.0,0.0,0.0,0.0,0.0,0.0,0.0,0.0,0.0,0.0,0.0,0.0,7681.71,82627.63,0.0,2026-09-24 09:25:16+00:00
09/24/2026 04:30:17,N,26.4971,0.0,0.0,0.0,0.0,0.0,0.0,0.0,0.0,0.0,0.0,0.0,0.0,0.0,0.0,7696.12,82580.3,0.0,2026-09-24 09:30:17+00:00
09/24/2026 04:35:15,N,26.5064,0.0,0.0,0.0,0.0,0.0,0.0,0.0,0.0,0.0,0.0,0.0,0.0,0.0,0.0,7608.65,82541.75,0.0,2026-09-24 09:35:15+00:00
09/24/2026 04:40:16,N,26.5,0.0,0.0,0.0,0.0,0.0,0.0,0.0,0.0,0.0,0.0,0.0,0.0,0.0,0.0,7537.97,82492.51,0.0,2026-09-24 09:40:16+00:00
09/24/2026 04:45:16,N,25.5401,0.0,0.0,0.0,0.0,0.0,0.0,0.0,0.0,0.0,0.0,0.0,0.0,0.0,0.0,7642.99,82127.04,0.0,2026-09-24 09:45:16+00:00
09/24/2026 04:50:15,N,25.6374,0.0,0.0,0.0,0.0,0.0,0.0,0.0,0.0,0.0,0.0,0.0,0.0,0.0,0.0,7644.75,82107.54,0.0,2026-09-24 09:50:15+00:00
09/24/2026 04:55:16,N,25.5564,0.0,0.0,0.0,0.0,0.0,0.0,0.0,0.0,0.0,0.0,0.0,0.0,0.0,0.0,7617.17,82086.55,0.0,2026-09-24 09:55:16+00:00
09/24/2026 05:00:18,N,24.6725,0.0,0.0,0.0,0.0,0.0,0.0,0.0,0.0,0.0,0.0,0.0,0.0,0.0,0.0,7736.98,82128.48,0.0,2026-09-24 10:00:18+00:00
09/24/2026 05:05:16,N,25.5687,0.0,0.0,0.0,0.0,0.0,0.0,0.0,0.0,0.0,0.0,0.0,0.0,0.0,0.0,7742.04,82221.95,0.0,2026-09-24 10:05:16+00:00
09/24/2026 05:10:17,N,26.5023,0.0,0.0,0.0,0.0,0.0,0.0,0.0,0.0,0.0,0.0,0.0,0.0,0.0,0.0,7632.52,82089.74,0.0,2026-09-24 10:10:17+00:00
09/24/2026 05:15:16,N,26.5117,0.0,0.0,0.0,0.0,0.0,0.0,0.0,0.0,0.0,0.0,0.0,0.0,0.0,0.0,7604.37,81934.22,0.0,2026-09-24 10:15:16+00:00
09/24/2026 05:20:15,N,26.5094,0.0,0.0,0.0,0.0,0.0,0.0,0.0,0.0,0.0,0.0,0.0,0.0,0.0,0.0,7608.67,81859.69,0.0,2026-09-24 10:20:15+00:00
09/24/2026 05:25:16,N,26.5173,0.0,0.0,0.0,0.0,0.0,0.0,0.0,0.0,0.0,0.0,0.0,0.0,0.0,0.0,7618.19,81670.73,0.0,2026-09-24 10:25:16+00:00
09/24/2026 05:30:16,N,27.9951,0.0,0.0,0.0,0.0,0.0,0.0,0.0,0.0,0.0,0.0,0.0,0.0,0.0,0.0,7599.85,81562.56,0.0,2026-09-24 10:30:16+00:00
09/24/2026 05:35:15,N,28.6606,0.0,0.0,0.0,0.0,0.0,0.0,0.0,0.0,0.0,0.0,0.0,0.0,0.0,0.0,7593.46,81535.9,0.0,2026-09-24 10:35:15+00:00
09/24/2026 05:40:15,N,28.6946,0.0,0.0,0.0,0.0,0.0,0.0,0.0,0.0,0.0,0.0,0.0,0.0,0.0,0.0,7513.92,81522.69,0.0,2026-09-24 10:40:15+00:00
09/24/2026 05:45:16,N,30.6904,0.0,0.0,0.0,0.0,0.0,0.0,0.0,0.0,0.0,0.0,0.0,0.0,0.0,0.0,7501.97,81553.24,0.0,2026-09-24 10:45:16+00:00
09/24/2026 05:50:15,N,30.9995,0.0,0.0,0.0,0.0,0.0,0.0,0.0,0.0,0.0,0.0,0.0,0.0,0.0,0.0,7431.97,81364.53,0.0,2026-09-24 10:50:15+00:00
09/24/2026 05:55:16,N,33.6783,0.0,0.0,0.0,0.0,0.0,0.0,0.0,0.0,0.0,0.0,0.0,0.0,0.0,0.0,7387.76,81229.51,0.0,2026-09-24 10:55:16+00:00
09/24/2026 06:00:17,N,30.8431,0.0,0.0,0.0,0.0,0.0,0.0,0.0,0.0,0.0,0.0,0.0,0.0,0.0,0.0,7410.04,81255.16,0.0,2026-09-24 11:00:17+00:00
09/24/2026 06:05:16,N,30.2283,0.0,0.0,0.0,0.0,0.0,0.0,0.0,0.0,0.0,0.0,0.0,0.0,0.0,0.0,7397.88,81078.92,0.0,2026-09-24 11:05:16+00:00
09/24/2026 06:10:16,N,33.6692,0.0,0.0,0.0,0.0,0.0,0.0,0.0,0.0,0.0,0.0,0.0,0.0,0.0,0.0,7215.36,80962.09,0.0,2026-09-24 11:10:16+00:00
09/24/2026 06:15:17,N,33.8364,0.0,0.0,0.0,0.0,0.0,0.0,0.0,0.0,0.0,0.0,0.0,0.0,0.0,0.0,7257.76,80853.13,0.0,2026-09-24 11:15:17+00:00
09/24/2026 06:20:15,N,34.5463,0.0,0.0,0.0,0.0,0.0,0.0,0.0,0.0,0.0,0.0,0.0,0.0,0.0,0.0,7324.48,80857.61,0.0,2026-09-24 11:20:15+00:00
09/24/2026 06:25:15,N,33.6961,0.0,0.0,0.0,0.0,0.0,0.0,0.0,0.0,0.0,0.0,0.0,0.0,0.0,0.0,7357.89,80902.84,0.0,2026-09-24 11:25:15+00:00
09/24/2026 06:30:17,N,35.9546,0.0,0.0,0.0,0.0,0.0,0.0,0.0,0.0,0.0,0.0,0.0,0.0,0.0,0.0,7348.86,80756.58,0.0,2026-09-24 11:30:17+00:00
09/24/2026 06:35:16,N,34.7208,0.0,0.0,0.0,0.0,0.0,0.0,0.0,0.0,0.0,0.0,0.0,0.0,0.0,0.0,7335.49,80668.16,0.0,2026-09-24 11:35:16+00:00
09/24/2026 06:40:16,N,36.7816,0.0,0.0,0.0,0.0,0.0,0.0,0.0,0.0,0.0,0.0,0.0,0.0,0.0,0.0,7323.52,80607.3,0.0,2026-09-24 11:40:16+00:00
09/24/2026 06:45:16,N,35.6775,0.0,0.0,0.0,0.0,0.0,0.0,0.0,0.0,0.0,0.0,0.0,0.0,0.0,0.0,7348.22,80732.99,0.0,2026-09-24 11:45:16+00:00
09/24/2026 06:50:17,N,37.3736,0.0,0.0,0.0,0.0,0.0,0.0,0.0,0.0,0.0,0.0,0.0,0.0,0.0,0.0,7044.72,80436.7,0.0,2026-09-24 11:50:17+00:00
09/24/2026 06:55:17,N,37.3816,0.0,0.0,0.0,0.0,0.0,0.0,0.0,0.0,0.0,0.0,0.0,0.0,0.0,0.0,7050.2,80189.42,0.0,2026-09-24 11:55:17+00:00
09/24/2026 07:00:18,N,39.527,0.0,0.0,0.0,0.0,0.0,0.0,0.0,0.0,0.0,0.0,0.0,0.0,0.0,0.0,6978.71,80430.29,0.0,2026-09-24 12:00:18+00:00
09/24/2026 07:05:17,N,36.7222,0.0,0.0,0.0,0.0,0.0,0.0,0.0,0.0,0.0,0.0,0.0,0.0,0.0,0.0,7066.11,80561.19,0.0,2026-09-24 12:05:17+00:00
09/24/2026 07:10:17,N,36.0767,0.0,0.0,0.0,0.0,0.0,0.0,0.0,0.0,0.0,0.0,0.0,0.0,0.0,0.0,7000.53,80475.78,0.0,2026-09-24 12:10:17+00:00
09/24/2026 07:15:17,N,36.5488,0.0,0.0,0.0,0.0,0.0,0.0,0.0,0.0,0.0,0.0,0.0,0.0,0.0,0.0,6992.4,80456.94,0.0,2026-09-24 12:15:17+00:00
09/24/2026 07:20:16,N,37.9471,0.0,0.0,0.0,0.0,0.0,0.0,0.0,0.0,0.0,0.0,0.0,0.0,0.0,0.0,7004.21,80436.5,0.0,2026-09-24 12:20:16+00:00
09/24/2026 07:25:15,N,36.6545,0.0,0.0,0.0,0.0,0.0,0.0,0.0,0.0,0.0,0.0,0.0,0.0,0.0,0.0,6937.95,80350.37,0.0,2026-09-24 12:25:15+00:00
09/24/2026 07:30:17,N,36.6504,0.0,0.0,0.0,0.0,0.0,0.0,0.0,0.0,0.0,0.0,0.0,0.0,0.0,0.0,7053.95,80091.67,0.0,2026-09-24 12:30:17+00:00
09/24/2026 07:35:15,N,36.0659,0.0,0.0,0.0,0.0,0.0,0.0,0.0,0.0,0.0,0.0,0.0,0.0,0.0,0.0,7054.86,80293.25,0.0,2026-09-24 12:35:15+00:00
09/24/2026 07:40:16,N,34.2332,0.0,0.0,0.0,0.0,0.0,0.0,0.0,0.0,0.0,0.0,0.0,0.0,0.0,0.0,7026.7,80336.82,0.0,2026-09-24 12:40:16+00:00
09/24/2026 07:45:17,N,34.4923,0.0,0.0,0.0,0.0,0.0,0.0,0.0,0.0,0.0,0.0,0.0,0.0,0.0,0.0,7020.78,80680.96,0.0,2026-09-24 12:45:17+00:00
09/24/2026 07:50:17,N,32.8298,0.0,0.0,0.0,0.0,0.0,0.0,0.0,0.0,0.0,0.0,0.0,0.0,0.0,0.0,7020.49,80859.88,0.0,2026-09-24 12:50:17+00:00
09/24/2026 07:55:16,N,29.9104,0.0,0.0,0.0,0.0,0.0,0.0,0.0,0.0,0.0,0.0,0.0,0.0,0.0,0.0,6512.82,81773.32,0.0,2026-09-24 12:55:16+00:00
09/24/2026 08:00:19,N,32.9744,0.0,0.0,0.0,0.0,0.0,0.0,0.0,0.0,0.0,0.0,0.0,0.0,0.0,0.0,6503.0,81651.41,0.0,2026-09-24 13:00:19+00:00
09/24/2026 08:05:16,N,29.994,0.0,0.0,0.0,0.0,0.0,0.0,0.0,0.0,0.0,0.0,0.0,0.0,0.0,0.0,6643.77,82165.98,0.0,2026-09-24 13:05:16+00:00
09/24/2026 08:10:17,N,29.0891,0.0,0.0,0.0,0.0,0.0,0.0,0.0,0.0,0.0,0.0,0.0,0.0,0.0,0.0,6580.14,83323.36,0.0,2026-09-24 13:10:17+00:00
09/24/2026 08:15:17,N,26.7156,0.0,0.0,0.0,0.0,0.0,0.0,0.0,0.0,0.0,0.0,0.0,0.0,0.0,0.0,6553.83,84526.67,0.0,2026-09-24 13:15:17+00:00
09/24/2026 08:20:16,N,25.242,0.0,0.0,0.0,0.0,0.0,0.0,0.0,0.0,0.0,0.0,0.0,0.0,0.0,0.0,6591.36,85419.02,0.0,2026-09-24 13:20:16+00:00
09/24/2026 08:25:15,N,24.8854,0.0,0.0,0.0,0.0,0.0,0.0,0.0,0.0,0.0,0.0,0.0,0.0,0.0,0.0,6534.46,86268.51,0.0,2026-09-24 13:25:15+00:00
09/24/2026 08:30:16,N,25.1073,0.0,0.0,0.0,0.0,0.0,0.0,0.0,0.0,0.0,0.0,0.0,0.0,0.0,0.0,6369.55,86970.45,0.0,2026-09-24 13:30:16+00:00
09/24/2026 08:35:15,N,22.794,0.0,0.0,0.0,0.0,0.0,0.0,0.0,0.0,0.0,0.0,0.0,0.0,0.0,0.0,6762.14,88207.55,0.0,2026-09-24 13:35:15+00:00
09/24/2026 08:40:16,N,22.1558,0.0,0.0,0.0,0.0,0.0,0.0,0.0,0.0,0.0,0.0,0.0,0.0,0.0,0.0,6839.77,89412.77,0.0,2026-09-24 13:40:16+00:00
09/24/2026 08:45:15,N,21.7005,0.0,0.0,0.0,0.0,0.0,0.0,0.0,0.0,0.0,0.0,0.0,0.0,0.0,0.0,6602.98,90293.63,0.0,2026-09-24 13:45:15+00:00
09/24/2026 08:50:16,N,21.1551,0.0,0.0,0.0,0.0,0.0,0.0,0.0,0.0,0.0,0.0,0.0,0.0,0.0,0.0,6800.03,91324.57,0.0,2026-09-24 13:50:16+00:00
09/24/2026 08:55:16,N,20.4742,0.0,0.0,0.0,0.0,0.0,0.0,0.0,0.0,0.0,0.0,0.0,0.0,0.0,0.0,6969.94,92551.71,0.0,2026-09-24 13:55:16+00:00
09/24/2026 09:00:18,N,21.5602,0.0,0.0,0.0,0.0,0.0,0.0,0.0,0.0,0.0,0.0,0.0,0.0,0.0,0.0,7101.35,93588.57,0.0,2026-09-24 14:00:18+00:00
09/24/2026 09:05:16,N,20.6996,0.0,0.0,0.0,0.0,0.0,0.0,0.0,0.0,0.0,0.0,0.0,0.0,0.0,0.0,7732.18,94258.93,0.0,2026-09-24 14:05:16+00:00
09/24/2026 09:10:16,N,20.1267,0.0,0.0,0.0,0.0,0.0,0.0,0.0,0.0,0.0,0.0,0.0,0.0,0.0,0.0,7714.51,95445.09,0.0,2026-09-24 14:10:16+00:00
09/24/2026 09:15:16,N,20.7126,0.0,0.0,0.0,0.0,0.0,0.0,0.0,0.0,0.0,0.0,0.0,0.0,0.0,0.0,7730.33,95792.03,0.0,2026-09-24 14:15:16+00:00
09/24/2026 09:20:17,N,20.8007,0.0,0.0,0.0,0.0,0.0,0.0,0.0,0.0,0.0,0.0,0.0,0.0,0.0,0.0,7758.94,96278.55,0.0,2026-09-24 14:20:17+00:00
09/24/2026 09:25:17,N,20.2909,0.0,0.0,0.0,0.0,0.0,0.0,0.0,0.0,0.0,0.0,0.0,0.0,0.0,0.0,7872.86,97298.48,0.0,2026-09-24 14:25:17+00:00
09/24/2026 09:30:17,N,20.2669,0.0,0.0,0.0,0.0,0.0,0.0,0.0,0.0,0.0,0.0,0.0,0.0,0.0,0.0,7898.85,97920.58,0.0,2026-09-24 14:30:17+00:00
09/24/2026 09:35:17,N,20.1919,0.0,0.0,0.0,0.0,0.0,0.0,0.0,0.0,0.0,0.0,0.0,0.0,0.0,0.0,7940.95,98415.45,0.0,2026-09-24 14:35:17+00:00
09/24/2026 09:40:17,N,19.3999,0.0,0.0,0.0,0.0,0.0,0.0,0.0,0.0,0.0,0.0,0.0,0.0,0.0,0.0,8033.46,99037.09,0.0,2026-09-24 14:40:17+00:00
09/24/2026 09:45:17,N,19.4401,0.0,0.0,0.0,0.0,0.0,0.0,0.0,0.0,0.0,0.0,0.0,0.0,0.0,0.0,8116.39,99747.73,0.0,2026-09-24 14:45:17+00:00
09/24/2026 09:50:17,N,19.0442,0.0,0.0,0.0,0.0,0.0,0.0,0.0,0.0,0.0,0.0,0.0,0.0,0.0,0.0,8147.79,100330.39,0.0,2026-09-24 14:50:17+00:00
09/24/2026 09:55:17,N,19.3487,0.0,0.0,0.0,0.0,0.0,0.0,0.0,0.0,0.0,0.0,0.0,0.0,0.0,0.0,8273.71,101182.2,0.0,2026-09-24 14:55:17+00:00
09/24/2026 10:00:19,N,20.0296,0.0,0.0,0.0,0.0,0.0,0.0,0.0,0.0,0.0,0.0,0.0,0.0,0.0,0.0,8345.17,101460.54,0.0,2026-09-24 15:00:19+00:00
09/24/2026 10:05:17,N,19.6712,0.0,0.0,0.0,0.0,0.0,0.0,0.0,0.0,0.0,0.0,0.0,0.0,0.0,0.0,8210.56,102048.38,0.0,2026-09-24 15:05:17+00:00
09/24/2026 10:10:17,N,19.1247,0.0,0.0,0.0,0.0,0.0,0.0,0.0,0.0,0.0,0.0,0.0,0.0,0.0,0.0,8361.76,102411.98,0.0,2026-09-24 15:10:17+00:00
09/24/2026 10:15:18,N,19.2248,0.0,0.0,0.0,0.0,0.0,0.0,0.0,0.0,0.0,0.0,0.0,0.0,0.0,0.0,8467.73,102825.25,0.0,2026-09-24 15:15:18+00:00
09/24/2026 10:20:17,N,19.0495,0.0,0.0,0.0,0.0,0.0,0.0,0.0,0.0,0.0,0.0,0.0,0.0,0.0,0.0,8537.99,103692.38,0.0,2026-09-24 15:20:17+00:00
09/24/2026 10:25:17,N,18.6231,0.0,0.0,0.0,0.0,0.0,0.0,0.0,0.0,0.0,0.0,0.0,0.0,0.0,0.0,8514.38,104122.16,0.0,2026-09-24 15:25:17+00:00
09/24/2026 10:30:17,N,18.5718,0.0,0.0,0.0,0.0,0.0,0.0,0.0,0.0,0.0,0.0,0.0,0.0,0.0,0.0,8647.07,104397.84,0.0,2026-09-24 15:30:17+00:00
09/24/2026 10:35:16,N,20.1329,0.0,0.0,0.0,0.0,0.0,0.0,0.0,0.0,0.0,0.0,0.0,0.0,0.0,0.0,8729.04,104188.95,0.0,2026-09-24 15:35:16+00:00
09/24/2026 10:40:15,N,19.2441,0.0,0.0,0.0,0.0,0.0,0.0,0.0,0.0,0.0,0.0,0.0,0.0,0.0,0.0,8909.14,104724.41,0.0,2026-09-24 15:40:15+00:00
09/24/2026 10:45:17,N,18.6736,0.0,0.0,0.0,0.0,0.0,0.0,0.0,0.0,0.0,0.0,0.0,0.0,0.0,0.0,8926.24,105445.02,0.0,2026-09-24 15:45:17+00:00
09/24/2026 10:50:18,N,17.6832,0.0,0.0,0.0,0.0,0.0,0.0,0.0,0.0,0.0,0.0,0.0,0.0,0.0,0.0,9347.23,106015.37,0.0,2026-09-24 15:50:18+00:00
09/24/2026 10:55:16,N,18.1321,0.0,0.0,0.0,0.0,0.0,0.0,0.0,0.0,0.0,0.0,0.0,0.0,0.0,0.0,9495.2,106236.53,0.0,2026-09-24 15:55:16+00:00
09/24/2026 11:00:19,N,18.6873,0.0,0.0,0.0,0.0,0.0,0.0,0.0,0.0,0.0,0.0,0.0,0.0,0.0,0.0,9606.31,105446.67,0.0,2026-09-24 16:00:19+00:00
09/24/2026 11:05:18,N,19.6251,0.0,0.0,0.0,0.0,0.0,0.0,0.0,0.0,0.0,0.0,0.0,0.0,0.0,0.0,9911.91,104578.98,0.0,2026-09-24 16:05:18+00:00
09/24/2026 11:10:17,N,21.0572,0.0,0.0,0.0,0.0,0.0,0.0,0.0,0.0,0.0,0.0,0.0,0.0,0.0,0.0,10107.48,104380.02,0.0,2026-09-24 16:10:17+00:00
09/24/2026 11:15:22,N,22.0576,0.0,0.0,0.0,0.0,0.0,0.0,0.0,0.0,0.0,0.0,0.0,0.0,0.0,0.0,10006.21,104246.63,0.0,2026-09-24 16:15:22+00:00
09/24/2026 11:20:17,N,20.806,0.0,0.0,0.0,0.0,0.0,0.0,0.0,0.0,0.0,0.0,0.0,0.0,0.0,0.0,9994.13,105270.93,0.0,2026-09-24 16:20:17+00:00
09/24/2026 11:25:17,N,21.706,0.0,0.0,0.0,0.0,0.0,0.0,0.0,0.0,0.0,0.0,0.0,0.0,0.0,0.0,10158.19,105429.44,0.0,2026-09-24 16:25:17+00:00
09/24/2026 11:30:16,N,20.5802,0.0,0.0,0.0,0.0,0.0,0.0,0.0,0.0,0.0,0.0,0.0,0.0,0.0,0.0,10440.27,105742.12,0.0,2026-09-24 16:30:16+00:00
09/24/2026 11:35:18,N,20.7608,0.0,0.0,0.0,0.0,0.0,0.0,0.0,0.0,0.0,0.0,0.0,0.0,0.0,0.0,10480.38,106224.55,0.0,2026-09-24 16:35:18+00:00
09/24/2026 11:40:18,N,21.0985,0.0,0.0,0.0,0.0,0.0,0.0,0.0,0.0,0.0,0.0,0.0,0.0,0.0,0.0,10924.36,106121.78,0.0,2026-09-24 16:40:18+00:00
09/24/2026 11:45:20,N,21.0667,0.0,0.0,0.0,0.0,0.0,0.0,0.0,0.0,0.0,0.0,0.0,0.0,0.0,0.0,11054.57,106049.75,0.0,2026-09-24 16:45:20+00:00
09/24/2026 11:50:17,N,20.154,0.0,0.0,0.0,0.0,0.0,0.0,0.0,0.0,0.0,0.0,0.0,0.0,0.0,0.0,11382.54,106396.65,0.0,2026-09-24 16:50:17+00:00
09/24/2026 11:55:17,N,19.821,0.0,0.0,0.0,0.0,0.0,0.0,0.0,0.0,0.0,0.0,0.0,0.0,0.0,0.0,11767.48,106601.02,0.0,2026-09-24 16:55:17+00:00
09/24/2026 12:00:23,N,18.2794,0.0,0.0,0.0,0.0,0.0,0.0,0.0,0.0,0.0,0.0,0.0,0.0,0.0,0.0,12043.07,106272.65,0.0,2026-09-24 17:00:23+00:00
09/24/2026 12:05:19,N,18.2387,0.0,0.0,0.0,0.0,0.0,0.0,0.0,0.0,0.0,0.0,0.0,0.0,0.0,0.0,12339.93,106355.81,0.0,2026-09-24 17:05:19+00:00
09/24/2026 12:10:17,N,19.4248,0.0,0.0,0.0,0.0,0.0,0.0,0.0,0.0,0.0,0.0,0.0,0.0,0.0,0.0,12711.38,106257.88,0.0,2026-09-24 17:10:17+00:00
09/24/2026 12:15:18,N,19.9012,0.0,0.0,0.0,0.0,0.0,0.0,0.0,0.0,0.0,0.0,0.0,0.0,0.0,0.0,12836.77,106109.63,0.0,2026-09-24 17:15:18+00:00
09/24/2026 12:20:18,N,21.5113,0.0,0.0,0.0,0.0,0.0,0.0,0.0,0.0,0.0,0.0,0.0,0.0,0.0,0.0,12611.21,105454.53,0.0,2026-09-24 17:20:18+00:00
09/24/2026 12:23:00,N,23.0867,0.0,0.0,0.0,0.0,0.0,0.0,0.0,0.0,0.0,0.0,0.0,0.0,0.0,0.0,12628.25,104989.66,0.0,2026-09-24 17:23:00+00:00
09/24/2026 12:25:17,N,24.5801,0.0,0.0,0.0,0.0,0.0,0.0,0.0,0.0,0.0,0.0,0.0,0.0,0.0,0.0,12676.28,105183.94,0.0,2026-09-24 17:25:17+00:00
09/24/2026 12:30:18,N,24.992,0.0,0.0,0.0,0.0,0.0,0.0,0.0,0.0,0.0,0.0,0.0,0.0,0.0,0.0,12766.25,105411.78,0.0,2026-09-24 17:30:18+00:00
09/24/2026 12:35:19,N,32.8261,0.0,0.0,0.0,0.0,0.0,0.0,0.0,0.0,0.0,0.0,0.0,0.0,0.0,0.0,12558.45,105227.32,0.0,2026-09-24 17:35:19+00:00
09/24/2026 12:40:19,N,39.6122,0.0,0.0,0.0,0.0,0.0,0.0,0.0,0.0,0.0,0.0,0.0,0.0,0.0,0.0,12735.66,105306.08,0.0,2026-09-24 17:40:19+00:00
09/24/2026 12:45:18,N,36.7706,0.0,0.0,0.0,0.0,0.0,0.0,0.0,0.0,0.0,0.0,0.0,0.0,0.0,0.0,12872.61,105077.22,0.0,2026-09-24 17:45:18+00:00
09/24/2026 12:50:20,N,32.6913,0.0,0.0,0.0,0.0,0.0,0.0,0.0,0.0,0.0,0.0,0.0,0.0,0.0,0.0,13000.24,105932.6,0.0,2026-09-24 17:50:20+00:00
09/24/2026 12:55:18,N,31.0862,0.0,0.0,0.0,0.0,0.0,0.0,0.0,0.0,0.0,0.0,0.0,0.0,0.0,0.0,13247.67,106450.02,0.0,2026-09-24 17:55:18+00:00
09/24/2026 13:00:21,N,29.8869,0.0,0.0,0.0,0.0,0.0,0.0,0.0,0.0,0.0,0.0,0.0,0.0,0.0,0.0,13377.94,107681.12,0.0,2026-09-24 18:00:21+00:00
09/24/2026 13:05:20,N,32.3846,0.0,0.0,0.0,0.0,0.0,0.0,0.0,0.0,0.0,0.0,0.0,0.0,0.0,0.0,13522.61,107468.36,0.0,2026-09-24 18:05:20+00:00
09/24/2026 13:10:19,N,28.1258,0.0,0.0,0.0,0.0,0.0,0.0,0.0,0.0,0.0,0.0,0.0,0.0,0.0,0.0,13770.72,107575.55,0.0,2026-09-24 18:10:19+00:00
09/24/2026 13:15:19,N,24.9122,0.0,0.0,0.0,0.0,0.0,0.0,0.0,0.0,0.0,0.0,0.0,0.0,0.0,0.0,13972.97,107467.61,0.0,2026-09-24 18:15:19+00:00
09/24/2026 13:20:18,N,25.9552,0.0,0.0,0.0,0.0,0.0,0.0,0.0,0.0,0.0,0.0,0.0,0.0,0.0,0.0,13953.86,107376.5,0.0,2026-09-24 18:20:18+00:00
09/24/2026 13:25:19,N,26.9457,0.0,0.0,0.0,0.0,0.0,0.0,0.0,0.0,0.0,0.0,0.0,0.0,0.0,0.0,13815.92,107289.72,0.0,2026-09-24 18:25:19+00:00
09/24/2026 13:30:19,N,30.2837,0.0,0.0,0.0,0.0,0.0,0.0,0.0,0.0,0.0,0.0,0.0,0.0,0.0,0.0,13814.86,106739.05,0.0,2026-09-24 18:30:19+00:00
09/24/2026 13:35:21,N,37.1576,0.0,0.0,0.0,0.0,0.0,0.0,0.0,0.0,0.0,0.0,0.0,0.0,0.0,0.0,13834.12,105973.48,0.0,2026-09-24 18:35:21+00:00
09/24/2026 13:38:39,N,46.3943,0.0,0.0,0.0,0.0,0.0,0.0,0.0,0.0,0.0,0.0,0.0,0.0,0.0,0.0,13610.96,105481.24,0.0,2026-09-24 18:38:39+00:00
09/24/2026 13:40:20,N,45.2809,0.0,0.0,0.0,0.0,0.0,0.0,0.0,0.0,0.0,0.0,0.0,0.0,0.0,0.0,13620.18,105731.05,0.0,2026-09-24 18:40:20+00:00
09/24/2026 13:45:22,N,39.5024,0.0,0.0,0.0,0.0,0.0,0.0,0.0,0.0,0.0,0.0,0.0,0.0,0.0,0.0,13814.53,106315.34,0.0,2026-09-24 18:45:22+00:00
09/24/2026 13:50:19,N,29.8962,0.0,0.0,0.0,0.0,0.0,0.0,0.0,0.0,0.0,0.0,0.0,0.0,0.0,0.0,14025.24,106996.34,0.0,2026-09-24 18:50:19+00:00
09/24/2026 13:55:20,N,31.0854,0.0,0.0,0.0,0.0,0.0,0.0,0.0,0.0,0.0,0.0,0.0,0.0,0.0,0.0,14199.38,107237.64,0.0,2026-09-24 18:55:20+00:00
09/24/2026 14:00:24,N,29.8057,0.0,0.0,0.0,0.0,0.0,0.0,0.0,0.0,0.0,0.0,0.0,0.0,0.0,0.0,14191.78,107762.48,0.0,2026-09-24 19:00:24+00:00
09/24/2026 14:05:21,N,39.5038,0.0,0.0,0.0,0.0,0.0,0.0,0.0,0.0,0.0,0.0,0.0,0.0,0.0,0.0,14228.16,107295.09,0.0,2026-09-24 19:05:21+00:00
09/24/2026 14:10:23,N,57.1253,0.0,0.0,0.0,0.0,0.0,0.0,0.0,0.0,0.0,0.0,0.0,0.0,0.0,0.0,13742.5,106634.82,0.0,2026-09-24 19:10:23+00:00
09/24/2026 14:15:22,N,62.1518,0.0,0.0,0.0,0.0,0.0,0.0,0.0,0.0,0.0,0.0,0.0,0.0,0.0,0.0,13794.14,106776.0,0.0,2026-09-24 19:15:22+00:00
09/24/2026 14:20:23,N,51.164,0.0,0.0,0.0,0.0,0.0,0.0,0.0,0.0,0.0,0.0,0.0,0.0,0.0,0.0,13945.68,107868.3,0.0,2026-09-24 19:20:23+00:00
09/24/2026 14:25:21,N,59.3181,0.0,0.0,0.0,0.0,0.0,0.0,0.0,0.0,0.0,0.0,0.0,0.0,0.0,0.0,13728.45,106145.64,0.0,2026-09-24 19:25:21+00:00
09/24/2026 14:30:22,N,52.8472,0.0,0.0,0.0,0.0,0.0,0.0,0.0,0.0,0.0,0.0,0.0,0.0,0.0,0.0,13939.47,106398.41,0.0,2026-09-24 19:30:22+00:00
09/24/2026 14:35:22,N,53.1742,0.0,0.0,0.0,0.0,0.0,0.0,0.0,0.0,0.0,0.0,0.0,0.0,0.0,0.0,14158.83,105977.23,0.0,2026-09-24 19:35:22+00:00
09/24/2026 14:40:20,N,55.0935,0.0,0.0,0.0,0.0,0.0,0.0,0.0,0.0,0.0,0.0,0.0,0.0,0.0,0.0,14277.31,106177.75,0.0,2026-09-24 19:40:20+00:00
09/24/2026 14:45:22,N,55.3561,0.0,0.0,0.0,0.0,0.0,0.0,0.0,0.0,0.0,0.0,0.0,0.0,0.0,0.0,14423.31,105717.82,0.0,2026-09-24 19:45:22+00:00
09/24/2026 14:50:19,N,60.4487,0.0,0.0,0.0,0.0,0.0,0.0,0.0,0.0,0.0,0.0,0.0,0.0,0.0,0.0,14444.21,105139.46,0.0,2026-09-24 19:50:19+00:00
09/24/2026 14:55:21,N,55.9653,0.0,0.0,0.0,0.0,0.0,0.0,0.0,0.0,0.0,0.0,0.0,0.0,0.0,0.0,14663.38,105668.6,0.0,2026-09-24 19:55:21+00:00
09/24/2026 15:00:21,N,58.751,0.0,0.0,0.0,0.0,0.0,0.0,0.0,0.0,0.0,0.0,0.0,0.0,0.0,0.0,14868.86,105283.85,0.0,2026-09-24 20:00:21+00:00
09/24/2026 15:05:22,N,66.1644,0.0,0.0,0.0,0.0,0.0,0.0,30.0,0.0,0.0,0.0,0.0,0.0,0.0,0.0,15038.86,104656.85,0.0,2026-09-24 20:05:22+00:00
09/24/2026 15:09:26,N,67.3323,0.0,0.0,0.07,0.0,0.0,0.0,30.0,0.0,0.0,0.0,0.0,0.0,0.0,0.0,14904.65,104462.09,0.0,2026-09-24 20:09:26+00:00
09/24/2026 15:10:23,N,67.3795,0.0,0.0,0.07,0.0,0.0,0.0,30.0,0.0,0.0,0.0,0.0,0.0,0.0,0.0,14945.57,104434.2,0.0,2026-09-24 20:10:23+00:00
09/24/2026 15:15:23,N,66.2668,0.0,0.0,0.0,0.0,0.0,0.0,30.0,0.0,0.0,0.0,0.0,0.0,0.0,0.0,14855.43,104865.6,0.0,2026-09-24 20:15:23+00:00
09/24/2026 15:20:21,N,67.1344,0.0,0.0,0.0,0.0,0.0,0.0,20.0,0.0,0.0,0.0,0.0,0.0,0.0,0.0,14674.85,104993.79,0.0,2026-09-24 20:20:21+00:00
09/24/2026 15:25:21,N,62.3125,0.16,0.0,0.0,0.0,0.0,0.0,29.0,0.0,0.0,0.0,0.0,0.0,0.0,0.0,14725.86,105645.63,0.0,2026-09-24 20:25:21+00:00
09/24/2026 15:30:21,N,62.3512,0.52,0.0,0.0,0.0,0.0,0.0,30.0,0.0,0.0,0.0,0.0,0.0,0.0,0.0,14634.91,106369.99,0.0,2026-09-24 20:30:21+00:00
09/24/2026 15:35:22,N,61.0969,0.94,0.0,0.0,0.0,0.0,0.0,30.0,0.0,0.0,0.0,0.0,0.0,0.0,0.0,14720.62,106684.91,0.0,2026-09-24 20:35:22+00:00
09/24/2026 15:40:21,N,61.9856,0.04,0.0,0.11,0.0,0.0,0.0,30.0,0.0,0.0,0.0,0.0,0.0,0.0,0.0,14602.7,106549.24,0.0,2026-09-24 20:40:21+00:00
09/24/2026 15:45:22,N,67.9825,0.37,0.0,0.0,0.0,0.0,0.0,30.0,0.0,0.0,0.0,0.0,0.0,0.0,0.0,14590.98,106339.15,0.0,2026-09-24 20:45:22+00:00
09/24/2026 15:50:22,N,71.7918,0.16,0.0,0.0,0.0,0.0,0.0,30.0,0.0,0.0,0.0,0.0,0.0,0.0,0.0,14641.93,106343.44,0.0,2026-09-24 20:50:22+00:00
09/24/2026 15:55:22,N,70.1354,0.22,0.0,0.0,0.0,0.0,0.0,30.0,0.0,0.0,0.0,0.0,0.0,0.0,0.0,14189.66,107101.99,0.0,2026-09-24 20:55:22+00:00
09/24/2026 15:58:24,N,75.1081,0.36,0.0,0.0,0.0,0.0,0.0,30.0,0.0,0.0,0.0,0.0,0.0,0.0,0.0,14074.22,106394.93,0.0,2026-09-24 20:58:24+00:00
09/24/2026 16:00:28,N,74.1575,0.0,0.0,0.0,0.0,0.0,0.0,30.0,0.0,0.0,0.0,0.0,0.0,0.0,0.0,14174.01,106733.02,0.0,2026-09-24 21:00:28+00:00
09/24/2026 16:05:21,N,74.1835,0.0,0.0,0.0,0.0,0.0,0.0,30.0,0.0,0.0,0.0,0.0,0.0,0.0,0.0,14303.21,107344.34,0.0,2026-09-24 21:05:21+00:00
09/24/2026 16:10:22,N,65.085,0.0,0.0,0.0,0.0,0.0,0.0,30.0,0.0,0.0,0.0,0.0,0.0,0.0,0.0,14535.06,108075.42,0.0,2026-09-24 21:10:22+00:00
09/24/2026 16:15:22,N,65.4209,0.0,0.0,0.0,0.0,0.0,0.0,30.0,0.0,0.0,0.0,0.0,0.0,0.0,0.0,14846.77,108427.49,0.0,2026-09-24 21:15:22+00:00
09/24/2026 16:20:20,N,65.3239,0.0,0.0,0.0,0.0,0.0,0.0,30.0,0.0,0.0,0.0,0.0,0.0,0.0,0.0,14993.79,108383.39,0.0,2026-09-24 21:20:20+00:00
09/24/2026 16:25:21,N,63.3837,0.0,0.0,0.0,0.0,0.0,0.0,30.0,0.0,0.0,0.0,0.0,0.0,0.0,0.0,14994.04,108929.98,0.0,2026-09-24 21:25:21+00:00
09/24/2026 16:30:22,N,64.4206,0.0,0.0,0.0,0.0,0.0,0.0,30.0,0.0,0.0,0.0,0.0,0.0,0.0,0.0,14904.96,109488.52,0.0,2026-09-24 21:30:22+00:00
09/24/2026 16:35:21,N,60.8268,0.0,0.0,0.0,0.0,0.0,0.0,30.0,0.0,0.0,0.0,0.0,0.0,0.0,0.0,15215.55,109683.98,0.0,2026-09-24 21:35:21+00:00
09/24/2026 16:40:21,N,63.0639,0.0,0.0,0.46,0.0,0.0,0.0,30.0,0.0,0.0,0.0,0.0,0.0,0.0,0.0,15141.59,109618.48,0.0,2026-09-24 21:40:21+00:00
09/24/2026 16:45:21,N,66.3654,0.0,0.0,0.0,0.0,0.0,0.0,30.0,0.0,0.0,0.0,0.0,0.0,0.0,0.0,15025.38,109409.68,0.0,2026-09-24 21:45:21+00:00
09/24/2026 16:50:21,N,70.8428,0.0,0.0,0.0,0.0,0.0,0.0,30.0,0.0,0.0,0.0,0.0,0.0,0.0,0.0,15020.58,108709.78,0.0,2026-09-24 21:50:21+00:00
09/24/2026 16:55:23,N,66.2828,0.0,0.0,0.0,0.0,0.0,0.0,30.0,0.0,0.0,0.0,0.0,0.0,0.0,0.0,15150.14,108831.11,0.0,2026-09-24 21:55:23+00:00
09/24/2026 17:00:23,N,57.5371,0.0,0.0,0.0,0.0,0.0,0.0,30.0,0.0,0.0,0.0,0.0,0.0,0.0,0.0,15206.12,109215.05,0.0,2026-09-24 22:00:23+00:00
09/24/2026 17:05:20,N,59.281,0.0,0.0,0.81,0.0,0.0,0.0,30.0,0.0,0.0,0.0,0.0,0.0,0.0,0.0,14945.32,108453.23,0.0,2026-09-24 22:05:20+00:00
09/24/2026 17:10:20,N,57.4261,0.0,0.0,0.0,0.0,0.0,0.0,30.0,0.0,0.0,0.0,0.0,0.0,0.0,0.0,15010.99,108568.52,0.0,2026-09-24 22:10:20+00:00
09/24/2026 17:15:21,N,55.3345,0.0,0.0,0.08,0.0,0.0,0.0,30.0,0.0,0.0,0.0,0.0,0.0,0.0,0.0,15098.29,107743.14,0.0,2026-09-24 22:15:21+00:00
09/24/2026 17:17:45,N,58.6069,0.0,0.0,0.0,0.0,0.0,0.0,30.0,0.0,0.0,0.0,0.0,0.0,0.0,0.0,14958.4,107370.53,0.0,2026-09-24 22:17:45+00:00
09/24/2026 17:20:20,N,59.6418,0.0,0.0,0.12,0.0,0.0,0.0,30.0,0.0,0.0,0.0,0.0,0.0,0.0,0.0,15008.03,107207.33,0.0,2026-09-24 22:20:20+00:00
09/24/2026 17:25:20,N,57.6546,0.0,0.0,0.0,0.0,0.0,0.0,30.0,0.0,0.0,0.0,0.0,0.0,0.0,0.0,15057.77,107179.79,0.0,2026-09-24 22:25:20+00:00
09/24/2026 17:30:19,N,69.3226,0.0,0.01,0.0,0.0,0.0,0.01,30.0,0.0,0.0,0.0,0.0,0.0,0.0,0.0,14848.99,106625.77,0.0,2026-09-24 22:30:19+00:00
09/24/2026 17:33:16,N,77.4511,0.0,0.0,0.0,0.0,0.0,0.01,30.0,0.0,0.0,0.0,0.0,0.0,0.0,0.0,14830.94,105773.81,0.0,2026-09-24 22:33:16+00:00
09/24/2026 17:35:24,N,79.946,0.0,0.0,0.19,0.0,0.0,0.0,30.0,0.0,0.0,0.0,0.0,0.0,0.0,0.0,14799.69,105310.27,0.0,2026-09-24 22:35:24+00:00
09/24/2026 17:38:19,N,86.1368,0.0,0.01,0.0,0.0,0.0,0.01,30.0,0.0,0.0,0.0,0.0,0.0,0.0,0.0,14766.67,104698.6,0.0,2026-09-24 22:38:19+00:00
09/24/2026 17:40:21,N,85.8023,0.0,0.0,0.0,0.0,0.0,0.01,30.0,0.0,0.0,0.0,0.0,0.0,0.0,0.0,14898.72,104963.16,0.0,2026-09-24 22:40:21+00:00
09/24/2026 17:45:21,N,75.3102,0.0,0.0,0.0,0.0,0.0,0.02,30.0,0.0,0.0,0.0,0.0,0.0,0.0,0.0,14962.11,104953.14,0.0,2026-09-24 22:45:21+00:00
09/24/2026 17:50:21,N,72.6237,0.0,0.0,0.0,0.0,0.0,0.01,30.0,0.0,0.0,0.0,0.0,0.0,0.0,0.0,15069.47,104989.62,0.0,2026-09-24 22:50:21+00:00
09/24/2026 17:55:22,N,74.3023,0.0,0.0,0.0,0.0,0.0,0.01,30.0,0.0,0.0,0.0,0.0,0.0,0.0,0.0,15041.24,103935.96,0.0,2026-09-24 22:55:22+00:00
09/24/2026 18:00:22,N,44.2473,0.0,0.0,0.0,0.0,0.0,0.0,30.0,0.0,0.0,0.0,0.0,0.0,0.0,0.0,15700.17,103558.36,0.0,2026-09-24 23:00:22+00:00
09/24/2026 18:05:21,N,58.9714,0.0,0.0,0.66,0.0,0.0,0.01,105.0,0.0,0.0,0.0,0.0,0.0,0.0,0.0,15180.94,101981.96,0.0,2026-09-24 23:05:21+00:00
09/24/2026 18:10:21,N,60.2727,0.0,0.05,0.0,0.01,0.01,0.05,105.0,0.0,0.0,0.0,0.0,0.0,0.0,0.0,15112.19,101312.29,0.0,2026-09-24 23:10:21+00:00
09/24/2026 18:15:22,N,59.1198,0.0,0.02,0.0,0.0,0.01,0.03,105.0,0.0,0.0,0.0,0.0,0.0,0.0,0.0,14400.46,100764.97,0.0,2026-09-24 23:15:22+00:00
09/24/2026 18:20:22,N,62.5454,0.0,0.0,0.0,0.0,0.0,0.0,105.0,0.0,0.0,0.0,0.0,0.0,0.0,0.0,14281.85,99664.39,0.0,2026-09-24 23:20:22+00:00
09/24/2026 18:25:21,N,65.7476,0.0,0.0,0.0,0.0,0.0,0.0,105.0,0.0,0.0,0.0,0.0,0.0,0.0,0.0,14230.44,98470.98,0.0,2026-09-24 23:25:21+00:00
09/24/2026 18:30:20,N,66.5267,0.0,0.0,0.0,0.0,0.0,0.0,105.0,0.0,0.0,0.0,0.0,0.0,0.0,0.0,13945.11,97492.88,0.0,2026-09-24 23:30:20+00:00
09/24/2026 18:35:22,N,68.2255,0.0,0.0,0.0,0.0,0.0,0.03,105.0,0.0,0.0,0.0,0.0,0.0,0.0,0.0,13732.62,96820.05,0.0,2026-09-24 23:35:22+00:00
09/24/2026 18:40:22,N,77.2778,0.0,0.0,0.0,0.0,0.0,0.0,105.0,0.0,0.0,0.0,0.0,0.0,0.0,0.0,13561.38,95893.63,0.0,2026-09-24 23:40:22+00:00
09/24/2026 18:45:21,N,76.7046,0.0,0.02,0.0,0.0,0.0,0.02,105.0,0.0,0.0,0.0,0.0,0.0,0.0,0.0,13540.82,94998.13,0.0,2026-09-24 23:45:21+00:00
09/24/2026 18:50:21,N,75.4558,0.0,0.03,0.0,0.0,0.01,0.03,105.0,0.0,0.0,0.0,0.0,0.0,0.0,0.0,13471.58,94521.8,0.0,2026-09-24 23:50:21+00:00
09/24/2026 18:55:26,N,76.9773,0.0,0.02,0.18,0.01,0.01,0.04,105.0,0.0,0.0,0.0,0.0,0.0,0.0,0.0,13433.73,93852.19,0.0,2026-09-24 23:55:26+00:00
09/24/2026 19:00:23,N,59.5662,0.0,0.01,0.0,0.01,0.03,0.11,95.0,0.0,0.0,0.0,0.0,0.0,0.0,0.0,13470.85,93178.29,0.0,2026-09-25 00:00:23+00:00
09/24/2026 19:05:22,N,62.8453,0.0,0.0,0.0,0.03,0.05,0.21,95.0,0.0,0.0,0.0,0.0,0.0,0.0,0.0,13002.96,92749.12,0.0,2026-09-25 00:05:22+00:00
09/24/2026 19:10:22,N,64.1186,0.0,0.03,0.0,0.0,0.01,0.03,95.0,0.0,0.0,0.0,0.0,0.0,0.0,0.0,12681.09,92117.86,0.0,2026-09-25 00:10:22+00:00
09/24/2026 19:15:21,N,62.1002,0.0,0.0,0.0,0.03,0.06,0.26,95.0,0.0,0.0,0.0,0.0,0.0,0.0,0.0,12531.91,91725.58,0.0,2026-09-25 00:15:21+00:00
09/24/2026 19:20:21,N,62.9671,0.0,0.04,0.0,0.02,0.04,0.14,98.5,0.0,0.0,0.0,0.0,0.0,0.0,0.0,12349.11,91493.59,0.0,2026-09-25 00:20:21+00:00
09/24/2026 19:25:21,N,62.9623,0.0,0.0,0.0,0.0,0.0,0.0,95.0,0.0,0.0,0.0,0.0,0.0,0.0,0.0,12176.43,91437.62,0.0,2026-09-25 00:25:21+00:00
09/24/2026 19:30:21,N,60.8847,0.0,0.0,0.0,0.0,0.0,0.01,95.0,0.0,0.0,0.0,0.0,0.0,0.0,0.0,12099.22,91443.41,0.0,2026-09-25 00:30:21+00:00
09/24/2026 19:35:20,N,60.2486,0.0,0.01,0.0,0.01,0.03,0.1,95.0,0.0,0.0,0.0,0.0,0.0,0.0,0.0,11966.87,91156.96,0.0,2026-09-25 00:35:20+00:00
09/24/2026 19:40:21,N,60.1431,0.0,0.0,0.0,0.0,0.0,0.01,95.0,0.0,0.0,0.0,0.0,0.0,0.0,0.0,11945.7,91074.08,0.0,2026-09-25 00:40:21+00:00
09/24/2026 19:45:21,N,60.7194,0.0,0.02,0.0,0.02,0.04,0.17,95.0,0.0,0.0,0.0,0.0,0.0,0.0,0.0,11842.97,91040.38,0.0,2026-09-25 00:45:21+00:00
09/24/2026 19:50:21,N,59.9718,0.0,0.01,0.0,0.01,0.02,0.09,95.0,0.0,0.0,0.0,0.0,0.0,0.0,0.0,11772.36,91019.56,0.0,2026-09-25 00:50:21+00:00
09/24/2026 19:55:25,N,57.481,0.0,0.0,0.0,0.0,0.0,0.0,95.0,0.0,0.0,0.0,0.0,0.0,0.0,0.0,11760.53,90971.9,0.0,2026-09-25 00:55:25+00:00
09/24/2026 20:00:23,N,54.0371,0.0,0.01,0.0,0.01,0.03,0.1,95.0,0.0,0.0,0.0,0.0,0.0,0.0,0.0,11774.77,90937.56,0.0,2026-09-25 01:00:23+00:00
09/24/2026 20:05:21,N,53.443,0.0,0.0,0.0,0.0,0.0,0.0,95.0,0.0,0.0,0.0,0.0,0.0,0.0,0.0,11663.18,90789.6,0.0,2026-09-25 01:05:21+00:00
09/24/2026 20:10:21,N,54.7927,0.0,0.0,0.35,0.0,0.0,0.0,95.0,0.0,0.0,0.0,0.0,0.0,0.0,0.0,11579.16,90477.97,0.0,2026-09-25 01:10:21+00:00
09/24/2026 20:15:21,N,53.2847,0.0,0.0,0.12,0.0,0.0,0.0,95.0,0.0,0.0,0.0,0.0,0.0,0.0,0.0,11538.11,90310.13,0.0,2026-09-25 01:15:21+00:00
09/24/2026 20:20:21,N,50.8466,0.0,0.0,0.0,0.0,0.0,0.0,95.0,0.0,0.0,0.0,0.0,0.0,0.0,0.0,11525.55,90332.84,0.0,2026-09-25 01:20:21+00:00
09/24/2026 20:25:21,N,50.1768,0.0,0.0,0.0,0.0,0.0,0.0,95.0,0.0,0.0,0.0,0.0,0.0,0.0,0.0,11580.23,90423.46,0.0,2026-09-25 01:25:21+00:00
09/24/2026 20:30:21,N,49.8513,0.0,0.0,0.0,0.0,0.0,0.0,95.0,0.0,0.0,0.0,0.0,0.0,0.0,0.0,11583.29,90458.36,0.0,2026-09-25 01:30:21+00:00
09/24/2026 20:35:20,N,49.3664,0.0,0.0,0.0,0.0,0.0,0.0,95.0,0.0,0.0,0.0,0.0,0.0,0.0,0.0,11515.36,90624.31,0.0,2026-09-25 01:35:20+00:00
09/24/2026 20:40:20,N,48.7693,0.0,0.0,0.44,0.0,0.0,0.0,95.0,0.0,0.0,0.0,0.0,0.0,0.0,0.0,11570.08,90561.3,0.0,2026-09-25 01:40:20+00:00
09/24/2026 20:45:22,N,48.7246,0.0,0.0,0.0,0.0,0.0,0.0,95.0,0.0,0.0,0.0,0.0,0.0,0.0,0.0,11557.98,90609.46,0.0,2026-09-25 01:45:22+00:00
09/24/2026 20:50:22,N,48.5405,0.0,0.0,0.0,0.0,0.0,0.0,95.0,0.0,0.0,0.0,0.0,0.0,0.0,0.0,11563.3,90475.01,0.0,2026-09-25 01:50:22+00:00
09/24/2026 20:55:21,N,48.4579,0.0,0.0,0.0,0.0,0.0,0.0,95.0,0.0,0.0,0.0,0.0,0.0,0.0,0.0,11605.7,90539.31,0.0,2026-09-25 01:55:21+00:00
09/24/2026 21:00:22,N,49.2736,0.0,0.0,0.0,0.0,0.0,0.0,95.0,0.0,0.0,0.0,0.0,0.0,0.0,0.0,11564.19,90550.34,0.0,2026-09-25 02:00:22+00:00
09/24/2026 21:05:21,N,49.1793,0.04,0.0,0.0,0.0,0.0,0.0,95.0,0.0,0.0,0.0,0.0,0.0,0.0,0.0,11911.59,90199.54,0.0,2026-09-25 02:05:21+00:00
09/24/2026 21:10:20,N,50.2904,0.0,0.0,0.0,0.0,0.0,0.0,95.0,0.0,0.0,0.0,0.0,0.0,0.0,0.0,11887.17,90040.86,0.0,2026-09-25 02:10:20+00:00
09/24/2026 21:15:20,N,51.1078,0.0,0.0,0.0,0.0,0.0,0.0,95.0,0.0,0.0,0.0,0.0,0.0,0.0,0.0,11837.62,90038.93,0.0,2026-09-25 02:15:20+00:00
09/24/2026 21:20:20,N,51.7199,0.0,0.0,0.0,0.0,0.0,0.0,95.0,0.0,0.0,0.0,0.0,0.0,0.0,0.0,11735.27,89874.92,0.0,2026-09-25 02:20:20+00:00
09/24/2026 21:25:24,N,50.1813,0.0,0.0,0.0,0.0,0.0,0.0,95.0,0.0,0.0,0.0,0.0,0.0,0.0,0.0,11832.0,90013.93,0.0,2026-09-25 02:25:24+00:00
09/24/2026 21:30:20,N,52.7475,0.0,0.0,0.0,0.0,0.0,0.0,95.0,0.0,0.0,0.0,0.0,0.0,0.0,0.0,11783.29,90174.2,0.0,2026-09-25 02:30:20+00:00
09/24/2026 21:35:18,N,49.7587,0.0,0.0,0.0,0.0,0.0,0.0,95.0,0.0,0.0,0.0,0.0,0.0,0.0,0.0,11793.13,90146.19,0.0,2026-09-25 02:35:18+00:00
09/24/2026 21:38:05,N,48.7155,0.0,0.0,0.0,0.0,0.0,0.0,95.0,0.0,0.0,0.0,0.0,0.0,0.0,0.0,11798.07,90213.66,0.0,2026-09-25 02:38:05+00:00
09/24/2026 21:40:19,N,48.6244,0.0,0.0,0.0,0.0,0.0,0.0,95.0,0.0,0.0,0.0,0.0,0.0,0.0,0.0,11785.99,90275.84,0.0,2026-09-25 02:40:19+00:00
09/24/2026 21:45:20,N,47.3242,0.0,0.0,0.0,0.0,0.0,0.0,95.0,0.0,0.0,0.0,0.0,0.0,0.0,0.0,11760.48,90370.92,0.0,2026-09-25 02:45:20+00:00
09/24/2026 21:50:19,N,46.9151,0.0,0.0,0.0,0.0,0.0,0.0,95.0,0.0,0.0,0.0,0.0,0.0,0.0,0.0,11772.92,90249.0,0.0,2026-09-25 02:50:19+00:00
09/24/2026 21:55:19,N,46.3489,0.0,0.0,0.0,0.0,0.0,0.0,95.0,0.0,0.0,0.0,0.0,0.0,0.0,0.0,11802.73,90243.38,0.0,2026-09-25 02:55:19+00:00
09/24/2026 21:56:55,N,46.5211,0.0,0.0,0.0,0.0,0.0,0.0,95.0,0.0,0.0,0.0,0.0,0.0,0.0,0.0,11800.48,90275.45,0.0,2026-09-25 02:56:55+00:00
09/24/2026 22:00:23,N,48.9792,0.0,0.0,0.0,0.0,0.0,0.0,20.0,0.0,0.0,0.0,0.0,0.0,0.0,0.0,11286.88,90087.3,0.0,2026-09-25 03:00:23+00:00
09/24/2026 22:05:21,N,48.6677,0.0,0.0,0.0,0.0,0.0,0.0,20.0,0.0,0.0,0.0,0.0,0.0,0.0,0.0,11670.17,89802.53,0.0,2026-09-25 03:05:21+00:00
09/24/2026 22:10:29,N,49.1848,0.0,0.0,0.0,0.0,0.0,0.0,20.0,0.0,0.0,0.0,0.0,0.0,0.0,0.0,11603.17,89609.4,0.0,2026-09-25 03:10:29+00:00
09/24/2026 22:15:21,N,46.9742,0.0,0.0,0.0,0.0,0.0,0.0,20.0,0.0,0.0,0.0,0.0,0.0,0.0,0.0,11711.95,89400.24,0.0,2026-09-25 03:15:21+00:00
09/24/2026 22:20:20,N,45.8626,0.0,0.0,0.0,0.0,0.0,0.0,20.0,0.0,0.0,0.0,0.0,0.0,0.0,0.0,11803.29,89524.55,0.0,2026-09-25 03:20:20+00:00
09/24/2026 22:25:20,N,42.1454,0.0,0.0,0.0,0.0,0.0,0.0,20.0,0.0,0.0,0.0,0.0,0.0,0.0,0.0,11755.05,89562.4,0.0,2026-09-25 03:25:20+00:00
09/24/2026 22:30:21,N,39.171,0.0,0.0,0.0,0.0,0.0,0.0,20.0,0.0,0.0,0.0,0.0,0.0,0.0,0.0,11611.83,89669.27,0.0,2026-09-25 03:30:21+00:00
09/24/2026 22:35:20,N,37.2752,0.0,0.0,0.0,0.0,0.0,0.0,20.0,0.0,0.0,0.0,0.0,0.0,0.0,0.0,11751.11,89451.85,0.0,2026-09-25 03:35:20+00:00
09/24/2026 22:40:19,N,38.8308,0.42,0.09,0.0,0.03,0.07,0.28,20.0,0.0,0.0,0.0,0.0,0.0,0.0,0.0,10020.03,88347.51,0.0,2026-09-25 03:40:19+00:00
09/24/2026 22:45:20,N,35.8839,0.7,0.09,0.0,0.09,0.18,0.7,20.0,0.0,0.0,0.0,0.0,0.0,0.0,0.0,9970.69,88028.84,0.0,2026-09-25 03:45:20+00:00
09/24/2026 22:50:19,N,35.0522,0.28,0.02,0.0,0.02,0.05,0.19,20.0,0.0,0.0,0.0,0.0,0.0,0.0,0.0,9808.47,87772.66,0.0,2026-09-25 03:50:19+00:00
09/24/2026 22:55:19,N,33.8209,0.87,0.09,0.0,0.09,0.19,0.75,20.0,0.0,0.0,0.0,0.0,0.0,0.0,0.0,9773.39,87842.48,0.0,2026-09-25 03:55:19+00:00
09/24/2026 23:00:21,N,33.7004,0.0,0.0,0.0,0.0,0.0,0.0,0.0,0.0,0.0,0.0,0.0,0.0,0.0,0.0,9772.38,87646.18,0.0,2026-09-25 04:00:21+00:00
09/24/2026 23:05:20,N,35.5995,0.0,0.0,0.0,0.0,0.0,0.0,0.0,0.0,0.0,0.0,0.0,0.0,0.0,0.0,9269.9,88025.23,0.0,2026-09-25 04:05:20+00:00
09/24/2026 23:10:21,N,35.08,0.0,0.0,0.0,0.0,0.0,0.0,0.0,0.0,0.0,0.0,0.0,0.0,0.0,0.0,8612.35,87486.27,0.0,2026-09-25 04:10:21+00:00
09/24/2026 23:15:19,N,34.4957,0.0,0.0,0.0,0.0,0.0,0.0,0.0,0.0,0.0,0.0,0.0,0.0,0.0,0.0,8610.09,87129.29,0.0,2026-09-25 04:15:19+00:00
09/24/2026 23:20:18,N,35.0727,0.0,0.0,0.0,0.0,0.0,0.0,0.0,0.0,0.0,0.0,0.0,0.0,0.0,0.0,8412.7,86626.08,0.0,2026-09-25 04:20:18+00:00
09/24/2026 23:22:21,N,34.8423,0.0,0.0,0.0,0.0,0.0,0.0,0.0,0.0,0.0,0.0,0.0,0.0,0.0,0.0,8308.21,86213.22,0.0,2026-09-25 04:22:21+00:00
09/24/2026 23:25:19,N,35.2918,0.0,0.0,0.0,0.0,0.0,0.0,0.0,0.0,0.0,0.0,0.0,0.0,0.0,0.0,8174.36,86122.16,0.0,2026-09-25 04:25:19+00:00
09/24/2026 23:30:18,N,35.0893,0.0,0.0,0.0,0.0,0.0,0.0,0.0,0.0,0.0,0.0,0.0,0.0,0.0,0.0,8055.64,85534.55,0.0,2026-09-25 04:30:18+00:00
09/24/2026 23:35:19,N,58.1072,0.0,0.0,0.0,0.0,0.0,0.0,0.0,0.0,0.0,0.0,0.0,0.0,0.0,0.0,7791.47,85212.88,0.0,2026-09-25 04:35:19+00:00
09/24/2026 23:40:18,N,53.8635,0.0,0.0,0.0,0.0,0.0,0.0,0.0,0.0,0.0,0.0,0.0,0.0,0.0,0.0,7730.7,84883.31,0.0,2026-09-25 04:40:18+00:00
09/24/2026 23:45:19,N,33.7253,0.0,0.0,0.0,0.0,0.0,0.0,0.0,0.0,0.0,0.0,0.0,0.0,0.0,0.0,7713.87,84763.63,0.0,2026-09-25 04:45:19+00:00
09/24/2026 23:50:19,N,34.1292,0.0,0.0,0.0,0.0,0.0,0.0,0.0,0.0,0.0,0.0,0.0,0.0,0.0,0.0,7691.35,84578.77,0.0,2026-09-25 04:50:19+00:00
09/24/2026 23:55:18,N,35.1499,0.0,0.0,0.0,0.0,0.0,0.0,0.0,0.0,0.0,0.0,0.0,0.0,0.0,0.0,7557.67,84430.63,0.0,2026-09-25 04:55:18+00:00
09/25/2026 00:00:22,N,36.5928,0.0,0.0,0.0,0.0,0.0,0.0,0.0,0.0,0.0,0.0,0.0,0.0,0.0,0.0,7370.88,84311.35,0.0,2026-09-25 05:00:22+00:00
09/25/2026 00:05:18,N,36.3428,0.0,0.0,0.0,0.0,0.0,0.0,0.0,0.0,0.0,0.0,0.0,0.0,0.0,0.0,7023.55,83875.6,0.0,2026-09-25 05:05:18+00:00
09/25/2026 00:10:19,N,44.1179,0.0,0.0,0.0,0.0,0.0,0.0,0.0,0.0,0.0,0.0,0.0,0.0,0.0,0.0,6643.03,83506.04,0.0,2026-09-25 05:10:19+00:00
09/25/2026 00:15:18,N,46.9414,0.0,0.0,0.0,0.0,0.0,0.0,0.0,0.0,0.0,0.0,0.0,0.0,0.0,0.0,6432.75,82661.31,0.0,2026-09-25 05:15:18+00:00
09/25/2026 00:20:17,N,47.8491,0.0,0.0,0.0,0.0,0.0,0.0,0.0,0.0,0.0,0.0,0.0,0.0,0.0,0.0,6400.84,82100.92,0.0,2026-09-25 05:20:17+00:00
09/25/2026 00:25:19,N,41.0002,0.0,0.0,0.0,0.0,0.0,0.0,0.0,0.0,0.0,0.0,0.0,0.0,0.0,0.0,6403.19,81748.0,0.0,2026-09-25 05:25:19+00:00
09/25/2026 00:30:18,N,41.3502,0.0,0.0,0.0,0.0,0.0,0.0,0.0,0.0,0.0,0.0,0.0,0.0,0.0,0.0,6493.83,81553.51,0.0,2026-09-25 05:30:18+00:00
09/25/2026 00:35:17,N,40.5467,0.0,0.0,0.0,0.0,0.0,0.0,0.0,0.0,0.0,0.0,0.0,0.0,0.0,0.0,6323.23,81726.46,0.0,2026-09-25 05:35:17+00:00
09/25/2026 00:40:19,N,39.845,0.0,0.0,0.0,0.0,0.0,0.0,0.0,0.0,0.0,0.0,0.0,0.0,0.0,0.0,6517.25,81684.59,0.0,2026-09-25 05:40:19+00:00
09/25/2026 00:45:17,N,40.0553,0.0,0.0,0.0,0.0,0.0,0.0,0.0,0.0,0.0,0.0,0.0,0.0,0.0,0.0,6266.83,81557.27,0.0,2026-09-25 05:45:17+00:00
09/25/2026 00:50:18,N,39.9389,0.0,0.0,0.0,0.0,0.0,0.0,0.0,0.0,0.0,0.0,0.0,0.0,0.0,0.0,5859.25,81170.89,0.0,2026-09-25 05:50:18+00:00
09/25/2026 00:55:18,N,34.8466,0.0,0.0,0.0,0.0,0.0,0.0,0.0,0.0,0.0,0.0,0.0,0.0,0.0,0.0,5820.06,81094.53,0.0,2026-09-25 05:55:18+00:00
09/25/2026 01:00:21,N,52.8898,0.0,0.0,0.0,0.0,0.0,0.0,0.0,0.0,0.0,0.0,0.0,0.0,0.0,0.0,5941.23,81453.23,0.0,2026-09-25 06:00:21+00:00
09/25/2026 01:05:19,N,41.6037,0.0,0.0,0.0,0.0,0.0,0.0,0.0,0.0,0.0,0.0,0.0,0.0,0.0,0.0,5951.5,81462.62,0.0,2026-09-25 06:05:19+00:00
09/25/2026 01:10:19,N,40.5817,0.0,0.0,0.0,0.0,0.0,0.0,0.0,0.0,0.0,0.0,0.0,0.0,0.0,0.0,5923.21,81363.49,0.0,2026-09-25 06:10:19+00:00
09/25/2026 01:15:19,N,36.9776,0.0,0.0,0.0,0.0,0.0,0.0,0.0,0.0,0.0,0.0,0.0,0.0,0.0,0.0,5882.05,81377.13,0.0,2026-09-25 06:15:19+00:00
09/25/2026 01:20:18,N,37.3056,0.0,0.0,0.0,0.0,0.0,0.0,0.0,0.0,0.0,0.0,0.0,0.0,0.0,0.0,5891.09,81018.47,0.0,2026-09-25 06:20:18+00:00
09/25/2026 01:25:18,N,32.91,0.0,0.0,0.0,0.0,0.0,0.0,0.0,0.0,0.0,0.0,0.0,0.0,0.0,0.0,6384.22,80877.39,0.0,2026-09-25 06:25:18+00:00
09/25/2026 01:30:18,N,32.5451,0.0,0.0,0.0,0.0,0.0,0.0,0.0,0.0,0.0,0.0,0.0,0.0,0.0,0.0,6341.67,80945.75,0.0,2026-09-25 06:30:18+00:00
09/25/2026 01:35:18,N,31.7379,0.0,0.0,0.0,0.0,0.0,0.0,0.0,0.0,0.0,0.0,0.0,0.0,0.0,0.0,6389.86,81131.18,0.0,2026-09-25 06:35:18+00:00
09/25/2026 01:40:18,N,30.1197,0.0,0.0,0.0,0.0,0.0,0.0,0.0,0.0,0.0,0.0,0.0,0.0,0.0,0.0,6387.97,81318.95,0.0,2026-09-25 06:40:18+00:00
09/25/2026 01:45:19,N,30.5799,0.0,0.0,0.0,0.0,0.0,0.0,0.0,0.0,0.0,0.0,0.0,0.0,0.0,0.0,6408.28,81347.91,0.0,2026-09-25 06:45:19+00:00
09/25/2026 01:50:18,N,30.085,0.0,0.0,0.0,0.0,0.0,0.0,0.0,0.0,0.0,0.0,0.0,0.0,0.0,0.0,6360.12,81314.12,0.0,2026-09-25 06:50:18+00:00
09/25/2026 01:55:19,N,30.5778,0.0,0.0,0.0,0.0,0.0,0.0,0.0,0.0,0.0,0.0,0.0,0.0,0.0,0.0,6298.96,81253.75,0.0,2026-09-25 06:55:19+00:00
09/25/2026 02:00:20,N,32.379,0.0,0.0,0.0,0.0,0.0,0.0,0.0,0.0,0.0,0.0,0.0,0.0,0.0,0.0,6313.1,81227.92,0.0,2026-09-25 07:00:20+00:00
09/25/2026 02:05:19,N,35.3847,0.0,0.0,0.0,0.0,0.0,0.0,0.0,0.0,0.0,0.0,0.0,0.0,0.0,0.0,6038.01,81199.7,0.0,2026-09-25 07:05:19+00:00
09/25/2026 02:10:18,N,35.7925,0.0,0.0,0.0,0.0,0.0,0.0,0.0,0.0,0.0,0.0,0.0,0.0,0.0,0.0,5904.28,80649.8,0.0,2026-09-25 07:10:18+00:00
09/25/2026 02:15:18,N,32.4071,0.0,0.0,0.0,0.0,0.0,0.0,0.0,0.0,0.0,0.0,0.0,0.0,0.0,0.0,5914.66,80274.54,0.0,2026-09-25 07:15:18+00:00
09/25/2026 02:20:19,N,33.3043,0.0,0.0,0.0,0.0,0.0,0.0,0.0,0.0,0.0,0.0,0.0,0.0,0.0,0.0,5877.16,80316.9,0.0,2026-09-25 07:20:19+00:00
09/25/2026 02:25:21,N,31.5119,0.0,0.0,0.0,0.0,0.0,0.0,0.0,0.0,0.0,0.0,0.0,0.0,0.0,0.0,5880.39,80287.13,0.0,2026-09-25 07:25:21+00:00
09/25/2026 02:30:19,N,30.276,0.0,0.0,0.0,0.0,0.0,0.0,0.0,0.0,0.0,0.0,0.0,0.0,0.0,0.0,5879.29,80333.97,0.0,2026-09-25 07:30:19+00:00
09/25/2026 02:35:19,N,29.9277,0.0,0.0,0.0,0.0,0.0,0.0,0.0,0.0,0.0,0.0,0.0,0.0,0.0,0.0,5981.4,80269.34,0.0,2026-09-25 07:35:19+00:00
09/25/2026 02:40:17,N,29.4588,0.0,0.0,0.0,0.0,0.0,0.0,0.0,0.0,0.0,0.0,0.0,0.0,0.0,0.0,6038.04,80131.34,0.0,2026-09-25 07:40:17+00:00
09/25/2026 02:45:18,N,29.9329,0.0,0.0,0.0,0.0,0.0,0.0,0.0,0.0,0.0,0.0,0.0,0.0,0.0,0.0,6019.44,80181.05,0.0,2026-09-25 07:45:18+00:00
09/25/2026 02:50:17,N,29.0859,0.0,0.0,0.0,0.0,0.0,0.0,0.0,0.0,0.0,0.0,0.0,0.0,0.0,0.0,6058.15,80233.09,0.0,2026-09-25 07:50:17+00:00
09/25/2026 02:55:17,N,29.7804,0.0,0.0,0.0,0.0,0.0,0.0,0.0,0.0,0.0,0.0,0.0,0.0,0.0,0.0,6074.23,80258.05,0.0,2026-09-25 07:55:17+00:00
09/25/2026 03:00:20,N,28.8757,0.0,0.0,0.0,0.0,0.0,0.0,0.0,0.0,0.0,0.0,0.0,0.0,0.0,0.0,6100.84,80135.25,0.0,2026-09-25 08:00:20+00:00
09/25/2026 03:05:18,N,31.1124,0.0,0.0,0.0,0.0,0.0,0.0,0.0,0.0,0.0,0.0,0.0,0.0,0.0,0.0,6108.99,79973.37,0.0,2026-09-25 08:05:18+00:00
09/25/2026 03:10:18,N,30.5566,0.0,0.0,0.0,0.0,0.0,0.0,0.0,0.0,0.0,0.0,0.0,0.0,0.0,0.0,6128.28,79769.84,0.0,2026-09-25 08:10:18+00:00
09/25/2026 03:15:17,N,30.0489,0.0,0.0,0.0,0.0,0.0,0.0,0.0,0.0,0.0,0.0,0.0,0.0,0.0,0.0,6046.43,79537.36,0.0,2026-09-25 08:15:17+00:00
09/25/2026 03:20:17,N,30.0402,0.0,0.0,0.0,0.0,0.0,0.0,0.0,0.0,0.0,0.0,0.0,0.0,0.0,0.0,6055.41,79391.3,0.0,2026-09-25 08:20:17+00:00
09/25/2026 03:25:19,N,33.9228,0.0,0.0,0.0,0.0,0.0,0.0,0.0,0.0,0.0,0.0,0.0,0.0,0.0,0.0,5989.67,79147.7,0.0,2026-09-25 08:25:19+00:00
09/25/2026 03:28:47,N,33.9992,0.0,0.0,0.0,0.0,0.0,0.0,0.0,0.0,0.0,0.0,0.0,0.0,0.0,0.0,5920.01,78887.33,0.0,2026-09-25 08:28:47+00:00
09/25/2026 03:30:18,N,33.9272,0.0,0.0,0.0,0.0,0.0,0.0,0.0,0.0,0.0,0.0,0.0,0.0,0.0,0.0,5913.7,78829.12,0.0,2026-09-25 08:30:18+00:00
09/25/2026 03:35:18,N,33.9308,0.0,0.0,0.0,0.0,0.0,0.0,0.0,0.0,0.0,0.0,0.0,0.0,0.0,0.0,5932.47,78759.81,0.0,2026-09-25 08:35:18+00:00
09/25/2026 03:37:33,N,33.9978,0.0,0.0,0.0,0.0,0.0,0.0,0.0,0.0,0.0,0.0,0.0,0.0,0.0,0.0,5660.98,78292.35,0.0,2026-09-25 08:37:33+00:00
09/25/2026 03:40:17,N,34.0073,0.0,0.0,0.0,0.0,0.0,0.0,0.0,0.0,0.0,0.0,0.0,0.0,0.0,0.0,5753.85,78167.68,0.0,2026-09-25 08:40:17+00:00
09/25/2026 03:45:21,N,34.0288,0.0,0.0,0.0,0.0,0.0,0.0,0.0,0.0,0.0,0.0,0.0,0.0,0.0,0.0,5762.7,78040.13,0.0,2026-09-25 08:45:21+00:00
09/25/2026 03:50:18,N,34.1242,0.0,0.0,0.0,0.0,0.0,0.0,0.0,0.0,0.0,0.0,0.0,0.0,0.0,0.0,5792.22,77946.16,0.0,2026-09-25 08:50:18+00:00
09/25/2026 03:55:23,N,32.1832,0.0,0.0,0.0,0.0,0.0,0.0,0.0,0.0,0.0,0.0,0.0,0.0,0.0,0.0,5684.41,77833.59,0.0,2026-09-25 08:55:23+00:00
09/25/2026 04:00:25,N,29.7956,0.0,0.0,0.0,0.0,0.0,0.0,0.0,0.0,0.0,0.0,0.0,0.0,0.0,0.0,5825.82,77837.14,0.0,2026-09-25 09:00:25+00:00
09/25/2026 04:05:20,N,29.7927,0.0,0.0,0.0,0.0,0.0,0.0,0.0,0.0,0.0,0.0,0.0,0.0,0.0,0.0,5835.79,77847.22,0.0,2026-09-25 09:05:20+00:00
09/25/2026 04:10:19,N,29.8868,0.0,0.0,0.0,0.0,0.0,0.0,0.0,0.0,0.0,0.0,0.0,0.0,0.0,0.0,5737.76,77726.2,0.0,2026-09-25 09:10:19+00:00
09/25/2026 04:15:18,N,29.12,0.0,0.0,0.0,0.0,0.0,0.0,0.0,0.0,0.0,0.0,0.0,0.0,0.0,0.0,5889.6,77622.66,0.0,2026-09-25 09:15:18+00:00
09/25/2026 04:20:17,N,29.463,0.0,0.0,0.0,0.0,0.0,0.0,0.0,0.0,0.0,0.0,0.0,0.0,0.0,0.0,5750.44,77624.68,0.0,2026-09-25 09:20:17+00:00
09/25/2026 04:25:17,N,29.7659,0.0,0.0,0.0,0.0,0.0,0.0,0.0,0.0,0.0,0.0,0.0,0.0,0.0,0.0,5756.98,77497.4,0.0,2026-09-25 09:25:17+00:00
09/25/2026 04:30:17,N,30.0208,0.0,0.0,0.0,0.0,0.0,0.0,0.0,0.0,0.0,0.0,0.0,0.0,0.0,0.0,5855.47,77300.21,0.0,2026-09-25 09:30:17+00:00
09/25/2026 04:35:17,N,30.7949,0.0,0.0,0.0,0.0,0.0,0.0,0.0,0.0,0.0,0.0,0.0,0.0,0.0,0.0,5709.68,77082.86,0.0,2026-09-25 09:35:17+00:00
09/25/2026 04:40:17,N,31.9512,0.0,0.0,0.0,0.0,0.0,0.0,0.0,0.0,0.0,0.0,0.0,0.0,0.0,0.0,5733.5,76878.78,0.0,2026-09-25 09:40:17+00:00
09/25/2026 04:45:17,N,33.3388,0.0,0.0,0.0,0.0,0.0,0.0,0.0,0.0,0.0,0.0,0.0,0.0,0.0,0.0,5658.45,76799.28,0.0,2026-09-25 09:45:17+00:00
09/25/2026 04:50:17,N,31.2991,0.0,0.0,0.0,0.0,0.0,0.0,0.0,0.0,0.0,0.0,0.0,0.0,0.0,0.0,5671.25,76675.01,0.0,2026-09-25 09:50:17+00:00
09/25/2026 04:55:18,N,31.6395,0.0,0.0,0.0,0.0,0.0,0.0,0.0,0.0,0.0,0.0,0.0,0.0,0.0,0.0,5688.49,76673.44,0.0,2026-09-25 09:55:18+00:00
09/25/2026 05:00:19,N,34.683,0.0,0.0,0.0,0.0,0.0,0.0,0.0,0.0,0.0,0.0,0.0,0.0,0.0,0.0,5701.94,76686.76,0.0,2026-09-25 10:00:19+00:00
09/25/2026 05:05:18,N,40.4694,0.0,0.0,0.0,0.0,0.0,0.0,0.0,0.0,0.0,0.0,0.0,0.0,0.0,0.0,5704.74,76486.96,0.0,2026-09-25 10:05:18+00:00
09/25/2026 05:10:17,N,37.7178,0.0,0.0,0.0,0.0,0.0,0.0,0.0,0.0,0.0,0.0,0.0,0.0,0.0,0.0,5886.24,76789.34,0.0,2026-09-25 10:10:17+00:00
09/25/2026 05:15:18,N,37.8324,0.0,0.0,0.0,0.0,0.0,0.0,0.0,0.0,0.0,0.0,0.0,0.0,0.0,0.0,5892.36,76615.8,0.0,2026-09-25 10:15:18+00:00
09/25/2026 05:20:18,N,38.2625,0.0,0.0,0.0,0.0,0.0,0.0,0.0,0.0,0.0,0.0,0.0,0.0,0.0,0.0,5987.28,76475.3,0.0,2026-09-25 10:20:18+00:00
09/25/2026 05:25:17,N,37.7701,0.0,0.0,0.0,0.0,0.0,0.0,0.0,0.0,0.0,0.0,0.0,0.0,0.0,0.0,5977.72,76414.73,0.0,2026-09-25 10:25:17+00:00
09/25/2026 05:30:17,N,39.4415,0.0,0.0,0.0,0.0,0.0,0.0,0.0,0.0,0.0,0.0,0.0,0.0,0.0,0.0,6007.91,76183.98,0.0,2026-09-25 10:30:17+00:00
09/25/2026 05:35:17,N,39.1046,0.0,0.0,0.0,0.0,0.0,0.0,0.0,0.0,0.0,0.0,0.0,0.0,0.0,0.0,5999.77,76054.43,0.0,2026-09-25 10:35:17+00:00
09/25/2026 05:40:17,N,41.0277,0.0,0.0,0.0,0.0,0.0,0.0,0.0,0.0,0.0,0.0,0.0,0.0,0.0,0.0,6001.73,75951.08,0.0,2026-09-25 10:40:17+00:00
09/25/2026 05:45:17,N,43.441,0.0,0.0,0.0,0.0,0.0,0.0,0.0,0.0,0.0,0.0,0.0,0.0,0.0,0.0,5943.28,75759.55,0.0,2026-09-25 10:45:17+00:00
09/25/2026 05:50:17,N,44.497,0.0,0.0,0.0,0.0,0.0,0.0,0.0,0.0,0.0,0.0,0.0,0.0,0.0,0.0,6067.28,75752.8,0.0,2026-09-25 10:50:17+00:00
09/25/2026 05:55:17,N,42.8233,0.0,0.0,0.0,0.0,0.0,0.0,0.0,0.0,0.0,0.0,0.0,0.0,0.0,0.0,6080.55,75724.02,0.0,2026-09-25 10:55:17+00:00
09/25/2026 06:00:19,N,37.0578,0.0,0.0,0.0,0.0,0.0,0.0,0.0,0.0,0.0,0.0,0.0,0.0,0.0,0.0,6089.0,75791.14,0.0,2026-09-25 11:00:19+00:00
09/25/2026 06:05:18,N,40.0136,0.0,0.0,0.0,0.0,0.0,0.0,0.0,0.0,0.0,0.0,0.0,0.0,0.0,0.0,6088.39,75849.24,0.0,2026-09-25 11:05:18+00:00
09/25/2026 06:10:17,N,40.9181,0.0,0.0,0.0,0.0,0.0,0.0,0.0,0.0,0.0,0.0,0.0,0.0,0.0,0.0,5986.4,75906.77,0.0,2026-09-25 11:10:17+00:00
09/25/2026 06:15:17,N,41.2449,0.0,0.0,0.0,0.0,0.0,0.0,0.0,0.0,0.0,0.0,0.0,0.0,0.0,0.0,6054.82,75854.68,0.0,2026-09-25 11:15:17+00:00
09/25/2026 06:20:17,N,41.7968,0.0,0.0,0.0,0.0,0.0,0.0,0.0,0.0,0.0,0.0,0.0,0.0,0.0,0.0,6032.5,75696.95,0.0,2026-09-25 11:20:17+00:00
09/25/2026 06:25:17,N,41.2537,0.0,0.0,0.0,0.0,0.0,0.0,0.0,0.0,0.0,0.0,0.0,0.0,0.0,0.0,5934.99,75584.16,0.0,2026-09-25 11:25:17+00:00
09/25/2026 06:30:18,N,38.7665,0.0,0.0,0.0,0.0,0.0,0.0,0.0,0.0,0.0,0.0,0.0,0.0,0.0,0.0,5917.32,75590.41,0.0,2026-09-25 11:30:18+00:00
09/25/2026 06:35:18,N,43.0001,0.0,0.0,0.0,0.0,0.0,0.0,0.0,0.0,0.0,0.0,0.0,0.0,0.0,0.0,5988.36,75497.64,0.0,2026-09-25 11:35:18+00:00
09/25/2026 06:40:17,N,43.268,0.0,0.0,0.0,0.0,0.0,0.0,0.0,0.0,0.0,0.0,0.0,0.0,0.0,0.0,5896.72,75342.92,0.0,2026-09-25 11:40:17+00:00
09/25/2026 06:45:17,N,43.3704,0.0,0.0,0.0,0.0,0.0,0.0,0.0,0.0,0.0,0.0,0.0,0.0,0.0,0.0,5994.64,75215.55,0.0,2026-09-25 11:45:17+00:00
09/25/2026 06:50:17,N,43.3791,0.0,0.0,0.0,0.0,0.0,0.0,0.0,0.0,0.0,0.0,0.0,0.0,0.0,0.0,6044.93,74664.34,0.0,2026-09-25 11:50:17+00:00
09/25/2026 06:55:18,N,44.8309,0.0,0.0,0.0,0.0,0.0,0.0,0.0,0.0,0.0,0.0,0.0,0.0,0.0,0.0,6058.91,74322.49,0.0,2026-09-25 11:55:18+00:00
09/25/2026 07:00:19,N,44.1491,0.0,0.0,0.0,0.0,0.0,0.0,0.0,0.0,0.0,0.0,0.0,0.0,0.0,0.0,6114.88,74350.54,0.0,2026-09-25 12:00:19+00:00
09/25/2026 07:05:18,N,46.1049,0.0,0.0,0.0,0.0,0.0,0.0,0.0,0.0,0.0,0.0,0.0,0.0,0.0,0.0,6144.72,74212.12,0.0,2026-09-25 12:05:18+00:00
09/25/2026 07:10:18,N,43.5755,0.0,0.0,0.0,0.0,0.0,0.0,0.0,0.0,0.0,0.0,0.0,0.0,0.0,0.0,6148.2,74096.02,0.0,2026-09-25 12:10:18+00:00
09/25/2026 07:15:18,N,44.8472,0.0,0.0,0.0,0.0,0.0,0.0,0.0,0.0,0.0,0.0,0.0,0.0,0.0,0.0,6228.17,73723.43,0.0,2026-09-25 12:15:18+00:00
09/25/2026 07:20:18,N,46.2698,0.0,0.0,0.0,0.0,0.0,0.0,0.0,0.0,0.0,0.0,0.0,0.0,0.0,0.0,6227.45,73531.49,0.0,2026-09-25 12:20:18+00:00
09/25/2026 07:25:21,N,45.2389,0.0,0.0,0.0,0.0,0.0,0.0,0.0,0.0,0.0,0.0,0.0,0.0,0.0,0.0,6199.36,73540.84,0.0,2026-09-25 12:25:21+00:00
09/25/2026 07:30:18,N,42.1101,0.0,0.0,0.0,0.0,0.0,0.0,0.0,0.0,0.0,0.0,0.0,0.0,0.0,0.0,6288.17,73631.86,0.0,2026-09-25 12:30:18+00:00
09/25/2026 07:35:18,N,42.4336,0.0,0.0,0.0,0.0,0.0,0.0,0.0,0.0,0.0,0.0,0.0,0.0,0.0,0.0,6180.09,73831.56,0.0,2026-09-25 12:35:18+00:00
09/25/2026 07:40:18,N,44.3432,0.0,0.0,0.0,0.0,0.0,0.0,0.0,0.0,0.0,0.0,0.0,0.0,0.0,0.0,6083.12,74166.83,0.0,2026-09-25 12:40:18+00:00
09/25/2026 07:45:18,N,39.3557,0.0,0.0,0.0,0.0,0.0,0.0,0.0,0.0,0.0,0.0,0.0,0.0,0.0,0.0,6048.72,74819.05,0.0,2026-09-25 12:45:18+00:00
09/25/2026 07:50:17,N,35.0796,0.0,0.0,0.0,0.0,0.0,0.0,0.0,0.0,0.0,0.0,0.0,0.0,0.0,0.0,6107.23,75464.95,0.0,2026-09-25 12:50:17+00:00
09/25/2026 07:55:17,N,29.7069,0.0,0.0,0.0,0.0,0.0,0.0,0.0,0.0,0.0,0.0,0.0,0.0,0.0,0.0,6034.62,76286.82,0.0,2026-09-25 12:55:17+00:00
09/25/2026 08:00:21,N,31.677,0.0,0.0,0.0,0.0,0.0,0.0,0.0,0.0,0.0,0.0,0.0,0.0,0.0,0.0,6158.56,76670.01,0.0,2026-09-25 13:00:21+00:00
09/25/2026 08:05:19,N,30.5159,0.0,0.0,0.0,0.0,0.0,0.0,0.0,0.0,0.0,0.0,0.0,0.0,0.0,0.0,5967.02,77950.58,0.0,2026-09-25 13:05:19+00:00
09/25/2026 08:10:18,N,28.3244,0.0,0.0,0.0,0.0,0.0,0.0,0.0,0.0,0.0,0.0,0.0,0.0,0.0,0.0,5979.17,78867.8,0.0,2026-09-25 13:10:18+00:00
09/25/2026 08:15:18,N,26.4495,0.0,0.0,0.0,0.0,0.0,0.0,0.0,0.0,0.0,0.0,0.0,0.0,0.0,0.0,5852.42,80118.3,0.0,2026-09-25 13:15:18+00:00
09/25/2026 08:20:17,N,25.7432,0.0,0.0,0.0,0.0,0.0,0.0,0.0,0.0,0.0,0.0,0.0,0.0,0.0,0.0,5739.76,80639.76,0.0,2026-09-25 13:20:17+00:00
09/25/2026 08:25:17,N,25.4984,0.0,0.0,0.0,0.0,0.0,0.0,0.0,0.0,0.0,0.0,0.0,0.0,0.0,0.0,5655.34,81598.69,0.0,2026-09-25 13:25:17+00:00
09/25/2026 08:30:18,N,24.8936,0.0,0.0,0.0,0.0,0.0,0.0,0.0,0.0,0.0,0.0,0.0,0.0,0.0,0.0,5786.55,82736.35,0.0,2026-09-25 13:30:18+00:00
09/25/2026 08:35:18,N,24.7257,0.0,0.0,0.0,0.0,0.0,0.0,0.0,0.0,0.0,0.0,0.0,0.0,0.0,0.0,5851.33,84191.52,0.0,2026-09-25 13:35:18+00:00
09/25/2026 08:40:18,N,23.5093,0.0,0.0,0.0,0.0,0.0,0.0,0.0,0.0,0.0,0.0,0.0,0.0,0.0,0.0,5883.74,85783.52,0.0,2026-09-25 13:40:18+00:00
09/25/2026 08:45:18,N,22.1938,0.0,0.0,0.0,0.0,0.0,0.0,0.0,0.0,0.0,0.0,0.0,0.0,0.0,0.0,5989.15,86734.94,0.0,2026-09-25 13:45:18+00:00
09/25/2026 08:50:18,N,21.8414,0.0,0.0,0.0,0.0,0.0,0.0,0.0,0.0,0.0,0.0,0.0,0.0,0.0,0.0,6056.1,88041.31,0.0,2026-09-25 13:50:18+00:00
09/25/2026 08:55:18,N,21.9568,0.0,0.0,0.0,0.0,0.0,0.0,0.0,0.0,0.0,0.0,0.0,0.0,0.0,0.0,6211.33,89323.44,0.0,2026-09-25 13:55:18+00:00
09/25/2026 09:00:21,N,24.265,0.0,0.0,0.0,0.0,0.0,0.0,0.0,0.0,0.0,0.0,0.0,0.0,0.0,0.0,6120.95,90081.27,0.0,2026-09-25 14:00:21+00:00
09/25/2026 09:05:18,N,23.8997,0.0,0.0,0.0,0.0,0.0,0.0,0.0,0.0,0.0,0.0,0.0,0.0,0.0,0.0,6123.4,91601.56,0.0,2026-09-25 14:05:18+00:00
09/25/2026 09:10:19,N,23.587,0.0,0.0,0.0,0.0,0.0,0.0,0.0,0.0,0.0,0.0,0.0,0.0,0.0,0.0,6134.22,92422.2,0.0,2026-09-25 14:10:19+00:00
09/25/2026 09:15:18,N,22.5214,0.0,0.0,0.0,0.0,0.0,0.0,0.0,0.0,0.0,0.0,0.0,0.0,0.0,0.0,6108.28,94081.61,0.0,2026-09-25 14:15:18+00:00
09/25/2026 09:20:18,N,21.8412,0.0,0.0,0.0,0.0,0.0,0.0,0.0,0.0,0.0,0.0,0.0,0.0,0.0,0.0,6120.73,95157.08,0.0,2026-09-25 14:20:18+00:00
09/25/2026 09:25:18,N,21.7479,0.0,0.0,0.0,0.0,0.0,0.0,0.0,0.0,0.0,0.0,0.0,0.0,0.0,0.0,6128.33,96094.83,0.0,2026-09-25 14:25:18+00:00
09/25/2026 09:30:18,N,20.9822,0.0,0.0,0.0,0.0,0.0,0.0,0.0,0.0,0.0,0.0,0.0,0.0,0.0,0.0,6163.23,96689.09,0.0,2026-09-25 14:30:18+00:00
09/25/2026 09:35:18,N,21.4263,0.0,0.0,0.0,0.0,0.0,0.0,0.0,0.0,0.0,0.0,0.0,0.0,0.0,0.0,6196.24,97253.98,0.0,2026-09-25 14:35:18+00:00
09/25/2026 09:40:18,N,21.2477,0.0,0.0,0.0,0.0,0.0,0.0,0.0,0.0,0.0,0.0,0.0,0.0,0.0,0.0,6181.19,98052.59,0.0,2026-09-25 14:40:18+00:00
09/25/2026 09:45:18,N,21.7097,0.0,0.0,0.0,0.0,0.0,0.0,0.0,0.0,0.0,0.0,0.0,0.0,0.0,0.0,6182.2,98409.88,0.0,2026-09-25 14:45:18+00:00
09/25/2026 09:50:18,N,21.2771,0.0,0.0,0.0,0.0,0.0,0.0,0.0,0.0,0.0,0.0,0.0,0.0,0.0,0.0,6049.29,99480.37,0.0,2026-09-25 14:50:18+00:00
09/25/2026 09:55:18,N,21.5765,0.0,0.0,0.0,0.0,0.0,0.0,0.0,0.0,0.0,0.0,0.0,0.0,0.0,0.0,6088.51,100332.66,0.0,2026-09-25 14:55:18+00:00
09/25/2026 10:00:20,N,21.5922,0.0,0.0,0.0,0.0,0.0,0.0,0.0,0.0,0.0,0.0,0.0,0.0,0.0,0.0,6120.06,100500.43,0.0,2026-09-25 15:00:20+00:00
09/25/2026 10:05:18,N,21.8215,0.0,0.0,0.0,0.0,0.0,0.0,0.0,0.0,0.0,0.0,0.0,0.0,0.0,0.0,6261.65,101215.58,0.0,2026-09-25 15:05:18+00:00
09/25/2026 10:10:20,N,21.8508,0.0,0.0,0.0,0.0,0.0,0.0,0.0,0.0,0.0,0.0,0.0,0.0,0.0,0.0,6466.39,101222.35,0.0,2026-09-25 15:10:20+00:00
09/25/2026 10:15:18,N,22.2904,0.0,0.0,0.0,0.0,0.0,0.0,0.0,0.0,0.0,0.0,0.0,0.0,0.0,0.0,6513.05,101554.72,0.0,2026-09-25 15:15:18+00:00
09/25/2026 10:20:18,N,21.4928,0.0,0.0,0.0,0.0,0.0,0.0,0.0,0.0,0.0,0.0,0.0,0.0,0.0,0.0,6705.01,102085.18,0.0,2026-09-25 15:20:18+00:00
09/25/2026 10:25:17,N,20.2747,0.0,0.0,0.0,0.0,0.0,0.0,0.0,0.0,0.0,0.0,0.0,0.0,0.0,0.0,6841.91,102710.78,0.0,2026-09-25 15:25:17+00:00
09/25/2026 10:30:17,N,20.8424,0.0,0.0,0.0,0.0,0.0,0.0,0.0,0.0,0.0,0.0,0.0,0.0,0.0,0.0,6956.9,102672.34,0.0,2026-09-25 15:30:17+00:00
09/25/2026 10:35:17,N,20.7597,0.0,0.0,0.0,0.0,0.0,0.0,0.0,0.0,0.0,0.0,0.0,0.0,0.0,0.0,7118.79,103154.98,0.0,2026-09-25 15:35:17+00:00
09/25/2026 10:40:17,N,20.6202,0.0,0.0,0.0,0.0,0.0,0.0,0.0,0.0,0.0,0.0,0.0,0.0,0.0,0.0,7160.35,103697.16,0.0,2026-09-25 15:40:17+00:00
09/25/2026 10:45:18,N,20.0274,0.0,0.0,0.0,0.0,0.0,0.0,0.0,0.0,0.0,0.0,0.0,0.0,0.0,0.0,7226.93,104342.41,0.0,2026-09-25 15:45:18+00:00
09/25/2026 10:50:17,N,20.1072,0.0,0.0,0.0,0.0,0.0,0.0,0.0,0.0,0.0,0.0,0.0,0.0,0.0,0.0,7325.92,104254.29,0.0,2026-09-25 15:50:17+00:00
09/25/2026 10:55:17,N,19.9498,0.0,0.0,0.0,0.0,0.0,0.0,0.0,0.0,0.0,0.0,0.0,0.0,0.0,0.0,7463.57,104487.04,0.0,2026-09-25 15:55:17+00:00
09/25/2026 11:00:20,N,19.5933,0.0,0.0,0.0,0.0,0.0,0.0,0.0,0.0,0.0,0.0,0.0,0.0,0.0,0.0,7678.21,104640.8,0.0,2026-09-25 16:00:20+00:00
09/25/2026 11:05:18,N,19.3128,0.0,0.0,0.0,0.0,0.0,0.0,0.0,0.0,0.0,0.0,0.0,0.0,0.0,0.0,7699.93,104783.15,0.0,2026-09-25 16:05:18+00:00
09/25/2026 11:10:18,N,19.5948,0.0,0.0,0.0,0.0,0.0,0.0,0.0,0.0,0.0,0.0,0.0,0.0,0.0,0.0,7539.12,105042.17,0.0,2026-09-25 16:10:18+00:00
09/25/2026 11:15:18,N,19.8387,0.0,0.0,0.0,0.0,0.0,0.0,0.0,0.0,0.0,0.0,0.0,0.0,0.0,0.0,7889.73,105369.73,0.0,2026-09-25 16:15:18+00:00
09/25/2026 11:20:17,N,19.8265,0.0,0.0,0.0,0.0,0.0,0.0,0.0,0.0,0.0,0.0,0.0,0.0,0.0,0.0,7681.43,106087.28,0.0,2026-09-25 16:20:17+00:00
09/25/2026 11:25:20,N,19.9376,0.0,0.0,0.0,0.0,0.0,0.0,0.0,0.0,0.0,0.0,0.0,0.0,0.0,0.0,7754.35,106000.44,0.0,2026-09-25 16:25:20+00:00
09/25/2026 11:30:18,N,21.4381,0.0,0.0,0.0,0.0,0.0,0.0,0.0,0.0,0.0,0.0,0.0,0.0,0.0,0.0,7857.05,105397.91,0.0,2026-09-25 16:30:18+00:00
09/25/2026 11:35:18,N,22.0014,0.0,0.0,0.0,0.0,0.0,0.0,0.0,0.0,0.0,0.0,0.0,0.0,0.0,0.0,8485.22,104599.41,0.0,2026-09-25 16:35:18+00:00
09/25/2026 11:40:18,N,21.0843,0.0,0.0,0.0,0.0,0.0,0.0,0.0,0.0,0.0,0.0,0.0,0.0,0.0,0.0,8706.97,104622.95,0.0,2026-09-25 16:40:18+00:00
09/25/2026 11:45:18,N,21.7758,0.0,0.0,0.0,0.0,0.0,0.0,0.0,0.0,0.0,0.0,0.0,0.0,0.0,0.0,8948.27,104978.02,0.0,2026-09-25 16:45:18+00:00
09/25/2026 11:50:19,N,24.3376,0.0,0.0,0.0,0.0,0.0,0.0,0.0,0.0,0.0,0.0,0.0,0.0,0.0,0.0,9095.02,104684.37,0.0,2026-09-25 16:50:19+00:00
09/25/2026 11:55:18,N,24.4169,0.0,0.0,0.0,0.0,0.0,0.0,0.0,0.0,0.0,0.0,0.0,0.0,0.0,0.0,9539.47,104686.42,0.0,2026-09-25 16:55:18+00:00
09/25/2026 12:00:21,N,22.0984,0.0,0.0,0.0,0.0,0.0,0.0,0.0,0.0,0.0,0.0,0.0,0.0,0.0,0.0,9730.04,104760.93,0.0,2026-09-25 17:00:21+00:00
09/25/2026 12:05:17,N,22.4365,0.0,0.0,0.0,0.0,0.0,0.0,0.0,0.0,0.0,0.0,0.0,0.0,0.0,0.0,9736.38,104968.3,0.0,2026-09-25 17:05:17+00:00
09/25/2026 12:10:18,N,23.1096,0.0,0.0,0.0,0.0,0.0,0.0,0.0,0.0,0.0,0.0,0.0,0.0,0.0,0.0,10074.6,104893.51,0.0,2026-09-25 17:10:18+00:00
09/25/2026 12:15:21,N,24.7335,0.0,0.0,0.0,0.0,0.0,0.0,0.0,0.0,0.0,0.0,0.0,0.0,0.0,0.0,10128.92,104498.32,0.0,2026-09-25 17:15:21+00:00
09/25/2026 12:20:20,N,25.5533,0.0,0.0,0.0,0.0,0.0,0.0,0.0,0.0,0.0,0.0,0.0,0.0,0.0,0.0,10081.56,103706.34,0.0,2026-09-25 17:20:20+00:00
09/25/2026 12:25:19,N,26.6211,0.0,0.0,0.0,0.0,0.0,0.0,0.0,0.0,0.0,0.0,0.0,0.0,0.0,0.0,10202.14,103243.46,0.0,2026-09-25 17:25:19+00:00
09/25/2026 12:30:18,N,26.2623,0.0,0.0,0.0,0.0,0.0,0.0,0.0,0.0,0.0,0.0,0.0,0.0,0.0,0.0,10248.21,103780.66,0.0,2026-09-25 17:30:18+00:00
09/25/2026 12:35:18,N,24.1901,0.0,0.0,0.0,0.0,0.0,0.0,0.0,0.0,0.0,0.0,0.0,0.0,0.0,0.0,10490.53,104060.45,0.0,2026-09-25 17:35:18+00:00
09/25/2026 12:40:18,N,25.8578,0.0,0.0,0.0,0.0,0.0,0.0,0.0,0.0,0.0,0.0,0.0,0.0,0.0,0.0,10543.96,103530.31,0.0,2026-09-25 17:40:18+00:00
09/25/2026 12:45:17,N,26.2812,0.0,0.0,0.0,0.0,0.0,0.0,0.0,0.0,0.0,0.0,0.0,0.0,0.0,0.0,10479.11,104138.57,0.0,2026-09-25 17:45:17+00:00
09/25/2026 12:50:17,N,25.1323,0.0,0.0,0.0,0.0,0.0,0.0,0.0,0.0,0.0,0.0,0.0,0.0,0.0,0.0,10516.18,104517.83,0.0,2026-09-25 17:50:17+00:00
09/25/2026 12:55:17,N,25.5708,0.0,0.0,0.0,0.0,0.0,0.0,0.0,0.0,0.0,0.0,0.0,0.0,0.0,0.0,10587.7,104510.7,0.0,2026-09-25 17:55:17+00:00
09/25/2026 13:00:19,N,25.2387,0.0,0.0,0.0,0.0,0.0,0.0,0.0,0.0,0.0,0.0,0.0,0.0,0.0,0.0,10498.73,104810.23,0.0,2026-09-25 18:00:19+00:00
09/25/2026 13:05:20,N,25.1355,0.0,0.0,0.0,0.0,0.0,0.0,0.0,0.0,0.0,0.0,0.0,0.0,0.0,0.0,10893.3,104757.93,0.0,2026-09-25 18:05:20+00:00
09/25/2026 13:10:17,N,23.9793,0.0,0.0,0.0,0.0,0.0,0.0,0.0,0.0,0.0,0.0,0.0,0.0,0.0,0.0,10900.13,104834.28,0.0,2026-09-25 18:10:17+00:00
09/25/2026 13:15:18,N,25.2389,0.0,0.0,0.0,0.0,0.0,0.0,0.0,0.0,0.0,0.0,0.0,0.0,0.0,0.0,11055.38,104770.26,0.0,2026-09-25 18:15:18+00:00
09/25/2026 13:20:18,N,25.2522,0.0,0.0,0.0,0.0,0.0,0.0,0.0,0.0,0.0,0.0,0.0,0.0,0.0,0.0,11139.53,105362.19,0.0,2026-09-25 18:20:18+00:00
09/25/2026 13:25:17,N,25.3787,0.0,0.0,0.0,0.0,0.0,0.0,0.0,0.0,0.0,0.0,0.0,0.0,0.0,0.0,11211.8,105065.18,0.0,2026-09-25 18:25:17+00:00
09/25/2026 13:30:17,N,25.119,0.0,0.0,0.0,0.0,0.0,0.0,0.0,0.0,0.0,0.0,0.0,0.0,0.0,0.0,11265.94,105422.06,0.0,2026-09-25 18:30:17+00:00
09/25/2026 13:35:17,N,26.6639,0.0,0.0,0.0,0.0,0.0,0.0,0.0,0.0,0.0,0.0,0.0,0.0,0.0,0.0,11517.86,104674.36,0.0,2026-09-25 18:35:17+00:00
09/25/2026 13:40:18,N,29.5064,0.0,0.0,0.0,0.0,0.0,0.0,0.0,0.0,0.0,0.0,0.0,0.0,0.0,0.0,11468.83,104761.15,0.0,2026-09-25 18:40:18+00:00
09/25/2026 13:45:18,N,27.425,0.0,0.0,0.0,0.0,0.0,0.0,0.0,0.0,0.0,0.0,0.0,0.0,0.0,0.0,11676.27,105215.38,0.0,2026-09-25 18:45:18+00:00
09/25/2026 13:50:18,N,27.1066,0.0,0.0,0.0,0.0,0.0,0.0,0.0,0.0,0.0,0.0,0.0,0.0,0.0,0.0,11738.09,105639.77,0.0,2026-09-25 18:50:18+00:00
09/25/2026 13:55:19,N,25.5504,0.0,0.0,0.0,0.0,0.0,0.0,0.0,0.0,0.0,0.0,0.0,0.0,0.0,0.0,11767.24,105689.65,0.0,2026-09-25 18:55:19+00:00
09/25/2026 14:00:21,N,28.3534,0.0,0.0,0.0,0.0,0.0,0.0,0.0,0.0,0.0,0.0,0.0,0.0,0.0,0.0,11911.15,105151.89,0.0,2026-09-25 19:00:21+00:00
09/25/2026 14:05:20,N,36.7271,0.0,0.0,0.0,0.0,0.0,0.0,0.0,0.0,0.0,0.0,0.0,0.0,0.0,0.0,11854.02,104760.95,0.0,2026-09-25 19:05:20+00:00
09/25/2026 14:10:23,N,34.8412,0.0,0.0,0.0,0.0,0.0,0.0,0.0,0.0,0.0,0.0,0.0,0.0,0.0,0.0,11843.64,104716.48,0.0,2026-09-25 19:10:23+00:00
09/25/2026 14:15:21,N,48.9056,0.0,0.0,0.0,0.0,0.0,0.0,0.0,0.0,0.0,0.0,0.0,0.0,0.0,0.0,11532.36,103856.88,0.0,2026-09-25 19:15:21+00:00
09/25/2026 14:20:20,N,33.6639,0.0,0.0,0.0,0.0,0.0,0.0,0.0,0.0,0.0,0.0,0.0,0.0,0.0,0.0,11985.85,104394.62,0.0,2026-09-25 19:20:20+00:00
09/25/2026 14:25:19,N,34.0871,0.0,0.0,0.0,0.0,0.0,0.0,0.0,0.0,0.0,0.0,0.0,0.0,0.0,0.0,12118.45,104414.63,0.0,2026-09-25 19:25:19+00:00
09/25/2026 14:30:21,N,37.9431,0.0,0.0,0.0,0.0,0.0,0.0,0.0,0.0,0.0,0.0,0.0,0.0,0.0,0.0,12235.17,104660.29,0.0,2026-09-25 19:30:21+00:00
09/25/2026 14:35:21,N,39.0399,0.0,0.0,0.0,0.0,0.0,0.0,0.0,0.0,0.0,0.0,0.0,0.0,0.0,0.0,12404.33,104645.95,0.0,2026-09-25 19:35:21+00:00
09/25/2026 14:40:22,N,36.7271,0.0,0.0,0.0,0.0,0.0,0.0,0.0,0.0,0.0,0.0,0.0,0.0,0.0,0.0,12512.75,105179.91,0.0,2026-09-25 19:40:22+00:00
09/25/2026 14:45:23,N,32.3203,0.0,0.0,0.0,0.0,0.0,0.0,0.0,0.0,0.0,0.0,0.0,0.0,0.0,0.0,12662.68,105714.62,0.0,2026-09-25 19:45:23+00:00
09/25/2026 14:50:22,N,35.322,0.0,0.0,0.0,0.0,0.0,0.0,0.0,0.0,0.0,0.0,0.0,0.0,0.0,0.0,12618.72,105306.93,0.0,2026-09-25 19:50:22+00:00
09/25/2026 14:55:21,N,36.1799,0.0,0.0,0.0,0.0,0.0,0.0,0.0,0.0,0.0,0.0,0.0,0.0,0.0,0.0,12610.01,106013.95,0.0,2026-09-25 19:55:21+00:00
09/25/2026 15:00:21,N,33.0838,0.0,0.0,0.0,0.0,0.0,0.0,0.0,0.0,0.0,0.0,0.0,0.0,0.0,0.0,12714.88,106432.31,0.0,2026-09-25 20:00:21+00:00
09/25/2026 15:05:19,N,33.0543,0.0,0.0,0.0,0.0,0.0,0.0,0.0,0.0,0.0,0.0,0.0,0.0,0.0,0.0,12880.58,107444.02,0.0,2026-09-25 20:05:19+00:00
09/25/2026 15:10:19,N,33.9149,0.0,0.0,0.0,0.0,0.0,0.0,0.0,0.0,0.0,0.0,0.0,0.0,0.0,0.0,12720.04,107543.91,0.0,2026-09-25 20:10:19+00:00
09/25/2026 15:15:18,N,38.399,0.0,0.0,0.0,0.0,0.0,0.0,0.0,0.0,0.0,0.0,0.0,0.0,0.0,0.0,12601.07,107298.67,0.0,2026-09-25 20:15:18+00:00
09/25/2026 15:20:18,N,36.3099,0.0,0.0,0.0,0.0,0.0,0.0,0.0,0.0,0.0,0.0,0.0,0.0,0.0,0.0,12850.49,107757.86,0.0,2026-09-25 20:20:18+00:00
09/25/2026 15:25:19,N,36.7937,0.0,0.0,0.0,0.0,0.0,0.0,0.0,0.0,0.0,0.0,0.0,0.0,0.0,0.0,13000.05,107938.12,0.0,2026-09-25 20:25:19+00:00
09/25/2026 15:30:20,N,44.9489,0.0,0.0,0.0,0.0,0.0,0.0,0.0,0.0,0.0,0.0,0.0,0.0,0.0,0.0,12860.52,107356.94,0.0,2026-09-25 20:30:20+00:00
09/25/2026 15:35:19,N,39.5588,0.0,0.0,0.0,0.0,0.0,0.0,0.0,0.0,0.0,0.0,0.0,0.0,0.0,0.0,12867.84,107467.84,0.0,2026-09-25 20:35:19+00:00
09/25/2026 15:40:18,N,37.5917,0.0,0.0,0.0,0.0,0.0,0.0,0.0,0.0,0.0,0.0,0.0,0.0,0.0,0.0,12847.51,107655.52,0.0,2026-09-25 20:40:18+00:00
09/25/2026 15:45:19,N,49.8279,0.0,0.0,0.0,0.0,0.0,0.0,0.0,0.0,0.0,0.0,0.0,0.0,0.0,0.0,12861.22,106836.48,0.0,2026-09-25 20:45:19+00:00
09/25/2026 15:50:20,N,50.034,0.0,0.0,0.0,0.0,0.0,0.0,0.0,0.0,0.0,0.0,0.0,0.0,0.0,0.0,12796.51,106549.29,0.0,2026-09-25 20:50:20+00:00
09/25/2026 15:55:21,N,45.0841,0.0,0.0,0.0,0.0,0.0,0.0,0.0,0.0,0.0,0.0,0.0,0.0,0.0,0.0,12794.87,106949.67,0.0,2026-09-25 20:55:21+00:00
09/25/2026 16:00:20,N,37.2911,0.0,0.0,0.0,0.0,0.0,0.0,0.0,0.0,0.0,0.0,0.0,0.0,0.0,0.0,12819.98,107325.15,0.0,2026-09-25 21:00:20+00:00
09/25/2026 16:05:20,N,45.1214,0.0,0.0,0.0,0.0,0.0,0.0,0.0,0.0,0.0,0.0,0.0,0.0,0.0,0.0,12772.78,107723.09,0.0,2026-09-25 21:05:20+00:00
09/25/2026 16:10:20,N,52.8737,0.0,0.0,0.0,0.0,0.0,0.0,0.0,0.0,0.0,0.0,0.0,0.0,0.0,0.0,12832.1,106914.02,0.0,2026-09-25 21:10:20+00:00
09/25/2026 16:15:22,N,47.7928,0.0,0.0,0.0,0.0,0.0,0.0,0.0,0.0,0.0,0.0,0.0,0.0,0.0,0.0,12772.22,107074.7,0.0,2026-09-25 21:15:22+00:00
09/25/2026 16:20:21,N,48.4547,0.0,0.0,0.0,0.0,0.0,0.0,0.0,0.0,0.0,0.0,0.0,0.0,0.0,0.0,13432.33,106964.34,0.0,2026-09-25 21:20:21+00:00
09/25/2026 16:25:19,N,44.8573,0.0,0.0,0.0,0.0,0.0,0.0,0.0,0.0,0.0,0.0,0.0,0.0,0.0,0.0,13554.54,106761.02,0.0,2026-09-25 21:25:19+00:00
09/25/2026 16:30:20,N,44.0003,0.0,0.0,0.0,0.0,0.0,0.0,0.0,0.0,0.0,0.0,0.0,0.0,0.0,0.0,13461.96,106970.97,0.0,2026-09-25 21:30:20+00:00
09/25/2026 16:35:18,N,42.4446,0.0,0.0,0.0,0.0,0.0,0.0,0.0,0.0,0.0,0.0,0.0,0.0,0.0,0.0,13745.1,107354.39,0.0,2026-09-25 21:35:18+00:00
09/25/2026 16:40:19,N,48.6543,0.0,0.0,0.0,0.0,0.0,0.0,0.0,0.0,0.0,0.0,0.0,0.0,0.0,0.0,14057.25,107071.98,0.0,2026-09-25 21:40:19+00:00
09/25/2026 16:45:20,N,53.4271,0.0,0.0,0.0,0.0,0.0,0.0,0.0,0.0,0.0,0.0,0.0,0.0,0.0,0.0,14116.96,106352.15,0.0,2026-09-25 21:45:20+00:00
09/25/2026 16:50:22,N,54.6513,0.0,0.0,0.0,0.0,0.0,0.0,0.0,0.0,0.0,0.0,0.0,0.0,0.0,0.0,14008.38,105612.18,0.0,2026-09-25 21:50:22+00:00
09/25/2026 16:55:22,N,50.0803,0.0,0.0,0.0,0.0,0.0,0.0,0.0,0.0,0.0,0.0,0.0,0.0,0.0,0.0,13957.52,105763.02,0.0,2026-09-25 21:55:22+00:00
09/25/2026 17:00:21,N,41.8103,0.0,0.0,0.0,0.0,0.0,0.0,0.0,0.0,0.0,0.0,0.0,0.0,0.0,0.0,13505.65,105286.34,0.0,2026-09-25 22:00:21+00:00
09/25/2026 17:05:20,N,41.7265,0.0,0.0,0.0,0.0,0.0,0.0,0.0,0.0,0.0,0.0,0.0,0.0,0.0,0.0,13409.96,104853.41,0.0,2026-09-25 22:05:20+00:00
09/25/2026 17:10:21,N,41.4617,0.0,0.0,0.0,0.0,0.0,0.0,0.0,0.0,0.0,0.0,0.0,0.0,0.0,0.0,13535.82,105074.34,0.0,2026-09-25 22:10:21+00:00
09/25/2026 17:15:22,N,45.9094,0.0,0.0,0.0,0.0,0.0,0.0,0.0,0.0,0.0,0.0,0.0,0.0,0.0,0.0,13241.95,104391.61,0.0,2026-09-25 22:15:22+00:00
09/25/2026 17:20:21,N,49.3644,0.0,0.0,0.0,0.0,0.0,0.0,0.0,0.0,0.0,0.0,0.0,0.0,0.0,0.0,13343.58,104223.83,0.0,2026-09-25 22:20:21+00:00
09/25/2026 17:25:20,N,46.2255,0.0,0.0,0.0,0.0,0.0,0.0,0.0,0.0,0.0,0.0,0.0,0.0,0.0,0.0,13287.07,103873.81,0.0,2026-09-25 22:25:20+00:00
09/25/2026 17:30:20,N,53.5903,0.0,0.0,0.0,0.0,0.0,0.0,0.0,0.0,0.0,0.0,0.0,0.0,0.0,0.0,13175.52,103194.81,0.0,2026-09-25 22:30:20+00:00
09/25/2026 17:35:26,N,62.3281,0.0,0.0,0.0,0.0,0.0,0.0,0.0,0.0,0.0,0.0,0.0,0.0,0.0,0.0,13837.68,102010.2,0.0,2026-09-25 22:35:26+00:00
09/25/2026 17:40:20,N,61.5453,0.0,0.0,0.0,0.0,0.0,0.0,0.0,0.0,0.0,0.0,0.0,0.0,0.0,0.0,13806.01,101966.5,0.0,2026-09-25 22:40:20+00:00
09/25/2026 17:45:22,N,58.5986,0.0,0.0,0.0,0.0,0.0,0.0,0.0,0.0,0.0,0.0,0.0,0.0,0.0,0.0,14032.29,101692.28,0.0,2026-09-25 22:45:22+00:00
09/25/2026 17:50:26,N,59.0218,0.0,0.0,0.0,0.0,0.0,0.0,0.0,0.0,0.0,0.0,0.0,0.0,0.0,0.0,14034.92,101446.45,0.0,2026-09-25 22:50:26+00:00
09/25/2026 17:55:21,N,61.5597,0.0,0.0,0.0,0.0,0.0,0.0,0.0,0.0,0.0,0.0,0.0,0.0,0.0,0.0,14168.37,101177.3,0.0,2026-09-25 22:55:21+00:00
09/25/2026 18:00:23,N,44.1601,0.0,0.0,0.0,0.0,0.0,0.0,0.0,0.0,0.0,0.0,0.0,0.0,0.0,0.0,14148.65,99529.27,0.0,2026-09-25 23:00:23+00:00
09/25/2026 18:05:22,N,45.1714,0.0,0.0,0.0,0.0,0.0,0.0,0.0,0.0,0.0,0.0,0.0,0.0,0.0,0.0,13357.92,98915.63,0.0,2026-09-25 23:05:22+00:00
09/25/2026 18:10:21,N,47.9387,0.0,0.0,0.0,0.0,0.0,0.0,0.0,0.0,0.0,0.0,0.0,0.0,0.0,0.0,13143.53,98166.9,0.0,2026-09-25 23:10:21+00:00
09/25/2026 18:15:20,N,47.9575,0.0,0.0,0.0,0.0,0.0,0.0,0.0,0.0,0.0,0.0,0.0,0.0,0.0,0.0,12780.13,97351.2,0.0,2026-09-25 23:15:20+00:00
09/25/2026 18:18:20,N,51.4302,0.0,0.0,0.0,0.0,0.0,0.0,0.0,0.0,0.0,0.0,0.0,0.0,0.0,0.0,12654.9,96398.8,0.0,2026-09-25 23:18:20+00:00
09/25/2026 18:20:21,N,54.2515,0.0,0.0,0.0,0.0,0.0,0.0,0.0,0.0,0.0,0.0,0.0,0.0,0.0,0.0,12553.37,95826.38,0.0,2026-09-25 23:20:21+00:00
09/25/2026 18:25:23,N,55.3836,0.0,0.0,0.0,0.0,0.0,0.0,0.0,0.0,0.0,0.0,0.0,0.0,0.0,0.0,11844.5,94427.16,0.0,2026-09-25 23:25:23+00:00
09/25/2026 18:30:23,N,52.2982,0.0,0.0,0.0,0.0,0.0,0.0,0.0,0.0,0.0,0.0,0.0,0.0,0.0,0.0,11440.1,93417.61,0.0,2026-09-25 23:30:23+00:00
09/25/2026 18:35:28,N,54.2319,0.0,0.0,0.0,0.0,0.0,0.0,0.0,0.0,0.0,0.0,0.0,0.0,0.0,0.0,11213.78,92456.3,0.0,2026-09-25 23:35:28+00:00
09/25/2026 18:40:23,N,56.7675,0.0,0.0,0.0,0.0,0.0,0.0,0.0,0.0,0.0,0.0,0.0,0.0,0.0,0.0,11137.59,91421.99,0.0,2026-09-25 23:40:23+00:00
09/25/2026 18:45:22,N,60.0315,0.0,0.0,0.0,0.0,0.0,0.0,0.0,0.0,0.0,0.0,0.0,0.0,0.0,0.0,11106.1,90274.82,0.0,2026-09-25 23:45:22+00:00
09/25/2026 18:50:21,N,62.2073,0.0,0.0,0.0,0.0,0.0,0.0,0.0,0.0,0.0,0.0,0.0,0.0,0.0,0.0,11028.3,89250.59,0.0,2026-09-25 23:50:21+00:00
09/25/2026 18:55:30,N,58.8997,0.0,0.0,0.0,0.0,0.0,0.0,0.0,0.0,0.0,0.0,0.0,0.0,0.0,0.0,10887.33,88533.02,0.0,2026-09-25 23:55:30+00:00
09/25/2026 19:00:24,N,52.7253,0.0,0.0,0.0,0.0,0.0,0.0,0.0,0.0,0.0,0.0,0.0,0.0,0.0,0.0,10807.86,88032.08,0.0,2026-09-26 00:00:24+00:00
09/25/2026 19:05:21,N,53.2907,0.0,0.0,0.0,0.0,0.0,0.0,0.0,0.0,0.0,0.0,0.0,0.0,0.0,0.0,10624.34,87472.63,0.0,2026-09-26 00:05:21+00:00
09/25/2026 19:10:21,N,53.3042,0.0,0.0,0.0,0.0,0.0,0.0,0.0,0.0,0.0,0.0,0.0,0.0,0.0,0.0,10534.53,87018.52,0.0,2026-09-26 00:10:21+00:00
09/25/2026 19:15:21,N,52.2287,0.0,0.0,0.0,0.0,0.0,0.0,0.0,0.0,0.0,0.0,0.0,0.0,0.0,0.0,10447.37,86841.96,0.0,2026-09-26 00:15:21+00:00
09/25/2026 19:20:21,N,52.5548,0.0,0.0,0.0,0.0,0.0,0.0,0.0,0.0,0.0,0.0,0.0,0.0,0.0,0.0,10443.06,86759.38,0.0,2026-09-26 00:20:21+00:00
09/25/2026 19:25:22,N,51.2384,0.0,0.0,0.0,0.0,0.0,0.0,0.0,0.0,0.0,0.0,0.0,0.0,0.0,0.0,10428.12,86785.93,0.0,2026-09-26 00:25:22+00:00
09/25/2026 19:30:20,N,50.1236,0.0,0.0,0.0,0.0,0.0,0.0,0.0,0.0,0.0,0.0,0.0,0.0,0.0,0.0,10436.04,86730.3,0.0,2026-09-26 00:30:20+00:00
09/25/2026 19:35:21,N,50.6658,0.0,0.0,0.0,0.0,0.0,0.0,0.0,0.0,0.0,0.0,0.0,0.0,0.0,0.0,10387.23,86704.44,0.0,2026-09-26 00:35:21+00:00
09/25/2026 19:40:20,N,49.7207,0.0,0.0,0.0,0.0,0.0,0.0,0.0,0.0,0.0,0.0,0.0,0.0,0.0,0.0,10373.27,86805.05,0.0,2026-09-26 00:40:20+00:00
09/25/2026 19:45:20,N,48.4891,0.0,0.0,0.0,0.0,0.0,0.0,0.0,0.0,0.0,0.0,0.0,0.0,0.0,0.0,10387.03,86752.46,0.0,2026-09-26 00:45:20+00:00
09/25/2026 19:50:20,N,46.7794,0.0,0.0,0.0,0.0,0.0,0.0,0.0,0.0,0.0,0.0,0.0,0.0,0.0,0.0,10355.98,86773.09,0.0,2026-09-26 00:50:20+00:00
09/25/2026 19:55:20,N,45.8787,0.0,0.0,0.0,0.0,0.0,0.0,0.0,0.0,0.0,0.0,0.0,0.0,0.0,0.0,10352.82,86861.18,0.0,2026-09-26 00:55:20+00:00
09/25/2026 20:00:22,N,44.6557,0.0,0.0,0.0,0.0,0.0,0.0,0.0,0.0,0.0,0.0,0.0,0.0,0.0,0.0,10363.55,86995.18,0.0,2026-09-26 01:00:22+00:00
09/25/2026 20:05:21,N,44.5385,0.0,0.0,0.0,0.0,0.0,0.0,0.0,0.0,0.0,0.0,0.0,0.0,0.0,0.0,10339.74,86955.21,0.0,2026-09-26 01:05:21+00:00
09/25/2026 20:10:21,N,44.5342,0.0,0.0,0.0,0.0,0.0,0.0,0.0,0.0,0.0,0.0,0.0,0.0,0.0,0.0,10323.78,87058.38,0.0,2026-09-26 01:10:21+00:00
09/25/2026 20:15:22,N,43.3518,0.0,0.0,0.0,0.0,0.0,0.0,0.0,0.0,0.0,0.0,0.0,0.0,0.0,0.0,10235.09,87270.08,0.0,2026-09-26 01:15:22+00:00
09/25/2026 20:20:21,N,42.0982,0.0,0.0,0.0,0.0,0.0,0.0,0.0,0.0,0.0,0.0,0.0,0.0,0.0,0.0,10132.67,87333.05,0.0,2026-09-26 01:20:21+00:00
09/25/2026 20:25:20,N,43.6564,0.0,0.0,0.0,0.0,0.0,0.0,0.0,0.0,0.0,0.0,0.0,0.0,0.0,0.0,10087.74,87295.24,0.0,2026-09-26 01:25:20+00:00
09/25/2026 20:30:20,N,44.1099,0.0,0.0,0.0,0.0,0.0,0.0,0.0,0.0,0.0,0.0,0.0,0.0,0.0,0.0,9794.0,87003.2,0.0,2026-09-26 01:30:20+00:00
09/25/2026 20:35:21,N,45.4266,0.0,0.0,0.0,0.0,0.0,0.0,0.0,0.0,0.0,0.0,0.0,0.0,0.0,0.0,9754.74,86657.62,0.0,2026-09-26 01:35:21+00:00
09/25/2026 20:40:21,N,45.5827,0.0,0.0,0.0,0.0,0.0,0.0,0.0,0.0,0.0,0.0,0.0,0.0,0.0,0.0,9748.02,86485.34,0.0,2026-09-26 01:40:21+00:00
09/25/2026 20:45:21,N,45.2929,0.0,0.0,0.0,0.0,0.0,0.0,0.0,0.0,0.0,0.0,0.0,0.0,0.0,0.0,9746.95,86429.24,0.0,2026-09-26 01:45:21+00:00
09/25/2026 20:50:21,N,42.8636,0.0,0.0,0.0,0.0,0.0,0.0,0.0,0.0,0.0,0.0,0.0,0.0,0.0,0.0,9744.2,86608.22,0.0,2026-09-26 01:50:21+00:00
09/25/2026 20:55:21,N,45.9523,0.0,0.0,0.0,0.0,0.0,0.0,0.0,0.0,0.0,0.0,0.0,0.0,0.0,0.0,9981.9,86142.48,0.0,2026-09-26 01:55:21+00:00
09/25/2026 21:00:22,N,57.8135,0.0,0.0,0.0,0.0,0.0,0.0,0.0,0.0,0.0,0.0,0.0,0.0,0.0,0.0,9560.49,86060.13,0.0,2026-09-26 02:00:22+00:00
09/25/2026 21:05:22,N,55.2402,0.0,0.0,0.0,0.0,0.0,0.0,0.0,0.0,0.0,0.0,0.0,0.0,0.0,0.0,10058.04,85353.63,0.0,2026-09-26 02:05:22+00:00
09/25/2026 21:10:21,N,51.6665,0.0,0.0,0.0,0.0,0.0,0.0,0.0,0.0,0.0,0.0,0.0,0.0,0.0,0.0,10628.46,85397.2,0.0,2026-09-26 02:10:21+00:00
09/25/2026 21:15:21,N,50.3369,0.0,0.0,0.0,0.0,0.0,0.0,0.0,0.0,0.0,0.0,0.0,0.0,0.0,0.0,10648.94,85499.41,0.0,2026-09-26 02:15:21+00:00
09/25/2026 21:20:20,N,45.6672,0.0,0.0,0.0,0.0,0.0,0.0,0.0,0.0,0.0,0.0,0.0,0.0,0.0,0.0,10683.66,85821.72,0.0,2026-09-26 02:20:20+00:00
09/25/2026 21:25:20,N,48.985,0.0,0.0,0.0,0.0,0.0,0.0,0.0,0.0,0.0,0.0,0.0,0.0,0.0,0.0,10610.88,85902.3,0.0,2026-09-26 02:25:20+00:00
09/25/2026 21:30:20,N,49.3476,0.0,0.0,0.0,0.0,0.0,0.0,0.0,0.0,0.0,0.0,0.0,0.0,0.0,0.0,10579.67,85723.77,0.0,2026-09-26 02:30:20+00:00
09/25/2026 21:35:23,N,46.0926,0.0,0.0,0.0,0.0,0.0,0.0,0.0,0.0,0.0,0.0,0.0,0.0,0.0,0.0,9953.56,85688.91,0.0,2026-09-26 02:35:23+00:00
09/25/2026 21:40:19,N,39.5065,0.0,0.0,0.0,0.0,0.0,0.0,0.0,0.0,0.0,0.0,0.0,0.0,0.0,0.0,9855.3,85526.3,0.0,2026-09-26 02:40:19+00:00
09/25/2026 21:45:20,N,36.8558,0.0,0.0,0.0,0.0,0.0,0.0,0.0,0.0,0.0,0.0,0.0,0.0,0.0,0.0,9818.82,85497.63,0.0,2026-09-26 02:45:20+00:00
09/25/2026 21:50:20,N,36.7702,0.0,0.0,0.0,0.0,0.0,0.0,0.0,0.0,0.0,0.0,0.0,0.0,0.0,0.0,9779.84,85401.51,0.0,2026-09-26 02:50:20+00:00
09/25/2026 21:55:21,N,39.2655,0.0,0.0,0.0,0.0,0.0,0.0,0.0,0.0,0.0,0.0,0.0,0.0,0.0,0.0,9486.8,85201.84,0.0,2026-09-26 02:55:21+00:00
09/25/2026 22:00:22,N,42.3759,0.0,0.0,0.0,0.0,0.0,0.0,0.0,0.0,0.0,0.0,0.0,0.0,0.0,0.0,9344.06,85052.05,0.0,2026-09-26 03:00:22+00:00
09/25/2026 22:05:23,N,41.515,0.0,0.0,0.0,0.0,0.0,0.0,0.0,0.0,0.0,0.0,0.0,0.0,0.0,0.0,8670.64,84741.34,0.0,2026-09-26 03:05:23+00:00
09/25/2026 22:10:19,N,42.2971,0.0,0.0,0.0,0.0,0.0,0.0,0.0,0.0,0.0,0.0,0.0,0.0,0.0,0.0,8461.19,84713.34,0.0,2026-09-26 03:10:19+00:00
09/25/2026 22:15:19,N,43.1233,0.0,0.0,0.0,0.0,0.0,0.0,0.0,0.0,0.0,0.0,0.0,0.0,0.0,0.0,8432.45,84194.86,0.0,2026-09-26 03:15:19+00:00
09/25/2026 22:20:19,N,43.3117,0.0,0.0,0.0,0.0,0.0,0.0,0.0,0.0,0.0,0.0,0.0,0.0,0.0,0.0,8130.38,83889.39,0.0,2026-09-26 03:20:19+00:00
09/25/2026 22:25:22,N,41.4946,0.0,0.0,0.0,0.0,0.0,0.0,0.0,0.0,0.0,0.0,0.0,0.0,0.0,0.0,8189.12,83814.44,0.0,2026-09-26 03:25:22+00:00
09/25/2026 22:30:23,N,38.5877,0.0,0.0,0.0,0.0,0.0,0.0,0.0,0.0,0.0,0.0,0.0,0.0,0.0,0.0,8121.45,83381.63,0.0,2026-09-26 03:30:23+00:00
09/25/2026 22:35:20,N,36.4291,0.0,0.0,0.0,0.0,0.0,0.0,0.0,0.0,0.0,0.0,0.0,0.0,0.0,0.0,8035.58,83729.76,0.0,2026-09-26 03:35:20+00:00
09/25/2026 22:40:20,N,35.0534,0.0,0.0,0.0,0.0,0.0,0.0,0.0,0.0,0.0,0.0,0.0,0.0,0.0,0.0,8161.63,83403.26,0.0,2026-09-26 03:40:20+00:00
09/25/2026 22:45:19,N,36.1568,0.0,0.0,0.0,0.0,0.0,0.0,0.0,0.0,0.0,0.0,0.0,0.0,0.0,0.0,7775.79,83592.55,0.0,2026-09-26 03:45:19+00:00
09/25/2026 22:50:20,N,32.9683,0.0,0.0,0.0,0.0,0.0,0.0,0.0,0.0,0.0,0.0,0.0,0.0,0.0,0.0,7714.08,83736.8,0.0,2026-09-26 03:50:20+00:00
09/25/2026 22:55:19,N,31.4469,0.0,0.0,0.0,0.0,0.0,0.0,0.0,0.0,0.0,0.0,0.0,0.0,0.0,0.0,7602.99,83802.08,0.0,2026-09-26 03:55:19+00:00
09/25/2026 23:00:21,N,30.4529,0.0,0.0,0.0,0.0,0.0,0.0,0.0,0.0,0.0,0.0,0.0,0.0,0.0,0.0,7555.86,83776.02,0.0,2026-09-26 04:00:21+00:00
09/25/2026 23:05:19,N,30.9321,0.0,0.0,0.0,0.0,0.0,0.0,0.0,0.0,0.0,0.0,0.0,0.0,0.0,0.0,7355.64,83347.91,0.0,2026-09-26 04:05:19+00:00
09/25/2026 23:10:19,N,33.5553,0.0,0.0,0.0,0.0,0.0,0.0,0.0,0.0,0.0,0.0,0.0,0.0,0.0,0.0,7110.89,83225.85,0.0,2026-09-26 04:10:19+00:00
09/25/2026 23:15:18,N,30.4294,0.0,0.0,0.0,0.0,0.0,0.0,0.0,0.0,0.0,0.0,0.0,0.0,0.0,0.0,7113.59,82924.03,0.0,2026-09-26 04:15:18+00:00
09/25/2026 23:20:17,N,30.4363,0.0,0.0,0.0,0.0,0.0,0.0,0.0,0.0,0.0,0.0,0.0,0.0,0.0,0.0,7114.71,82957.77,0.0,2026-09-26 04:20:17+00:00
09/25/2026 23:25:17,N,29.4266,0.0,0.0,0.0,0.0,0.0,0.0,0.0,0.0,0.0,0.0,0.0,0.0,0.0,0.0,7113.75,82878.24,0.0,2026-09-26 04:25:17+00:00
09/25/2026 23:30:17,N,30.4193,0.0,0.0,0.0,0.0,0.0,0.0,0.0,0.0,0.0,0.0,0.0,0.0,0.0,0.0,7040.57,82833.3,0.0,2026-09-26 04:30:17+00:00
09/25/2026 23:35:18,N,28.9871,0.0,0.0,0.0,0.0,0.0,0.0,0.0,0.0,0.0,0.0,0.0,0.0,0.0,0.0,7036.81,82618.7,0.0,2026-09-26 04:35:18+00:00
09/25/2026 23:40:19,N,28.3689,0.0,0.0,0.0,0.0,0.0,0.0,0.0,0.0,0.0,0.0,0.0,0.0,0.0,0.0,7036.08,82613.21,0.0,2026-09-26 04:40:19+00:00
09/25/2026 23:45:18,N,28.9984,0.0,0.0,0.0,0.0,0.0,0.0,0.0,0.0,0.0,0.0,0.0,0.0,0.0,0.0,7037.34,82748.44,0.0,2026-09-26 04:45:18+00:00
09/25/2026 23:50:19,N,27.9933,0.0,0.0,0.0,0.0,0.0,0.0,0.0,0.0,0.0,0.0,0.0,0.0,0.0,0.0,7020.25,82933.73,0.0,2026-09-26 04:50:19+00:00
09/25/2026 23:55:18,N,27.8528,0.0,0.0,0.0,0.0,0.0,0.0,0.0,0.0,0.0,0.0,0.0,0.0,0.0,0.0,6930.87,83119.82,0.0,2026-09-26 04:55:18+00:00
09/26/2026 00:00:20,N,29.0094,0.0,0.0,0.0,0.0,0.0,0.0,0.0,0.0,0.0,0.0,0.0,0.0,0.0,0.0,6908.22,82923.12,0.0,2026-09-26 05:00:20+00:00
09/26/2026 00:05:18,N,29.5963,0.0,0.0,0.0,0.0,0.0,0.0,0.0,0.0,0.0,0.0,0.0,0.0,0.0,0.0,6726.89,82484.9,0.0,2026-09-26 05:05:18+00:00
09/26/2026 00:10:19,N,30.2802,0.0,0.0,0.0,0.0,0.0,0.0,0.0,0.0,0.0,0.0,0.0,0.0,0.0,0.0,6692.9,82401.89,0.0,2026-09-26 05:10:19+00:00
09/26/2026 00:15:18,N,30.4019,0.0,0.0,0.0,0.0,0.0,0.0,0.0,0.0,0.0,0.0,0.0,0.0,0.0,0.0,6694.82,82332.43,0.0,2026-09-26 05:15:18+00:00
09/26/2026 00:20:17,N,30.8209,0.0,0.0,0.0,0.0,0.0,0.0,0.0,0.0,0.0,0.0,0.0,0.0,0.0,0.0,6674.76,82925.93,0.0,2026-09-26 05:20:17+00:00
09/26/2026 00:25:18,N,31.644,0.0,0.0,0.0,0.0,0.0,0.0,0.0,0.0,0.0,0.0,0.0,0.0,0.0,0.0,6610.19,83033.68,0.0,2026-09-26 05:25:18+00:00
09/26/2026 00:30:18,N,30.0461,0.0,0.0,0.0,0.0,0.0,0.0,0.0,0.0,0.0,0.0,0.0,0.0,0.0,0.0,6614.82,83170.42,0.0,2026-09-26 05:30:18+00:00
09/26/2026 00:35:17,N,31.0834,0.0,0.0,0.0,0.0,0.0,0.0,0.0,0.0,0.0,0.0,0.0,0.0,0.0,0.0,6615.69,83205.09,0.0,2026-09-26 05:35:17+00:00
09/26/2026 00:40:18,N,31.5148,0.0,0.0,0.0,0.0,0.0,0.0,0.0,0.0,0.0,0.0,0.0,0.0,0.0,0.0,6595.52,83013.34,0.0,2026-09-26 05:40:18+00:00
09/26/2026 00:45:18,N,31.3417,0.0,0.0,0.0,0.0,0.0,0.0,0.0,0.0,0.0,0.0,0.0,0.0,0.0,0.0,6597.93,82941.2,0.0,2026-09-26 05:45:18+00:00
09/26/2026 00:50:18,N,30.4536,0.0,0.0,0.0,0.0,0.0,0.0,0.0,0.0,0.0,0.0,0.0,0.0,0.0,0.0,6596.67,82961.89,0.0,2026-09-26 05:50:18+00:00
09/26/2026 00:55:18,N,28.9033,0.0,0.0,0.0,0.0,0.0,0.0,0.0,0.0,0.0,0.0,0.0,0.0,0.0,0.0,6582.73,82992.29,0.0,2026-09-26 05:55:18+00:00
09/26/2026 01:00:23,N,29.0032,0.0,0.0,0.0,0.0,0.0,0.0,0.0,0.0,0.0,0.0,0.0,0.0,0.0,0.0,6693.99,83080.48,0.0,2026-09-26 06:00:23+00:00
09/26/2026 01:05:19,N,30.4947,0.0,0.0,0.0,0.0,0.0,0.0,0.0,0.0,0.0,0.0,0.0,0.0,0.0,0.0,6449.68,82915.74,0.0,2026-09-26 06:05:19+00:00
09/26/2026 01:10:18,N,29.3249,0.0,0.0,0.0,0.0,0.0,0.0,0.0,0.0,0.0,0.0,0.0,0.0,0.0,0.0,6407.09,82745.74,0.0,2026-09-26 06:10:18+00:00
09/26/2026 01:15:17,N,30.1414,0.0,0.0,0.0,0.0,0.0,0.0,0.0,0.0,0.0,0.0,0.0,0.0,0.0,0.0,6344.52,82491.71,0.0,2026-09-26 06:15:17+00:00
09/26/2026 01:20:17,N,30.5398,0.0,0.0,0.0,0.0,0.0,0.0,0.0,0.0,0.0,0.0,0.0,0.0,0.0,0.0,6319.89,82472.77,0.0,2026-09-26 06:20:17+00:00
09/26/2026 01:25:17,N,28.9296,0.0,0.0,0.0,0.0,0.0,0.0,0.0,0.0,0.0,0.0,0.0,0.0,0.0,0.0,6281.78,82513.25,0.0,2026-09-26 06:25:17+00:00
09/26/2026 01:30:18,N,28.2873,0.0,0.0,0.0,0.0,0.0,0.0,0.0,0.0,0.0,0.0,0.0,0.0,0.0,0.0,6221.33,82219.18,0.0,2026-09-26 06:30:18+00:00
09/26/2026 01:35:18,N,28.2103,0.0,0.0,0.0,0.0,0.0,0.0,0.0,0.0,0.0,0.0,0.0,0.0,0.0,0.0,6194.62,82128.75,0.0,2026-09-26 06:35:18+00:00
09/26/2026 01:40:18,N,28.3671,0.0,0.0,0.0,0.0,0.0,0.0,0.0,0.0,0.0,0.0,0.0,0.0,0.0,0.0,6154.2,82118.41,0.0,2026-09-26 06:40:18+00:00
09/26/2026 01:45:18,N,28.2605,0.0,0.0,0.0,0.0,0.0,0.0,0.0,0.0,0.0,0.0,0.0,0.0,0.0,0.0,5762.5,81849.42,0.0,2026-09-26 06:45:18+00:00
09/26/2026 01:50:18,N,28.0828,0.0,0.0,0.0,0.0,0.0,0.0,0.0,0.0,0.0,0.0,0.0,0.0,0.0,0.0,5854.53,81853.06,0.0,2026-09-26 06:50:18+00:00
09/26/2026 01:55:19,N,27.7819,0.0,0.0,0.0,0.0,0.0,0.0,0.0,0.0,0.0,0.0,0.0,0.0,0.0,0.0,5864.28,82116.2,0.0,2026-09-26 06:55:19+00:00
09/26/2026 02:00:20,N,27.9988,0.0,0.0,0.0,0.0,0.0,0.0,0.0,0.0,0.0,0.0,0.0,0.0,0.0,0.0,5842.9,82272.99,0.0,2026-09-26 07:00:20+00:00
09/26/2026 02:05:20,N,35.7065,0.0,0.0,0.0,0.0,0.0,0.0,0.0,0.0,0.0,0.0,0.0,0.0,0.0,0.0,5817.19,82181.65,0.0,2026-09-26 07:05:20+00:00
09/26/2026 02:10:19,N,28.0398,0.0,0.0,0.0,0.0,0.0,0.0,0.0,0.0,0.0,0.0,0.0,0.0,0.0,0.0,5820.56,82071.55,0.0,2026-09-26 07:10:19+00:00
09/26/2026 02:15:17,N,27.1889,0.0,0.0,0.0,0.0,0.0,0.0,0.0,0.0,0.0,0.0,0.0,0.0,0.0,0.0,5839.46,82037.62,0.0,2026-09-26 07:15:17+00:00
09/26/2026 02:20:17,N,26.4151,0.0,0.0,0.0,0.0,0.0,0.0,0.0,0.0,0.0,0.0,0.0,0.0,0.0,0.0,5851.58,82010.09,0.0,2026-09-26 07:20:17+00:00
09/26/2026 02:25:18,N,26.3686,0.0,0.0,0.0,0.0,0.0,0.0,0.0,0.0,0.0,0.0,0.0,0.0,0.0,0.0,5851.19,82055.09,0.0,2026-09-26 07:25:18+00:00
09/26/2026 02:30:18,N,26.504,0.0,0.0,0.0,0.0,0.0,0.0,0.0,0.0,0.0,0.0,0.0,0.0,0.0,0.0,5885.72,82178.53,0.0,2026-09-26 07:30:18+00:00
09/26/2026 02:35:18,N,26.1155,0.0,0.0,0.0,0.0,0.0,0.0,0.0,0.0,0.0,0.0,0.0,0.0,0.0,0.0,5882.1,82224.32,0.0,2026-09-26 07:35:18+00:00
09/26/2026 02:40:18,N,25.713,0.0,0.0,0.0,0.0,0.0,0.0,0.0,0.0,0.0,0.0,0.0,0.0,0.0,0.0,5887.2,82371.88,0.0,2026-09-26 07:40:18+00:00
09/26/2026 02:45:17,N,25.4852,0.0,0.0,0.0,0.0,0.0,0.0,0.0,0.0,0.0,0.0,0.0,0.0,0.0,0.0,5899.52,82555.54,0.0,2026-09-26 07:45:17+00:00
09/26/2026 02:50:20,N,25.2104,0.0,0.0,0.0,0.0,0.0,0.0,0.0,0.0,0.0,0.0,0.0,0.0,0.0,0.0,6033.3,82416.15,0.0,2026-09-26 07:50:20+00:00
09/26/2026 02:55:18,N,25.4144,0.0,0.0,0.0,0.0,0.0,0.0,0.0,0.0,0.0,0.0,0.0,0.0,0.0,0.0,6032.33,82381.83,0.0,2026-09-26 07:55:18+00:00
09/26/2026 03:00:19,N,24.7455,0.0,0.0,0.0,0.0,0.0,0.0,0.0,0.0,0.0,0.0,0.0,0.0,0.0,0.0,6059.56,82357.73,0.0,2026-09-26 08:00:19+00:00
09/26/2026 03:05:18,N,23.7716,0.0,0.0,0.0,0.0,0.0,0.0,0.0,0.0,0.0,0.0,0.0,0.0,0.0,0.0,6067.93,82288.98,0.0,2026-09-26 08:05:18+00:00
09/26/2026 03:10:18,N,24.0274,0.0,0.0,0.0,0.0,0.0,0.0,0.0,0.0,0.0,0.0,0.0,0.0,0.0,0.0,6071.7,82264.29,0.0,2026-09-26 08:10:18+00:00
09/26/2026 03:15:18,N,23.3637,0.0,0.0,0.0,0.0,0.0,0.0,0.0,0.0,0.0,0.0,0.0,0.0,0.0,0.0,6107.0,82400.73,0.0,2026-09-26 08:15:18+00:00
09/26/2026 03:20:17,N,23.0447,0.0,0.0,0.0,0.0,0.0,0.0,0.0,0.0,0.0,0.0,0.0,0.0,0.0,0.0,6059.55,82718.71,0.0,2026-09-26 08:20:17+00:00
09/26/2026 03:25:17,N,22.8625,0.0,0.0,0.0,0.0,0.0,0.0,0.0,0.0,0.0,0.0,0.0,0.0,0.0,0.0,5941.28,82886.93,0.0,2026-09-26 08:25:17+00:00
09/26/2026 03:30:18,N,22.9014,0.0,0.0,0.0,0.0,0.0,0.0,0.0,0.0,0.0,0.0,0.0,0.0,0.0,0.0,5922.2,82947.58,0.0,2026-09-26 08:30:18+00:00
09/26/2026 03:35:19,N,23.0387,0.0,0.0,0.0,0.0,0.0,0.0,0.0,0.0,0.0,0.0,0.0,0.0,0.0,0.0,5930.81,82935.41,0.0,2026-09-26 08:35:19+00:00
09/26/2026 03:40:18,N,23.0061,0.0,0.0,0.0,0.0,0.0,0.0,0.0,0.0,0.0,0.0,0.0,0.0,0.0,0.0,5955.72,82857.04,0.0,2026-09-26 08:40:18+00:00
09/26/2026 03:45:18,N,22.8089,0.0,0.0,0.0,0.0,0.0,0.0,0.0,0.0,0.0,0.0,0.0,0.0,0.0,0.0,5978.82,82537.33,0.0,2026-09-26 08:45:18+00:00
09/26/2026 03:50:18,N,22.9083,0.0,0.0,0.0,0.0,0.0,0.0,0.0,0.0,0.0,0.0,0.0,0.0,0.0,0.0,5993.21,82503.83,0.0,2026-09-26 08:50:18+00:00
09/26/2026 03:55:18,N,22.7414,0.0,0.0,0.0,0.0,0.0,0.0,0.0,0.0,0.0,0.0,0.0,0.0,0.0,0.0,6011.46,82664.25,0.0,2026-09-26 08:55:18+00:00
09/26/2026 04:00:21,N,23.2951,0.0,0.0,0.0,0.0,0.0,0.0,0.0,0.0,0.0,0.0,0.0,0.0,0.0,0.0,5797.27,82718.07,0.0,2026-09-26 09:00:21+00:00
09/26/2026 04:05:18,N,23.7333,0.0,0.0,0.0,0.0,0.0,0.0,0.0,0.0,0.0,0.0,0.0,0.0,0.0,0.0,5806.49,82830.7,0.0,2026-09-26 09:05:18+00:00
09/26/2026 04:10:17,N,23.4228,0.0,0.0,0.0,0.0,0.0,0.0,0.0,0.0,0.0,0.0,0.0,0.0,0.0,0.0,5815.3,82544.74,0.0,2026-09-26 09:10:17+00:00
09/26/2026 04:15:18,N,23.4004,0.0,0.0,0.0,0.0,0.0,0.0,0.0,0.0,0.0,0.0,0.0,0.0,0.0,0.0,5828.01,82625.33,0.0,2026-09-26 09:15:18+00:00
09/26/2026 04:20:17,N,23.436,0.0,0.0,0.0,0.0,0.0,0.0,0.0,0.0,0.0,0.0,0.0,0.0,0.0,0.0,5831.02,82699.62,0.0,2026-09-26 09:20:17+00:00
09/26/2026 04:25:15,N,23.2599,0.0,0.0,0.0,0.0,0.0,0.0,0.0,0.0,0.0,0.0,0.0,0.0,0.0,0.0,5832.07,82730.34,0.0,2026-09-26 09:25:15+00:00
09/26/2026 04:30:17,N,23.3035,0.0,0.0,0.0,0.0,0.0,0.0,0.0,0.0,0.0,0.0,0.0,0.0,0.0,0.0,5878.86,83052.55,0.0,2026-09-26 09:30:17+00:00
09/26/2026 04:35:17,N,23.4896,0.0,0.0,0.0,0.0,0.0,0.0,0.0,0.0,0.0,0.0,0.0,0.0,0.0,0.0,5895.69,83116.85,0.0,2026-09-26 09:35:17+00:00
09/26/2026 04:40:17,N,23.1912,0.0,0.0,0.0,0.0,0.0,0.0,0.0,0.0,0.0,0.0,0.0,0.0,0.0,0.0,5942.04,83274.62,0.0,2026-09-26 09:40:17+00:00
09/26/2026 04:45:18,N,22.7003,0.0,0.0,0.0,0.0,0.0,0.0,0.0,0.0,0.0,0.0,0.0,0.0,0.0,0.0,5991.93,83342.57,0.0,2026-09-26 09:45:18+00:00
09/26/2026 04:50:16,N,21.9539,0.0,0.0,0.0,0.0,0.0,0.0,0.0,0.0,0.0,0.0,0.0,0.0,0.0,0.0,6020.61,83474.84,0.0,2026-09-26 09:50:16+00:00
09/26/2026 04:55:16,N,22.258,0.0,0.0,0.0,0.0,0.0,0.0,0.0,0.0,0.0,0.0,0.0,0.0,0.0,0.0,6045.72,83375.67,0.0,2026-09-26 09:55:16+00:00
09/26/2026 05:00:19,N,22.9471,0.0,0.0,0.0,0.0,0.0,0.0,0.0,0.0,0.0,0.0,0.0,0.0,0.0,0.0,6055.94,83234.34,0.0,2026-09-26 10:00:19+00:00
09/26/2026 05:05:17,N,23.4769,0.0,0.0,0.0,0.0,0.0,0.0,0.0,0.0,0.0,0.0,0.0,0.0,0.0,0.0,6062.07,83036.55,0.0,2026-09-26 10:05:17+00:00
09/26/2026 05:10:19,N,23.4166,0.0,0.0,0.0,0.0,0.0,0.0,0.0,0.0,0.0,0.0,0.0,0.0,0.0,0.0,6089.63,82965.59,0.0,2026-09-26 10:10:19+00:00
09/26/2026 05:15:17,N,23.8615,0.0,0.0,0.0,0.0,0.0,0.0,0.0,0.0,0.0,0.0,0.0,0.0,0.0,0.0,6102.78,82169.85,0.0,2026-09-26 10:15:17+00:00
09/26/2026 05:20:17,N,23.6447,0.0,0.0,0.0,0.0,0.0,0.0,0.0,0.0,0.0,0.0,0.0,0.0,0.0,0.0,6112.32,81992.19,0.0,2026-09-26 10:20:17+00:00
09/26/2026 05:25:17,N,22.4438,0.0,0.0,0.0,0.0,0.0,0.0,0.0,0.0,0.0,0.0,0.0,0.0,0.0,0.0,5997.41,81607.09,0.0,2026-09-26 10:25:17+00:00
09/26/2026 05:30:16,N,23.4081,0.0,0.0,0.0,0.0,0.0,0.0,0.0,0.0,0.0,0.0,0.0,0.0,0.0,0.0,6005.49,81465.92,0.0,2026-09-26 10:30:16+00:00
09/26/2026 05:35:17,N,23.1025,0.0,0.0,0.0,0.0,0.0,0.0,0.0,0.0,0.0,0.0,0.0,0.0,0.0,0.0,6002.21,81362.45,0.0,2026-09-26 10:35:17+00:00
09/26/2026 05:40:15,N,22.5449,0.0,0.0,0.0,0.0,0.0,0.0,0.0,0.0,0.0,0.0,0.0,0.0,0.0,0.0,6009.56,81399.28,0.0,2026-09-26 10:40:15+00:00
09/26/2026 05:45:16,N,22.6448,0.0,0.0,0.0,0.0,0.0,0.0,0.0,0.0,0.0,0.0,0.0,0.0,0.0,0.0,6027.04,81431.59,0.0,2026-09-26 10:45:16+00:00
09/26/2026 05:50:16,N,23.4248,0.0,0.0,0.0,0.0,0.0,0.0,0.0,0.0,0.0,0.0,0.0,0.0,0.0,0.0,6022.08,81440.02,0.0,2026-09-26 10:50:16+00:00
09/26/2026 05:55:18,N,23.6415,0.0,0.0,0.0,0.0,0.0,0.0,0.0,0.0,0.0,0.0,0.0,0.0,0.0,0.0,6021.84,81496.01,0.0,2026-09-26 10:55:18+00:00
09/26/2026 06:00:19,N,23.6321,0.0,0.0,0.0,0.0,0.0,0.0,0.0,0.0,0.0,0.0,0.0,0.0,0.0,0.0,6030.84,81827.63,0.0,2026-09-26 11:00:19+00:00
09/26/2026 06:05:19,N,24.1387,0.0,0.0,0.0,0.0,0.0,0.0,0.0,0.0,0.0,0.0,0.0,0.0,0.0,0.0,6039.17,81889.02,0.0,2026-09-26 11:05:19+00:00
09/26/2026 06:10:17,N,24.0749,0.0,0.0,0.0,0.0,0.0,0.0,0.0,0.0,0.0,0.0,0.0,0.0,0.0,0.0,6050.33,81903.47,0.0,2026-09-26 11:10:17+00:00
09/26/2026 06:15:17,N,24.4135,0.0,0.0,0.0,0.0,0.0,0.0,0.0,0.0,0.0,0.0,0.0,0.0,0.0,0.0,6057.55,81811.16,0.0,2026-09-26 11:15:17+00:00
09/26/2026 06:20:18,N,24.5129,0.0,0.0,0.0,0.0,0.0,0.0,0.0,0.0,0.0,0.0,0.0,0.0,0.0,0.0,6061.43,81750.36,0.0,2026-09-26 11:20:18+00:00
09/26/2026 06:25:17,N,25.0324,0.0,0.0,0.0,0.0,0.0,0.0,0.0,0.0,0.0,0.0,0.0,0.0,0.0,0.0,6135.47,81955.22,0.0,2026-09-26 11:25:17+00:00
09/26/2026 06:30:17,N,24.5592,0.0,0.0,0.0,0.0,0.0,0.0,0.0,0.0,0.0,0.0,0.0,0.0,0.0,0.0,6137.84,82129.3,0.0,2026-09-26 11:30:17+00:00
09/26/2026 06:35:17,N,24.4529,0.0,0.0,0.0,0.0,0.0,0.0,0.0,0.0,0.0,0.0,0.0,0.0,0.0,0.0,6149.31,82136.84,0.0,2026-09-26 11:35:17+00:00
09/26/2026 06:40:17,N,24.732,0.0,0.0,0.0,0.0,0.0,0.0,0.0,0.0,0.0,0.0,0.0,0.0,0.0,0.0,6146.68,82075.34,0.0,2026-09-26 11:40:17+00:00
09/26/2026 06:45:17,N,24.7833,0.0,0.0,0.0,0.0,0.0,0.0,0.0,0.0,0.0,0.0,0.0,0.0,0.0,0.0,6151.87,82001.25,0.0,2026-09-26 11:45:17+00:00
09/26/2026 06:50:17,N,24.7438,0.0,0.0,0.0,0.0,0.0,0.0,0.0,0.0,0.0,0.0,0.0,0.0,0.0,0.0,6168.83,81874.89,0.0,2026-09-26 11:50:17+00:00
09/26/2026 06:55:16,N,24.9628,0.0,0.0,0.0,0.0,0.0,0.0,0.0,0.0,0.0,0.0,0.0,0.0,0.0,0.0,6171.25,81895.59,0.0,2026-09-26 11:55:16+00:00
09/26/2026 07:00:19,N,25.3574,0.0,0.0,0.0,0.0,0.0,0.0,0.0,0.0,0.0,0.0,0.0,0.0,0.0,0.0,6204.87,81667.14,0.0,2026-09-26 12:00:19+00:00
09/26/2026 07:05:18,N,26.635,0.0,0.0,0.0,0.0,0.0,0.0,0.0,0.0,0.0,0.0,0.0,0.0,0.0,0.0,6204.24,81335.81,0.0,2026-09-26 12:05:18+00:00
09/26/2026 07:10:17,N,26.9102,0.0,0.0,0.0,0.0,0.0,0.0,0.0,0.0,0.0,0.0,0.0,0.0,0.0,0.0,6205.84,81052.95,0.0,2026-09-26 12:10:17+00:00
09/26/2026 07:15:19,N,26.3424,0.0,0.0,0.0,0.0,0.0,0.0,0.0,0.0,0.0,0.0,0.0,0.0,0.0,0.0,6210.12,80909.8,0.0,2026-09-26 12:15:19+00:00
09/26/2026 07:20:16,N,25.8519,0.0,0.0,0.0,0.0,0.0,0.0,0.0,0.0,0.0,0.0,0.0,0.0,0.0,0.0,6198.88,80792.48,0.0,2026-09-26 12:20:16+00:00
09/26/2026 07:25:16,N,26.3872,0.0,0.0,0.0,0.0,0.0,0.0,0.0,0.0,0.0,0.0,0.0,0.0,0.0,0.0,6195.05,80662.31,0.0,2026-09-26 12:25:16+00:00
09/26/2026 07:30:17,N,25.7891,0.0,0.0,0.0,0.0,0.0,0.0,0.0,0.0,0.0,0.0,0.0,0.0,0.0,0.0,6186.34,80677.77,0.0,2026-09-26 12:30:17+00:00
09/26/2026 07:35:16,N,25.6996,0.0,0.0,0.0,0.0,0.0,0.0,0.0,0.0,0.0,0.0,0.0,0.0,0.0,0.0,6184.16,80760.8,0.0,2026-09-26 12:35:16+00:00
09/26/2026 07:40:16,N,25.1661,0.0,0.0,0.0,0.0,0.0,0.0,0.0,0.0,0.0,0.0,0.0,0.0,0.0,0.0,6185.81,80991.73,0.0,2026-09-26 12:40:16+00:00
09/26/2026 07:45:17,N,24.1559,0.0,0.0,0.0,0.0,0.0,0.0,0.0,0.0,0.0,0.0,0.0,0.0,0.0,0.0,6094.46,81364.51,0.0,2026-09-26 12:45:17+00:00
09/26/2026 07:50:17,N,23.7193,0.0,0.0,0.0,0.0,0.0,0.0,0.0,0.0,0.0,0.0,0.0,0.0,0.0,0.0,5726.88,82089.32,0.0,2026-09-26 12:50:17+00:00
09/26/2026 07:55:18,N,22.5553,0.0,0.0,0.0,0.0,0.0,0.0,0.0,0.0,0.0,0.0,0.0,0.0,0.0,0.0,5697.88,82575.91,0.0,2026-09-26 12:55:18+00:00
09/26/2026 08:00:18,N,25.0623,0.0,0.0,0.0,0.0,0.0,0.0,0.0,0.0,0.0,0.0,0.0,0.0,0.0,0.0,5636.22,82652.59,0.0,2026-09-26 13:00:18+00:00
09/26/2026 08:05:19,N,23.6295,0.0,0.0,0.0,0.0,0.0,0.0,0.0,0.0,0.0,0.0,0.0,0.0,0.0,0.0,5559.96,83584.01,0.0,2026-09-26 13:05:19+00:00
09/26/2026 08:10:18,N,22.884,0.0,0.0,0.0,0.0,0.0,0.0,0.0,0.0,0.0,0.0,0.0,0.0,0.0,0.0,5587.67,84328.49,0.0,2026-09-26 13:10:18+00:00
09/26/2026 08:15:17,N,21.1693,0.0,0.0,0.0,0.0,0.0,0.0,0.0,0.0,0.0,0.0,0.0,0.0,0.0,0.0,5260.59,85672.91,0.0,2026-09-26 13:15:17+00:00
09/26/2026 08:20:18,N,21.0139,0.0,0.0,0.0,0.0,0.0,0.0,0.0,0.0,0.0,0.0,0.0,0.0,0.0,0.0,5158.07,86689.48,0.0,2026-09-26 13:20:18+00:00
09/26/2026 08:25:17,N,20.2956,0.0,0.0,0.0,0.0,0.0,0.0,0.0,0.0,0.0,0.0,0.0,0.0,0.0,0.0,5096.56,86057.62,0.0,2026-09-26 13:25:17+00:00
09/26/2026 08:30:18,N,20.0606,0.0,0.0,0.0,0.0,0.0,0.0,0.0,0.0,0.0,0.0,0.0,0.0,0.0,0.0,5162.3,87198.18,0.0,2026-09-26 13:30:18+00:00
09/26/2026 08:35:16,N,18.592,0.0,0.0,0.0,0.0,0.0,0.0,0.0,0.0,0.0,0.0,0.0,0.0,0.0,0.0,5159.56,88752.86,0.0,2026-09-26 13:35:16+00:00
09/26/2026 08:40:15,N,18.1636,0.0,0.0,0.0,0.0,0.0,0.0,0.0,0.0,0.0,0.0,0.0,0.0,0.0,0.0,5218.5,90213.63,0.0,2026-09-26 13:40:15+00:00
09/26/2026 08:45:16,N,17.63,0.0,0.0,0.0,0.0,0.0,0.0,0.0,0.0,0.0,0.0,0.0,0.0,0.0,0.0,5230.8,91540.87,0.0,2026-09-26 13:45:16+00:00
09/26/2026 08:50:16,N,16.9321,0.0,0.0,0.0,0.0,0.0,0.0,0.0,0.0,0.0,0.0,0.0,0.0,0.0,0.0,5263.39,93122.8,0.0,2026-09-26 13:50:16+00:00
09/26/2026 08:55:17,N,16.6929,0.0,0.0,0.0,0.0,0.0,0.0,0.0,0.0,0.0,0.0,0.0,0.0,0.0,0.0,5293.81,94281.73,0.0,2026-09-26 13:55:17+00:00
09/26/2026 09:00:17,N,19.0147,0.0,0.0,0.0,0.0,0.0,0.0,0.0,0.0,0.0,0.0,0.0,0.0,0.0,0.0,5378.88,95354.2,0.0,2026-09-26 14:00:17+00:00
09/26/2026 09:05:17,N,19.1307,0.0,0.0,0.0,0.0,0.0,0.0,0.0,0.0,0.0,0.0,0.0,0.0,0.0,0.0,5415.7,95904.36,0.0,2026-09-26 14:05:17+00:00
09/26/2026 09:10:16,N,18.6466,0.0,0.0,0.0,0.0,0.0,0.0,0.0,0.0,0.0,0.0,0.0,0.0,0.0,0.0,5392.65,96826.97,0.0,2026-09-26 14:10:16+00:00
09/26/2026 09:15:17,N,17.6697,0.0,0.0,0.0,0.0,0.0,0.0,0.0,0.0,0.0,0.0,0.0,0.0,0.0,0.0,5421.55,97667.6,0.0,2026-09-26 14:15:17+00:00
09/26/2026 09:20:16,N,17.6814,0.0,0.0,0.0,0.0,0.0,0.0,0.0,0.0,0.0,0.0,0.0,0.0,0.0,0.0,5361.03,98326.38,0.0,2026-09-26 14:20:16+00:00
09/26/2026 09:25:17,N,17.551,0.0,0.0,0.0,0.0,0.0,0.0,0.0,0.0,0.0,0.0,0.0,0.0,0.0,0.0,5379.93,99367.72,0.0,2026-09-26 14:25:17+00:00
09/26/2026 09:30:16,N,17.6469,0.0,0.0,0.0,0.0,0.0,0.0,0.0,0.0,0.0,0.0,0.0,0.0,0.0,0.0,5386.55,99672.14,0.0,2026-09-26 14:30:16+00:00
09/26/2026 09:35:16,N,17.4373,0.0,0.0,0.0,0.0,0.0,0.0,0.0,0.0,0.0,0.0,0.0,0.0,0.0,0.0,5414.43,100405.81,0.0,2026-09-26 14:35:16+00:00
09/26/2026 09:40:16,N,16.8615,0.0,0.0,0.0,0.0,0.0,0.0,0.0,0.0,0.0,0.0,0.0,0.0,0.0,0.0,5507.88,101236.21,0.0,2026-09-26 14:40:16+00:00
09/26/2026 09:45:17,N,16.6093,0.0,0.0,0.0,0.0,0.0,0.0,0.0,0.0,0.0,0.0,0.0,0.0,0.0,0.0,5673.6,101896.48,0.0,2026-09-26 14:45:17+00:00
09/26/2026 09:50:17,N,16.5005,0.0,0.0,0.0,0.0,0.0,0.0,0.0,0.0,0.0,0.0,0.0,0.0,0.0,0.0,5757.78,102159.29,0.0,2026-09-26 14:50:17+00:00
09/26/2026 09:55:17,N,16.4281,0.0,0.0,0.0,0.0,0.0,0.0,0.0,0.0,0.0,0.0,0.0,0.0,0.0,0.0,5772.9,102909.91,0.0,2026-09-26 14:55:17+00:00
09/26/2026 10:00:20,N,16.4667,0.0,0.0,0.0,0.0,0.0,0.0,0.0,0.0,0.0,0.0,0.0,0.0,0.0,0.0,5774.84,103924.41,0.0,2026-09-26 15:00:20+00:00
09/26/2026 10:05:17,N,16.6895,0.0,0.0,0.0,0.0,0.0,0.0,0.0,0.0,0.0,0.0,0.0,0.0,0.0,0.0,5830.76,103825.3,0.0,2026-09-26 15:05:17+00:00
09/26/2026 10:10:17,N,16.8578,0.0,0.0,0.0,0.0,0.0,0.0,0.0,0.0,0.0,0.0,0.0,0.0,0.0,0.0,5896.88,103811.73,0.0,2026-09-26 15:10:17+00:00
09/26/2026 10:15:17,N,16.6366,0.0,0.0,0.0,0.0,0.0,0.0,0.0,0.0,0.0,0.0,0.0,0.0,0.0,0.0,6047.45,104166.38,0.0,2026-09-26 15:15:17+00:00
09/26/2026 10:20:17,N,16.4143,0.0,0.0,0.0,0.0,0.0,0.0,0.0,0.0,0.0,0.0,0.0,0.0,0.0,0.0,6144.3,104788.27,0.0,2026-09-26 15:20:17+00:00
09/26/2026 10:25:17,N,16.5439,0.0,0.0,0.0,0.0,0.0,0.0,0.0,0.0,0.0,0.0,0.0,0.0,0.0,0.0,6190.12,105204.58,0.0,2026-09-26 15:25:17+00:00
09/26/2026 10:30:17,N,17.5876,0.0,0.0,0.0,0.0,0.0,0.0,0.0,0.0,0.0,0.0,0.0,0.0,0.0,0.0,6209.74,105272.06,0.0,2026-09-26 15:30:17+00:00
09/26/2026 10:35:18,N,17.3287,0.0,0.0,0.0,0.0,0.0,0.0,0.0,0.0,0.0,0.0,0.0,0.0,0.0,0.0,6316.57,105657.87,0.0,2026-09-26 15:35:18+00:00
09/26/2026 10:40:17,N,17.0057,0.0,0.0,0.0,0.0,0.0,0.0,0.0,0.0,0.0,0.0,0.0,0.0,0.0,0.0,6403.94,106338.86,0.0,2026-09-26 15:40:17+00:00
09/26/2026 10:45:17,N,16.2398,0.0,0.0,0.0,0.0,0.0,0.0,0.0,0.0,0.0,0.0,0.0,0.0,0.0,0.0,6476.33,106870.74,0.0,2026-09-26 15:45:17+00:00
09/26/2026 10:50:17,N,16.3969,0.0,0.0,0.0,0.0,0.0,0.0,0.0,0.0,0.0,0.0,0.0,0.0,0.0,0.0,6402.36,107621.45,0.0,2026-09-26 15:50:17+00:00
09/26/2026 10:55:18,N,16.6276,0.0,0.0,0.0,0.0,0.0,0.0,0.0,0.0,0.0,0.0,0.0,0.0,0.0,0.0,6510.81,107667.39,0.0,2026-09-26 15:55:18+00:00
09/26/2026 11:00:20,N,16.1556,0.0,0.0,0.0,0.0,0.0,0.0,0.0,0.0,0.0,0.0,0.0,0.0,0.0,0.0,6454.62,106908.48,0.0,2026-09-26 16:00:20+00:00
09/26/2026 11:05:19,N,16.0226,0.0,0.0,0.0,0.0,0.0,0.0,0.0,0.0,0.0,0.0,0.0,0.0,0.0,0.0,6690.8,107084.53,0.0,2026-09-26 16:05:19+00:00
09/26/2026 11:10:20,N,15.6773,0.0,0.0,0.0,0.0,0.0,0.0,0.0,0.0,0.0,0.0,0.0,0.0,0.0,0.0,6793.09,107773.69,0.0,2026-09-26 16:10:20+00:00
09/26/2026 11:15:17,N,15.5921,0.0,0.0,0.0,0.0,0.0,0.0,0.0,0.0,0.0,0.0,0.0,0.0,0.0,0.0,6869.35,107808.67,0.0,2026-09-26 16:15:17+00:00
09/26/2026 11:20:18,N,15.6464,0.0,0.0,0.0,0.0,0.0,0.0,0.0,0.0,0.0,0.0,0.0,0.0,0.0,0.0,7003.44,108130.85,0.0,2026-09-26 16:20:18+00:00
09/26/2026 11:25:19,N,16.0647,0.0,0.0,0.0,0.0,0.0,0.0,0.0,0.0,0.0,0.0,0.0,0.0,0.0,0.0,7077.64,107798.13,0.0,2026-09-26 16:25:19+00:00
09/26/2026 11:30:18,N,16.025,0.0,0.0,0.0,0.0,0.0,0.0,0.0,0.0,0.0,0.0,0.0,0.0,0.0,0.0,7548.12,107821.21,0.0,2026-09-26 16:30:18+00:00
09/26/2026 11:35:17,N,16.3624,0.0,0.0,0.0,0.0,0.0,0.0,0.0,0.0,0.0,0.0,0.0,0.0,0.0,0.0,7848.22,107297.91,0.0,2026-09-26 16:35:17+00:00
09/26/2026 11:40:17,N,15.7609,0.0,0.0,0.0,0.0,0.0,0.0,0.0,0.0,0.0,0.0,0.0,0.0,0.0,0.0,8083.76,107447.62,0.0,2026-09-26 16:40:17+00:00
09/26/2026 11:45:17,N,15.6684,0.0,0.0,0.0,0.0,0.0,0.0,0.0,0.0,0.0,0.0,0.0,0.0,0.0,0.0,8283.0,107436.44,0.0,2026-09-26 16:45:17+00:00
09/26/2026 11:50:16,N,16.051,0.0,0.0,0.0,0.0,0.0,0.0,0.0,0.0,0.0,0.0,0.0,0.0,0.0,0.0,8637.95,107848.48,0.0,2026-09-26 16:50:16+00:00
09/26/2026 11:55:18,N,17.0633,0.0,0.0,0.0,0.0,0.0,0.0,0.0,0.0,0.0,0.0,0.0,0.0,0.0,0.0,8924.78,107499.58,0.0,2026-09-26 16:55:18+00:00
09/26/2026 12:00:18,N,16.0454,0.0,0.0,0.0,0.0,0.0,0.0,0.0,0.0,0.0,0.0,0.0,0.0,0.0,0.0,9352.76,107839.85,0.0,2026-09-26 17:00:18+00:00
09/26/2026 12:05:17,N,17.1792,0.0,0.0,0.0,0.0,0.0,0.0,0.0,0.0,0.0,0.0,0.0,0.0,0.0,0.0,9419.56,108138.52,0.0,2026-09-26 17:05:17+00:00
09/26/2026 12:10:17,N,17.1019,0.0,0.0,0.0,0.0,0.0,0.0,0.0,0.0,0.0,0.0,0.0,0.0,0.0,0.0,9518.42,108005.03,0.0,2026-09-26 17:10:17+00:00
09/26/2026 12:15:17,N,16.825,0.0,0.0,0.0,0.0,0.0,0.0,0.0,0.0,0.0,0.0,0.0,0.0,0.0,0.0,9510.27,107750.4,0.0,2026-09-26 17:15:17+00:00
09/26/2026 12:20:18,N,16.7933,0.0,0.0,0.0,0.0,0.0,0.0,0.0,0.0,0.0,0.0,0.0,0.0,0.0,0.0,9858.32,107800.95,0.0,2026-09-26 17:20:18+00:00
09/26/2026 12:25:17,N,17.1471,0.0,0.0,0.0,0.0,0.0,0.0,0.0,0.0,0.0,0.0,0.0,0.0,0.0,0.0,10033.11,107630.64,0.0,2026-09-26 17:25:17+00:00
09/26/2026 12:30:18,N,18.6513,0.0,0.0,0.0,0.0,0.0,0.0,0.0,0.0,0.0,0.0,0.0,0.0,0.0,0.0,9920.16,107471.27,0.0,2026-09-26 17:30:18+00:00
09/26/2026 12:35:18,N,19.1849,0.0,0.0,0.0,0.0,0.0,0.0,0.0,0.0,0.0,0.0,0.0,0.0,0.0,0.0,9936.33,107113.7,0.0,2026-09-26 17:35:18+00:00
09/26/2026 12:40:18,N,21.228,0.0,0.0,0.0,0.0,0.0,0.0,0.0,0.0,0.0,0.0,0.0,0.0,0.0,0.0,9857.41,106531.05,0.0,2026-09-26 17:40:18+00:00
09/26/2026 12:45:19,N,20.2876,0.0,0.0,0.0,0.0,0.0,0.0,0.0,0.0,0.0,0.0,0.0,0.0,0.0,0.0,9984.6,107060.33,0.0,2026-09-26 17:45:19+00:00
09/26/2026 12:50:18,N,20.1864,0.0,0.0,0.0,0.0,0.0,0.0,0.0,0.0,0.0,0.0,0.0,0.0,0.0,0.0,10156.0,107472.54,0.0,2026-09-26 17:50:18+00:00
09/26/2026 12:55:18,N,19.3429,0.0,0.0,0.0,0.0,0.0,0.0,0.0,0.0,0.0,0.0,0.0,0.0,0.0,0.0,10250.86,107778.02,0.0,2026-09-26 17:55:18+00:00
09/26/2026 13:00:18,N,20.6617,0.0,0.0,0.0,0.0,0.0,0.0,0.0,0.0,0.0,0.0,0.0,0.0,0.0,0.0,10690.41,107623.27,0.0,2026-09-26 18:00:18+00:00
09/26/2026 13:05:17,N,21.09,0.0,0.0,0.0,0.0,0.0,0.0,0.0,0.0,0.0,0.0,0.0,0.0,0.0,0.0,10623.96,107028.99,0.0,2026-09-26 18:05:17+00:00
09/26/2026 13:10:19,N,23.2562,0.0,0.0,0.0,0.0,0.0,0.0,0.0,0.0,0.0,0.0,0.0,0.0,0.0,0.0,10540.32,106343.51,0.0,2026-09-26 18:10:19+00:00
09/26/2026 13:15:19,N,22.7371,0.0,0.0,0.0,0.0,0.0,0.0,0.0,0.0,0.0,0.0,0.0,0.0,0.0,0.0,10476.97,106464.0,0.0,2026-09-26 18:15:19+00:00
09/26/2026 13:20:17,N,22.4989,0.0,0.0,0.0,0.0,0.0,0.0,0.0,0.0,0.0,0.0,0.0,0.0,0.0,0.0,10748.35,106752.13,0.0,2026-09-26 18:20:17+00:00
09/26/2026 13:25:17,N,24.7158,0.0,0.0,0.0,0.0,0.0,0.0,0.0,0.0,0.0,0.0,0.0,0.0,0.0,0.0,10645.07,106253.86,0.0,2026-09-26 18:25:17+00:00
09/26/2026 13:30:18,N,26.441,0.0,0.0,0.0,0.0,0.0,0.0,0.0,0.0,0.0,0.0,0.0,0.0,0.0,0.0,10432.67,105498.8,0.0,2026-09-26 18:30:18+00:00
09/26/2026 13:35:18,N,25.0348,0.0,0.0,0.0,0.0,0.0,0.0,0.0,0.0,0.0,0.0,0.0,0.0,0.0,0.0,10452.71,105473.7,0.0,2026-09-26 18:35:18+00:00
09/26/2026 13:40:17,N,25.788,0.0,0.0,0.0,0.0,0.0,0.0,0.0,0.0,0.0,0.0,0.0,0.0,0.0,0.0,10346.31,105331.43,0.0,2026-09-26 18:40:17+00:00
09/26/2026 13:45:18,N,25.9018,0.0,0.0,0.0,0.0,0.0,0.0,0.0,0.0,0.0,0.0,0.0,0.0,0.0,0.0,10555.77,106102.28,0.0,2026-09-26 18:45:18+00:00
09/26/2026 13:50:17,N,26.0069,0.0,0.0,0.0,0.0,0.0,0.0,0.0,0.0,0.0,0.0,0.0,0.0,0.0,0.0,10777.69,106094.01,0.0,2026-09-26 18:50:17+00:00
09/26/2026 13:55:19,N,26.9831,0.0,0.0,0.0,0.0,0.0,0.0,0.0,0.0,0.0,0.0,0.0,0.0,0.0,0.0,10818.67,106197.28,0.0,2026-09-26 18:55:19+00:00
09/26/2026 14:00:21,N,29.2541,0.0,0.0,0.0,0.0,0.0,0.0,0.0,0.0,0.0,0.0,0.0,0.0,0.0,0.0,10775.02,106064.91,0.0,2026-09-26 19:00:21+00:00
09/26/2026 14:05:19,N,28.6818,0.0,0.0,0.0,0.0,0.0,0.0,0.0,0.0,0.0,0.0,0.0,0.0,0.0,0.0,10664.21,105317.17,0.0,2026-09-26 19:05:19+00:00
09/26/2026 14:10:19,N,31.7239,0.0,0.0,0.0,0.0,0.0,0.0,0.0,0.0,0.0,0.0,0.0,0.0,0.0,0.0,10572.7,104703.12,0.0,2026-09-26 19:10:19+00:00
09/26/2026 14:15:18,N,28.482,0.0,0.0,0.0,0.0,0.0,0.0,0.0,0.0,0.0,0.0,0.0,0.0,0.0,0.0,10786.07,105502.33,0.0,2026-09-26 19:15:18+00:00
09/26/2026 14:20:17,N,32.3117,0.0,0.0,0.0,0.0,0.0,0.0,0.0,0.0,0.0,0.0,0.0,0.0,0.0,0.0,10558.62,104713.64,0.0,2026-09-26 19:20:17+00:00
09/26/2026 14:25:19,N,32.356,0.0,0.0,0.0,0.0,0.0,0.0,0.0,0.0,0.0,0.0,0.0,0.0,0.0,0.0,10767.53,104446.67,0.0,2026-09-26 19:25:19+00:00
09/26/2026 14:30:18,N,31.2509,0.0,0.0,0.0,0.0,0.0,0.0,0.0,0.0,0.0,0.0,0.0,0.0,0.0,0.0,11043.21,104867.96,0.0,2026-09-26 19:30:18+00:00
09/26/2026 14:35:18,N,31.5201,0.0,0.0,0.0,0.0,0.0,0.0,0.0,0.0,0.0,0.0,0.0,0.0,0.0,0.0,11215.75,104948.09,0.0,2026-09-26 19:35:18+00:00
09/26/2026 14:40:18,N,31.9019,0.0,0.0,0.0,0.0,0.0,0.0,0.0,0.0,0.0,0.0,0.0,0.0,0.0,0.0,11393.35,104892.72,0.0,2026-09-26 19:40:18+00:00
09/26/2026 14:45:19,N,31.4323,0.0,0.0,0.0,0.0,0.0,0.0,0.0,0.0,0.0,0.0,0.0,0.0,0.0,0.0,11477.13,105014.76,0.0,2026-09-26 19:45:19+00:00
09/26/2026 14:50:18,N,30.9031,0.0,0.0,0.0,0.0,0.0,0.0,0.0,0.0,0.0,0.0,0.0,0.0,0.0,0.0,11561.76,106665.02,0.0,2026-09-26 19:50:18+00:00
09/26/2026 14:55:18,N,31.7986,0.0,0.0,0.0,0.0,0.0,0.0,0.0,0.0,0.0,0.0,0.0,0.0,0.0,0.0,11728.81,106418.05,0.0,2026-09-26 19:55:18+00:00
09/26/2026 15:00:20,N,37.8762,0.0,0.0,0.0,0.0,0.0,0.0,0.0,0.0,0.0,0.0,0.0,0.0,0.0,0.0,11474.69,105979.68,0.0,2026-09-26 20:00:20+00:00
09/26/2026 15:05:18,N,34.9064,0.0,0.0,0.0,0.0,0.0,0.0,0.0,0.0,0.0,0.0,0.0,0.0,0.0,0.0,11408.33,105910.72,0.0,2026-09-26 20:05:18+00:00
09/26/2026 15:10:18,N,33.1669,0.0,0.0,0.0,0.0,0.0,0.0,0.0,0.0,0.0,0.0,0.0,0.0,0.0,0.0,11783.86,106510.72,0.0,2026-09-26 20:10:18+00:00
09/26/2026 15:15:18,N,39.1477,0.0,0.0,0.0,0.0,0.0,0.0,0.0,0.0,0.0,0.0,0.0,0.0,0.0,0.0,11529.69,105555.27,0.0,2026-09-26 20:15:18+00:00
09/26/2026 15:20:18,N,38.1657,0.0,0.0,0.0,0.0,0.0,0.0,0.0,0.0,0.0,0.0,0.0,0.0,0.0,0.0,11705.77,105962.51,0.0,2026-09-26 20:20:18+00:00
09/26/2026 15:25:18,N,37.1969,0.0,0.0,0.0,0.0,0.0,0.0,0.0,0.0,0.0,0.0,0.0,0.0,0.0,0.0,11888.37,105828.98,0.0,2026-09-26 20:25:18+00:00
09/26/2026 15:30:19,N,39.8198,0.0,0.0,0.0,0.0,0.0,0.0,0.0,0.0,0.0,0.0,0.0,0.0,0.0,0.0,11796.25,105337.2,0.0,2026-09-26 20:30:19+00:00
09/26/2026 15:35:17,N,36.5114,0.0,0.0,0.0,0.0,0.0,0.0,0.0,0.0,0.0,0.0,0.0,0.0,0.0,0.0,11880.94,105693.02,0.0,2026-09-26 20:35:17+00:00
09/26/2026 15:40:17,N,35.4735,0.0,0.0,0.0,0.0,0.0,0.0,0.0,0.0,0.0,0.0,0.0,0.0,0.0,0.0,11835.51,105533.21,0.0,2026-09-26 20:40:17+00:00
09/26/2026 15:45:18,N,35.9796,0.0,0.0,0.0,0.0,0.0,0.0,0.0,0.0,0.0,0.0,0.0,0.0,0.0,0.0,11971.9,105655.21,0.0,2026-09-26 20:45:18+00:00
09/26/2026 15:50:18,N,39.2104,0.0,0.0,0.0,0.0,0.0,0.0,0.0,0.0,0.0,0.0,0.0,0.0,0.0,0.0,12084.41,105534.53,0.0,2026-09-26 20:50:18+00:00
09/26/2026 15:55:18,N,36.6671,0.0,0.0,0.0,0.0,0.0,0.0,0.0,0.0,0.0,0.0,0.0,0.0,0.0,0.0,12117.39,105659.38,0.0,2026-09-26 20:55:18+00:00
09/26/2026 16:00:20,N,39.9174,0.0,0.0,0.0,0.0,0.0,0.0,0.0,0.0,0.0,0.0,0.0,0.0,0.0,0.0,12248.99,105939.09,0.0,2026-09-26 21:00:20+00:00
09/26/2026 16:05:19,N,39.7901,0.0,0.0,0.0,0.0,0.0,0.0,0.0,0.0,0.0,0.0,0.0,0.0,0.0,0.0,12396.37,106175.52,0.0,2026-09-26 21:05:19+00:00
09/26/2026 16:10:19,N,39.1992,0.0,0.0,0.0,0.0,0.0,0.0,0.0,0.0,0.0,0.0,0.0,0.0,0.0,0.0,12713.24,106278.62,0.0,2026-09-26 21:10:19+00:00
09/26/2026 16:15:20,N,34.2239,0.0,0.0,0.0,0.0,0.0,0.0,0.0,0.0,0.0,0.0,0.0,0.0,0.0,0.0,12764.16,106795.13,0.0,2026-09-26 21:15:20+00:00
09/26/2026 16:20:19,N,34.1224,0.0,0.0,0.0,0.0,0.0,0.0,0.0,0.0,0.0,0.0,0.0,0.0,0.0,0.0,12772.84,106600.13,0.0,2026-09-26 21:20:19+00:00
09/26/2026 16:25:18,N,31.7047,0.0,0.0,0.0,0.0,0.0,0.0,0.0,0.0,0.0,0.0,0.0,0.0,0.0,0.0,13048.8,107025.52,0.0,2026-09-26 21:25:18+00:00
09/26/2026 16:30:18,N,31.6556,0.0,0.0,0.0,0.0,0.0,0.0,0.0,0.0,0.0,0.0,0.0,0.0,0.0,0.0,13166.41,107235.49,0.0,2026-09-26 21:30:18+00:00
09/26/2026 16:35:18,N,31.4424,0.0,0.0,0.0,0.0,0.0,0.0,0.0,0.0,0.0,0.0,0.0,0.0,0.0,0.0,13232.27,107617.28,0.0,2026-09-26 21:35:18+00:00
09/26/2026 16:40:17,N,33.3442,0.0,0.0,0.0,0.0,0.0,0.0,0.0,0.0,0.0,0.0,0.0,0.0,0.0,0.0,13377.08,107842.31,0.0,2026-09-26 21:40:17+00:00
09/26/2026 16:45:17,N,32.5148,0.0,0.0,0.0,0.0,0.0,0.0,0.0,0.0,0.0,0.0,0.0,0.0,0.0,0.0,13388.87,107792.42,0.0,2026-09-26 21:45:17+00:00
09/26/2026 16:50:18,N,37.5114,0.0,0.0,0.0,0.0,0.0,0.0,0.0,0.0,0.0,0.0,0.0,0.0,0.0,0.0,13369.01,107240.84,0.0,2026-09-26 21:50:18+00:00
09/26/2026 16:55:19,N,40.5348,0.0,0.0,0.0,0.0,0.0,0.0,0.0,0.0,0.0,0.0,0.0,0.0,0.0,0.0,13278.41,106477.7,0.0,2026-09-26 21:55:19+00:00
09/26/2026 17:00:20,N,34.871,0.0,0.0,0.0,0.0,0.0,0.0,0.0,0.0,0.0,0.0,0.0,0.0,0.0,0.0,13153.95,106265.04,0.0,2026-09-26 22:00:20+00:00
09/26/2026 17:05:18,N,29.7274,0.0,0.0,0.0,0.0,0.0,0.0,0.0,0.0,0.0,0.0,0.0,0.0,0.0,0.0,13199.46,106402.05,0.0,2026-09-26 22:05:18+00:00
09/26/2026 17:10:19,N,29.1235,0.0,0.0,0.0,0.0,0.0,0.0,0.0,0.0,0.0,0.0,0.0,0.0,0.0,0.0,13235.78,106774.37,0.0,2026-09-26 22:10:19+00:00
09/26/2026 17:15:18,N,30.3866,0.0,0.0,0.0,0.0,0.0,0.0,0.0,0.0,0.0,0.0,0.0,0.0,0.0,0.0,13351.15,106552.17,0.0,2026-09-26 22:15:18+00:00
09/26/2026 17:20:18,N,30.8112,0.0,0.0,0.0,0.0,0.0,0.0,0.0,0.0,0.0,0.0,0.0,0.0,0.0,0.0,13207.99,106298.77,0.0,2026-09-26 22:20:18+00:00
09/26/2026 17:25:18,N,33.9873,0.0,0.0,0.0,0.0,0.0,0.0,0.0,0.0,0.0,0.0,0.0,0.0,0.0,0.0,13092.79,105751.47,0.0,2026-09-26 22:25:18+00:00
09/26/2026 17:30:19,N,36.9317,0.0,0.0,0.0,0.0,0.0,0.0,0.0,0.0,0.0,0.0,0.0,0.0,0.0,0.0,12964.29,105090.8,0.0,2026-09-26 22:30:19+00:00
09/26/2026 17:35:18,N,37.6674,0.0,0.0,0.0,0.0,0.0,0.0,0.0,0.0,0.0,0.0,0.0,0.0,0.0,0.0,12933.86,104448.82,0.0,2026-09-26 22:35:18+00:00
09/26/2026 17:40:18,N,39.2283,0.0,0.0,0.0,0.0,0.0,0.0,0.0,0.0,0.0,0.0,0.0,0.0,0.0,0.0,12927.72,103900.44,0.0,2026-09-26 22:40:18+00:00
09/26/2026 17:45:19,N,42.5555,0.0,0.0,0.0,0.0,0.0,0.0,0.0,0.0,0.0,0.0,0.0,0.0,0.0,0.0,13255.03,103104.47,0.0,2026-09-26 22:45:19+00:00
09/26/2026 17:50:18,N,46.9045,0.0,0.0,0.0,0.0,0.0,0.0,0.0,0.0,0.0,0.0,0.0,0.0,0.0,0.0,13297.94,102386.73,0.0,2026-09-26 22:50:18+00:00
09/26/2026 17:55:19,N,48.1765,0.0,0.0,0.0,0.0,0.0,0.0,0.0,0.0,0.0,0.0,0.0,0.0,0.0,0.0,13333.41,101635.3,0.0,2026-09-26 22:55:19+00:00
09/26/2026 18:00:21,N,31.8021,0.0,0.0,0.0,0.0,0.0,0.0,0.0,0.0,0.0,0.0,0.0,0.0,0.0,0.0,13890.61,100882.39,0.0,2026-09-26 23:00:21+00:00
09/26/2026 18:05:18,N,31.607,0.0,0.0,0.0,0.0,0.0,0.0,0.0,0.0,0.0,0.0,0.0,0.0,0.0,0.0,13336.74,100347.83,0.0,2026-09-26 23:05:18+00:00
09/26/2026 18:10:21,N,36.5045,0.0,0.0,0.0,0.0,0.0,0.0,0.0,0.0,0.0,0.0,0.0,0.0,0.0,0.0,13219.28,99175.31,0.0,2026-09-26 23:10:21+00:00
09/26/2026 18:15:19,N,40.4322,0.0,0.0,0.0,0.0,0.0,0.0,0.0,0.0,0.0,0.0,0.0,0.0,0.0,0.0,12847.61,97851.58,0.0,2026-09-26 23:15:19+00:00
09/26/2026 18:20:19,N,39.0127,0.0,0.0,0.0,0.0,0.0,0.0,0.0,0.0,0.0,0.0,0.0,0.0,0.0,0.0,12563.01,96929.8,0.0,2026-09-26 23:20:19+00:00
09/26/2026 18:25:19,N,39.5817,0.0,0.0,0.0,0.0,0.0,0.0,0.0,0.0,0.0,0.0,0.0,0.0,0.0,0.0,12394.24,95744.16,0.0,2026-09-26 23:25:19+00:00
09/26/2026 18:30:19,N,40.0898,0.0,0.0,0.0,0.0,0.0,0.0,0.0,0.0,0.0,0.0,0.0,0.0,0.0,0.0,12135.24,94464.88,0.0,2026-09-26 23:30:19+00:00
09/26/2026 18:35:19,N,41.5857,0.0,0.0,0.0,0.0,0.0,0.0,0.0,0.0,0.0,0.0,0.0,0.0,0.0,0.0,11856.62,93450.98,0.0,2026-09-26 23:35:19+00:00
09/26/2026 18:40:20,N,42.748,0.0,0.0,0.0,0.0,0.0,0.0,0.0,0.0,0.0,0.0,0.0,0.0,0.0,0.0,11816.29,92364.42,0.0,2026-09-26 23:40:20+00:00
09/26/2026 18:45:21,N,44.6263,0.0,0.0,0.0,0.0,0.0,0.0,0.0,0.0,0.0,0.0,0.0,0.0,0.0,0.0,11776.33,91648.81,0.0,2026-09-26 23:45:21+00:00
09/26/2026 18:50:20,N,44.9817,0.0,0.0,0.0,0.0,0.0,0.0,0.0,0.0,0.0,0.0,0.0,0.0,0.0,0.0,11715.81,90885.92,0.0,2026-09-26 23:50:20+00:00
09/26/2026 18:55:20,N,42.1103,0.0,0.0,0.0,0.0,0.0,0.0,0.0,0.0,0.0,0.0,0.0,0.0,0.0,0.0,11626.35,90599.72,0.0,2026-09-26 23:55:20+00:00
09/26/2026 19:00:22,N,39.9636,0.0,0.0,0.0,0.0,0.0,0.0,0.0,0.0,0.0,0.0,0.0,0.0,0.0,0.0,11586.67,89988.86,0.0,2026-09-27 00:00:22+00:00
09/26/2026 19:05:20,N,39.2409,0.0,0.0,0.0,0.0,0.0,0.0,0.0,0.0,0.0,0.0,0.0,0.0,0.0,0.0,11469.15,89656.34,0.0,2026-09-27 00:05:20+00:00
09/26/2026 19:10:19,N,38.6328,0.0,0.0,0.0,0.0,0.0,0.0,0.0,0.0,0.0,0.0,0.0,0.0,0.0,0.0,11328.97,89391.72,0.0,2026-09-27 00:10:19+00:00
09/26/2026 19:15:20,N,38.6547,0.0,0.0,0.0,0.0,0.0,0.0,0.0,0.0,0.0,0.0,0.0,0.0,0.0,0.0,11338.04,89079.7,0.0,2026-09-27 00:15:20+00:00
09/26/2026 19:20:22,N,38.8534,0.0,0.0,0.0,0.0,0.0,0.0,0.0,0.0,0.0,0.0,0.0,0.0,0.0,0.0,11266.88,88749.59,0.0,2026-09-27 00:20:22+00:00
09/26/2026 19:25:20,N,40.173,0.0,0.0,0.0,0.0,0.0,0.0,0.0,0.0,0.0,0.0,0.0,0.0,0.0,0.0,11219.36,88485.26,0.0,2026-09-27 00:25:20+00:00
09/26/2026 19:30:19,N,38.9624,0.0,0.0,0.0,0.0,0.0,0.0,0.0,0.0,0.0,0.0,0.0,0.0,0.0,0.0,11048.19,88380.39,0.0,2026-09-27 00:30:19+00:00
09/26/2026 19:35:26,N,38.1279,0.0,0.0,0.0,0.0,0.0,0.0,0.0,0.0,0.0,0.0,0.0,0.0,0.0,0.0,10521.16,88410.82,0.0,2026-09-27 00:35:26+00:00
09/26/2026 19:40:25,N,38.602,0.0,0.0,0.0,0.0,0.0,0.0,0.0,0.0,0.0,0.0,0.0,0.0,0.0,0.0,10499.67,88551.7,0.0,2026-09-27 00:40:25+00:00
09/26/2026 19:45:20,N,38.3717,0.0,0.0,0.0,0.0,0.0,0.0,0.0,0.0,0.0,0.0,0.0,0.0,0.0,0.0,10467.74,88576.48,0.0,2026-09-27 00:45:20+00:00
09/26/2026 19:50:19,N,38.8912,0.0,0.0,0.0,0.0,0.0,0.0,0.0,0.0,0.0,0.0,0.0,0.0,0.0,0.0,10440.57,88686.69,0.0,2026-09-27 00:50:19+00:00
09/26/2026 19:55:20,N,40.1375,0.0,0.0,0.0,0.0,0.0,0.0,0.0,0.0,0.0,0.0,0.0,0.0,0.0,0.0,10368.98,88642.09,0.0,2026-09-27 00:55:20+00:00
09/26/2026 20:00:20,N,39.5828,0.0,0.0,0.0,0.0,0.0,0.0,0.0,0.0,0.0,0.0,0.0,0.0,0.0,0.0,10405.27,88819.02,0.0,2026-09-27 01:00:20+00:00
09/26/2026 20:05:19,N,39.6457,0.0,0.0,0.0,0.0,0.0,0.0,0.0,0.0,0.0,0.0,0.0,0.0,0.0,0.0,10263.27,88916.36,0.0,2026-09-27 01:05:19+00:00
09/26/2026 20:10:19,N,37.9494,0.0,0.0,0.0,0.0,0.0,0.0,0.0,0.0,0.0,0.0,0.0,0.0,0.0,0.0,10238.57,88904.44,0.0,2026-09-27 01:10:19+00:00
09/26/2026 20:15:19,N,35.8733,0.0,0.0,0.0,0.0,0.0,0.0,0.0,0.0,0.0,0.0,0.0,0.0,0.0,0.0,10181.29,88839.51,0.0,2026-09-27 01:15:19+00:00
09/26/2026 20:20:19,N,34.5101,0.0,0.0,0.0,0.0,0.0,0.0,0.0,0.0,0.0,0.0,0.0,0.0,0.0,0.0,10127.87,88954.1,0.0,2026-09-27 01:20:19+00:00
09/26/2026 20:25:18,N,33.887,0.0,0.0,0.0,0.0,0.0,0.0,0.0,0.0,0.0,0.0,0.0,0.0,0.0,0.0,10045.5,89004.73,0.0,2026-09-27 01:25:18+00:00
09/26/2026 20:30:21,N,34.1683,0.0,0.0,0.0,0.0,0.0,0.0,0.0,0.0,0.0,0.0,0.0,0.0,0.0,0.0,9948.22,88895.35,0.0,2026-09-27 01:30:21+00:00
09/26/2026 20:35:19,N,34.7978,0.0,0.0,0.0,0.0,0.0,0.0,0.0,0.0,0.0,0.0,0.0,0.0,0.0,0.0,9877.18,88646.5,0.0,2026-09-27 01:35:19+00:00
09/26/2026 20:40:26,N,34.7447,0.0,0.0,0.0,0.0,0.0,0.0,0.0,0.0,0.0,0.0,0.0,0.0,0.0,0.0,9815.14,88395.56,0.0,2026-09-27 01:40:26+00:00
09/26/2026 20:45:23,N,33.7292,0.0,0.0,0.0,0.0,0.0,0.0,0.0,0.0,0.0,0.0,0.0,0.0,0.0,0.0,9793.15,87839.92,0.0,2026-09-27 01:45:23+00:00
09/26/2026 20:50:19,N,32.2743,0.0,0.0,0.0,0.0,0.0,0.0,0.0,0.0,0.0,0.0,0.0,0.0,0.0,0.0,9769.65,87647.34,0.0,2026-09-27 01:50:19+00:00
09/26/2026 20:55:19,N,32.8328,0.0,0.0,0.0,0.0,0.0,0.0,0.0,0.0,0.0,0.0,0.0,0.0,0.0,0.0,9629.99,87803.62,0.0,2026-09-27 01:55:19+00:00
09/26/2026 21:00:20,N,32.7942,0.0,0.0,0.0,0.0,0.0,0.0,0.0,0.0,0.0,0.0,0.0,0.0,0.0,0.0,9598.89,87689.33,0.0,2026-09-27 02:00:20+00:00
09/26/2026 21:05:19,N,34.304,0.0,0.0,0.0,0.0,0.0,0.0,0.0,0.0,0.0,0.0,0.0,0.0,0.0,0.0,9457.3,87153.06,0.0,2026-09-27 02:05:19+00:00
09/26/2026 21:10:17,N,35.4025,0.0,0.0,0.0,0.0,0.0,0.0,0.0,0.0,0.0,0.0,0.0,0.0,0.0,0.0,9379.7,86623.79,0.0,2026-09-27 02:10:17+00:00
09/26/2026 21:15:19,N,34.4464,0.0,0.0,0.0,0.0,0.0,0.0,0.0,0.0,0.0,0.0,0.0,0.0,0.0,0.0,9398.32,86321.47,0.0,2026-09-27 02:15:19+00:00
09/26/2026 21:20:20,N,33.5407,0.0,0.0,0.0,0.0,0.0,0.0,0.0,0.0,0.0,0.0,0.0,0.0,0.0,0.0,9403.74,86348.32,0.0,2026-09-27 02:20:20+00:00
09/26/2026 21:25:18,N,31.8974,0.0,0.0,0.0,0.0,0.0,0.0,0.0,0.0,0.0,0.0,0.0,0.0,0.0,0.0,9411.72,86621.5,0.0,2026-09-27 02:25:18+00:00
09/26/2026 21:30:19,N,30.5243,0.0,0.0,0.0,0.0,0.0,0.0,0.0,0.0,0.0,0.0,0.0,0.0,0.0,0.0,9831.27,86654.19,0.0,2026-09-27 02:30:19+00:00
09/26/2026 21:35:18,N,30.6437,0.0,0.0,0.0,0.0,0.0,0.0,0.0,0.0,0.0,0.0,0.0,0.0,0.0,0.0,9703.96,86916.16,0.0,2026-09-27 02:35:18+00:00
09/26/2026 21:40:19,N,30.6895,0.0,0.0,0.0,0.0,0.0,0.0,0.0,0.0,0.0,0.0,0.0,0.0,0.0,0.0,9611.53,86868.44,0.0,2026-09-27 02:40:19+00:00
09/26/2026 21:45:19,N,31.2463,0.0,0.0,0.0,0.0,0.0,0.0,0.0,0.0,0.0,0.0,0.0,0.0,0.0,0.0,9434.55,86841.14,0.0,2026-09-27 02:45:19+00:00
09/26/2026 21:50:19,N,31.06,0.0,0.0,0.0,0.0,0.0,0.0,0.0,0.0,0.0,0.0,0.0,0.0,0.0,0.0,9413.91,86772.52,0.0,2026-09-27 02:50:19+00:00
09/26/2026 21:55:18,N,30.7769,0.0,0.0,0.0,0.0,0.0,0.0,0.0,0.0,0.0,0.0,0.0,0.0,0.0,0.0,9316.65,86804.63,0.0,2026-09-27 02:55:18+00:00
09/26/2026 22:00:22,N,30.6727,0.0,0.0,0.0,0.0,0.0,0.0,0.0,0.0,0.0,0.0,0.0,0.0,0.0,0.0,9311.09,86451.07,0.0,2026-09-27 03:00:22+00:00
09/26/2026 22:05:19,N,30.8783,0.0,0.0,0.0,0.0,0.0,0.0,0.0,0.0,0.0,0.0,0.0,0.0,0.0,0.0,9306.23,86229.84,0.0,2026-09-27 03:05:19+00:00
09/26/2026 22:10:18,N,30.9563,0.0,0.0,0.0,0.0,0.0,0.0,0.0,0.0,0.0,0.0,0.0,0.0,0.0,0.0,9285.04,86116.71,0.0,2026-09-27 03:10:18+00:00
09/26/2026 22:15:19,N,31.9269,0.0,0.0,0.0,0.0,0.0,0.0,0.0,0.0,0.0,0.0,0.0,0.0,0.0,0.0,9262.84,85707.94,0.0,2026-09-27 03:15:19+00:00
09/26/2026 22:20:18,N,32.2726,0.0,0.0,0.0,0.0,0.0,0.0,0.0,0.0,0.0,0.0,0.0,0.0,0.0,0.0,9107.14,85344.26,0.0,2026-09-27 03:20:18+00:00
09/26/2026 22:25:16,N,32.5822,0.0,0.0,0.0,0.0,0.0,0.0,0.0,0.0,0.0,0.0,0.0,0.0,0.0,0.0,9144.55,84848.58,0.0,2026-09-27 03:25:16+00:00
09/26/2026 22:30:17,N,33.8553,0.0,0.0,0.0,0.0,0.0,0.0,0.0,0.0,0.0,0.0,0.0,0.0,0.0,0.0,9081.8,84589.13,0.0,2026-09-27 03:30:17+00:00
09/26/2026 22:35:17,N,33.1179,0.0,0.0,0.0,0.0,0.0,0.0,0.0,0.0,0.0,0.0,0.0,0.0,0.0,0.0,9008.48,84048.59,0.0,2026-09-27 03:35:17+00:00
09/26/2026 22:40:17,N,33.0068,0.0,0.0,0.0,0.0,0.0,0.0,0.0,0.0,0.0,0.0,0.0,0.0,0.0,0.0,8976.13,83524.6,0.0,2026-09-27 03:40:17+00:00
09/26/2026 22:45:18,N,35.3726,0.0,0.0,0.0,0.0,0.0,0.0,0.0,0.0,0.0,0.0,0.0,0.0,0.0,0.0,8969.16,83319.86,0.0,2026-09-27 03:45:18+00:00
09/26/2026 22:50:18,N,33.2057,0.0,0.0,0.0,0.0,0.0,0.0,0.0,0.0,0.0,0.0,0.0,0.0,0.0,0.0,8963.65,83356.91,0.0,2026-09-27 03:50:18+00:00
09/26/2026 22:55:17,N,32.2785,0.0,0.0,0.0,0.0,0.0,0.0,0.0,0.0,0.0,0.0,0.0,0.0,0.0,0.0,8946.72,83449.3,0.0,2026-09-27 03:55:17+00:00
09/26/2026 23:00:19,N,31.7082,0.0,0.0,0.0,0.0,0.0,0.0,0.0,0.0,0.0,0.0,0.0,0.0,0.0,0.0,8910.37,83610.71,0.0,2026-09-27 04:00:19+00:00
09/26/2026 23:05:18,N,31.2094,0.0,0.0,0.0,0.0,0.0,0.0,0.0,0.0,0.0,0.0,0.0,0.0,0.0,0.0,8853.38,83502.94,0.0,2026-09-27 04:05:18+00:00
09/26/2026 23:10:19,N,31.2258,0.0,0.0,0.0,0.0,0.0,0.0,0.0,0.0,0.0,0.0,0.0,0.0,0.0,0.0,8851.49,83607.77,0.0,2026-09-27 04:10:19+00:00
09/26/2026 23:15:17,N,33.1347,0.0,0.0,0.0,0.0,0.0,0.0,0.0,0.0,0.0,0.0,0.0,0.0,0.0,0.0,8744.52,83399.3,0.0,2026-09-27 04:15:17+00:00
09/26/2026 23:20:17,N,32.8885,0.0,0.0,0.0,0.0,0.0,0.0,0.0,0.0,0.0,0.0,0.0,0.0,0.0,0.0,8747.4,83246.01,0.0,2026-09-27 04:20:17+00:00
09/26/2026 23:25:17,N,31.1745,0.0,0.0,0.0,0.0,0.0,0.0,0.0,0.0,0.0,0.0,0.0,0.0,0.0,0.0,8757.66,82796.05,0.0,2026-09-27 04:25:17+00:00
09/26/2026 23:30:17,N,30.1957,0.0,0.0,0.0,0.0,0.0,0.0,0.0,0.0,0.0,0.0,0.0,0.0,0.0,0.0,8770.85,82788.72,0.0,2026-09-27 04:30:17+00:00
09/26/2026 23:35:17,N,29.1134,0.0,0.0,0.0,0.0,0.0,0.0,0.0,0.0,0.0,0.0,0.0,0.0,0.0,0.0,8679.02,82964.95,0.0,2026-09-27 04:35:17+00:00
09/26/2026 23:40:17,N,27.269,0.0,0.0,0.0,0.0,0.0,0.0,0.0,0.0,0.0,0.0,0.0,0.0,0.0,0.0,8683.41,83148.02,0.0,2026-09-27 04:40:17+00:00
09/26/2026 23:45:17,N,27.6697,0.0,0.0,0.0,0.0,0.0,0.0,0.0,0.0,0.0,0.0,0.0,0.0,0.0,0.0,8688.88,83262.85,0.0,2026-09-27 04:45:17+00:00
09/26/2026 23:50:17,N,27.1658,0.0,0.0,0.0,0.0,0.0,0.0,0.0,0.0,0.0,0.0,0.0,0.0,0.0,0.0,8661.02,83266.84,0.0,2026-09-27 04:50:17+00:00
09/26/2026 23:55:17,N,26.4109,0.0,0.0,0.0,0.0,0.0,0.0,0.0,0.0,0.0,0.0,0.0,0.0,0.0,0.0,8632.62,83409.13,0.0,2026-09-27 04:55:17+00:00
09/27/2026 00:00:19,N,27.6591,0.0,0.0,0.0,0.0,0.0,0.0,0.0,0.0,0.0,0.0,0.0,0.0,0.0,0.0,8372.86,83338.89,0.0,2026-09-27 05:00:19+00:00
09/27/2026 00:05:18,N,29.9895,0.0,0.0,0.0,0.0,0.0,0.0,0.0,0.0,0.0,0.0,0.0,0.0,0.0,0.0,8183.05,83669.65,0.0,2026-09-27 05:05:18+00:00
09/27/2026 00:10:17,N,29.6144,0.0,0.0,0.0,0.0,0.0,0.0,0.0,0.0,0.0,0.0,0.0,0.0,0.0,0.0,7489.24,83076.5,0.0,2026-09-27 05:10:17+00:00
09/27/2026 00:15:17,N,29.7213,0.0,0.0,0.0,0.0,0.0,0.0,0.0,0.0,0.0,0.0,0.0,0.0,0.0,0.0,7489.71,82509.68,0.0,2026-09-27 05:15:17+00:00
09/27/2026 00:20:18,N,29.5006,0.0,0.0,0.0,0.0,0.0,0.0,0.0,0.0,0.0,0.0,0.0,0.0,0.0,0.0,7429.21,82566.25,0.0,2026-09-27 05:20:18+00:00
09/27/2026 00:25:18,N,28.3451,0.0,0.0,0.0,0.0,0.0,0.0,0.0,0.0,0.0,0.0,0.0,0.0,0.0,0.0,7383.35,82558.18,0.0,2026-09-27 05:25:18+00:00
09/27/2026 00:30:19,N,27.4216,0.0,0.0,0.0,0.0,0.0,0.0,0.0,0.0,0.0,0.0,0.0,0.0,0.0,0.0,7375.7,82459.67,0.0,2026-09-27 05:30:19+00:00
09/27/2026 00:35:18,N,29.7086,0.0,0.0,0.0,0.0,0.0,0.0,0.0,0.0,0.0,0.0,0.0,0.0,0.0,0.0,7043.43,82510.75,0.0,2026-09-27 05:35:18+00:00
09/27/2026 00:40:18,N,28.2926,0.0,0.0,0.0,0.0,0.0,0.0,0.0,0.0,0.0,0.0,0.0,0.0,0.0,0.0,7019.32,82598.69,0.0,2026-09-27 05:40:18+00:00
09/27/2026 00:45:20,N,27.9461,0.0,0.0,0.0,0.0,0.0,0.0,0.0,0.0,0.0,0.0,0.0,0.0,0.0,0.0,7013.71,82578.84,0.0,2026-09-27 05:45:20+00:00
09/27/2026 00:50:17,N,27.6399,0.0,0.0,0.0,0.0,0.0,0.0,0.0,0.0,0.0,0.0,0.0,0.0,0.0,0.0,6988.43,82473.15,0.0,2026-09-27 05:50:17+00:00
09/27/2026 00:55:19,N,26.313,0.0,0.0,0.0,0.0,0.0,0.0,0.0,0.0,0.0,0.0,0.0,0.0,0.0,0.0,7266.33,82442.95,0.0,2026-09-27 05:55:19+00:00
09/27/2026 01:00:20,N,26.8875,0.0,0.0,0.0,0.0,0.0,0.0,0.0,0.0,0.0,0.0,0.0,0.0,0.0,0.0,6980.57,82354.93,0.0,2026-09-27 06:00:20+00:00
09/27/2026 01:05:17,N,26.8072,0.0,0.0,0.0,0.0,0.0,0.0,0.0,0.0,0.0,0.0,0.0,0.0,0.0,0.0,6928.69,82399.38,0.0,2026-09-27 06:05:17+00:00
09/27/2026 01:10:18,N,26.9608,0.0,0.0,0.0,0.0,0.0,0.0,0.0,0.0,0.0,0.0,0.0,0.0,0.0,0.0,6870.29,82486.68,0.0,2026-09-27 06:10:18+00:00
09/27/2026 01:15:17,N,26.4831,0.0,0.0,0.0,0.0,0.0,0.0,0.0,0.0,0.0,0.0,0.0,0.0,0.0,0.0,6866.26,82274.77,0.0,2026-09-27 06:15:17+00:00
09/27/2026 01:20:16,N,27.0787,0.0,0.0,0.0,0.0,0.0,0.0,0.0,0.0,0.0,0.0,0.0,0.0,0.0,0.0,6856.47,82139.73,0.0,2026-09-27 06:20:16+00:00
09/27/2026 01:25:17,N,26.9506,0.0,0.0,0.0,0.0,0.0,0.0,0.0,0.0,0.0,0.0,0.0,0.0,0.0,0.0,6853.22,82064.41,0.0,2026-09-27 06:25:17+00:00
09/27/2026 01:29:03,N,28.0118,0.0,0.0,0.0,0.0,0.0,0.0,0.0,0.0,0.0,0.0,0.0,0.0,0.0,0.0,6574.13,81263.13,0.0,2026-09-27 06:29:03+00:00
09/27/2026 01:30:17,N,28.0082,0.0,0.0,0.0,0.0,0.0,0.0,0.0,0.0,0.0,0.0,0.0,0.0,0.0,0.0,6569.89,81250.93,0.0,2026-09-27 06:30:17+00:00
09/27/2026 01:35:17,N,27.7715,0.0,0.0,0.0,0.0,0.0,0.0,0.0,0.0,0.0,0.0,0.0,0.0,0.0,0.0,7178.14,81171.02,0.0,2026-09-27 06:35:17+00:00
09/27/2026 01:40:16,N,27.5702,0.0,0.0,0.0,0.0,0.0,0.0,0.0,0.0,0.0,0.0,0.0,0.0,0.0,0.0,7176.46,81168.87,0.0,2026-09-27 06:40:16+00:00
09/27/2026 01:45:16,N,27.445,0.0,0.0,0.0,0.0,0.0,0.0,0.0,0.0,0.0,0.0,0.0,0.0,0.0,0.0,7165.07,81113.52,0.0,2026-09-27 06:45:16+00:00
09/27/2026 01:50:18,N,26.5728,0.0,0.0,0.0,0.0,0.0,0.0,0.0,0.0,0.0,0.0,0.0,0.0,0.0,0.0,7162.69,81133.61,0.0,2026-09-27 06:50:18+00:00
09/27/2026 01:55:18,N,25.693,0.0,0.0,0.0,0.0,0.0,0.0,0.0,0.0,0.0,0.0,0.0,0.0,0.0,0.0,7163.41,81215.11,0.0,2026-09-27 06:55:18+00:00
09/27/2026 02:00:20,N,25.6302,0.0,0.0,0.0,0.0,0.0,0.0,0.0,0.0,0.0,0.0,0.0,0.0,0.0,0.0,7147.13,81671.09,0.0,2026-09-27 07:00:20+00:00
09/27/2026 02:05:18,N,25.6215,0.0,0.0,0.0,0.0,0.0,0.0,0.0,0.0,0.0,0.0,0.0,0.0,0.0,0.0,7155.74,81764.49,0.0,2026-09-27 07:05:18+00:00
09/27/2026 02:10:18,N,25.4466,0.0,0.0,0.0,0.0,0.0,0.0,0.0,0.0,0.0,0.0,0.0,0.0,0.0,0.0,7151.87,81781.63,0.0,2026-09-27 07:10:18+00:00
09/27/2026 02:15:17,N,25.1452,0.0,0.0,0.0,0.0,0.0,0.0,0.0,0.0,0.0,0.0,0.0,0.0,0.0,0.0,7159.52,81909.52,0.0,2026-09-27 07:15:17+00:00
09/27/2026 02:20:17,N,24.6374,0.0,0.0,0.0,0.0,0.0,0.0,0.0,0.0,0.0,0.0,0.0,0.0,0.0,0.0,7091.94,81921.41,0.0,2026-09-27 07:20:17+00:00
09/27/2026 02:25:17,N,24.4405,0.0,0.0,0.0,0.0,0.0,0.0,0.0,0.0,0.0,0.0,0.0,0.0,0.0,0.0,7051.75,81975.18,0.0,2026-09-27 07:25:17+00:00
09/27/2026 02:30:17,N,24.5072,0.0,0.0,0.0,0.0,0.0,0.0,0.0,0.0,0.0,0.0,0.0,0.0,0.0,0.0,7060.48,81968.11,0.0,2026-09-27 07:30:17+00:00
09/27/2026 02:35:17,N,24.4972,0.0,0.0,0.0,0.0,0.0,0.0,0.0,0.0,0.0,0.0,0.0,0.0,0.0,0.0,7002.93,81808.8,0.0,2026-09-27 07:35:17+00:00
09/27/2026 02:40:17,N,24.1367,0.0,0.0,0.0,0.0,0.0,0.0,0.0,0.0,0.0,0.0,0.0,0.0,0.0,0.0,7019.26,81876.06,0.0,2026-09-27 07:40:17+00:00
09/27/2026 02:45:17,N,23.9772,0.0,0.0,0.0,0.0,0.0,0.0,0.0,0.0,0.0,0.0,0.0,0.0,0.0,0.0,6980.52,81850.01,0.0,2026-09-27 07:45:17+00:00
09/27/2026 02:50:17,N,24.5181,0.0,0.0,0.0,0.0,0.0,0.0,0.0,0.0,0.0,0.0,0.0,0.0,0.0,0.0,6973.56,81857.16,0.0,2026-09-27 07:50:17+00:00
09/27/2026 02:55:16,N,25.2229,0.0,0.0,0.0,0.0,0.0,0.0,0.0,0.0,0.0,0.0,0.0,0.0,0.0,0.0,6787.59,81517.73,0.0,2026-09-27 07:55:16+00:00
09/27/2026 03:00:19,N,25.4829,0.0,0.0,0.0,0.0,0.0,0.0,0.0,0.0,0.0,0.0,0.0,0.0,0.0,0.0,6790.41,81480.05,0.0,2026-09-27 08:00:19+00:00
09/27/2026 03:05:17,N,25.3918,0.0,0.0,0.0,0.0,0.0,0.0,0.0,0.0,0.0,0.0,0.0,0.0,0.0,0.0,6795.99,81486.35,0.0,2026-09-27 08:05:17+00:00
09/27/2026 03:10:18,N,25.4669,0.0,0.0,0.0,0.0,0.0,0.0,0.0,0.0,0.0,0.0,0.0,0.0,0.0,0.0,6788.82,81480.16,0.0,2026-09-27 08:10:18+00:00
09/27/2026 03:15:17,N,25.3742,0.0,0.0,0.0,0.0,0.0,0.0,0.0,0.0,0.0,0.0,0.0,0.0,0.0,0.0,6754.5,81485.66,0.0,2026-09-27 08:15:17+00:00
09/27/2026 03:20:17,N,26.1682,0.0,0.0,0.0,0.0,0.0,0.0,0.0,0.0,0.0,0.0,0.0,0.0,0.0,0.0,6747.42,81422.45,0.0,2026-09-27 08:20:17+00:00
09/27/2026 03:25:18,N,25.9611,0.0,0.0,0.0,0.0,0.0,0.0,0.0,0.0,0.0,0.0,0.0,0.0,0.0,0.0,6769.72,81388.85,0.0,2026-09-27 08:25:18+00:00
09/27/2026 03:30:16,N,26.8197,0.0,0.0,0.0,0.0,0.0,0.0,0.0,0.0,0.0,0.0,0.0,0.0,0.0,0.0,6768.68,81355.36,0.0,2026-09-27 08:30:16+00:00
09/27/2026 03:35:18,N,26.6317,0.0,0.0,0.0,0.0,0.0,0.0,0.0,0.0,0.0,0.0,0.0,0.0,0.0,0.0,6769.23,81345.64,0.0,2026-09-27 08:35:18+00:00
09/27/2026 03:40:17,N,24.5461,0.0,0.0,0.0,0.0,0.0,0.0,0.0,0.0,0.0,0.0,0.0,0.0,0.0,0.0,6788.72,81360.98,0.0,2026-09-27 08:40:17+00:00
09/27/2026 03:45:18,N,24.7813,0.0,0.0,0.0,0.0,0.0,0.0,0.0,0.0,0.0,0.0,0.0,0.0,0.0,0.0,6827.58,81248.83,0.0,2026-09-27 08:45:18+00:00
09/27/2026 03:50:19,N,25.9208,0.0,0.0,0.0,0.0,0.0,0.0,0.0,0.0,0.0,0.0,0.0,0.0,0.0,0.0,6785.15,81119.95,0.0,2026-09-27 08:50:19+00:00
09/27/2026 03:55:17,N,25.9238,0.0,0.0,0.0,0.0,0.0,0.0,0.0,0.0,0.0,0.0,0.0,0.0,0.0,0.0,6788.62,80930.39,0.0,2026-09-27 08:55:17+00:00
09/27/2026 04:00:20,N,25.8031,0.0,0.0,0.0,0.0,0.0,0.0,0.0,0.0,0.0,0.0,0.0,0.0,0.0,0.0,6800.91,80787.55,0.0,2026-09-27 09:00:20+00:00
09/27/2026 04:05:18,N,26.0496,0.0,0.0,0.0,0.0,0.0,0.0,0.0,0.0,0.0,0.0,0.0,0.0,0.0,0.0,6805.68,80779.08,0.0,2026-09-27 09:05:18+00:00
09/27/2026 04:10:16,N,25.2115,0.0,0.0,0.0,0.0,0.0,0.0,0.0,0.0,0.0,0.0,0.0,0.0,0.0,0.0,6809.49,80660.81,0.0,2026-09-27 09:10:16+00:00
09/27/2026 04:15:17,N,24.6687,0.0,0.0,0.0,0.0,0.0,0.0,0.0,0.0,0.0,0.0,0.0,0.0,0.0,0.0,6819.28,80708.34,0.0,2026-09-27 09:15:17+00:00
09/27/2026 04:20:15,N,24.7523,0.0,0.0,0.0,0.0,0.0,0.0,0.0,0.0,0.0,0.0,0.0,0.0,0.0,0.0,6829.55,80490.76,0.0,2026-09-27 09:20:15+00:00
09/27/2026 04:25:15,N,24.8587,0.0,0.0,0.0,0.0,0.0,0.0,0.0,0.0,0.0,0.0,0.0,0.0,0.0,0.0,6877.82,80408.55,0.0,2026-09-27 09:25:15+00:00
09/27/2026 04:30:17,N,24.6539,0.0,0.0,0.0,0.0,0.0,0.0,0.0,0.0,0.0,0.0,0.0,0.0,0.0,0.0,6866.82,80255.52,0.0,2026-09-27 09:30:17+00:00
09/27/2026 04:35:16,N,24.1943,0.0,0.0,0.0,0.0,0.0,0.0,0.0,0.0,0.0,0.0,0.0,0.0,0.0,0.0,6862.74,80208.59,0.0,2026-09-27 09:35:16+00:00
09/27/2026 04:40:17,N,23.9085,0.0,0.0,0.0,0.0,0.0,0.0,0.0,0.0,0.0,0.0,0.0,0.0,0.0,0.0,6894.41,80102.84,0.0,2026-09-27 09:40:17+00:00
09/27/2026 04:45:17,N,24.7216,0.0,0.0,0.0,0.0,0.0,0.0,0.0,0.0,0.0,0.0,0.0,0.0,0.0,0.0,6894.52,80001.68,0.0,2026-09-27 09:45:17+00:00
09/27/2026 04:50:15,N,25.2082,0.0,0.0,0.0,0.0,0.0,0.0,0.0,0.0,0.0,0.0,0.0,0.0,0.0,0.0,6885.66,79790.91,0.0,2026-09-27 09:50:15+00:00
09/27/2026 04:55:17,N,25.6265,0.0,0.0,0.0,0.0,0.0,0.0,0.0,0.0,0.0,0.0,0.0,0.0,0.0,0.0,6889.32,79683.83,0.0,2026-09-27 09:55:17+00:00
09/27/2026 05:00:18,N,25.5016,0.0,0.0,0.0,0.0,0.0,0.0,0.0,0.0,0.0,0.0,0.0,0.0,0.0,0.0,6860.18,79570.65,0.0,2026-09-27 10:00:18+00:00
09/27/2026 05:05:17,N,25.8401,0.0,0.0,0.0,0.0,0.0,0.0,0.0,0.0,0.0,0.0,0.0,0.0,0.0,0.0,6861.41,79443.07,0.0,2026-09-27 10:05:17+00:00
09/27/2026 05:10:17,N,26.0817,0.0,0.0,0.0,0.0,0.0,0.0,0.0,0.0,0.0,0.0,0.0,0.0,0.0,0.0,6876.39,79349.27,0.0,2026-09-27 10:10:17+00:00
09/27/2026 05:15:17,N,25.449,0.0,0.0,0.0,0.0,0.0,0.0,0.0,0.0,0.0,0.0,0.0,0.0,0.0,0.0,6872.76,79325.22,0.0,2026-09-27 10:15:17+00:00
09/27/2026 05:20:15,N,25.1196,0.0,0.0,0.0,0.0,0.0,0.0,0.0,0.0,0.0,0.0,0.0,0.0,0.0,0.0,6868.6,79319.27,0.0,2026-09-27 10:20:15+00:00
09/27/2026 05:25:16,N,25.1467,0.0,0.0,0.0,0.0,0.0,0.0,0.0,0.0,0.0,0.0,0.0,0.0,0.0,0.0,7187.55,79182.94,0.0,2026-09-27 10:25:16+00:00
09/27/2026 05:30:19,N,25.0203,0.0,0.0,0.0,0.0,0.0,0.0,0.0,0.0,0.0,0.0,0.0,0.0,0.0,0.0,7165.41,79168.89,0.0,2026-09-27 10:30:19+00:00
09/27/2026 05:35:17,N,25.0996,0.0,0.0,0.0,0.0,0.0,0.0,0.0,0.0,0.0,0.0,0.0,0.0,0.0,0.0,7158.72,79138.01,0.0,2026-09-27 10:35:17+00:00
09/27/2026 05:40:16,N,25.1502,0.0,0.0,0.0,0.0,0.0,0.0,0.0,0.0,0.0,0.0,0.0,0.0,0.0,0.0,7175.4,79128.69,0.0,2026-09-27 10:40:16+00:00
09/27/2026 05:45:16,N,25.6937,0.0,0.0,0.0,0.0,0.0,0.0,0.0,0.0,0.0,0.0,0.0,0.0,0.0,0.0,7162.67,78996.71,0.0,2026-09-27 10:45:16+00:00
09/27/2026 05:50:16,N,25.4655,0.0,0.0,0.0,0.0,0.0,0.0,0.0,0.0,0.0,0.0,0.0,0.0,0.0,0.0,7167.6,79044.67,0.0,2026-09-27 10:50:16+00:00
09/27/2026 05:55:16,N,24.8576,0.0,0.0,0.0,0.0,0.0,0.0,0.0,0.0,0.0,0.0,0.0,0.0,0.0,0.0,6820.73,79169.59,0.0,2026-09-27 10:55:16+00:00
09/27/2026 06:00:19,N,24.487,0.0,0.0,0.0,0.0,0.0,0.0,0.0,0.0,0.0,0.0,0.0,0.0,0.0,0.0,6826.78,79252.45,0.0,2026-09-27 11:00:19+00:00
09/27/2026 06:05:17,N,25.052,0.0,0.0,0.0,0.0,0.0,0.0,0.0,0.0,0.0,0.0,0.0,0.0,0.0,0.0,6425.75,79562.12,0.0,2026-09-27 11:05:17+00:00
09/27/2026 06:10:20,N,25.5432,0.0,0.0,0.0,0.0,0.0,0.0,0.0,0.0,0.0,0.0,0.0,0.0,0.0,0.0,6425.75,79336.27,0.0,2026-09-27 11:10:20+00:00
09/27/2026 06:15:17,N,25.7163,0.0,0.0,0.0,0.0,0.0,0.0,0.0,0.0,0.0,0.0,0.0,0.0,0.0,0.0,6425.55,79207.8,0.0,2026-09-27 11:15:17+00:00
09/27/2026 06:20:16,N,25.9986,0.0,0.0,0.0,0.0,0.0,0.0,0.0,0.0,0.0,0.0,0.0,0.0,0.0,0.0,6432.49,79054.48,0.0,2026-09-27 11:20:16+00:00
09/27/2026 06:25:15,N,27.3468,0.0,0.0,0.0,0.0,0.0,0.0,0.0,0.0,0.0,0.0,0.0,0.0,0.0,0.0,6430.81,78880.91,0.0,2026-09-27 11:25:15+00:00
09/27/2026 06:30:16,N,28.7145,0.0,0.0,0.0,0.0,0.0,0.0,0.0,0.0,0.0,0.0,0.0,0.0,0.0,0.0,6366.05,78558.21,0.0,2026-09-27 11:30:16+00:00
09/27/2026 06:35:18,N,27.4479,0.0,0.0,0.0,0.0,0.0,0.0,0.0,0.0,0.0,0.0,0.0,0.0,0.0,0.0,6322.5,78399.88,0.0,2026-09-27 11:35:18+00:00
09/27/2026 06:40:15,N,28.0965,0.0,0.0,0.0,0.0,0.0,0.0,0.0,0.0,0.0,0.0,0.0,0.0,0.0,0.0,6327.73,78304.73,0.0,2026-09-27 11:40:15+00:00
09/27/2026 06:45:17,N,29.4473,0.0,0.0,0.0,0.0,0.0,0.0,0.0,0.0,0.0,0.0,0.0,0.0,0.0,0.0,6135.05,78089.73,0.0,2026-09-27 11:45:17+00:00
09/27/2026 06:50:15,N,28.9351,0.0,0.0,0.0,0.0,0.0,0.0,0.0,0.0,0.0,0.0,0.0,0.0,0.0,0.0,6138.26,77976.11,0.0,2026-09-27 11:50:15+00:00
09/27/2026 06:55:17,N,28.9387,0.0,0.0,0.0,0.0,0.0,0.0,0.0,0.0,0.0,0.0,0.0,0.0,0.0,0.0,6142.65,77990.81,0.0,2026-09-27 11:55:17+00:00
09/27/2026 07:00:19,N,29.4674,0.0,0.0,0.0,0.0,0.0,0.0,0.0,0.0,0.0,0.0,0.0,0.0,0.0,0.0,6151.2,77929.3,0.0,2026-09-27 12:00:19+00:00
09/27/2026 07:05:17,N,30.0008,0.0,0.0,0.0,0.0,0.0,0.0,0.0,0.0,0.0,0.0,0.0,0.0,0.0,0.0,6151.45,77947.8,0.0,2026-09-27 12:05:17+00:00
09/27/2026 07:10:19,N,29.2548,0.0,0.0,0.0,0.0,0.0,0.0,0.0,0.0,0.0,0.0,0.0,0.0,0.0,0.0,6122.41,77912.9,0.0,2026-09-27 12:10:19+00:00
09/27/2026 07:15:18,N,29.8935,0.0,0.0,0.0,0.0,0.0,0.0,0.0,0.0,0.0,0.0,0.0,0.0,0.0,0.0,6123.78,77927.54,0.0,2026-09-27 12:15:18+00:00
09/27/2026 07:20:17,N,28.9973,0.0,0.0,0.0,0.0,0.0,0.0,0.0,0.0,0.0,0.0,0.0,0.0,0.0,0.0,6057.96,77578.67,0.0,2026-09-27 12:20:17+00:00
09/27/2026 07:25:17,N,28.865,0.0,0.0,0.0,0.0,0.0,0.0,0.0,0.0,0.0,0.0,0.0,0.0,0.0,0.0,6047.4,77582.92,0.0,2026-09-27 12:25:17+00:00
09/27/2026 07:30:17,N,28.6483,0.0,0.0,0.0,0.0,0.0,0.0,0.0,0.0,0.0,0.0,0.0,0.0,0.0,0.0,6003.2,77643.58,0.0,2026-09-27 12:30:17+00:00
09/27/2026 07:35:16,N,27.1962,0.0,0.0,0.0,0.0,0.0,0.0,0.0,0.0,0.0,0.0,0.0,0.0,0.0,0.0,6346.47,78013.77,0.0,2026-09-27 12:35:16+00:00
09/27/2026 07:40:17,N,25.2115,0.0,0.0,0.0,0.0,0.0,0.0,0.0,0.0,0.0,0.0,0.0,0.0,0.0,0.0,6261.17,78417.19,0.0,2026-09-27 12:40:17+00:00
09/27/2026 07:45:16,N,23.983,0.0,0.0,0.0,0.0,0.0,0.0,0.0,0.0,0.0,0.0,0.0,0.0,0.0,0.0,6257.53,78882.54,0.0,2026-09-27 12:45:16+00:00
09/27/2026 07:50:16,N,23.3019,0.0,0.0,0.0,0.0,0.0,0.0,0.0,0.0,0.0,0.0,0.0,0.0,0.0,0.0,6164.61,79489.72,0.0,2026-09-27 12:50:16+00:00
09/27/2026 07:55:17,N,22.4622,0.0,0.0,0.0,0.0,0.0,0.0,0.0,0.0,0.0,0.0,0.0,0.0,0.0,0.0,6148.33,80040.7,0.0,2026-09-27 12:55:17+00:00
09/27/2026 08:00:17,N,25.9111,0.0,0.0,0.0,0.0,0.0,0.0,0.0,0.0,0.0,0.0,0.0,0.0,0.0,0.0,6121.23,80506.81,0.0,2026-09-27 13:00:17+00:00
09/27/2026 08:05:17,N,25.3354,0.0,0.0,0.0,0.0,0.0,0.0,0.0,0.0,0.0,0.0,0.0,0.0,0.0,0.0,6062.22,81528.13,0.0,2026-09-27 13:05:17+00:00
09/27/2026 08:10:18,N,23.6365,0.0,0.0,0.0,0.0,0.0,0.0,0.0,0.0,0.0,0.0,0.0,0.0,0.0,0.0,5875.05,82812.59,0.0,2026-09-27 13:10:18+00:00
09/27/2026 08:15:18,N,22.7968,0.0,0.0,0.0,0.0,0.0,0.0,0.0,0.0,0.0,0.0,0.0,0.0,0.0,0.0,5682.72,84632.29,0.0,2026-09-27 13:15:18+00:00
09/27/2026 08:20:17,N,21.7134,0.0,0.0,0.0,0.0,0.0,0.0,0.0,0.0,0.0,0.0,0.0,0.0,0.0,0.0,5623.61,85727.11,0.0,2026-09-27 13:20:17+00:00
09/27/2026 08:25:17,N,20.9797,0.0,0.0,0.0,0.0,0.0,0.0,0.0,0.0,0.0,0.0,0.0,0.0,0.0,0.0,5661.89,86193.34,0.0,2026-09-27 13:25:17+00:00
09/27/2026 08:30:17,N,20.9807,0.0,0.0,0.0,0.0,0.0,0.0,0.0,0.0,0.0,0.0,0.0,0.0,0.0,0.0,5643.96,87360.48,0.0,2026-09-27 13:30:17+00:00
09/27/2026 08:35:18,N,20.129,0.0,0.0,0.0,0.0,0.0,0.0,0.0,0.0,0.0,0.0,0.0,0.0,0.0,0.0,5653.0,88982.64,0.0,2026-09-27 13:35:18+00:00
09/27/2026 08:40:16,N,20.0666,0.0,0.0,0.0,0.0,0.0,0.0,0.0,0.0,0.0,0.0,0.0,0.0,0.0,0.0,5649.21,89767.28,0.0,2026-09-27 13:40:16+00:00
09/27/2026 08:45:17,N,20.6094,0.0,0.0,0.0,0.0,0.0,0.0,0.0,0.0,0.0,0.0,0.0,0.0,0.0,0.0,5638.3,90753.7,0.0,2026-09-27 13:45:17+00:00
09/27/2026 08:50:19,N,20.6656,0.0,0.0,0.0,0.0,0.0,0.0,0.0,0.0,0.0,0.0,0.0,0.0,0.0,0.0,5713.67,91497.21,0.0,2026-09-27 13:50:19+00:00
09/27/2026 08:55:19,N,20.406,0.0,0.0,0.0,0.0,0.0,0.0,0.0,0.0,0.0,0.0,0.0,0.0,0.0,0.0,5360.59,92827.73,0.0,2026-09-27 13:55:19+00:00
09/27/2026 09:00:17,N,22.1408,0.0,0.0,0.0,0.0,0.0,0.0,0.0,0.0,0.0,0.0,0.0,0.0,0.0,0.0,5260.53,94236.17,0.0,2026-09-27 14:00:17+00:00
09/27/2026 09:05:16,N,21.8772,0.0,0.0,0.0,0.0,0.0,0.0,0.0,0.0,0.0,0.0,0.0,0.0,0.0,0.0,5257.48,95121.49,0.0,2026-09-27 14:05:16+00:00
09/27/2026 09:10:17,N,21.8073,0.0,0.0,0.0,0.0,0.0,0.0,0.0,0.0,0.0,0.0,0.0,0.0,0.0,0.0,5252.63,95869.18,0.0,2026-09-27 14:10:17+00:00
09/27/2026 09:15:17,N,22.2302,0.0,0.0,0.0,0.0,0.0,0.0,0.0,0.0,0.0,0.0,0.0,0.0,0.0,0.0,5247.97,96568.17,0.0,2026-09-27 14:15:17+00:00
09/27/2026 09:20:16,N,22.289,0.0,0.0,0.0,0.0,0.0,0.0,0.0,0.0,0.0,0.0,0.0,0.0,0.0,0.0,5307.23,97195.39,0.0,2026-09-27 14:20:16+00:00
09/27/2026 09:25:17,N,21.8038,0.0,0.0,0.0,0.0,0.0,0.0,0.0,0.0,0.0,0.0,0.0,0.0,0.0,0.0,5331.95,97815.47,0.0,2026-09-27 14:25:17+00:00
09/27/2026 09:30:16,N,21.7915,0.0,0.0,0.0,0.0,0.0,0.0,0.0,0.0,0.0,0.0,0.0,0.0,0.0,0.0,5384.51,98693.69,0.0,2026-09-27 14:30:16+00:00
09/27/2026 09:35:16,N,21.7631,0.0,0.0,0.0,0.0,0.0,0.0,0.0,0.0,0.0,0.0,0.0,0.0,0.0,0.0,5404.73,99384.61,0.0,2026-09-27 14:35:16+00:00
09/27/2026 09:40:16,N,21.3017,0.0,0.0,0.0,0.0,0.0,0.0,0.0,0.0,0.0,0.0,0.0,0.0,0.0,0.0,5411.0,100255.34,0.0,2026-09-27 14:40:16+00:00
09/27/2026 09:45:17,N,21.3613,0.0,0.0,0.0,0.0,0.0,0.0,0.0,0.0,0.0,0.0,0.0,0.0,0.0,0.0,5420.89,100705.66,0.0,2026-09-27 14:45:17+00:00
09/27/2026 09:50:16,N,21.6424,0.0,0.0,0.0,0.0,0.0,0.0,0.0,0.0,0.0,0.0,0.0,0.0,0.0,0.0,5500.41,100258.8,0.0,2026-09-27 14:50:16+00:00
09/27/2026 09:55:17,N,21.7164,0.0,0.0,0.0,0.0,0.0,0.0,0.0,0.0,0.0,0.0,0.0,0.0,0.0,0.0,5621.65,100859.82,0.0,2026-09-27 14:55:17+00:00
09/27/2026 10:00:19,N,22.1273,0.0,0.0,0.0,0.0,0.0,0.0,0.0,0.0,0.0,0.0,0.0,0.0,0.0,0.0,5675.92,100915.58,0.0,2026-09-27 15:00:19+00:00
09/27/2026 10:05:18,N,22.6595,0.0,0.0,0.0,0.0,0.0,0.0,0.0,0.0,0.0,0.0,0.0,0.0,0.0,0.0,5684.69,100565.48,0.0,2026-09-27 15:05:18+00:00
09/27/2026 10:10:19,N,22.36,0.0,0.0,0.0,0.0,0.0,0.0,0.0,0.0,0.0,0.0,0.0,0.0,0.0,0.0,5854.7,100887.38,0.0,2026-09-27 15:10:19+00:00
09/27/2026 10:15:17,N,22.8327,0.0,0.0,0.0,0.0,0.0,0.0,0.0,0.0,0.0,0.0,0.0,0.0,0.0,0.0,5906.67,100686.44,0.0,2026-09-27 15:15:17+00:00
09/27/2026 10:20:19,N,22.7681,0.0,0.0,0.0,0.0,0.0,0.0,0.0,0.0,0.0,0.0,0.0,0.0,0.0,0.0,6264.09,100537.98,0.0,2026-09-27 15:20:19+00:00
09/27/2026 10:25:17,N,22.6546,0.0,0.0,0.0,0.0,0.0,0.0,0.0,0.0,0.0,0.0,0.0,0.0,0.0,0.0,6431.08,100414.06,0.0,2026-09-27 15:25:17+00:00
09/27/2026 10:30:17,N,23.0039,0.0,0.0,0.0,0.0,0.0,0.0,0.0,0.0,0.0,0.0,0.0,0.0,0.0,0.0,6627.15,100391.84,0.0,2026-09-27 15:30:17+00:00
09/27/2026 10:35:17,N,22.7864,0.0,0.0,0.0,0.0,0.0,0.0,0.0,0.0,0.0,0.0,0.0,0.0,0.0,0.0,6895.8,100711.2,0.0,2026-09-27 15:35:17+00:00
09/27/2026 10:40:17,N,22.88,0.0,0.0,0.0,0.0,0.0,0.0,0.0,0.0,0.0,0.0,0.0,0.0,0.0,0.0,6980.71,100736.58,0.0,2026-09-27 15:40:17+00:00
09/27/2026 10:45:18,N,22.8856,0.0,0.0,0.0,0.0,0.0,0.0,0.0,0.0,0.0,0.0,0.0,0.0,0.0,0.0,7263.21,100971.4,0.0,2026-09-27 15:45:18+00:00
09/27/2026 10:50:17,N,22.9291,0.0,0.0,0.0,0.0,0.0,0.0,0.0,0.0,0.0,0.0,0.0,0.0,0.0,0.0,7514.28,100821.14,0.0,2026-09-27 15:50:17+00:00
09/27/2026 10:55:17,N,22.9981,0.0,0.0,0.0,0.0,0.0,0.0,0.0,0.0,0.0,0.0,0.0,0.0,0.0,0.0,7696.95,101250.28,0.0,2026-09-27 15:55:17+00:00
09/27/2026 11:00:20,N,22.226,0.0,0.0,0.0,0.0,0.0,0.0,0.0,0.0,0.0,0.0,0.0,0.0,0.0,0.0,8046.47,101325.6,0.0,2026-09-27 16:00:20+00:00
09/27/2026 11:05:18,N,22.4537,0.0,0.0,0.0,0.0,0.0,0.0,0.0,0.0,0.0,0.0,0.0,0.0,0.0,0.0,8299.93,101487.7,0.0,2026-09-27 16:05:18+00:00
09/27/2026 11:10:21,N,22.2235,0.0,0.0,0.0,0.0,0.0,0.0,0.0,0.0,0.0,0.0,0.0,0.0,0.0,0.0,8477.23,101898.51,0.0,2026-09-27 16:10:21+00:00
09/27/2026 11:15:19,N,22.3032,0.0,0.0,0.0,0.0,0.0,0.0,0.0,0.0,0.0,0.0,0.0,0.0,0.0,0.0,8655.53,101865.28,0.0,2026-09-27 16:15:19+00:00
09/27/2026 11:20:18,N,22.0304,0.0,0.0,0.0,0.0,0.0,0.0,0.0,0.0,0.0,0.0,0.0,0.0,0.0,0.0,9442.54,101859.37,0.0,2026-09-27 16:20:18+00:00
09/27/2026 11:25:18,N,22.0718,0.0,0.0,0.0,0.0,0.0,0.0,0.0,0.0,0.0,0.0,0.0,0.0,0.0,0.0,9514.34,101858.29,0.0,2026-09-27 16:25:18+00:00
09/27/2026 11:30:17,N,22.5265,0.0,0.0,0.0,0.0,0.0,0.0,0.0,0.0,0.0,0.0,0.0,0.0,0.0,0.0,9629.83,101967.68,0.0,2026-09-27 16:30:17+00:00
09/27/2026 11:35:18,N,22.7243,0.0,0.0,0.0,0.0,0.0,0.0,0.0,0.0,0.0,0.0,0.0,0.0,0.0,0.0,9735.6,102529.03,0.0,2026-09-27 16:35:18+00:00
09/27/2026 11:40:17,N,22.7184,0.0,0.0,0.0,0.0,0.0,0.0,0.0,0.0,0.0,0.0,0.0,0.0,0.0,0.0,10216.0,102563.74,0.0,2026-09-27 16:40:17+00:00
09/27/2026 11:45:17,N,23.3705,0.0,0.0,0.0,0.0,0.0,0.0,0.0,0.0,0.0,0.0,0.0,0.0,0.0,0.0,10738.54,102128.58,0.0,2026-09-27 16:45:17+00:00
09/27/2026 11:50:19,N,23.3923,0.0,0.0,0.0,0.0,0.0,0.0,0.0,0.0,0.0,0.0,0.0,0.0,0.0,0.0,10961.56,101999.6,0.0,2026-09-27 16:50:19+00:00
09/27/2026 11:55:19,N,23.4962,0.0,0.0,0.0,0.0,0.0,0.0,0.0,0.0,0.0,0.0,0.0,0.0,0.0,0.0,11033.89,102049.33,0.0,2026-09-27 16:55:19+00:00
09/27/2026 12:00:21,N,24.3543,0.0,0.0,0.0,0.0,0.0,0.0,0.0,0.0,0.0,0.0,0.0,0.0,0.0,0.0,11183.14,101696.31,0.0,2026-09-27 17:00:21+00:00
09/27/2026 12:05:19,N,27.0246,0.0,0.0,0.0,0.0,0.0,0.0,0.0,0.0,0.0,0.0,0.0,0.0,0.0,0.0,11250.0,101000.2,0.0,2026-09-27 17:05:19+00:00
09/27/2026 12:10:18,N,25.7077,0.0,0.0,0.0,0.0,0.0,0.0,0.0,0.0,0.0,0.0,0.0,0.0,0.0,0.0,11366.66,101321.05,0.0,2026-09-27 17:10:18+00:00
09/27/2026 12:15:18,N,27.1442,0.0,0.0,0.0,0.0,0.0,0.0,0.0,0.0,0.0,0.0,0.0,0.0,0.0,0.0,11801.29,101227.8,0.0,2026-09-27 17:15:18+00:00
09/27/2026 12:20:20,N,27.6298,0.0,0.0,0.0,0.0,0.0,0.0,0.0,0.0,0.0,0.0,0.0,0.0,0.0,0.0,11823.11,101379.34,0.0,2026-09-27 17:20:20+00:00
09/27/2026 12:25:17,N,28.7188,0.0,0.0,0.0,0.0,0.0,0.0,0.0,0.0,0.0,0.0,0.0,0.0,0.0,0.0,11658.51,100975.26,0.0,2026-09-27 17:25:17+00:00
09/27/2026 12:30:17,N,29.5138,0.0,0.0,0.0,0.0,0.0,0.0,0.0,0.0,0.0,0.0,0.0,0.0,0.0,0.0,11594.64,101127.05,0.0,2026-09-27 17:30:17+00:00
09/27/2026 12:35:19,N,29.5081,0.0,0.0,0.0,0.0,0.0,0.0,0.0,0.0,0.0,0.0,0.0,0.0,0.0,0.0,11711.73,101383.48,0.0,2026-09-27 17:35:19+00:00
09/27/2026 12:40:17,N,30.1468,0.0,0.0,0.0,0.0,0.0,0.0,0.0,0.0,0.0,0.0,0.0,0.0,0.0,0.0,11833.33,101513.05,0.0,2026-09-27 17:40:17+00:00
09/27/2026 12:45:17,N,32.1287,0.0,0.0,0.0,0.0,0.0,0.0,0.0,0.0,0.0,0.0,0.0,0.0,0.0,0.0,11547.85,101771.3,0.0,2026-09-27 17:45:17+00:00
09/27/2026 12:50:18,N,31.4787,0.0,0.0,0.0,0.0,0.0,0.0,0.0,0.0,0.0,0.0,0.0,0.0,0.0,0.0,11691.36,102054.66,0.0,2026-09-27 17:50:18+00:00
09/27/2026 12:55:19,N,29.8416,0.0,0.0,0.0,0.0,0.0,0.0,0.0,0.0,0.0,0.0,0.0,0.0,0.0,0.0,11721.82,102502.79,0.0,2026-09-27 17:55:19+00:00
09/27/2026 13:00:20,N,27.2089,0.0,0.0,0.0,0.0,0.0,0.0,0.0,0.0,0.0,0.0,0.0,0.0,0.0,0.0,11783.84,103159.86,0.0,2026-09-27 18:00:20+00:00
09/27/2026 13:05:19,N,31.0012,0.0,0.0,0.0,0.0,0.0,0.0,0.0,0.0,0.0,0.0,0.0,0.0,0.0,0.0,11964.46,102523.55,0.0,2026-09-27 18:05:19+00:00
09/27/2026 13:10:20,N,34.6942,0.0,0.0,0.0,0.0,0.0,0.0,0.0,0.0,0.0,0.0,0.0,0.0,0.0,0.0,11993.09,103185.73,0.0,2026-09-27 18:10:20+00:00
09/27/2026 13:15:19,N,39.3438,0.0,0.0,0.0,0.0,0.0,0.0,0.0,0.0,0.0,0.0,0.0,0.0,0.0,0.0,11955.21,102946.7,0.0,2026-09-27 18:15:19+00:00
09/27/2026 13:20:18,N,41.8527,0.0,0.0,0.0,0.0,0.0,0.0,0.0,0.0,0.0,0.0,0.0,0.0,0.0,0.0,11964.67,103365.48,0.0,2026-09-27 18:20:18+00:00
09/27/2026 13:25:19,N,37.706,0.0,0.0,0.0,0.0,0.0,0.0,0.0,0.0,0.0,0.0,0.0,0.0,0.0,0.0,12007.21,103831.97,0.0,2026-09-27 18:25:19+00:00
09/27/2026 13:30:19,N,41.9103,0.0,0.0,0.0,0.0,0.0,0.0,0.0,0.0,0.0,0.0,0.0,0.0,0.0,0.0,12122.23,103995.55,0.0,2026-09-27 18:30:19+00:00
09/27/2026 13:35:18,N,39.3025,0.0,0.0,0.0,0.0,0.0,0.0,0.0,0.0,0.0,0.0,0.0,0.0,0.0,0.0,12314.2,104220.15,0.0,2026-09-27 18:35:18+00:00
09/27/2026 13:40:18,N,38.7814,0.0,0.0,0.0,0.0,0.0,0.0,0.0,0.0,0.0,0.0,0.0,0.0,0.0,0.0,12422.12,103901.02,0.0,2026-09-27 18:40:18+00:00
09/27/2026 13:45:18,N,36.41,0.0,0.0,0.0,0.0,0.0,0.0,0.0,0.0,0.0,0.0,0.0,0.0,0.0,0.0,12564.02,104010.75,0.0,2026-09-27 18:45:18+00:00
09/27/2026 13:50:18,N,36.887,0.0,0.0,0.0,0.0,0.0,0.0,0.0,0.0,0.0,0.0,0.0,0.0,0.0,0.0,12788.44,104304.23,0.0,2026-09-27 18:50:18+00:00
09/27/2026 13:55:19,N,36.8035,0.0,0.0,0.0,0.0,0.0,0.0,0.0,0.0,0.0,0.0,0.0,0.0,0.0,0.0,12829.7,104033.33,0.0,2026-09-27 18:55:19+00:00
09/27/2026 14:00:22,N,36.8141,0.0,0.0,0.0,0.0,0.0,0.0,0.0,0.0,0.0,0.0,0.0,0.0,0.0,0.0,12824.1,103891.77,0.0,2026-09-27 19:00:22+00:00
09/27/2026 14:05:18,N,37.6849,0.0,0.0,0.0,0.0,0.0,0.0,0.0,0.0,0.0,0.0,0.0,0.0,0.0,0.0,13011.8,104412.88,0.0,2026-09-27 19:05:18+00:00
09/27/2026 14:10:21,N,41.2799,0.0,0.0,0.0,0.0,0.0,0.0,0.0,0.0,0.0,0.0,0.0,0.0,0.0,0.0,12996.31,104504.34,0.0,2026-09-27 19:10:21+00:00
09/27/2026 14:15:20,N,41.4235,0.0,0.0,0.0,0.0,0.0,0.0,0.0,0.0,0.0,0.0,0.0,0.0,0.0,0.0,13089.86,104743.38,0.0,2026-09-27 19:15:20+00:00
09/27/2026 14:20:20,N,47.1903,0.0,0.0,0.0,0.0,0.0,0.0,0.0,0.0,0.0,0.0,0.0,0.0,0.0,0.0,13200.32,104646.34,0.0,2026-09-27 19:20:20+00:00
09/27/2026 14:25:18,N,49.8876,0.0,0.0,0.0,0.0,0.0,0.0,0.0,0.0,0.0,0.0,0.0,0.0,0.0,0.0,13202.03,104793.7,0.0,2026-09-27 19:25:18+00:00
09/27/2026 14:30:19,N,52.3106,0.0,0.0,0.0,0.0,0.0,0.0,0.0,0.0,0.0,0.0,0.0,0.0,0.0,0.0,13269.26,105241.95,0.0,2026-09-27 19:30:19+00:00
09/27/2026 14:35:18,N,52.7487,0.0,0.0,0.0,0.0,0.0,0.0,0.0,0.0,0.0,0.0,0.0,0.0,0.0,0.0,13228.14,104722.66,0.0,2026-09-27 19:35:18+00:00
09/27/2026 14:40:19,N,51.7199,0.0,0.0,0.0,0.0,0.0,0.0,0.0,0.0,0.0,0.0,0.0,0.0,0.0,0.0,13224.31,105057.42,0.0,2026-09-27 19:40:19+00:00
09/27/2026 14:45:20,N,49.0246,0.0,0.0,0.0,0.0,0.0,0.0,0.0,0.0,0.0,0.0,0.0,0.0,0.0,0.0,13443.62,105626.08,0.0,2026-09-27 19:45:20+00:00
09/27/2026 14:50:20,N,49.061,0.0,0.0,0.0,0.0,0.0,0.0,0.0,0.0,0.0,0.0,0.0,0.0,0.0,0.0,13620.04,105736.41,0.0,2026-09-27 19:50:20+00:00
09/27/2026 14:55:19,N,50.2585,0.0,0.0,0.0,0.0,0.0,0.0,0.0,0.0,0.0,0.0,0.0,0.0,0.0,0.0,13650.01,105733.04,0.0,2026-09-27 19:55:19+00:00
09/27/2026 15:00:20,N,46.2135,0.0,0.0,0.0,0.0,0.0,0.0,0.0,0.0,0.0,0.0,0.0,0.0,0.0,0.0,13819.49,106130.63,0.0,2026-09-27 20:00:20+00:00
09/27/2026 15:05:18,N,46.9642,0.0,0.0,0.0,0.0,0.0,0.0,0.0,0.0,0.0,0.0,0.0,0.0,0.0,0.0,13833.85,105636.96,0.0,2026-09-27 20:05:18+00:00
09/27/2026 15:10:18,N,53.5757,0.0,0.0,0.0,0.0,0.0,0.0,0.0,0.0,0.0,0.0,0.0,0.0,0.0,0.0,14010.78,105067.29,0.0,2026-09-27 20:10:18+00:00
09/27/2026 15:15:19,N,52.78,0.0,0.0,0.0,0.0,0.0,0.0,0.0,0.0,0.0,0.0,0.0,0.0,0.0,0.0,13953.05,105254.98,0.0,2026-09-27 20:15:19+00:00
09/27/2026 15:20:19,N,62.4901,0.0,0.0,0.0,0.0,0.0,0.0,0.0,0.0,0.0,0.0,0.0,0.0,0.0,0.0,13943.13,105020.82,0.0,2026-09-27 20:20:19+00:00
09/27/2026 15:25:18,N,56.5076,0.0,0.0,0.0,0.0,0.0,0.0,0.0,0.0,0.0,0.0,0.0,0.0,0.0,0.0,14491.48,105209.21,0.0,2026-09-27 20:25:18+00:00
09/27/2026 15:30:18,N,56.4709,0.0,0.0,0.0,0.0,0.0,0.0,0.0,0.0,0.0,0.0,0.0,0.0,0.0,0.0,14574.59,105464.78,0.0,2026-09-27 20:30:18+00:00
09/27/2026 15:35:18,N,57.3643,0.0,0.0,0.0,0.0,0.0,0.0,0.0,0.0,0.0,0.0,0.0,0.0,0.0,0.0,14692.8,105487.18,0.0,2026-09-27 20:35:18+00:00
09/27/2026 15:40:20,N,54.8347,0.0,0.0,0.0,0.0,0.0,0.0,0.0,0.0,0.0,0.0,0.0,0.0,0.0,0.0,14966.15,105784.69,0.0,2026-09-27 20:40:20+00:00
09/27/2026 15:45:19,N,56.8156,0.0,0.0,0.0,0.0,0.0,0.0,0.0,0.0,0.0,0.0,0.0,0.0,0.0,0.0,15053.7,105700.23,0.0,2026-09-27 20:45:19+00:00
09/27/2026 15:50:18,N,57.0189,0.0,0.0,0.0,0.0,0.0,0.0,0.0,0.0,0.0,0.0,0.0,0.0,0.0,0.0,14827.87,105812.61,0.0,2026-09-27 20:50:18+00:00
09/27/2026 15:55:19,N,59.3927,0.0,0.0,0.0,0.0,0.0,0.0,0.0,0.0,0.0,0.0,0.0,0.0,0.0,0.0,15013.35,105864.98,0.0,2026-09-27 20:55:19+00:00
09/27/2026 16:00:21,N,74.8689,0.0,0.0,0.0,0.0,0.0,0.0,0.0,0.0,0.0,0.0,0.0,0.0,0.0,0.0,14823.52,105162.74,0.0,2026-09-27 21:00:21+00:00
09/27/2026 16:02:27,N,79.9338,0.0,0.0,0.0,0.0,0.0,0.0,40.0,0.0,0.0,0.0,0.0,0.0,0.0,0.0,14801.23,104960.73,0.0,2026-09-27 21:02:27+00:00
09/27/2026 16:05:20,N,84.2229,0.0,0.0,0.0,0.0,0.0,0.0,40.0,0.0,0.0,0.0,0.0,0.0,0.0,0.0,14764.04,104452.31,0.0,2026-09-27 21:05:20+00:00
09/27/2026 16:10:20,N,85.0405,0.0,0.0,0.0,0.0,0.0,0.0,40.0,0.0,0.0,0.0,0.0,0.0,0.0,0.0,14764.61,104498.5,0.0,2026-09-27 21:10:20+00:00
09/27/2026 16:15:21,N,83.1503,0.0,0.0,0.0,0.0,0.0,0.0,40.0,0.0,0.0,0.0,0.0,0.0,0.0,0.0,15127.58,104850.55,0.0,2026-09-27 21:15:21+00:00
09/27/2026 16:20:22,N,82.5596,0.0,0.0,0.0,0.0,0.0,0.0,40.0,0.0,0.0,0.0,0.0,0.0,0.0,0.0,14874.03,105487.13,0.0,2026-09-27 21:20:22+00:00
09/27/2026 16:25:19,N,89.6148,0.0,0.0,0.0,0.0,0.0,0.0,40.0,0.0,0.0,0.0,0.0,0.0,0.0,0.0,15343.17,105055.27,0.0,2026-09-27 21:25:19+00:00
09/27/2026 16:30:22,N,90.6608,0.0,0.0,0.0,0.0,0.0,0.0,40.0,0.0,0.0,0.0,0.0,0.0,0.0,0.0,15469.97,104680.89,0.0,2026-09-27 21:30:22+00:00
09/27/2026 16:35:20,N,83.5689,1.4,0.0,0.0,0.0,0.0,0.0,40.0,0.0,0.0,0.0,0.0,0.0,0.0,0.0,15708.41,104831.58,0.0,2026-09-27 21:35:20+00:00
09/27/2026 16:40:23,N,86.1427,0.0,0.0,0.0,0.0,0.0,0.0,40.0,0.0,0.0,0.0,0.0,0.0,0.0,0.0,15903.38,104589.07,0.0,2026-09-27 21:40:23+00:00
09/27/2026 16:42:48,N,87.1394,0.0,0.0,0.0,0.0,0.0,0.0,40.0,0.0,0.0,0.0,0.0,0.0,0.0,0.0,15395.17,104557.83,0.0,2026-09-27 21:42:48+00:00
09/27/2026 16:45:20,N,87.1812,0.49,0.0,0.0,0.0,0.0,0.0,40.0,0.0,0.0,0.0,0.0,0.0,0.0,0.0,15928.93,104020.28,0.0,2026-09-27 21:45:20+00:00
09/27/2026 16:50:20,N,94.6691,0.53,0.0,0.0,0.0,0.0,0.0,40.0,0.0,0.0,0.0,0.0,0.0,0.0,0.0,15823.65,103635.54,0.0,2026-09-27 21:50:20+00:00
09/27/2026 16:55:20,N,90.1592,0.0,0.0,0.0,0.0,0.0,0.0,40.0,0.0,0.0,0.0,0.0,0.0,0.0,0.0,16933.01,103934.59,0.0,2026-09-27 21:55:20+00:00
09/27/2026 17:00:21,N,69.3567,0.0,0.02,0.0,0.0,0.0,0.02,40.0,0.0,0.0,0.0,0.0,0.0,0.0,0.0,17094.38,104305.73,0.0,2026-09-27 22:00:21+00:00
09/27/2026 17:05:20,N,81.5858,0.0,0.01,0.0,0.01,0.01,0.05,40.0,0.0,0.0,0.0,0.0,0.0,0.0,0.0,16252.76,104107.73,0.0,2026-09-27 22:05:20+00:00
09/27/2026 17:07:31,N,84.5668,0.0,0.0,0.0,0.0,0.0,0.04,40.0,0.0,0.0,0.0,0.0,0.0,0.0,0.0,16174.76,103784.77,0.0,2026-09-27 22:07:31+00:00
09/27/2026 17:10:21,N,100.9078,0.0,0.0,0.0,0.0,0.0,0.03,40.0,0.0,0.0,0.0,0.0,0.0,0.0,0.0,16226.64,103018.2,0.0,2026-09-27 22:10:21+00:00
09/27/2026 17:15:25,N,98.3423,0.0,0.0,0.0,0.0,0.0,0.0,40.0,0.0,0.0,0.0,0.0,0.0,0.0,0.0,16313.29,102542.73,0.0,2026-09-27 22:15:25+00:00
09/27/2026 17:20:25,N,104.0465,0.0,0.02,0.0,0.0,0.0,0.02,40.0,0.0,0.0,0.0,0.0,0.0,0.0,0.0,16143.44,102085.77,0.0,2026-09-27 22:20:25+00:00
09/27/2026 17:25:24,N,100.2799,0.0,0.02,0.0,0.0,0.0,0.03,40.0,0.0,0.0,0.0,0.0,0.0,0.0,0.0,16130.27,101895.78,0.0,2026-09-27 22:25:24+00:00
09/27/2026 17:30:20,N,89.9623,0.0,0.0,0.0,0.0,0.0,0.02,40.0,0.0,0.0,0.0,0.0,0.0,0.0,0.0,16103.17,101900.07,0.0,2026-09-27 22:30:20+00:00
09/27/2026 17:35:19,N,97.5873,0.0,0.0,0.0,0.0,0.0,0.02,40.0,0.0,0.0,0.0,0.0,0.0,0.0,0.0,15916.01,101176.66,0.0,2026-09-27 22:35:19+00:00
09/27/2026 17:40:19,N,92.3156,0.0,0.0,0.0,0.0,0.01,0.04,40.0,0.0,0.0,0.0,0.0,0.0,0.0,0.0,15900.04,100967.17,0.0,2026-09-27 22:40:19+00:00
09/27/2026 17:45:18,N,91.1554,0.61,0.0,0.0,0.0,0.0,0.02,40.0,0.0,0.0,0.0,0.0,0.0,0.0,0.0,16192.24,100632.34,0.0,2026-09-27 22:45:18+00:00
09/27/2026 17:50:21,N,100.0,0.43,0.02,0.0,0.0,0.0,0.02,40.0,0.0,0.0,0.0,0.0,0.0,0.0,0.0,16094.1,99751.33,0.0,2026-09-27 22:50:21+00:00
09/27/2026 17:55:20,N,93.6066,0.62,0.0,0.0,0.0,0.0,0.0,40.0,0.0,0.0,0.0,0.0,0.0,0.0,0.0,16150.38,99119.56,0.0,2026-09-27 22:55:20+00:00
09/27/2026 18:00:22,N,57.1513,1.51,0.02,0.0,0.01,0.03,0.1,40.0,0.0,0.0,0.0,0.0,0.0,0.0,0.0,16085.7,98587.54,0.0,2026-09-27 23:00:22+00:00
09/27/2026 18:05:27,N,65.4637,1.05,0.06,0.0,0.01,0.03,0.1,40.0,0.0,0.0,0.0,0.0,0.0,0.0,0.0,15991.34,97753.08,0.0,2026-09-27 23:05:27+00:00
09/27/2026 18:10:28,N,71.5961,0.89,0.1,0.0,0.01,0.03,0.1,40.0,0.0,0.0,0.0,0.0,0.0,0.0,0.0,15434.68,96881.1,0.0,2026-09-27 23:10:28+00:00
09/27/2026 18:15:23,N,70.7566,0.81,0.0,0.0,0.0,0.02,0.01,40.0,0.0,0.0,0.0,0.0,0.0,0.0,0.0,15313.96,96127.02,0.0,2026-09-27 23:15:23+00:00
09/27/2026 18:20:22,N,70.6694,1.05,0.0,0.0,0.0,0.0,0.0,40.0,0.0,0.0,0.0,0.0,0.0,0.0,0.0,15082.87,95556.06,0.0,2026-09-27 23:20:22+00:00
09/27/2026 18:25:22,N,75.5009,0.0,0.0,0.0,0.02,0.05,0.18,40.0,0.0,0.0,0.0,0.0,0.0,0.0,0.0,15041.03,94546.97,0.0,2026-09-27 23:25:22+00:00
09/27/2026 18:30:22,N,68.5114,0.02,0.01,0.0,0.01,0.02,0.07,40.0,0.0,0.0,0.0,0.0,0.0,0.0,0.0,14897.69,93746.98,0.0,2026-09-27 23:30:22+00:00
09/27/2026 18:35:22,N,70.0171,0.34,0.01,0.0,0.01,0.01,0.07,40.0,0.0,0.0,0.0,0.0,0.0,0.0,0.0,14876.22,93097.27,0.0,2026-09-27 23:35:22+00:00
09/27/2026 18:40:23,N,72.7582,0.0,0.13,0.0,0.02,0.03,0.13,40.0,0.0,0.0,0.0,0.0,0.0,0.0,0.0,14826.56,92067.35,0.0,2026-09-27 23:40:23+00:00
09/27/2026 18:45:23,N,72.2398,1.3,0.08,0.0,0.02,0.04,0.17,40.0,0.0,0.0,0.0,0.0,0.0,0.0,0.0,14598.08,91315.29,0.0,2026-09-27 23:45:23+00:00
09/27/2026 18:50:27,N,79.7334,0.01,0.01,0.0,0.01,0.01,0.04,40.0,0.0,0.0,0.0,0.0,0.0,0.0,0.0,14481.33,90443.13,0.0,2026-09-27 23:50:27+00:00
09/27/2026 18:55:24,N,83.2669,0.65,0.06,0.0,0.01,0.0,0.06,40.0,0.0,0.0,0.0,0.0,0.0,0.0,0.0,14360.7,89705.88,0.0,2026-09-27 23:55:24+00:00
09/27/2026 19:00:33,N,69.8401,1.15,0.0,0.0,0.0,0.0,0.0,40.0,0.0,0.0,0.0,0.0,0.0,0.0,0.0,14144.54,89102.8,0.0,2026-09-28 00:00:33+00:00
09/27/2026 19:05:31,N,72.7908,1.33,0.0,0.0,0.0,0.0,0.0,40.0,0.0,0.0,0.0,0.0,0.0,0.0,0.0,13987.36,88596.8,0.0,2026-09-28 00:05:31+00:00
09/27/2026 19:10:23,N,76.6364,0.67,0.03,0.0,0.0,0.0,0.0,40.0,0.0,0.0,0.0,0.0,0.0,0.0,0.0,13847.86,88184.86,0.0,2026-09-28 00:10:23+00:00
09/27/2026 19:15:31,N,78.6045,0.0,0.0,0.0,0.0,0.0,0.0,40.0,0.0,0.0,0.0,0.0,0.0,0.0,0.0,13752.3,87794.88,0.0,2026-09-28 00:15:31+00:00
09/27/2026 19:20:31,N,84.6635,0.86,0.01,0.0,0.0,0.01,0.04,40.0,0.0,0.0,0.0,0.0,0.0,0.0,0.0,13690.29,87575.13,0.0,2026-09-28 00:20:31+00:00
09/27/2026 19:25:22,N,85.3901,0.96,0.0,0.0,0.0,0.0,0.0,40.0,0.0,0.0,0.0,0.0,0.0,0.0,0.0,13646.61,87472.96,0.0,2026-09-28 00:25:22+00:00
09/27/2026 19:30:22,N,84.9764,0.55,0.0,0.0,0.0,0.0,0.0,40.0,0.0,0.0,0.0,0.0,0.0,0.0,0.0,13602.95,87463.45,0.0,2026-09-28 00:30:22+00:00
09/27/2026 19:35:22,N,83.6455,1.01,0.0,0.0,0.0,0.0,0.0,40.0,0.0,0.0,0.0,0.0,0.0,0.0,0.0,13565.11,87438.85,0.0,2026-09-28 00:35:22+00:00
09/27/2026 19:40:23,N,87.914,0.0,0.0,0.0,0.0,0.0,0.0,40.0,0.0,0.0,0.0,0.0,0.0,0.0,0.0,13540.22,87477.16,0.0,2026-09-28 00:40:23+00:00
09/27/2026 19:45:23,N,83.7249,0.05,0.0,0.0,0.0,0.0,0.0,40.0,0.0,0.0,0.0,0.0,0.0,0.0,0.0,13502.66,87440.95,0.0,2026-09-28 00:45:23+00:00
09/27/2026 19:50:23,N,82.9999,0.73,0.0,0.0,0.0,0.0,0.0,40.0,0.0,0.0,0.0,0.0,0.0,0.0,0.0,13522.0,87354.76,0.0,2026-09-28 00:50:23+00:00
09/27/2026 19:55:22,N,78.3335,1.16,0.05,0.0,0.0,0.0,0.0,40.0,0.0,0.0,0.0,0.0,0.0,0.0,0.0,13452.96,87491.42,0.0,2026-09-28 00:55:22+00:00
09/27/2026 20:00:26,N,83.445,0.68,0.0,0.0,0.0,0.0,0.0,40.0,0.0,0.0,0.0,0.0,0.0,0.0,0.0,13443.8,87687.51,0.0,2026-09-28 01:00:26+00:00
09/27/2026 20:05:24,N,82.1911,2.09,0.0,0.0,0.0,0.0,0.0,40.0,0.0,0.0,0.0,0.0,0.0,0.0,0.0,13390.13,87698.38,0.0,2026-09-28 01:05:24+00:00
09/27/2026 20:10:24,N,78.7024,3.07,0.0,0.0,0.0,0.0,0.0,40.0,0.0,0.0,0.0,0.0,0.0,0.0,0.0,13368.81,87805.95,0.0,2026-09-28 01:10:24+00:00
09/27/2026 20:15:23,N,72.0962,2.16,0.0,0.0,0.0,0.0,0.0,40.0,0.0,0.0,0.0,0.0,0.0,0.0,0.0,13363.67,88076.3,0.0,2026-09-28 01:15:23+00:00
09/27/2026 20:20:23,N,67.8552,0.08,0.0,0.0,0.0,0.0,0.0,40.0,0.0,0.0,0.0,0.0,0.0,0.0,0.0,13330.59,88218.94,0.0,2026-09-28 01:20:23+00:00
09/27/2026 20:25:22,N,64.9646,0.96,0.0,0.0,0.0,0.0,0.0,40.0,0.0,0.0,0.0,0.0,0.0,0.0,0.0,13313.94,88290.66,0.0,2026-09-28 01:25:22+00:00
09/27/2026 20:30:23,N,66.1294,0.0,0.0,0.0,0.0,0.0,0.0,40.0,0.0,0.0,0.0,0.0,0.0,0.0,0.0,13292.29,88405.87,0.0,2026-09-28 01:30:23+00:00
09/27/2026 20:35:22,N,60.6684,0.6,0.0,0.0,0.0,0.0,0.0,40.0,0.0,0.0,0.0,0.0,0.0,0.0,0.0,13280.11,88572.84,0.0,2026-09-28 01:35:22+00:00
09/27/2026 20:40:23,N,58.1191,0.52,0.0,0.0,0.0,0.0,0.0,40.0,0.0,0.0,0.0,0.0,0.0,0.0,0.0,13227.84,88834.34,0.0,2026-09-28 01:40:23+00:00
09/27/2026 20:45:22,N,59.3584,0.03,0.0,0.0,0.0,0.0,0.0,40.0,0.0,0.0,0.0,0.0,0.0,0.0,0.0,13167.97,88957.27,0.0,2026-09-28 01:45:22+00:00
09/27/2026 20:50:22,N,56.5341,0.45,0.0,0.0,0.0,0.0,0.0,40.0,0.0,0.0,0.0,0.0,0.0,0.0,0.0,13078.54,88938.04,0.0,2026-09-28 01:50:22+00:00
09/27/2026 20:55:23,N,56.2468,0.35,0.0,0.0,0.0,0.0,0.0,40.0,0.0,0.0,0.0,0.0,0.0,0.0,0.0,13025.38,88925.96,0.0,2026-09-28 01:55:23+00:00
09/27/2026 21:00:25,N,62.6316,0.18,0.0,0.0,0.0,0.0,0.0,40.0,0.0,0.0,0.0,0.0,0.0,0.0,0.0,12967.71,89015.59,0.0,2026-09-28 02:00:25+00:00
09/27/2026 21:05:26,N,65.0944,1.4,0.0,0.0,0.0,0.0,0.0,40.0,0.0,0.0,0.0,0.0,0.0,0.0,0.0,12792.41,88774.18,0.0,2026-09-28 02:05:26+00:00
09/27/2026 21:10:26,N,69.463,1.91,0.0,0.0,0.0,0.0,0.0,40.0,0.0,0.0,0.0,0.0,0.0,0.0,0.0,12720.8,88301.47,0.0,2026-09-28 02:10:26+00:00
09/27/2026 21:15:23,N,71.5897,1.13,0.0,0.0,0.0,0.0,0.0,40.0,0.0,0.0,0.0,0.0,0.0,0.0,0.0,13073.29,87730.3,0.0,2026-09-28 02:15:23+00:00
09/27/2026 21:20:24,N,67.0014,0.0,0.0,0.0,0.0,0.0,0.0,40.0,0.0,0.0,0.0,0.0,0.0,0.0,0.0,13072.59,87599.54,0.0,2026-09-28 02:20:24+00:00
09/27/2026 21:25:23,N,63.3396,0.42,0.0,0.0,0.0,0.0,0.0,40.0,0.0,0.0,0.0,0.0,0.0,0.0,0.0,13069.65,87278.27,0.0,2026-09-28 02:25:23+00:00
09/27/2026 21:30:22,N,57.9507,1.08,0.0,0.0,0.0,0.0,0.0,40.0,0.0,0.0,0.0,0.0,0.0,0.0,0.0,13542.93,87147.13,0.0,2026-09-28 02:30:22+00:00
09/27/2026 21:35:23,N,62.1482,0.85,0.0,0.0,0.0,0.0,0.0,40.0,0.0,0.0,0.0,0.0,0.0,0.0,0.0,13532.94,87018.77,0.0,2026-09-28 02:35:23+00:00
09/27/2026 21:40:24,N,63.7854,0.78,0.0,0.0,0.0,0.0,0.0,40.0,0.0,0.0,0.0,0.0,0.0,0.0,0.0,13285.8,86445.32,0.0,2026-09-28 02:40:24+00:00
09/27/2026 21:45:24,N,61.3987,0.97,0.0,0.0,0.0,0.0,0.0,40.0,0.0,0.0,0.0,0.0,0.0,0.0,0.0,13249.29,86166.52,0.0,2026-09-28 02:45:24+00:00
09/27/2026 21:50:23,N,59.6143,1.58,0.0,0.0,0.0,0.0,0.0,40.0,0.0,0.0,0.0,0.0,0.0,0.0,0.0,13050.22,86028.12,0.0,2026-09-28 02:50:23+00:00
09/27/2026 21:55:22,N,55.4686,1.37,0.0,0.0,0.0,0.0,0.0,40.0,0.0,0.0,0.0,0.0,0.0,0.0,0.0,12952.65,85817.91,0.0,2026-09-28 02:55:22+00:00
09/27/2026 22:00:25,N,56.2823,3.43,0.0,0.0,0.0,0.0,0.0,40.0,0.0,0.0,0.0,0.0,0.0,0.0,0.0,12950.61,85492.91,0.0,2026-09-28 03:00:25+00:00
09/27/2026 22:05:24,N,54.8858,3.6,0.0,0.0,0.0,0.0,0.0,40.0,0.0,0.0,0.0,0.0,0.0,0.0,0.0,12764.48,85534.3,0.0,2026-09-28 03:05:24+00:00
09/27/2026 22:10:24,N,49.5,2.15,0.0,0.0,0.0,0.0,0.0,40.0,0.0,0.0,0.0,0.0,0.0,0.0,0.0,12640.85,85484.8,0.0,2026-09-28 03:10:24+00:00
09/27/2026 22:15:24,N,45.9531,1.35,0.0,0.0,0.0,0.0,0.0,40.0,0.0,0.0,0.0,0.0,0.0,0.0,0.0,12235.55,85443.2,0.0,2026-09-28 03:15:24+00:00
09/27/2026 22:20:30,N,46.1657,0.53,0.0,0.0,0.0,0.0,0.0,40.0,0.0,0.0,0.0,0.0,0.0,0.0,0.0,12135.86,85316.39,0.0,2026-09-28 03:20:30+00:00
09/27/2026 22:25:23,N,52.9078,0.92,0.0,0.0,0.0,0.0,0.0,40.0,0.0,0.0,0.0,0.0,0.0,0.0,0.0,12020.74,85202.68,0.0,2026-09-28 03:25:23+00:00
09/27/2026 22:30:22,N,45.9723,1.44,0.06,0.0,0.06,0.12,0.48,40.0,0.0,0.0,0.0,0.0,0.0,0.0,0.0,11947.27,85085.05,0.0,2026-09-28 03:30:22+00:00
09/27/2026 22:35:22,N,44.9235,0.13,0.0,0.0,0.0,0.0,0.0,40.0,0.0,0.0,0.0,0.0,0.0,0.0,0.0,11823.47,85123.23,0.0,2026-09-28 03:35:22+00:00
09/27/2026 22:40:22,N,45.3035,1.52,0.08,0.0,0.08,0.16,0.65,40.0,0.0,0.0,0.0,0.0,0.0,0.0,0.0,11735.99,85191.11,0.0,2026-09-28 03:40:22+00:00
09/27/2026 22:45:22,N,45.2403,0.19,0.0,0.0,0.0,0.0,0.0,40.0,0.0,0.0,0.0,0.0,0.0,0.0,0.0,11793.58,84844.57,0.0,2026-09-28 03:45:22+00:00
09/27/2026 22:50:21,N,44.4836,0.73,0.0,0.0,0.0,0.0,0.0,40.0,0.0,0.0,0.0,0.0,0.0,0.0,0.0,11628.29,84767.25,0.0,2026-09-28 03:50:21+00:00
09/27/2026 22:55:21,N,43.3667,0.0,0.0,0.0,0.0,0.0,0.0,40.0,0.0,0.0,0.0,0.0,0.0,0.0,0.0,11619.05,84915.85,0.0,2026-09-28 03:55:21+00:00
09/27/2026 23:00:21,N,47.2141,0.66,0.15,0.0,0.15,0.29,1.16,40.0,0.0,0.0,0.0,0.0,0.0,0.0,0.0,11195.12,84428.05,0.0,2026-09-28 04:00:21+00:00
09/27/2026 23:05:20,N,52.4735,1.87,0.12,0.0,0.12,0.24,0.97,40.0,0.0,0.0,0.0,0.0,0.0,0.0,0.0,11074.67,84013.96,0.0,2026-09-28 04:05:20+00:00
09/27/2026 23:10:21,N,46.1251,1.78,0.05,0.0,0.05,0.1,0.4,40.0,0.0,0.0,0.0,0.0,0.0,0.0,0.0,11026.77,83999.73,0.0,2026-09-28 04:10:21+00:00
09/27/2026 23:15:20,N,49.3079,2.87,0.07,0.0,0.07,0.14,0.56,40.0,0.0,0.0,0.0,0.0,0.0,0.0,0.0,11019.27,83865.02,0.0,2026-09-28 04:15:20+00:00
09/27/2026 23:20:19,N,46.4273,1.12,0.02,0.0,0.02,0.05,0.19,40.0,0.0,0.0,0.0,0.0,0.0,0.0,0.0,10930.01,83846.51,0.0,2026-09-28 04:20:19+00:00
09/27/2026 23:25:21,N,46.3857,1.22,0.05,0.0,0.05,0.1,0.39,40.0,0.0,0.0,0.0,0.0,0.0,0.0,0.0,10894.55,83834.2,0.0,2026-09-28 04:25:21+00:00
09/27/2026 23:30:20,N,39.8833,2.64,0.28,0.0,0.28,0.56,2.24,40.0,0.0,0.0,0.0,0.0,0.0,0.0,0.0,10852.48,83348.73,0.0,2026-09-28 04:30:20+00:00
09/27/2026 23:35:20,N,43.2683,0.64,0.07,0.0,0.07,0.14,0.55,40.0,0.0,0.0,0.0,0.0,0.0,0.0,0.0,10638.08,83216.4,0.0,2026-09-28 04:35:20+00:00
09/27/2026 23:40:19,N,42.3543,0.31,0.03,0.0,0.03,0.06,0.23,40.0,0.0,0.0,0.0,0.0,0.0,0.0,0.0,10366.45,82473.15,0.0,2026-09-28 04:40:19+00:00
09/27/2026 23:45:19,N,44.0574,0.89,0.06,0.0,0.06,0.11,0.45,40.0,0.0,0.0,0.0,0.0,0.0,0.0,0.0,10090.44,82457.96,0.0,2026-09-28 04:45:19+00:00
09/27/2026 23:50:18,N,42.806,0.18,0.01,0.0,0.01,0.02,0.09,40.0,0.0,0.0,0.0,0.0,0.0,0.0,0.0,9933.82,82354.54,0.0,2026-09-28 04:50:18+00:00
09/27/2026 23:55:22,N,43.5744,0.35,0.0,0.0,0.0,0.0,0.0,40.0,0.0,0.0,0.0,0.0,0.0,0.0,0.0,9911.96,82163.82,0.0,2026-09-28 04:55:22+00:00
09/28/2026 00:00:21,N,41.9129,0.0,0.0,0.0,0.0,0.0,0.0,0.0,0.0,0.0,0.0,0.0,0.0,0.0,0.0,9772.07,81611.05,0.0,2026-09-28 05:00:21+00:00
09/28/2026 00:05:19,N,45.9653,0.0,0.0,0.0,0.0,0.0,0.0,0.0,0.0,0.0,0.0,0.0,0.0,0.0,0.0,9605.4,81479.52,0.0,2026-09-28 05:05:19+00:00
09/28/2026 00:07:48,N,45.9657,0.0,0.0,0.0,0.0,0.0,0.0,0.0,0.0,0.0,0.0,0.0,0.0,0.0,0.0,9549.03,81397.48,0.0,2026-09-28 05:07:48+00:00
09/28/2026 00:10:20,N,47.7598,0.0,0.0,0.0,0.0,0.0,0.0,0.0,0.0,0.0,0.0,0.0,0.0,0.0,0.0,9552.2,81204.7,0.0,2026-09-28 05:10:20+00:00
09/28/2026 00:15:24,N,48.5926,0.0,0.0,0.0,0.0,0.0,0.0,0.0,0.0,0.0,0.0,0.0,0.0,0.0,0.0,9299.86,80614.59,0.0,2026-09-28 05:15:24+00:00
09/28/2026 00:20:19,N,46.4253,0.0,0.0,0.0,0.0,0.0,0.0,0.0,0.0,0.0,0.0,0.0,0.0,0.0,0.0,9499.2,80513.16,0.0,2026-09-28 05:20:19+00:00
09/28/2026 00:25:19,N,46.4244,0.0,0.0,0.0,0.0,0.0,0.0,0.0,0.0,0.0,0.0,0.0,0.0,0.0,0.0,9491.15,80542.98,0.0,2026-09-28 05:25:19+00:00
09/28/2026 00:30:19,N,48.5412,0.0,0.0,0.0,0.0,0.0,0.0,0.0,0.0,0.0,0.0,0.0,0.0,0.0,0.0,9476.84,80321.13,0.0,2026-09-28 05:30:19+00:00
09/28/2026 00:35:19,N,45.5735,0.0,0.0,0.0,0.0,0.0,0.0,0.0,0.0,0.0,0.0,0.0,0.0,0.0,0.0,9397.55,80268.62,0.0,2026-09-28 05:35:19+00:00
09/28/2026 00:40:20,N,41.9045,0.0,0.0,0.0,0.0,0.0,0.0,0.0,0.0,0.0,0.0,0.0,0.0,0.0,0.0,9393.18,80284.6,0.0,2026-09-28 05:40:20+00:00
09/28/2026 00:45:19,N,43.929,0.0,0.0,0.0,0.0,0.0,0.0,0.0,0.0,0.0,0.0,0.0,0.0,0.0,0.0,9194.06,79838.26,0.0,2026-09-28 05:45:19+00:00
09/28/2026 00:50:22,N,47.7238,0.0,0.0,0.0,0.0,0.0,0.0,0.0,0.0,0.0,0.0,0.0,0.0,0.0,0.0,9189.73,79699.12,0.0,2026-09-28 05:50:22+00:00
09/28/2026 00:55:19,N,44.3539,0.0,0.0,0.0,0.0,0.0,0.0,0.0,0.0,0.0,0.0,0.0,0.0,0.0,0.0,9196.58,79426.5,0.0,2026-09-28 05:55:19+00:00
09/28/2026 01:00:21,N,52.1333,0.0,0.0,0.0,0.0,0.0,0.0,0.0,0.0,0.0,0.0,0.0,0.0,0.0,0.0,9230.6,79120.2,0.0,2026-09-28 06:00:21+00:00
09/28/2026 01:05:20,N,51.9597,0.0,0.0,0.0,0.0,0.0,0.0,0.0,0.0,0.0,0.0,0.0,0.0,0.0,0.0,9227.5,79036.09,0.0,2026-09-28 06:05:20+00:00
09/28/2026 01:10:20,N,48.7192,0.0,0.0,0.0,0.0,0.0,0.0,0.0,0.0,0.0,0.0,0.0,0.0,0.0,0.0,8971.69,78867.64,0.0,2026-09-28 06:10:20+00:00
09/28/2026 01:15:19,N,44.4257,0.0,0.0,0.0,0.0,0.0,0.0,0.0,0.0,0.0,0.0,0.0,0.0,0.0,0.0,9047.88,78797.48,0.0,2026-09-28 06:15:19+00:00
09/28/2026 01:20:19,N,44.0882,0.0,0.0,0.0,0.0,0.0,0.0,0.0,0.0,0.0,0.0,0.0,0.0,0.0,0.0,9085.31,78795.84,0.0,2026-09-28 06:20:19+00:00
09/28/2026 01:25:19,N,47.9381,0.0,0.0,0.0,0.0,0.0,0.0,0.0,0.0,0.0,0.0,0.0,0.0,0.0,0.0,8642.31,78671.5,0.0,2026-09-28 06:25:19+00:00
09/28/2026 01:30:19,N,47.7828,0.0,0.0,0.0,0.0,0.0,0.0,0.0,0.0,0.0,0.0,0.0,0.0,0.0,0.0,8399.47,78575.6,0.0,2026-09-28 06:30:19+00:00
09/28/2026 01:35:20,N,47.3222,0.0,0.0,0.0,0.0,0.0,0.0,0.0,0.0,0.0,0.0,0.0,0.0,0.0,0.0,8250.77,78081.02,0.0,2026-09-28 06:35:20+00:00
09/28/2026 01:40:19,N,47.0532,0.0,0.0,0.0,0.0,0.0,0.0,0.0,0.0,0.0,0.0,0.0,0.0,0.0,0.0,8265.05,77987.34,0.0,2026-09-28 06:40:19+00:00
09/28/2026 01:45:19,N,48.2457,0.0,0.0,0.0,0.0,0.0,0.0,0.0,0.0,0.0,0.0,0.0,0.0,0.0,0.0,8264.33,77860.3,0.0,2026-09-28 06:45:19+00:00
09/28/2026 01:50:19,N,46.1755,0.0,0.0,0.0,0.0,0.0,0.0,0.0,0.0,0.0,0.0,0.0,0.0,0.0,0.0,8264.96,77756.05,0.0,2026-09-28 06:50:19+00:00
09/28/2026 01:55:19,N,45.2836,0.0,0.0,0.0,0.0,0.0,0.0,0.0,0.0,0.0,0.0,0.0,0.0,0.0,0.0,8657.78,77198.03,0.0,2026-09-28 06:55:19+00:00
09/28/2026 02:00:31,N,53.1951,0.0,0.0,0.0,0.0,0.0,0.0,0.0,0.0,0.0,0.0,0.0,0.0,0.0,0.0,8654.3,77163.48,0.0,2026-09-28 07:00:31+00:00
09/28/2026 02:05:22,N,52.7183,0.0,0.0,0.0,0.0,0.0,0.0,0.0,0.0,0.0,0.0,0.0,0.0,0.0,0.0,8652.19,77115.39,0.0,2026-09-28 07:05:22+00:00
09/28/2026 02:10:20,N,56.8715,0.0,0.0,0.0,0.0,0.0,0.0,0.0,0.0,0.0,0.0,0.0,0.0,0.0,0.0,8656.33,76997.34,0.0,2026-09-28 07:10:20+00:00
09/28/2026 02:15:20,N,56.3208,0.0,0.0,0.0,0.0,0.0,0.0,0.0,0.0,0.0,0.0,0.0,0.0,0.0,0.0,8673.28,76850.61,0.0,2026-09-28 07:15:20+00:00
09/28/2026 02:20:20,N,53.9413,0.0,0.0,0.0,0.0,0.0,0.0,0.0,0.0,0.0,0.0,0.0,0.0,0.0,0.0,8673.97,76839.89,0.0,2026-09-28 07:20:20+00:00
09/28/2026 02:25:19,N,53.949,0.0,0.0,0.0,0.0,0.0,0.0,0.0,0.0,0.0,0.0,0.0,0.0,0.0,0.0,8608.51,76673.73,0.0,2026-09-28 07:25:19+00:00
09/28/2026 02:30:20,N,50.7158,0.0,0.0,0.0,0.0,0.0,0.0,0.0,0.0,0.0,0.0,0.0,0.0,0.0,0.0,8582.66,76610.32,0.0,2026-09-28 07:30:20+00:00
09/28/2026 02:35:19,N,54.7554,0.0,0.0,0.0,0.0,0.0,0.0,0.0,0.0,0.0,0.0,0.0,0.0,0.0,0.0,8592.94,76530.59,0.0,2026-09-28 07:35:19+00:00
09/28/2026 02:40:19,N,52.7907,0.0,0.0,0.0,0.0,0.0,0.0,0.0,0.0,0.0,0.0,0.0,0.0,0.0,0.0,8206.97,76560.29,0.0,2026-09-28 07:40:19+00:00
09/28/2026 02:45:21,N,50.4689,0.0,0.0,0.0,0.0,0.0,0.0,0.0,0.0,0.0,0.0,0.0,0.0,0.0,0.0,8223.6,76534.16,0.0,2026-09-28 07:45:21+00:00
09/28/2026 02:50:20,N,47.6199,0.0,0.0,0.0,0.0,0.0,0.0,0.0,0.0,0.0,0.0,0.0,0.0,0.0,0.0,8332.9,76728.93,0.0,2026-09-28 07:50:20+00:00
09/28/2026 02:55:21,N,44.9676,0.0,0.0,0.0,0.0,0.0,0.0,0.0,0.0,0.0,0.0,0.0,0.0,0.0,0.0,8342.0,76568.38,0.0,2026-09-28 07:55:21+00:00
09/28/2026 03:00:20,N,41.7577,0.0,0.0,0.0,0.0,0.0,0.0,0.0,0.0,0.0,0.0,0.0,0.0,0.0,0.0,8445.14,77015.22,0.0,2026-09-28 08:00:20+00:00
09/28/2026 03:05:20,N,43.0524,0.0,0.0,0.0,0.0,0.0,0.0,0.0,0.0,0.0,0.0,0.0,0.0,0.0,0.0,8438.5,76984.43,0.0,2026-09-28 08:05:20+00:00
09/28/2026 03:10:20,N,43.8709,0.0,0.0,0.0,0.0,0.0,0.0,0.0,0.0,0.0,0.0,0.0,0.0,0.0,0.0,8446.59,76903.98,0.0,2026-09-28 08:10:20+00:00
09/28/2026 03:15:21,N,43.9057,0.0,0.0,0.0,0.0,0.0,0.0,0.0,0.0,0.0,0.0,0.0,0.0,0.0,0.0,8242.98,76805.18,0.0,2026-09-28 08:15:21+00:00
09/28/2026 03:20:19,N,41.5467,0.0,0.0,0.0,0.0,0.0,0.0,0.0,0.0,0.0,0.0,0.0,0.0,0.0,0.0,8255.77,76587.48,0.0,2026-09-28 08:20:19+00:00
09/28/2026 03:25:18,N,43.094,0.0,0.0,0.0,0.0,0.0,0.0,0.0,0.0,0.0,0.0,0.0,0.0,0.0,0.0,8093.08,76611.48,0.0,2026-09-28 08:25:18+00:00
09/28/2026 03:30:20,N,43.8865,0.0,0.0,0.0,0.0,0.0,0.0,0.0,0.0,0.0,0.0,0.0,0.0,0.0,0.0,8106.84,76619.55,0.0,2026-09-28 08:30:20+00:00
09/28/2026 03:35:19,N,45.6356,0.0,0.0,0.0,0.0,0.0,0.0,0.0,0.0,0.0,0.0,0.0,0.0,0.0,0.0,8110.94,76566.07,0.0,2026-09-28 08:35:19+00:00
09/28/2026 03:40:22,N,44.5375,0.0,0.0,0.0,0.0,0.0,0.0,0.0,0.0,0.0,0.0,0.0,0.0,0.0,0.0,8118.01,76565.49,0.0,2026-09-28 08:40:22+00:00
09/28/2026 03:45:23,N,43.7288,0.0,0.0,0.0,0.0,0.0,0.0,0.0,0.0,0.0,0.0,0.0,0.0,0.0,0.0,8140.03,76554.97,0.0,2026-09-28 08:45:23+00:00
09/28/2026 03:50:20,N,43.4598,0.0,0.0,0.0,0.0,0.0,0.0,0.0,0.0,0.0,0.0,0.0,0.0,0.0,0.0,8206.83,76496.44,0.0,2026-09-28 08:50:20+00:00
09/28/2026 03:55:21,N,40.9137,0.0,0.0,0.0,0.0,0.0,0.0,0.0,0.0,0.0,0.0,0.0,0.0,0.0,0.0,8254.61,76622.78,0.0,2026-09-28 08:55:21+00:00
09/28/2026 04:00:26,N,37.9103,0.0,0.0,0.0,0.0,0.0,0.0,0.0,0.0,0.0,0.0,0.0,0.0,0.0,0.0,8329.34,76658.45,0.0,2026-09-28 09:00:26+00:00
09/28/2026 04:05:22,N,43.4237,0.0,0.0,0.0,0.0,0.0,0.0,0.0,0.0,0.0,0.0,0.0,0.0,0.0,0.0,8269.1,76727.38,0.0,2026-09-28 09:05:22+00:00
09/28/2026 04:10:20,N,42.7023,0.0,0.0,0.0,0.0,0.0,0.0,0.0,0.0,0.0,0.0,0.0,0.0,0.0,0.0,8089.03,76599.43,0.0,2026-09-28 09:10:20+00:00
09/28/2026 04:15:20,N,42.6696,0.0,0.0,0.0,0.0,0.0,0.0,0.0,0.0,0.0,0.0,0.0,0.0,0.0,0.0,8273.02,76392.55,0.0,2026-09-28 09:15:20+00:00
09/28/2026 04:20:18,N,42.8874,0.0,0.0,0.0,0.0,0.0,0.0,0.0,0.0,0.0,0.0,0.0,0.0,0.0,0.0,8188.38,76425.58,0.0,2026-09-28 09:20:18+00:00
09/28/2026 04:25:17,N,42.5696,0.0,0.0,0.0,0.0,0.0,0.0,0.0,0.0,0.0,0.0,0.0,0.0,0.0,0.0,8188.42,76445.3,0.0,2026-09-28 09:25:17+00:00
09/28/2026 04:30:19,N,42.5121,0.0,0.0,0.0,0.0,0.0,0.0,0.0,0.0,0.0,0.0,0.0,0.0,0.0,0.0,8182.97,76420.62,0.0,2026-09-28 09:30:19+00:00
09/28/2026 04:35:18,N,42.7901,0.0,0.0,0.0,0.0,0.0,0.0,0.0,0.0,0.0,0.0,0.0,0.0,0.0,0.0,8190.37,76472.59,0.0,2026-09-28 09:35:18+00:00
09/28/2026 04:40:18,N,41.9886,0.0,0.0,0.0,0.0,0.0,0.0,0.0,0.0,0.0,0.0,0.0,0.0,0.0,0.0,8194.53,76509.68,0.0,2026-09-28 09:40:18+00:00
09/28/2026 04:45:18,N,41.7933,0.0,0.0,0.0,0.0,0.0,0.0,0.0,0.0,0.0,0.0,0.0,0.0,0.0,0.0,8002.5,76720.84,0.0,2026-09-28 09:45:18+00:00
09/28/2026 04:50:21,N,41.1795,0.0,0.0,0.0,0.0,0.0,0.0,0.0,0.0,0.0,0.0,0.0,0.0,0.0,0.0,8006.17,76734.26,0.0,2026-09-28 09:50:21+00:00
09/28/2026 04:55:21,N,40.8461,0.0,0.0,0.0,0.0,0.0,0.0,0.0,0.0,0.0,0.0,0.0,0.0,0.0,0.0,8031.28,76904.09,0.0,2026-09-28 09:55:21+00:00
09/28/2026 05:00:20,N,39.1662,0.0,0.0,0.0,0.0,0.0,0.0,0.0,0.0,0.0,0.0,0.0,0.0,0.0,0.0,8038.45,76815.05,0.0,2026-09-28 10:00:20+00:00
09/28/2026 05:05:18,N,39.0196,0.0,0.0,0.0,0.0,0.0,0.0,0.0,0.0,0.0,0.0,0.0,0.0,0.0,0.0,8030.56,76792.41,0.0,2026-09-28 10:05:18+00:00
09/28/2026 05:10:21,N,40.0084,0.0,0.0,0.0,0.0,0.0,0.0,0.0,0.0,0.0,0.0,0.0,0.0,0.0,0.0,8036.53,76819.13,0.0,2026-09-28 10:10:21+00:00
09/28/2026 05:15:18,N,42.0027,0.0,0.0,0.0,0.0,0.0,0.0,0.0,0.0,0.0,0.0,0.0,0.0,0.0,0.0,8031.93,76912.38,0.0,2026-09-28 10:15:18+00:00
09/28/2026 05:20:17,N,43.9601,0.0,0.0,0.0,0.0,0.0,0.0,0.0,0.0,0.0,0.0,0.0,0.0,0.0,0.0,8028.75,76857.22,0.0,2026-09-28 10:20:17+00:00
09/28/2026 05:25:17,N,43.9223,0.0,0.0,0.0,0.0,0.0,0.0,0.0,0.0,0.0,0.0,0.0,0.0,0.0,0.0,8021.9,76831.92,0.0,2026-09-28 10:25:17+00:00
09/28/2026 05:30:17,N,41.9238,0.0,0.0,0.0,0.0,0.0,0.0,0.0,0.0,0.0,0.0,0.0,0.0,0.0,0.0,8078.37,76776.79,0.0,2026-09-28 10:30:17+00:00
09/28/2026 05:35:17,N,44.4708,0.0,0.0,0.0,0.0,0.0,0.0,0.0,0.0,0.0,0.0,0.0,0.0,0.0,0.0,7826.88,76593.41,0.0,2026-09-28 10:35:17+00:00
09/28/2026 05:40:17,N,46.5741,0.0,0.0,0.0,0.0,0.0,0.0,0.0,0.0,0.0,0.0,0.0,0.0,0.0,0.0,7788.69,76529.39,0.0,2026-09-28 10:40:17+00:00
09/28/2026 05:45:20,N,47.7242,0.0,0.0,0.0,0.0,0.0,0.0,0.0,0.0,0.0,0.0,0.0,0.0,0.0,0.0,7767.03,76530.62,0.0,2026-09-28 10:45:20+00:00
09/28/2026 05:50:18,N,47.5678,0.0,0.0,0.0,0.0,0.0,0.0,0.0,0.0,0.0,0.0,0.0,0.0,0.0,0.0,7743.22,76536.87,0.0,2026-09-28 10:50:18+00:00
09/28/2026 05:55:22,N,42.9003,0.0,0.0,0.0,0.0,0.0,0.0,0.0,0.0,0.0,0.0,0.0,0.0,0.0,0.0,7697.87,76552.81,0.0,2026-09-28 10:55:22+00:00
09/28/2026 06:00:19,N,42.555,0.0,0.0,0.0,0.0,0.0,0.0,0.0,0.0,0.0,0.0,0.0,0.0,0.0,0.0,7809.01,76330.73,0.0,2026-09-28 11:00:19+00:00
09/28/2026 06:05:19,N,45.7742,0.0,0.0,0.0,0.0,0.0,0.0,0.0,0.0,0.0,0.0,0.0,0.0,0.0,0.0,7810.1,76249.93,0.0,2026-09-28 11:05:19+00:00
09/28/2026 06:10:19,N,50.118,0.0,0.0,0.0,0.0,0.0,0.0,0.0,0.0,0.0,0.0,0.0,0.0,0.0,0.0,7799.57,76138.53,0.0,2026-09-28 11:10:19+00:00
09/28/2026 06:15:19,N,49.9439,0.0,0.0,0.0,0.0,0.0,0.0,0.0,0.0,0.0,0.0,0.0,0.0,0.0,0.0,7853.3,76222.84,0.0,2026-09-28 11:15:19+00:00
09/28/2026 06:20:19,N,47.4851,0.0,0.0,0.0,0.0,0.0,0.0,0.0,0.0,0.0,0.0,0.0,0.0,0.0,0.0,7885.16,76184.33,0.0,2026-09-28 11:20:19+00:00
09/28/2026 06:25:18,N,50.3109,0.0,0.0,0.0,0.0,0.0,0.0,0.0,0.0,0.0,0.0,0.0,0.0,0.0,0.0,7884.81,76130.75,0.0,2026-09-28 11:25:18+00:00
09/28/2026 06:30:19,N,49.1804,0.0,0.0,0.0,0.0,0.0,0.0,0.0,0.0,0.0,0.0,0.0,0.0,0.0,0.0,7875.15,76163.64,0.0,2026-09-28 11:30:19+00:00
09/28/2026 06:35:18,N,49.3241,0.0,0.0,0.0,0.0,0.0,0.0,0.0,0.0,0.0,0.0,0.0,0.0,0.0,0.0,7857.78,76075.98,0.0,2026-09-28 11:35:18+00:00
09/28/2026 06:40:18,N,47.7054,0.0,0.0,0.0,0.0,0.0,0.0,0.0,0.0,0.0,0.0,0.0,0.0,0.0,0.0,7841.52,76154.36,0.0,2026-09-28 11:40:18+00:00
09/28/2026 06:45:19,N,46.539,0.0,0.0,0.0,0.0,0.0,0.0,0.0,0.0,0.0,0.0,0.0,0.0,0.0,0.0,7840.64,75907.44,0.0,2026-09-28 11:45:19+00:00
09/28/2026 06:50:17,N,47.4002,0.0,0.0,0.0,0.0,0.0,0.0,0.0,0.0,0.0,0.0,0.0,0.0,0.0,0.0,7847.62,75881.16,0.0,2026-09-28 11:50:17+00:00
09/28/2026 06:55:25,N,49.6693,0.0,0.0,0.0,0.0,0.0,0.0,0.0,0.0,0.0,0.0,0.0,0.0,0.0,0.0,7842.63,75881.48,0.0,2026-09-28 11:55:25+00:00
09/28/2026 07:00:22,N,49.0553,0.0,0.0,0.0,0.0,0.0,0.0,0.0,0.0,0.0,0.0,0.0,0.0,0.0,0.0,7854.69,75735.42,0.0,2026-09-28 12:00:22+00:00
09/28/2026 07:05:20,N,50.111,0.0,0.0,0.0,0.0,0.0,0.0,0.0,0.0,0.0,0.0,0.0,0.0,0.0,0.0,7953.97,75542.32,0.0,2026-09-28 12:05:20+00:00
09/28/2026 07:10:20,N,50.1271,0.0,0.0,0.0,0.0,0.0,0.0,0.0,0.0,0.0,0.0,0.0,0.0,0.0,0.0,7939.91,75601.18,0.0,2026-09-28 12:10:20+00:00
09/28/2026 07:15:19,N,50.9982,0.0,0.0,0.0,0.0,0.0,0.0,0.0,0.0,0.0,0.0,0.0,0.0,0.0,0.0,7946.57,75412.09,0.0,2026-09-28 12:15:19+00:00
09/28/2026 07:20:19,N,50.0544,0.0,0.0,0.0,0.0,0.0,0.0,0.0,0.0,0.0,0.0,0.0,0.0,0.0,0.0,7947.72,75335.63,0.0,2026-09-28 12:20:19+00:00
09/28/2026 07:25:19,N,50.2903,0.0,0.0,0.0,0.0,0.0,0.0,0.0,0.0,0.0,0.0,0.0,0.0,0.0,0.0,8136.29,76033.18,0.0,2026-09-28 12:25:19+00:00
09/28/2026 07:30:20,N,52.8613,0.0,0.0,0.0,0.0,0.0,0.0,0.0,0.0,0.0,0.0,0.0,0.0,0.0,0.0,8137.92,75615.98,0.0,2026-09-28 12:30:20+00:00
09/28/2026 07:35:20,N,53.5847,0.0,0.0,0.0,0.0,0.0,0.0,0.0,0.0,0.0,0.0,0.0,0.0,0.0,0.0,8135.41,75447.44,0.0,2026-09-28 12:35:20+00:00
09/28/2026 07:40:19,N,55.2018,0.0,0.0,0.0,0.0,0.0,0.0,0.0,0.0,0.0,0.0,0.0,0.0,0.0,0.0,8139.84,75425.88,0.0,2026-09-28 12:40:19+00:00
09/28/2026 07:45:19,N,53.1994,0.0,0.0,0.0,0.0,0.0,0.0,0.0,0.0,0.0,0.0,0.0,0.0,0.0,0.0,8132.02,75409.29,0.0,2026-09-28 12:45:19+00:00
09/28/2026 07:50:18,N,49.2875,0.0,0.0,0.0,0.0,0.0,0.0,0.0,0.0,0.0,0.0,0.0,0.0,0.0,0.0,8175.47,75694.7,0.0,2026-09-28 12:50:18+00:00
09/28/2026 07:55:20,N,44.8143,0.0,0.0,0.0,0.0,0.0,0.0,0.0,0.0,0.0,0.0,0.0,0.0,0.0,0.0,8195.82,76235.12,0.0,2026-09-28 12:55:20+00:00
09/28/2026 08:00:22,N,50.8517,0.0,0.0,0.0,0.0,0.0,0.0,0.0,0.0,0.0,0.0,0.0,0.0,0.0,0.0,8213.77,76719.53,0.0,2026-09-28 13:00:22+00:00
09/28/2026 08:05:23,N,47.248,0.0,0.0,0.0,0.0,0.0,0.0,0.0,0.0,0.0,0.0,0.0,0.0,0.0,0.0,7781.69,78121.83,0.0,2026-09-28 13:05:23+00:00
09/28/2026 08:10:19,N,39.5052,0.0,0.0,0.0,0.0,0.0,0.0,0.0,0.0,0.0,0.0,0.0,0.0,0.0,0.0,7871.02,78476.29,0.0,2026-09-28 13:10:19+00:00
09/28/2026 08:15:19,N,35.2335,0.0,0.0,0.0,0.0,0.0,0.0,0.0,0.0,0.0,0.0,0.0,0.0,0.0,0.0,7857.69,79823.83,0.0,2026-09-28 13:15:19+00:00
09/28/2026 08:20:17,N,34.6267,0.0,0.0,0.0,0.0,0.0,0.0,0.0,0.0,0.0,0.0,0.0,0.0,0.0,0.0,8093.62,80886.05,0.0,2026-09-28 13:20:17+00:00
09/28/2026 08:25:18,N,33.4262,0.0,0.0,0.0,0.0,0.0,0.0,0.0,0.0,0.0,0.0,0.0,0.0,0.0,0.0,7632.64,81546.09,0.0,2026-09-28 13:25:18+00:00
09/28/2026 08:30:19,N,30.2029,0.0,0.0,0.0,0.0,0.0,0.0,0.0,0.0,0.0,0.0,0.0,0.0,0.0,0.0,7551.41,82489.25,0.0,2026-09-28 13:30:19+00:00
09/28/2026 08:35:17,N,29.6818,0.0,0.0,0.0,0.0,0.0,0.0,0.0,0.0,0.0,0.0,0.0,0.0,0.0,0.0,7517.07,84072.71,0.0,2026-09-28 13:35:17+00:00
09/28/2026 08:40:18,N,28.6092,0.0,0.0,0.0,0.0,0.0,0.0,0.0,0.0,0.0,0.0,0.0,0.0,0.0,0.0,7332.73,85458.41,0.0,2026-09-28 13:40:18+00:00
09/28/2026 08:45:19,N,28.7629,0.0,0.0,0.0,0.0,0.0,0.0,0.0,0.0,0.0,0.0,0.0,0.0,0.0,0.0,7074.78,86881.84,0.0,2026-09-28 13:45:19+00:00
09/28/2026 08:50:17,N,27.8822,0.0,0.0,0.0,0.0,0.0,0.0,0.0,0.0,0.0,0.0,0.0,0.0,0.0,0.0,7140.6,87952.35,0.0,2026-09-28 13:50:17+00:00
09/28/2026 08:55:18,N,26.8378,0.0,0.0,0.0,0.0,0.0,0.0,0.0,0.0,0.0,0.0,0.0,0.0,0.0,0.0,7163.93,89307.48,0.0,2026-09-28 13:55:18+00:00
09/28/2026 09:00:20,N,29.6136,0.0,0.0,0.0,0.0,0.0,0.0,0.0,0.0,0.0,0.0,0.0,0.0,0.0,0.0,6861.61,90785.56,0.0,2026-09-28 14:00:20+00:00
09/28/2026 09:05:18,N,30.0521,0.0,0.0,0.0,0.0,0.0,0.0,0.0,0.0,0.0,0.0,0.0,0.0,0.0,0.0,6303.89,91808.62,0.0,2026-09-28 14:05:18+00:00
09/28/2026 09:10:18,N,29.6964,0.0,0.0,0.0,0.0,0.0,0.0,0.0,0.0,0.0,0.0,0.0,0.0,0.0,0.0,6343.82,92442.72,0.0,2026-09-28 14:10:18+00:00
09/28/2026 09:15:18,N,30.0311,0.0,0.0,0.0,0.0,0.0,0.0,0.0,0.0,0.0,0.0,0.0,0.0,0.0,0.0,6340.38,92493.73,0.0,2026-09-28 14:15:18+00:00
09/28/2026 09:20:18,N,29.714,0.0,0.0,0.0,0.0,0.0,0.0,0.0,0.0,0.0,0.0,0.0,0.0,0.0,0.0,6332.5,93203.42,0.0,2026-09-28 14:20:18+00:00
09/28/2026 09:25:16,N,29.8919,0.0,0.0,0.0,0.0,0.0,0.0,0.0,0.0,0.0,0.0,0.0,0.0,0.0,0.0,6335.21,93877.96,0.0,2026-09-28 14:25:16+00:00
09/28/2026 09:30:17,N,29.5544,0.0,0.0,0.0,0.0,0.0,0.0,0.0,0.0,0.0,0.0,0.0,0.0,0.0,0.0,6332.88,94684.02,0.0,2026-09-28 14:30:17+00:00
09/28/2026 09:35:17,N,29.2568,0.0,0.0,0.0,0.0,0.0,0.0,0.0,0.0,0.0,0.0,0.0,0.0,0.0,0.0,6338.25,95495.52,0.0,2026-09-28 14:35:17+00:00
09/28/2026 09:40:17,N,29.5244,0.0,0.0,0.0,0.0,0.0,0.0,0.0,0.0,0.0,0.0,0.0,0.0,0.0,0.0,6336.69,96045.05,0.0,2026-09-28 14:40:17+00:00
09/28/2026 09:45:18,N,30.1021,0.0,0.0,0.0,0.0,0.0,0.0,0.0,0.0,0.0,0.0,0.0,0.0,0.0,0.0,6334.02,96153.55,0.0,2026-09-28 14:45:18+00:00
09/28/2026 09:50:17,N,30.1019,0.0,0.0,0.0,0.0,0.0,0.0,0.0,0.0,0.0,0.0,0.0,0.0,0.0,0.0,6525.7,96643.39,0.0,2026-09-28 14:50:17+00:00
09/28/2026 09:55:17,N,29.9193,0.0,0.0,0.0,0.0,0.0,0.0,0.0,0.0,0.0,0.0,0.0,0.0,0.0,0.0,6593.68,98115.89,0.0,2026-09-28 14:55:17+00:00
09/28/2026 10:00:20,N,30.5161,0.0,0.0,0.0,0.0,0.0,0.0,0.0,0.0,0.0,0.0,0.0,0.0,0.0,0.0,6578.63,98189.49,0.0,2026-09-28 15:00:20+00:00
09/28/2026 10:05:18,N,30.8313,0.0,0.0,0.0,0.0,0.0,0.0,0.0,0.0,0.0,0.0,0.0,0.0,0.0,0.0,6591.1,97991.74,0.0,2026-09-28 15:05:18+00:00
09/28/2026 10:10:19,N,31.2787,0.0,0.0,0.0,0.0,0.0,0.0,0.0,0.0,0.0,0.0,0.0,0.0,0.0,0.0,6614.77,98232.72,0.0,2026-09-28 15:10:19+00:00
09/28/2026 10:15:18,N,31.7108,0.0,0.0,0.0,0.0,0.0,0.0,0.0,0.0,0.0,0.0,0.0,0.0,0.0,0.0,6422.11,98447.38,0.0,2026-09-28 15:15:18+00:00
09/28/2026 10:20:22,N,32.0953,0.0,0.0,0.0,0.0,0.0,0.0,0.0,0.0,0.0,0.0,0.0,0.0,0.0,0.0,6354.65,97950.21,0.0,2026-09-28 15:20:22+00:00
09/28/2026 10:25:18,N,35.0997,0.0,0.0,0.0,0.0,0.0,0.0,0.0,0.0,0.0,0.0,0.0,0.0,0.0,0.0,6376.45,98255.45,0.0,2026-09-28 15:25:18+00:00
09/28/2026 10:30:18,N,35.0831,0.0,0.0,0.0,0.0,0.0,0.0,0.0,0.0,0.0,0.0,0.0,0.0,0.0,0.0,6813.98,98853.76,0.0,2026-09-28 15:30:18+00:00
09/28/2026 10:35:17,N,34.4821,0.0,0.0,0.0,0.0,0.0,0.0,0.0,0.0,0.0,0.0,0.0,0.0,0.0,0.0,6934.7,99048.37,0.0,2026-09-28 15:35:17+00:00
09/28/2026 10:40:17,N,36.751,0.0,0.0,0.0,0.0,0.0,0.0,0.0,0.0,0.0,0.0,0.0,0.0,0.0,0.0,7029.56,98888.3,0.0,2026-09-28 15:40:17+00:00
09/28/2026 10:45:18,N,36.7103,0.0,0.0,0.0,0.0,0.0,0.0,0.0,0.0,0.0,0.0,0.0,0.0,0.0,0.0,7273.66,99213.73,0.0,2026-09-28 15:45:18+00:00
09/28/2026 10:50:18,N,36.7495,0.0,0.0,0.0,0.0,0.0,0.0,0.0,0.0,0.0,0.0,0.0,0.0,0.0,0.0,7616.41,99432.33,0.0,2026-09-28 15:50:18+00:00
09/28/2026 10:55:16,N,36.659,0.0,0.0,0.0,0.0,0.0,0.0,0.0,0.0,0.0,0.0,0.0,0.0,0.0,0.0,7924.42,99127.07,0.0,2026-09-28 15:55:16+00:00
09/28/2026 11:00:19,N,36.0245,0.0,0.0,0.0,0.0,0.0,0.0,0.0,0.0,0.0,0.0,0.0,0.0,0.0,0.0,7936.73,99531.14,0.0,2026-09-28 16:00:19+00:00
09/28/2026 11:05:17,N,36.7988,0.0,0.0,0.0,0.0,0.0,0.0,0.0,0.0,0.0,0.0,0.0,0.0,0.0,0.0,7988.53,99483.43,0.0,2026-09-28 16:05:17+00:00
09/28/2026 11:10:18,N,36.8892,0.0,0.0,0.0,0.0,0.0,0.0,0.0,0.0,0.0,0.0,0.0,0.0,0.0,0.0,8091.15,99611.86,0.0,2026-09-28 16:10:18+00:00
09/28/2026 11:15:18,N,37.1838,0.0,0.0,0.0,0.0,0.0,0.0,0.0,0.0,0.0,0.0,0.0,0.0,0.0,0.0,7935.72,99520.52,0.0,2026-09-28 16:15:18+00:00
09/28/2026 11:20:16,N,38.1054,0.0,0.0,0.0,0.0,0.0,0.0,0.0,0.0,0.0,0.0,0.0,0.0,0.0,0.0,7889.49,99845.73,0.0,2026-09-28 16:20:16+00:00
09/28/2026 11:25:16,N,38.4948,0.0,0.0,0.0,0.0,0.0,0.0,0.0,0.0,0.0,0.0,0.0,0.0,0.0,0.0,7962.82,99618.51,0.0,2026-09-28 16:25:16+00:00
09/28/2026 11:30:17,N,40.115,0.0,0.0,0.0,0.0,0.0,0.0,0.0,0.0,0.0,0.0,0.0,0.0,0.0,0.0,8303.03,99857.78,0.0,2026-09-28 16:30:17+00:00
09/28/2026 11:35:18,N,40.1575,0.0,0.0,0.0,0.0,0.0,0.0,0.0,0.0,0.0,0.0,0.0,0.0,0.0,0.0,8637.03,100321.34,0.0,2026-09-28 16:35:18+00:00
09/28/2026 11:40:17,N,39.5404,0.0,0.0,0.0,0.0,0.0,0.0,0.0,0.0,0.0,0.0,0.0,0.0,0.0,0.0,9091.49,100945.73,0.0,2026-09-28 16:40:17+00:00
09/28/2026 11:45:18,N,39.271,0.0,0.0,0.0,0.0,0.0,0.0,0.0,0.0,0.0,0.0,0.0,0.0,0.0,0.0,9216.19,101357.18,0.0,2026-09-28 16:45:18+00:00
09/28/2026 11:50:17,N,41.0303,0.0,0.0,0.0,0.0,0.0,0.0,0.0,0.0,0.0,0.0,0.0,0.0,0.0,0.0,9217.89,101062.56,0.0,2026-09-28 16:50:17+00:00
09/28/2026 11:55:18,N,41.1469,0.0,0.0,0.0,0.0,0.0,0.0,0.0,0.0,0.0,0.0,0.0,0.0,0.0,0.0,9271.46,101015.73,0.0,2026-09-28 16:55:18+00:00
09/28/2026 12:00:21,N,40.9264,0.0,0.0,0.0,0.0,0.0,0.0,0.0,0.0,0.0,0.0,0.0,0.0,0.0,0.0,9340.25,100650.63,0.0,2026-09-28 17:00:21+00:00
09/28/2026 12:05:19,N,41.5737,0.0,0.0,0.0,0.0,0.0,0.0,0.0,0.0,0.0,0.0,0.0,0.0,0.0,0.0,9118.46,101761.41,0.0,2026-09-28 17:05:19+00:00
09/28/2026 12:10:18,N,40.5291,0.0,0.0,0.0,0.0,0.0,0.0,0.0,0.0,0.0,0.0,0.0,0.0,0.0,0.0,9316.04,102103.96,0.0,2026-09-28 17:10:18+00:00
09/28/2026 12:15:18,N,40.0143,0.0,0.0,0.0,0.0,0.0,0.0,0.0,0.0,0.0,0.0,0.0,0.0,0.0,0.0,9278.73,102287.66,0.0,2026-09-28 17:15:18+00:00
09/28/2026 12:20:19,N,36.5156,0.0,0.0,0.0,0.0,0.0,0.0,0.0,0.0,0.0,0.0,0.0,0.0,0.0,0.0,9374.36,102738.75,0.0,2026-09-28 17:20:19+00:00
09/28/2026 12:25:20,N,34.5053,0.0,0.0,0.0,0.0,0.0,0.0,0.0,0.0,0.0,0.0,0.0,0.0,0.0,0.0,9598.77,103075.58,0.0,2026-09-28 17:25:20+00:00
09/28/2026 12:30:20,N,34.0818,0.0,0.0,0.0,0.0,0.0,0.0,0.0,0.0,0.0,0.0,0.0,0.0,0.0,0.0,9922.55,103037.65,0.0,2026-09-28 17:30:20+00:00
09/28/2026 12:35:20,N,34.0412,0.0,0.0,0.0,0.0,0.0,0.0,0.0,0.0,0.0,0.0,0.0,0.0,0.0,0.0,9981.31,103386.2,0.0,2026-09-28 17:35:20+00:00
09/28/2026 12:40:19,N,33.1947,0.0,0.0,0.0,0.0,0.0,0.0,0.0,0.0,0.0,0.0,0.0,0.0,0.0,0.0,10132.98,103307.21,0.0,2026-09-28 17:40:19+00:00
09/28/2026 12:45:18,N,31.7939,0.0,0.0,0.0,0.0,0.0,0.0,0.0,0.0,0.0,0.0,0.0,0.0,0.0,0.0,10603.31,104096.3,0.0,2026-09-28 17:45:18+00:00
09/28/2026 12:50:18,N,31.7945,0.0,0.0,0.0,0.0,0.0,0.0,0.0,0.0,0.0,0.0,0.0,0.0,0.0,0.0,10867.77,104358.89,0.0,2026-09-28 17:50:18+00:00
09/28/2026 12:55:20,N,34.4376,0.0,0.0,0.0,0.0,0.0,0.0,0.0,0.0,0.0,0.0,0.0,0.0,0.0,0.0,11034.06,104177.96,0.0,2026-09-28 17:55:20+00:00
09/28/2026 13:00:23,N,30.8318,0.0,0.0,0.0,0.0,0.0,0.0,0.0,0.0,0.0,0.0,0.0,0.0,0.0,0.0,11295.83,103841.24,0.0,2026-09-28 18:00:23+00:00
09/28/2026 13:05:21,N,30.8629,0.0,0.0,0.0,0.0,0.0,0.0,0.0,0.0,0.0,0.0,0.0,0.0,0.0,0.0,11595.33,104409.33,0.0,2026-09-28 18:05:21+00:00
09/28/2026 13:10:22,N,29.8733,0.0,0.0,0.0,0.0,0.0,0.0,0.0,0.0,0.0,0.0,0.0,0.0,0.0,0.0,12018.21,104401.7,0.0,2026-09-28 18:10:22+00:00
09/28/2026 13:15:21,N,31.2602,0.0,0.0,0.0,0.0,0.0,0.0,0.0,0.0,0.0,0.0,0.0,0.0,0.0,0.0,12122.34,104603.6,0.0,2026-09-28 18:15:21+00:00
09/28/2026 13:20:20,N,31.6731,0.0,0.0,0.0,0.0,0.0,0.0,0.0,0.0,0.0,0.0,0.0,0.0,0.0,0.0,12305.97,105363.54,0.0,2026-09-28 18:20:20+00:00
09/28/2026 13:25:21,N,33.558,0.0,0.0,0.0,0.0,0.0,0.0,0.0,0.0,0.0,0.0,0.0,0.0,0.0,0.0,12313.96,105167.43,0.0,2026-09-28 18:25:21+00:00
09/28/2026 13:30:20,N,34.8822,0.0,0.0,0.0,0.0,0.0,0.0,0.0,0.0,0.0,0.0,0.0,0.0,0.0,0.0,12618.35,105312.7,0.0,2026-09-28 18:30:20+00:00
09/28/2026 13:35:21,N,33.321,0.0,0.0,0.0,0.0,0.0,0.0,0.0,0.0,0.0,0.0,0.0,0.0,0.0,0.0,13092.41,105289.61,0.0,2026-09-28 18:35:21+00:00
09/28/2026 13:40:20,N,39.6437,0.0,0.0,0.0,0.0,0.0,0.0,0.0,0.0,0.0,0.0,0.0,0.0,0.0,0.0,13551.34,104855.02,0.0,2026-09-28 18:40:20+00:00
09/28/2026 13:45:20,N,41.2728,0.0,0.0,0.0,0.0,0.0,0.0,0.0,0.0,0.0,0.0,0.0,0.0,0.0,0.0,13526.4,105014.13,0.0,2026-09-28 18:45:20+00:00
09/28/2026 13:50:22,N,39.3401,0.0,0.0,0.0,0.0,0.0,0.0,0.0,0.0,0.0,0.0,0.0,0.0,0.0,0.0,13302.46,104958.97,0.0,2026-09-28 18:50:22+00:00
09/28/2026 13:55:22,N,39.4459,0.0,0.0,0.0,0.0,0.0,0.0,0.0,0.0,0.0,0.0,0.0,0.0,0.0,0.0,13409.35,105098.22,0.0,2026-09-28 18:55:22+00:00
09/28/2026 14:00:25,N,43.9118,0.0,0.0,0.0,0.0,0.0,0.0,0.0,0.0,0.0,0.0,0.0,0.0,0.0,0.0,13548.93,106196.48,0.0,2026-09-28 19:00:25+00:00
09/28/2026 14:05:20,N,47.0099,0.0,0.0,0.0,0.0,0.0,0.0,0.0,0.0,0.0,0.0,0.0,0.0,0.0,0.0,13608.41,106199.66,0.0,2026-09-28 19:05:20+00:00
09/28/2026 14:10:24,N,43.4818,0.0,0.0,0.0,0.0,0.0,0.0,0.0,0.0,0.0,0.0,0.0,0.0,0.0,0.0,13824.96,105869.09,0.0,2026-09-28 19:10:24+00:00
09/28/2026 14:15:23,N,35.84,0.0,0.0,0.0,0.0,0.0,0.0,0.0,0.0,0.0,0.0,0.0,0.0,0.0,0.0,13792.47,106075.89,0.0,2026-09-28 19:15:23+00:00
09/28/2026 14:20:19,N,48.1317,0.0,0.0,0.0,0.0,0.0,0.0,0.0,0.0,0.0,0.0,0.0,0.0,0.0,0.0,14049.81,106347.84,0.0,2026-09-28 19:20:19+00:00
09/28/2026 14:25:20,N,39.807,0.0,0.0,0.0,0.0,0.0,0.0,0.0,0.0,0.0,0.0,0.0,0.0,0.0,0.0,14087.65,106886.41,0.0,2026-09-28 19:25:20+00:00
09/28/2026 14:30:23,N,37.7905,0.0,0.0,0.0,0.0,0.0,0.0,0.0,0.0,0.0,0.0,0.0,0.0,0.0,0.0,13986.83,106850.02,0.0,2026-09-28 19:30:23+00:00
09/28/2026 14:35:23,N,41.7174,0.0,0.0,0.0,0.0,0.0,0.0,0.0,0.0,0.0,0.0,0.0,0.0,0.0,0.0,13642.94,106268.66,0.0,2026-09-28 19:35:23+00:00
09/28/2026 14:40:23,N,45.9918,0.0,0.0,0.0,0.0,0.0,0.0,0.0,0.0,0.0,0.0,0.0,0.0,0.0,0.0,13557.81,106400.25,0.0,2026-09-28 19:40:23+00:00
09/28/2026 14:45:24,N,43.6041,0.0,0.0,0.0,0.0,0.0,0.0,0.0,0.0,0.0,0.0,0.0,0.0,0.0,0.0,13623.91,106550.27,0.0,2026-09-28 19:45:24+00:00
09/28/2026 14:50:21,N,42.6407,0.0,0.0,0.0,0.0,0.0,0.0,0.0,0.0,0.0,0.0,0.0,0.0,0.0,0.0,13576.54,106244.95,0.0,2026-09-28 19:50:21+00:00
09/28/2026 14:55:22,N,52.3758,0.0,0.0,0.0,0.0,0.0,0.0,0.0,0.0,0.0,0.0,0.0,0.0,0.0,0.0,13605.92,105802.52,0.0,2026-09-28 19:55:22+00:00
09/28/2026 15:00:22,N,49.0808,0.0,0.0,0.0,0.0,0.0,0.0,0.0,0.0,0.0,0.0,0.0,0.0,0.0,0.0,13508.16,105823.12,0.0,2026-09-28 20:00:22+00:00
09/28/2026 15:05:21,N,41.8922,0.15,0.0,0.0,0.0,0.0,0.0,20.0,0.0,0.0,0.0,0.0,0.0,0.0,0.0,13608.88,105923.59,0.0,2026-09-28 20:05:21+00:00
09/28/2026 15:10:20,N,44.0825,0.0,0.0,0.0,0.0,0.0,0.0,20.0,0.0,0.0,0.0,0.0,0.0,0.0,0.0,13670.61,105860.8,0.0,2026-09-28 20:10:20+00:00
09/28/2026 15:15:19,N,60.0225,0.0,0.0,0.0,0.0,0.0,0.0,20.0,0.0,0.0,0.0,0.0,0.0,0.0,0.0,13858.47,105495.2,0.0,2026-09-28 20:15:19+00:00
09/28/2026 15:20:19,N,58.5097,0.0,0.0,0.0,0.0,0.0,0.0,20.0,0.0,0.0,0.0,0.0,0.0,0.0,0.0,13713.09,105420.84,0.0,2026-09-28 20:20:19+00:00
09/28/2026 15:25:20,N,65.8269,0.56,0.0,0.0,0.0,0.0,0.0,20.0,0.0,0.0,0.0,0.0,0.0,0.0,0.0,13588.76,105381.84,0.0,2026-09-28 20:25:20+00:00
09/28/2026 15:30:19,N,81.8085,0.0,0.0,0.0,0.0,0.0,0.0,20.0,0.0,0.0,0.0,0.0,0.0,0.0,0.0,13489.88,104465.36,0.0,2026-09-28 20:30:19+00:00
09/28/2026 15:35:19,N,74.0741,0.0,0.0,0.0,0.0,0.0,0.0,20.0,0.0,0.0,0.0,0.0,0.0,0.0,0.0,13707.96,104782.29,0.0,2026-09-28 20:35:19+00:00
09/28/2026 15:40:19,N,83.0014,0.0,0.0,0.0,0.0,0.0,0.0,20.0,0.0,0.0,0.0,0.0,0.0,0.0,0.0,13608.55,104897.55,0.0,2026-09-28 20:40:19+00:00
09/28/2026 15:45:19,N,75.619,0.0,0.0,0.0,0.0,0.0,0.0,20.0,0.0,0.0,0.0,0.0,0.0,0.0,0.0,14208.96,105408.0,0.0,2026-09-28 20:45:19+00:00
09/28/2026 15:50:19,N,88.8187,0.0,0.0,0.0,0.0,0.0,0.0,20.0,0.0,0.0,0.0,0.0,0.0,0.0,0.0,13955.59,105133.07,0.0,2026-09-28 20:50:19+00:00
09/28/2026 15:52:06,N,92.1269,0.0,0.0,0.02,0.0,0.0,0.0,20.0,0.0,0.0,0.0,0.0,0.0,0.0,0.0,13985.43,104727.97,0.0,2026-09-28 20:52:06+00:00
09/28/2026 15:55:19,N,92.7931,0.0,0.0,0.0,0.0,0.0,0.0,20.0,0.0,0.0,0.0,0.0,0.0,0.0,0.0,13974.16,104377.01,0.0,2026-09-28 20:55:19+00:00
09/28/2026 16:00:21,N,80.9393,0.0,0.0,0.67,0.0,0.0,0.0,45.0,0.0,0.0,0.0,0.0,0.0,0.0,0.0,14062.57,104947.5,0.0,2026-09-28 21:00:21+00:00
09/28/2026 16:05:19,N,98.9796,0.0,0.0,0.0,0.0,0.0,0.0,45.0,0.0,0.0,0.0,0.0,0.0,0.0,0.0,14424.15,105640.62,0.0,2026-09-28 21:05:19+00:00
09/28/2026 16:10:18,N,58.6012,0.0,0.0,0.0,0.0,0.0,0.0,45.0,0.0,0.0,0.0,0.0,0.0,0.0,0.0,14358.86,106572.59,0.0,2026-09-28 21:10:18+00:00
09/28/2026 16:15:19,N,60.896,0.0,0.0,0.0,0.0,0.0,0.0,45.0,0.0,0.0,0.0,0.0,0.0,0.0,0.0,14430.33,107112.46,0.0,2026-09-28 21:15:19+00:00
09/28/2026 16:18:16,N,65.2161,0.0,0.0,0.0,0.0,0.0,0.0,45.0,0.0,0.0,0.0,0.0,0.0,0.0,0.0,13991.72,106556.44,0.0,2026-09-28 21:18:16+00:00
09/28/2026 16:20:19,N,71.6738,0.0,0.0,0.0,0.0,0.0,0.0,45.0,0.0,0.0,0.0,0.0,0.0,0.0,0.0,13937.39,106426.99,0.0,2026-09-28 21:20:19+00:00
09/28/2026 16:25:19,N,82.4359,0.0,0.0,0.0,0.0,0.0,0.0,45.0,0.0,0.0,0.0,0.0,0.0,0.0,0.0,14183.06,106187.91,0.0,2026-09-28 21:25:19+00:00
09/28/2026 16:30:20,N,79.0274,2.4,0.0,0.0,0.0,0.0,0.0,45.0,0.0,0.0,0.0,0.0,0.0,0.0,0.0,14406.01,106605.93,0.0,2026-09-28 21:30:20+00:00
09/28/2026 16:35:20,N,85.4282,0.0,0.0,0.0,0.0,0.0,0.0,45.0,0.0,0.0,0.0,0.0,0.0,0.0,0.0,14425.05,106634.84,0.0,2026-09-28 21:35:20+00:00
09/28/2026 16:40:21,N,103.3009,0.0,0.0,0.0,0.0,0.0,0.0,45.0,0.0,0.0,0.0,0.0,0.0,0.0,0.0,14328.12,105987.77,0.0,2026-09-28 21:40:21+00:00
09/28/2026 16:42:07,N,124.0789,0.0,0.0,0.0,0.0,0.0,0.0,45.0,0.0,0.0,0.0,0.0,0.0,0.0,0.0,14379.03,105646.48,0.0,2026-09-28 21:42:07+00:00
09/28/2026 16:45:21,N,113.1534,0.0,0.0,0.0,0.0,0.0,0.0,45.0,0.0,0.0,0.0,0.0,0.0,0.0,0.0,14393.92,105591.88,0.0,2026-09-28 21:45:21+00:00
09/28/2026 16:50:19,N,110.5137,0.0,0.0,0.0,0.0,0.0,0.0,45.0,0.0,0.0,0.0,0.0,0.0,0.0,0.0,14342.23,105673.75,0.0,2026-09-28 21:50:19+00:00
09/28/2026 16:55:20,N,107.5134,0.0,0.0,0.0,0.0,0.0,0.0,45.0,0.0,0.0,0.0,0.0,0.0,0.0,0.0,14542.71,105862.16,0.0,2026-09-28 21:55:20+00:00
09/28/2026 17:00:22,N,83.8605,2.73,0.0,0.0,0.0,0.0,0.0,45.0,0.0,0.0,0.0,0.0,0.0,0.0,0.0,14838.0,106163.18,0.0,2026-09-28 22:00:22+00:00
09/28/2026 17:05:21,N,69.434,7.55,0.0,0.0,0.0,0.0,0.0,45.0,0.0,0.0,0.0,0.0,0.0,0.0,0.0,14398.33,107370.32,0.0,2026-09-28 22:05:21+00:00
09/28/2026 17:10:19,N,80.7727,4.72,0.0,0.0,0.0,0.0,0.0,45.0,0.0,0.0,0.0,0.0,0.0,0.0,0.0,14443.8,107635.52,0.0,2026-09-28 22:10:19+00:00
09/28/2026 17:15:21,N,95.0802,1.0,0.0,0.0,0.0,0.0,0.0,45.0,0.0,0.0,0.0,0.0,0.0,0.0,0.0,14342.8,106841.64,0.0,2026-09-28 22:15:21+00:00
09/28/2026 17:20:19,N,93.1182,3.1,0.0,0.0,0.0,0.0,0.0,45.0,0.0,0.0,0.0,0.0,0.0,0.0,0.0,14701.85,106824.91,0.0,2026-09-28 22:20:19+00:00
09/28/2026 17:25:20,N,93.4171,0.0,0.0,0.0,0.0,0.0,0.0,45.0,0.0,0.0,0.0,0.0,0.0,0.0,0.0,14747.22,106732.8,0.0,2026-09-28 22:25:20+00:00
09/28/2026 17:30:19,N,97.5407,0.0,0.0,0.0,0.0,0.0,0.0,45.0,0.0,0.0,0.0,0.0,0.0,0.0,0.0,14727.41,105712.63,0.0,2026-09-28 22:30:19+00:00
09/28/2026 17:35:19,N,102.2939,0.0,0.0,0.0,0.0,0.0,0.0,45.0,0.0,0.0,0.0,0.0,0.0,0.0,0.0,14649.66,104891.77,0.0,2026-09-28 22:35:19+00:00
09/28/2026 17:40:19,N,97.4969,0.0,0.0,0.0,0.0,0.0,0.0,45.0,0.0,0.0,0.0,0.0,0.0,0.0,0.0,14496.39,104796.71,0.0,2026-09-28 22:40:19+00:00
09/28/2026 17:45:19,N,101.2649,0.0,0.0,0.0,0.01,0.02,0.08,45.0,0.0,0.0,0.0,0.0,0.0,0.0,0.0,14873.19,103847.66,0.0,2026-09-28 22:45:19+00:00
09/28/2026 17:50:20,N,112.7334,0.0,0.08,0.0,0.01,0.02,0.08,45.0,0.0,0.0,0.0,0.0,0.0,0.0,0.0,14426.2,102915.83,0.0,2026-09-28 22:50:20+00:00
09/28/2026 17:55:21,N,114.3753,0.0,0.05,0.0,0.01,0.01,0.06,45.0,0.0,0.0,0.0,0.0,0.0,0.0,0.0,14219.38,102037.53,0.0,2026-09-28 22:55:21+00:00
09/28/2026 18:00:22,N,91.031,0.17,0.0,0.0,0.0,0.0,0.0,45.0,0.0,0.0,0.0,0.0,0.0,0.0,0.0,14285.63,101440.42,0.0,2026-09-28 23:00:22+00:00
09/28/2026 18:05:20,N,84.9985,0.32,0.0,0.0,0.0,0.0,0.0,45.0,0.0,0.0,0.0,0.0,0.0,0.0,0.0,14181.23,100009.32,0.0,2026-09-28 23:05:20+00:00
09/28/2026 18:10:21,N,94.2531,0.17,0.03,0.0,0.0,0.01,0.03,45.0,0.0,0.0,0.0,0.0,0.0,0.0,0.0,13877.19,99145.25,0.0,2026-09-28 23:10:21+00:00
09/28/2026 18:15:26,N,95.7665,0.0,0.11,0.0,0.01,0.03,0.11,45.0,0.0,0.0,0.0,0.0,0.0,0.0,0.0,13610.35,98435.18,0.0,2026-09-28 23:15:26+00:00
09/28/2026 18:20:20,N,81.1268,0.52,0.0,0.0,0.0,0.0,0.0,45.0,0.0,0.0,0.0,0.0,0.0,0.0,0.0,13584.42,97638.96,0.0,2026-09-28 23:20:20+00:00
09/28/2026 18:25:19,N,69.4471,1.3,0.0,0.0,0.0,0.0,0.0,45.0,0.0,0.0,0.0,0.0,0.0,0.0,0.0,13535.33,96833.88,0.0,2026-09-28 23:25:19+00:00
09/28/2026 18:30:20,N,59.5175,0.68,0.0,0.0,0.0,0.0,0.0,45.0,0.0,0.0,0.0,0.0,0.0,0.0,0.0,13350.2,96154.63,0.0,2026-09-28 23:30:20+00:00
09/28/2026 18:35:27,N,57.4532,1.14,0.0,0.0,0.0,0.0,0.0,45.0,0.0,0.0,0.0,0.0,0.0,0.0,0.0,13331.31,95486.07,0.0,2026-09-28 23:35:27+00:00
09/28/2026 18:40:21,N,59.9581,0.0,0.0,0.0,0.0,0.0,0.0,45.0,0.0,0.0,0.0,0.0,0.0,0.0,0.0,13201.22,94918.38,0.0,2026-09-28 23:40:21+00:00
09/28/2026 18:45:21,N,54.5705,0.08,0.0,0.0,0.0,0.0,0.0,45.0,0.0,0.0,0.0,0.0,0.0,0.0,0.0,13053.17,94207.48,0.0,2026-09-28 23:45:21+00:00
09/28/2026 18:50:21,N,53.8509,0.6,0.04,0.0,0.0,0.01,0.04,45.0,0.0,0.0,0.0,0.0,0.0,0.0,0.0,13046.18,93890.39,0.0,2026-09-28 23:50:21+00:00
09/28/2026 18:55:21,N,53.8526,0.49,0.0,0.0,0.0,0.0,0.0,45.0,0.0,0.0,0.0,0.0,0.0,0.0,0.0,12969.89,93507.09,0.0,2026-09-28 23:55:21+00:00
09/28/2026 19:00:23,N,61.2872,0.36,0.01,0.0,0.01,0.01,0.04,45.0,0.0,0.0,0.0,0.0,0.0,0.0,0.0,12811.4,93240.36,0.0,2026-09-29 00:00:23+00:00
09/28/2026 19:05:20,N,55.66,0.0,0.0,0.0,0.0,0.0,0.0,45.0,0.0,0.0,0.0,0.0,0.0,0.0,0.0,12328.74,92883.16,0.0,2026-09-29 00:05:20+00:00
09/28/2026 19:10:21,N,48.5397,0.01,0.02,0.0,0.02,0.02,0.05,45.0,0.0,0.0,0.0,0.0,0.0,0.0,0.0,12117.01,92148.41,0.0,2026-09-29 00:10:21+00:00
09/28/2026 19:15:22,N,49.275,0.19,0.01,0.0,0.01,0.03,0.11,45.0,0.0,0.0,0.0,0.0,0.0,0.0,0.0,11980.99,92123.53,0.0,2026-09-29 00:15:22+00:00
09/28/2026 19:20:20,N,50.2901,0.03,0.0,0.0,0.0,0.0,0.0,45.0,0.0,0.0,0.0,0.0,0.0,0.0,0.0,11940.68,91872.67,0.0,2026-09-29 00:20:20+00:00
09/28/2026 19:25:20,N,47.1508,0.32,0.0,0.0,0.0,0.0,0.05,45.0,0.0,0.0,0.0,0.0,0.0,0.0,0.0,11911.99,91711.37,0.0,2026-09-29 00:25:20+00:00
09/28/2026 19:30:21,N,36.1938,0.19,0.09,0.0,0.09,0.09,0.05,45.0,0.0,0.0,0.0,0.0,0.0,0.0,0.0,11817.77,91903.55,0.0,2026-09-29 00:30:21+00:00
09/28/2026 19:35:20,N,37.1402,0.15,0.01,0.0,0.01,0.01,0.0,45.0,0.0,0.0,0.0,0.0,0.0,0.0,0.0,11779.14,91890.06,0.0,2026-09-29 00:35:20+00:00
09/28/2026 19:40:20,N,37.4538,0.15,0.0,0.0,0.0,0.0,0.0,45.0,0.0,0.0,0.0,0.0,0.0,0.0,0.0,11656.77,91943.75,0.0,2026-09-29 00:40:20+00:00
09/28/2026 19:45:20,N,37.2298,0.01,0.0,0.0,0.0,0.0,0.0,45.0,0.0,0.0,0.0,0.0,0.0,0.0,0.0,11642.43,91668.14,0.0,2026-09-29 00:45:20+00:00
09/28/2026 19:50:21,N,37.0779,0.19,0.01,0.0,0.01,0.02,0.09,45.0,0.0,0.0,0.0,0.0,0.0,0.0,0.0,11444.44,91561.55,0.0,2026-09-29 00:50:21+00:00
09/28/2026 19:55:20,N,39.0351,0.25,0.0,0.0,0.0,0.01,0.03,45.0,0.0,0.0,0.0,0.0,0.0,0.0,0.0,11821.8,91557.44,0.0,2026-09-29 00:55:20+00:00
09/28/2026 20:00:21,N,39.7881,0.08,0.0,0.0,0.0,0.0,0.0,45.0,0.0,0.0,0.0,0.0,0.0,0.0,0.0,11684.72,91508.11,0.0,2026-09-29 01:00:21+00:00
09/28/2026 20:05:21,N,37.2241,0.01,0.0,0.0,0.0,0.0,0.0,45.0,0.0,0.0,0.0,0.0,0.0,0.0,0.0,11277.04,91505.17,0.0,2026-09-29 01:05:21+00:00
09/28/2026 20:10:21,N,38.5826,0.15,0.0,0.0,0.0,0.01,0.03,45.0,0.0,0.0,0.0,0.0,0.0,0.0,0.0,11126.32,91614.65,0.0,2026-09-29 01:10:21+00:00
09/28/2026 20:15:21,N,38.9229,0.15,0.0,0.0,0.0,0.0,0.0,45.0,0.0,0.0,0.0,0.0,0.0,0.0,0.0,10998.16,91813.75,0.0,2026-09-29 01:15:21+00:00
09/28/2026 20:20:21,N,36.8895,0.25,0.0,0.0,0.0,0.0,0.0,45.0,0.0,0.0,0.0,0.0,0.0,0.0,0.0,10982.49,92165.33,0.0,2026-09-29 01:20:21+00:00
09/28/2026 20:25:19,N,35.5774,0.17,0.0,0.0,0.0,0.0,0.0,45.0,0.0,0.0,0.0,0.0,0.0,0.0,0.0,10724.29,92568.4,0.0,2026-09-29 01:25:19+00:00
09/28/2026 20:30:20,N,35.8118,0.0,0.0,0.0,0.0,0.0,0.0,45.0,0.0,0.0,0.0,0.0,0.0,0.0,0.0,10671.58,92970.16,0.0,2026-09-29 01:30:20+00:00
09/28/2026 20:35:20,N,36.2505,0.0,0.0,0.0,0.0,0.0,0.0,45.0,0.0,0.0,0.0,0.0,0.0,0.0,0.0,10627.69,92359.15,0.0,2026-09-29 01:35:20+00:00
09/28/2026 20:40:20,N,35.2524,0.0,0.0,0.0,0.01,0.03,0.12,45.0,0.0,0.0,0.0,0.0,0.0,0.0,0.0,10633.57,92375.2,0.0,2026-09-29 01:40:20+00:00
09/28/2026 20:45:20,N,35.0944,0.0,0.0,0.0,0.03,0.05,0.21,45.0,0.0,0.0,0.0,0.0,0.0,0.0,0.0,10627.94,92350.31,0.0,2026-09-29 01:45:20+00:00
09/28/2026 20:50:20,N,34.9937,0.0,0.0,0.0,0.01,0.03,0.12,45.0,0.0,0.0,0.0,0.0,0.0,0.0,0.0,10608.63,92408.42,0.0,2026-09-29 01:50:20+00:00
09/28/2026 20:55:20,N,34.9491,0.0,0.01,0.0,0.01,0.02,0.06,45.0,0.0,0.0,0.0,0.0,0.0,0.0,0.0,10553.94,92712.02,0.0,2026-09-29 01:55:20+00:00
09/28/2026 21:00:23,N,35.5816,0.0,0.01,0.0,0.01,0.03,0.11,45.0,0.0,0.0,0.0,0.0,0.0,0.0,0.0,10540.59,93036.54,0.0,2026-09-29 02:00:23+00:00
09/28/2026 21:05:20,N,37.4401,0.0,0.01,0.0,0.03,0.06,0.25,45.0,0.0,0.0,0.0,0.0,0.0,0.0,0.0,10693.03,92820.54,0.0,2026-09-29 02:05:20+00:00
09/28/2026 21:10:22,N,37.8611,0.0,0.02,0.0,0.02,0.03,0.13,45.0,0.0,0.0,0.0,0.0,0.0,0.0,0.0,10495.28,92646.56,0.0,2026-09-29 02:10:22+00:00
09/28/2026 21:15:20,N,35.8201,0.0,0.01,0.0,0.01,0.02,0.07,45.0,0.0,0.0,0.0,0.0,0.0,0.0,0.0,10328.63,92095.08,0.0,2026-09-29 02:15:20+00:00
09/28/2026 21:20:19,N,34.5825,0.0,0.0,0.0,0.0,0.0,0.0,45.0,0.0,0.0,0.0,0.0,0.0,0.0,0.0,10324.83,92123.49,0.0,2026-09-29 02:20:19+00:00
09/28/2026 21:25:19,N,34.0698,0.19,0.0,0.0,0.0,0.0,0.0,45.0,0.0,0.0,0.0,0.0,0.0,0.0,0.0,10185.99,92241.72,0.0,2026-09-29 02:25:19+00:00
09/28/2026 21:30:20,N,32.1915,0.29,0.03,0.0,0.03,0.05,0.22,45.0,0.0,0.0,0.0,0.0,0.0,0.0,0.0,10164.46,92406.13,0.0,2026-09-29 02:30:20+00:00
09/28/2026 21:35:18,N,32.4815,0.3,0.02,0.0,0.02,0.03,0.14,45.0,0.0,0.0,0.0,0.0,0.0,0.0,0.0,9947.99,92352.15,0.0,2026-09-29 02:35:18+00:00
09/28/2026 21:40:18,N,32.2511,0.35,0.02,0.0,0.02,0.04,0.15,45.0,0.0,0.0,0.0,0.0,0.0,0.0,0.0,9609.59,92392.41,0.0,2026-09-29 02:40:18+00:00
09/28/2026 21:45:18,N,31.1408,0.42,0.0,0.0,0.0,0.0,0.0,45.0,0.0,0.0,0.0,0.0,0.0,0.0,0.0,9567.42,92326.92,0.0,2026-09-29 02:45:18+00:00
09/28/2026 21:50:19,N,30.588,0.36,0.0,0.0,0.0,0.0,0.0,45.0,0.0,0.0,0.0,0.0,0.0,0.0,0.0,9368.13,92371.52,0.0,2026-09-29 02:50:19+00:00
09/28/2026 21:55:19,N,30.4476,0.48,0.0,0.0,0.0,0.0,0.0,45.0,0.0,0.0,0.0,0.0,0.0,0.0,0.0,9451.87,92167.27,0.0,2026-09-29 02:55:19+00:00
09/28/2026 22:00:21,N,29.2787,0.77,0.0,0.0,0.0,0.0,0.02,45.0,0.0,0.0,0.0,0.0,0.0,0.0,0.0,9480.06,91796.76,0.0,2026-09-29 03:00:21+00:00
09/28/2026 22:05:21,N,29.3724,0.76,0.0,0.0,0.0,0.0,0.0,45.0,0.0,0.0,0.0,0.0,0.0,0.0,0.0,9532.5,91707.15,0.0,2026-09-29 03:05:21+00:00
09/28/2026 22:10:21,N,29.0737,0.41,0.0,0.0,0.0,0.0,0.0,45.0,0.0,0.0,0.0,0.0,0.0,0.0,0.0,9341.7,91906.92,0.0,2026-09-29 03:10:21+00:00
09/28/2026 22:15:21,N,28.311,0.71,0.0,0.0,0.0,0.0,0.01,45.0,0.0,0.0,0.0,0.0,0.0,0.0,0.0,9166.8,91738.21,0.0,2026-09-29 03:15:21+00:00
09/28/2026 22:20:20,N,27.5637,1.14,0.02,0.0,0.02,0.05,0.19,45.0,0.0,0.0,0.0,0.0,0.0,0.0,0.0,8565.36,91696.29,0.0,2026-09-29 03:20:20+00:00
09/28/2026 22:25:18,N,27.0992,1.39,0.0,0.0,0.0,0.0,0.0,45.0,0.0,0.0,0.0,0.0,0.0,0.0,0.0,8345.48,91373.48,0.0,2026-09-29 03:25:18+00:00
09/28/2026 22:30:19,N,25.3447,1.6,0.0,0.0,0.0,0.0,0.0,45.0,0.0,0.0,0.0,0.0,0.0,0.0,0.0,8350.35,90434.02,0.0,2026-09-29 03:30:19+00:00
09/28/2026 22:35:18,N,25.0867,1.34,0.0,0.0,0.0,0.0,0.0,45.0,0.0,0.0,0.0,0.0,0.0,0.0,0.0,8345.54,90691.65,0.0,2026-09-29 03:35:18+00:00
09/28/2026 22:40:17,N,24.8363,0.81,0.0,0.0,0.0,0.0,0.0,45.0,0.0,0.0,0.0,0.0,0.0,0.0,0.0,8247.9,91034.5,0.0,2026-09-29 03:40:17+00:00
09/28/2026 22:45:17,N,24.5459,0.73,0.0,0.0,0.0,0.0,0.0,45.0,0.0,0.0,0.0,0.0,0.0,0.0,0.0,8256.05,91178.9,0.0,2026-09-29 03:45:17+00:00
09/28/2026 22:50:19,N,23.3383,0.93,0.08,0.0,0.0,0.0,0.0,45.0,0.0,0.0,0.0,0.0,0.0,0.0,0.0,8338.01,91061.11,0.0,2026-09-29 03:50:19+00:00
09/28/2026 22:55:17,N,23.6022,1.05,0.03,0.0,0.0,0.0,0.0,45.0,0.0,0.0,0.0,0.0,0.0,0.0,0.0,7655.92,91372.38,0.0,2026-09-29 03:55:17+00:00
09/28/2026 23:00:19,N,24.3045,0.71,0.0,0.0,0.0,0.0,0.0,25.0,0.0,0.0,0.0,0.0,0.0,0.0,0.0,7445.3,91609.48,0.0,2026-09-29 04:00:19+00:00
09/28/2026 23:05:17,N,24.88,0.91,0.01,0.0,0.01,0.0,0.09,25.0,0.0,0.0,0.0,0.0,0.0,0.0,0.0,7085.14,91500.16,0.0,2026-09-29 04:05:17+00:00
09/28/2026 23:10:18,N,23.8998,0.56,0.0,0.0,0.0,0.0,0.0,25.0,0.0,0.0,0.0,0.0,0.0,0.0,0.0,7014.02,91247.21,0.0,2026-09-29 04:10:18+00:00
09/28/2026 23:15:17,N,23.7355,0.45,0.0,0.0,0.0,0.0,0.0,25.0,0.0,0.0,0.0,0.0,0.0,0.0,0.0,7010.98,91265.57,0.0,2026-09-29 04:15:17+00:00
09/28/2026 23:20:18,N,23.4356,0.44,0.02,0.0,0.0,0.0,0.04,25.0,0.0,0.0,0.0,0.0,0.0,0.0,0.0,6971.0,91173.48,0.0,2026-09-29 04:20:18+00:00
09/28/2026 23:25:16,N,23.0993,0.61,0.0,0.0,0.0,0.0,0.0,25.0,0.0,0.0,0.0,0.0,0.0,0.0,0.0,6964.04,91163.23,0.0,2026-09-29 04:25:16+00:00
09/28/2026 23:30:16,N,23.3362,0.17,0.0,0.0,0.0,0.0,0.0,25.0,0.0,0.0,0.0,0.0,0.0,0.0,0.0,6972.44,91164.25,0.0,2026-09-29 04:30:16+00:00
09/28/2026 23:35:16,N,22.9247,0.37,0.0,0.0,0.0,0.0,0.0,25.0,0.0,0.0,0.0,0.0,0.0,0.0,0.0,6967.92,91017.23,0.0,2026-09-29 04:35:16+00:00
09/28/2026 23:40:17,N,22.7112,0.39,0.0,0.0,0.0,0.0,0.01,25.0,0.0,0.0,0.0,0.0,0.0,0.0,0.0,6966.17,90934.11,0.0,2026-09-29 04:40:17+00:00
09/28/2026 23:45:16,N,22.2931,0.58,0.0,0.0,0.0,0.0,0.02,25.0,0.0,0.0,0.0,0.0,0.0,0.0,0.0,6966.22,90996.05,0.0,2026-09-29 04:45:16+00:00
09/28/2026 23:50:17,N,22.0328,0.74,0.0,0.0,0.0,0.0,0.0,25.0,0.0,0.0,0.0,0.0,0.0,0.0,0.0,6971.31,90910.91,0.0,2026-09-29 04:50:17+00:00
09/28/2026 23:55:17,N,22.1092,0.59,0.0,0.0,0.0,0.0,0.0,25.0,0.0,0.0,0.0,0.0,0.0,0.0,0.0,6977.79,90871.35,0.0,2026-09-29 04:55:17+00:00
09/29/2026 00:00:20,N,21.7257,0.0,0.0,0.0,0.0,0.0,0.0,0.0,0.0,0.0,0.0,0.0,0.0,0.0,0.0,6692.04,90237.88,0.0,2026-09-29 05:00:20+00:00
09/29/2026 00:05:18,N,22.2653,0.0,0.0,0.0,0.0,0.0,0.0,0.0,0.0,0.0,0.0,0.0,0.0,0.0,0.0,6555.41,90501.62,0.0,2026-09-29 05:05:18+00:00
09/29/2026 00:10:17,N,22.3797,0.0,0.0,0.0,0.0,0.0,0.0,0.0,0.0,0.0,0.0,0.0,0.0,0.0,0.0,6459.99,89841.93,0.0,2026-09-29 05:10:17+00:00
09/29/2026 00:15:17,N,21.9428,0.0,0.0,0.0,0.0,0.0,0.0,0.0,0.0,0.0,0.0,0.0,0.0,0.0,0.0,6495.57,89430.93,0.0,2026-09-29 05:15:17+00:00
09/29/2026 00:20:17,N,22.4269,0.0,0.0,0.0,0.0,0.0,0.0,0.0,0.0,0.0,0.0,0.0,0.0,0.0,0.0,6509.32,89229.84,0.0,2026-09-29 05:20:17+00:00
09/29/2026 00:25:18,N,22.6207,0.0,0.0,0.0,0.0,0.0,0.0,0.0,0.0,0.0,0.0,0.0,0.0,0.0,0.0,6477.73,89057.79,0.0,2026-09-29 05:25:18+00:00
09/29/2026 00:30:18,N,22.4486,0.0,0.0,0.0,0.0,0.0,0.0,0.0,0.0,0.0,0.0,0.0,0.0,0.0,0.0,6333.9,88900.99,0.0,2026-09-29 05:30:18+00:00
09/29/2026 00:35:17,N,22.5014,0.0,0.0,0.0,0.0,0.0,0.0,0.0,0.0,0.0,0.0,0.0,0.0,0.0,0.0,6343.42,88774.99,0.0,2026-09-29 05:35:17+00:00
09/29/2026 00:40:17,N,22.4188,0.0,0.0,0.0,0.0,0.0,0.0,0.0,0.0,0.0,0.0,0.0,0.0,0.0,0.0,6308.61,88777.79,0.0,2026-09-29 05:40:17+00:00
09/29/2026 00:45:18,N,21.8107,0.0,0.0,0.0,0.0,0.0,0.0,0.0,0.0,0.0,0.0,0.0,0.0,0.0,0.0,6328.25,88851.26,0.0,2026-09-29 05:45:18+00:00
09/29/2026 00:50:17,N,21.8701,0.0,0.0,0.0,0.0,0.0,0.0,0.0,0.0,0.0,0.0,0.0,0.0,0.0,0.0,6318.82,88493.22,0.0,2026-09-29 05:50:17+00:00
09/29/2026 00:53:45,N,21.7988,0.0,0.0,0.0,0.0,0.0,0.0,0.0,0.0,0.0,0.0,0.0,0.0,0.0,0.0,6362.0,88547.01,0.0,2026-09-29 05:53:45+00:00
09/29/2026 00:55:17,N,21.8024,0.0,0.0,0.0,0.0,0.0,0.0,0.0,0.0,0.0,0.0,0.0,0.0,0.0,0.0,6360.96,88484.57,0.0,2026-09-29 05:55:17+00:00
09/29/2026 01:00:20,N,21.9413,0.0,0.0,0.0,0.0,0.0,0.0,0.0,0.0,0.0,0.0,0.0,0.0,0.0,0.0,6306.8,88366.61,0.0,2026-09-29 06:00:20+00:00
09/29/2026 01:05:17,N,21.7684,0.0,0.0,0.0,0.0,0.0,0.0,0.0,0.0,0.0,0.0,0.0,0.0,0.0,0.0,6310.33,87989.51,0.0,2026-09-29 06:05:17+00:00
09/29/2026 01:10:18,N,21.6126,0.0,0.0,0.0,0.0,0.0,0.0,0.0,0.0,0.0,0.0,0.0,0.0,0.0,0.0,6298.66,88109.75,0.0,2026-09-29 06:10:18+00:00
09/29/2026 01:15:19,N,21.4535,0.0,0.0,0.0,0.0,0.0,0.0,0.0,0.0,0.0,0.0,0.0,0.0,0.0,0.0,6286.77,88245.88,0.0,2026-09-29 06:15:19+00:00
09/29/2026 01:20:17,N,20.9083,0.0,0.0,0.0,0.0,0.0,0.0,0.0,0.0,0.0,0.0,0.0,0.0,0.0,0.0,6271.33,88146.01,0.0,2026-09-29 06:20:17+00:00
09/29/2026 01:25:19,N,20.9271,0.0,0.0,0.0,0.0,0.0,0.0,0.0,0.0,0.0,0.0,0.0,0.0,0.0,0.0,6223.45,88267.24,0.0,2026-09-29 06:25:19+00:00
09/29/2026 01:30:18,N,20.7126,0.0,0.0,0.0,0.0,0.0,0.0,0.0,0.0,0.0,0.0,0.0,0.0,0.0,0.0,6222.78,88365.51,0.0,2026-09-29 06:30:18+00:00
09/29/2026 01:35:19,N,20.5414,0.0,0.0,0.0,0.0,0.0,0.0,0.0,0.0,0.0,0.0,0.0,0.0,0.0,0.0,6218.18,88454.8,0.0,2026-09-29 06:35:19+00:00
09/29/2026 01:40:19,N,20.2757,0.0,0.0,0.0,0.0,0.0,0.0,0.0,0.0,0.0,0.0,0.0,0.0,0.0,0.0,6225.97,88472.59,0.0,2026-09-29 06:40:19+00:00
09/29/2026 01:45:17,N,20.4704,0.0,0.0,0.0,0.0,0.0,0.0,0.0,0.0,0.0,0.0,0.0,0.0,0.0,0.0,6233.39,88481.22,0.0,2026-09-29 06:45:17+00:00
09/29/2026 01:50:16,N,20.2706,0.0,0.0,0.0,0.0,0.0,0.0,0.0,0.0,0.0,0.0,0.0,0.0,0.0,0.0,6234.98,88443.34,0.0,2026-09-29 06:50:16+00:00
09/29/2026 01:55:17,N,20.5366,0.0,0.0,0.0,0.0,0.0,0.0,0.0,0.0,0.0,0.0,0.0,0.0,0.0,0.0,6238.8,88421.55,0.0,2026-09-29 06:55:17+00:00
09/29/2026 02:00:20,N,20.8046,0.0,0.0,0.0,0.0,0.0,0.0,0.0,0.0,0.0,0.0,0.0,0.0,0.0,0.0,6243.9,88772.15,0.0,2026-09-29 07:00:20+00:00
09/29/2026 02:05:20,N,21.2257,0.0,0.0,0.0,0.0,0.0,0.0,0.0,0.0,0.0,0.0,0.0,0.0,0.0,0.0,6256.73,88809.53,0.0,2026-09-29 07:05:20+00:00
09/29/2026 02:10:18,N,20.3157,0.0,0.0,0.0,0.0,0.0,0.0,0.0,0.0,0.0,0.0,0.0,0.0,0.0,0.0,6266.82,88856.67,0.0,2026-09-29 07:10:18+00:00
09/29/2026 02:15:17,N,20.5119,0.0,0.0,0.0,0.0,0.0,0.0,0.0,0.0,0.0,0.0,0.0,0.0,0.0,0.0,6278.63,88855.58,0.0,2026-09-29 07:15:17+00:00
09/29/2026 02:20:18,N,20.1117,0.0,0.0,0.0,0.0,0.0,0.0,0.0,0.0,0.0,0.0,0.0,0.0,0.0,0.0,6241.5,88843.74,0.0,2026-09-29 07:20:18+00:00
09/29/2026 02:25:18,N,20.1218,0.0,0.0,0.0,0.0,0.0,0.0,0.0,0.0,0.0,0.0,0.0,0.0,0.0,0.0,6383.13,88868.03,0.0,2026-09-29 07:25:18+00:00
09/29/2026 02:30:18,N,20.6874,0.0,0.0,0.0,0.0,0.0,0.0,0.0,0.0,0.0,0.0,0.0,0.0,0.0,0.0,6454.71,88862.63,0.0,2026-09-29 07:30:18+00:00
09/29/2026 02:35:18,N,20.0635,0.0,0.0,0.0,0.0,0.0,0.0,0.0,0.0,0.0,0.0,0.0,0.0,0.0,0.0,6463.05,88827.87,0.0,2026-09-29 07:35:18+00:00
09/29/2026 02:40:18,N,20.2522,0.0,0.0,0.0,0.0,0.0,0.0,0.0,0.0,0.0,0.0,0.0,0.0,0.0,0.0,6467.22,88896.17,0.0,2026-09-29 07:40:18+00:00
09/29/2026 02:45:18,N,20.5426,0.0,0.0,0.0,0.0,0.0,0.0,0.0,0.0,0.0,0.0,0.0,0.0,0.0,0.0,6480.51,88780.51,0.0,2026-09-29 07:45:18+00:00
09/29/2026 02:50:18,N,21.0591,0.0,0.0,0.0,0.0,0.0,0.0,0.0,0.0,0.0,0.0,0.0,0.0,0.0,0.0,6477.6,88706.23,0.0,2026-09-29 07:50:18+00:00
09/29/2026 02:55:18,N,20.7003,0.0,0.0,0.0,0.0,0.0,0.0,0.0,0.0,0.0,0.0,0.0,0.0,0.0,0.0,6484.57,88613.81,0.0,2026-09-29 07:55:18+00:00
09/29/2026 03:00:18,N,20.6518,0.0,0.0,0.0,0.0,0.0,0.0,0.0,0.0,0.0,0.0,0.0,0.0,0.0,0.0,6505.02,88537.6,0.0,2026-09-29 08:00:18+00:00
09/29/2026 03:05:18,N,21.1102,0.0,0.0,0.0,0.0,0.0,0.0,0.0,0.0,0.0,0.0,0.0,0.0,0.0,0.0,6125.34,88846.77,0.0,2026-09-29 08:05:18+00:00
09/29/2026 03:10:18,N,20.8465,0.0,0.0,0.0,0.0,0.0,0.0,0.0,0.0,0.0,0.0,0.0,0.0,0.0,0.0,6137.81,88714.73,0.0,2026-09-29 08:10:18+00:00
09/29/2026 03:15:18,N,21.0698,0.0,0.0,0.0,0.0,0.0,0.0,0.0,0.0,0.0,0.0,0.0,0.0,0.0,0.0,6167.85,88577.74,0.0,2026-09-29 08:15:18+00:00
09/29/2026 03:20:17,N,20.7097,0.0,0.0,0.0,0.0,0.0,0.0,0.0,0.0,0.0,0.0,0.0,0.0,0.0,0.0,6217.75,88550.45,0.0,2026-09-29 08:20:17+00:00
09/29/2026 03:25:18,N,20.7785,0.0,0.0,0.0,0.0,0.0,0.0,0.0,0.0,0.0,0.0,0.0,0.0,0.0,0.0,6260.52,88472.27,0.0,2026-09-29 08:25:18+00:00
09/29/2026 03:30:19,N,21.1423,0.0,0.0,0.0,0.0,0.0,0.0,0.0,0.0,0.0,0.0,0.0,0.0,0.0,0.0,6264.86,88459.38,0.0,2026-09-29 08:30:19+00:00
09/29/2026 03:35:18,N,21.3353,0.0,0.0,0.0,0.0,0.0,0.0,0.0,0.0,0.0,0.0,0.0,0.0,0.0,0.0,6270.59,88357.63,0.0,2026-09-29 08:35:18+00:00
09/29/2026 03:40:17,N,21.4087,0.0,0.0,0.0,0.0,0.0,0.0,0.0,0.0,0.0,0.0,0.0,0.0,0.0,0.0,6266.72,88175.55,0.0,2026-09-29 08:40:17+00:00
09/29/2026 03:45:19,N,21.561,0.0,0.0,0.0,0.0,0.0,0.0,0.0,0.0,0.0,0.0,0.0,0.0,0.0,0.0,6359.93,88057.41,0.0,2026-09-29 08:45:19+00:00
09/29/2026 03:50:18,N,21.5363,0.0,0.0,0.0,0.0,0.0,0.0,0.0,0.0,0.0,0.0,0.0,0.0,0.0,0.0,6480.16,87955.77,0.0,2026-09-29 08:50:18+00:00
09/29/2026 03:55:22,N,21.005,0.0,0.0,0.0,0.0,0.0,0.0,0.0,0.0,0.0,0.0,0.0,0.0,0.0,0.0,6629.31,87814.63,0.0,2026-09-29 08:55:22+00:00
09/29/2026 04:00:23,N,20.5805,0.0,0.0,0.0,0.0,0.0,0.0,0.0,0.0,0.0,0.0,0.0,0.0,0.0,0.0,6687.27,87649.93,0.0,2026-09-29 09:00:23+00:00
09/29/2026 04:05:17,N,21.516,0.0,0.0,0.0,0.0,0.0,0.0,0.0,0.0,0.0,0.0,0.0,0.0,0.0,0.0,6788.6,87483.66,0.0,2026-09-29 09:05:17+00:00
09/29/2026 04:10:17,N,21.2188,0.0,0.0,0.0,0.0,0.0,0.0,0.0,0.0,0.0,0.0,0.0,0.0,0.0,0.0,6832.01,87359.77,0.0,2026-09-29 09:10:17+00:00
09/29/2026 04:15:16,N,21.5276,0.0,0.0,0.0,0.0,0.0,0.0,0.0,0.0,0.0,0.0,0.0,0.0,0.0,0.0,6888.5,87206.1,0.0,2026-09-29 09:15:16+00:00
09/29/2026 04:20:17,N,21.5989,0.0,0.0,0.0,0.0,0.0,0.0,0.0,0.0,0.0,0.0,0.0,0.0,0.0,0.0,6912.23,87052.09,0.0,2026-09-29 09:20:17+00:00
09/29/2026 04:25:16,N,21.5252,0.0,0.0,0.0,0.0,0.0,0.0,0.0,0.0,0.0,0.0,0.0,0.0,0.0,0.0,6930.63,86872.39,0.0,2026-09-29 09:25:16+00:00
09/29/2026 04:30:17,N,21.6303,0.0,0.0,0.0,0.0,0.0,0.0,0.0,0.0,0.0,0.0,0.0,0.0,0.0,0.0,6945.26,86755.51,0.0,2026-09-29 09:30:17+00:00
09/29/2026 04:35:16,N,23.1117,0.0,0.0,0.0,0.0,0.0,0.0,0.0,0.0,0.0,0.0,0.0,0.0,0.0,0.0,6974.28,86598.55,0.0,2026-09-29 09:35:16+00:00
09/29/2026 04:40:16,N,22.8195,0.0,0.0,0.0,0.0,0.0,0.0,0.0,0.0,0.0,0.0,0.0,0.0,0.0,0.0,6961.82,86475.51,0.0,2026-09-29 09:40:16+00:00
09/29/2026 04:45:16,N,22.5374,0.0,0.0,0.0,0.0,0.0,0.0,0.0,0.0,0.0,0.0,0.0,0.0,0.0,0.0,7006.23,86439.27,0.0,2026-09-29 09:45:16+00:00
09/29/2026 04:50:16,N,22.8055,0.0,0.0,0.0,0.0,0.0,0.0,0.0,0.0,0.0,0.0,0.0,0.0,0.0,0.0,6999.1,86282.34,0.0,2026-09-29 09:50:16+00:00
09/29/2026 04:55:16,N,22.8171,0.0,0.0,0.0,0.0,0.0,0.0,0.0,0.0,0.0,0.0,0.0,0.0,0.0,0.0,6997.33,86107.45,0.0,2026-09-29 09:55:16+00:00
09/29/2026 05:00:17,N,22.4907,0.0,0.0,0.0,0.0,0.0,0.0,0.0,0.0,0.0,0.0,0.0,0.0,0.0,0.0,7028.98,85978.63,0.0,2026-09-29 10:00:17+00:00
09/29/2026 05:05:18,N,23.7692,0.0,0.0,0.0,0.0,0.0,0.0,0.0,0.0,0.0,0.0,0.0,0.0,0.0,0.0,6971.82,85778.79,0.0,2026-09-29 10:05:18+00:00
09/29/2026 05:10:17,N,24.0188,0.0,0.0,0.0,0.0,0.0,0.0,0.0,0.0,0.0,0.0,0.0,0.0,0.0,0.0,6965.31,85645.72,0.0,2026-09-29 10:10:17+00:00
09/29/2026 05:15:17,N,24.6423,0.0,0.0,0.0,0.0,0.0,0.0,0.0,0.0,0.0,0.0,0.0,0.0,0.0,0.0,6960.19,85530.84,0.0,2026-09-29 10:15:17+00:00
09/29/2026 05:20:17,N,24.7845,0.0,0.0,0.0,0.0,0.0,0.0,0.0,0.0,0.0,0.0,0.0,0.0,0.0,0.0,6956.04,85370.53,0.0,2026-09-29 10:20:17+00:00
09/29/2026 05:25:16,N,25.0142,0.0,0.0,0.0,0.0,0.0,0.0,0.0,0.0,0.0,0.0,0.0,0.0,0.0,0.0,6989.3,85151.16,0.0,2026-09-29 10:25:16+00:00
09/29/2026 05:30:17,N,25.4958,0.0,0.0,0.0,0.0,0.0,0.0,0.0,0.0,0.0,0.0,0.0,0.0,0.0,0.0,6973.54,84959.25,0.0,2026-09-29 10:30:17+00:00
09/29/2026 05:35:17,N,26.5233,0.0,0.0,0.0,0.0,0.0,0.0,0.0,0.0,0.0,0.0,0.0,0.0,0.0,0.0,6970.97,84696.06,0.0,2026-09-29 10:35:17+00:00
09/29/2026 05:40:16,N,28.9754,0.0,0.0,0.0,0.0,0.0,0.0,0.0,0.0,0.0,0.0,0.0,0.0,0.0,0.0,6979.6,84427.37,0.0,2026-09-29 10:40:16+00:00
09/29/2026 05:45:16,N,30.063,0.0,0.0,0.0,0.0,0.0,0.0,0.0,0.0,0.0,0.0,0.0,0.0,0.0,0.0,7063.67,84260.93,0.0,2026-09-29 10:45:16+00:00
09/29/2026 05:50:16,N,30.2872,0.0,0.0,0.0,0.0,0.0,0.0,0.0,0.0,0.0,0.0,0.0,0.0,0.0,0.0,7045.95,83997.63,0.0,2026-09-29 10:50:16+00:00
09/29/2026 05:55:17,N,31.7574,0.0,0.0,0.0,0.0,0.0,0.0,0.0,0.0,0.0,0.0,0.0,0.0,0.0,0.0,7041.77,83753.77,0.0,2026-09-29 10:55:17+00:00
09/29/2026 06:00:20,N,32.6724,0.0,0.0,0.0,0.0,0.0,0.0,0.0,0.0,0.0,0.0,0.0,0.0,0.0,0.0,7035.94,83560.48,0.0,2026-09-29 11:00:20+00:00
09/29/2026 06:05:16,N,36.8533,0.0,0.0,0.0,0.0,0.0,0.0,0.0,0.0,0.0,0.0,0.0,0.0,0.0,0.0,7015.65,83378.94,0.0,2026-09-29 11:05:16+00:00
09/29/2026 06:10:17,N,38.9865,0.0,0.0,0.0,0.0,0.0,0.0,0.0,0.0,0.0,0.0,0.0,0.0,0.0,0.0,7107.07,83177.66,0.0,2026-09-29 11:10:17+00:00
09/29/2026 06:15:18,N,39.2844,0.0,0.0,0.0,0.0,0.0,0.0,0.0,0.0,0.0,0.0,0.0,0.0,0.0,0.0,7127.52,83352.0,0.0,2026-09-29 11:15:18+00:00
09/29/2026 06:20:17,N,41.8703,0.0,0.0,0.0,0.0,0.0,0.0,0.0,0.0,0.0,0.0,0.0,0.0,0.0,0.0,7308.45,82628.51,0.0,2026-09-29 11:20:17+00:00
09/29/2026 06:25:17,N,33.9219,0.0,0.0,0.0,0.0,0.0,0.0,0.0,0.0,0.0,0.0,0.0,0.0,0.0,0.0,7388.11,82636.02,0.0,2026-09-29 11:25:17+00:00
09/29/2026 06:30:18,N,37.0372,0.0,0.0,0.0,0.0,0.0,0.0,0.0,0.0,0.0,0.0,0.0,0.0,0.0,0.0,7383.12,82598.87,0.0,2026-09-29 11:30:18+00:00
09/29/2026 06:35:17,N,41.0485,0.0,0.0,0.0,0.0,0.0,0.0,0.0,0.0,0.0,0.0,0.0,0.0,0.0,0.0,7318.79,82427.1,0.0,2026-09-29 11:35:17+00:00
09/29/2026 06:40:19,N,47.5356,0.0,0.0,0.0,0.0,0.0,0.0,0.0,0.0,0.0,0.0,0.0,0.0,0.0,0.0,7234.53,82118.86,0.0,2026-09-29 11:40:19+00:00
09/29/2026 06:45:18,N,41.2101,0.0,0.0,0.0,0.0,0.0,0.0,0.0,0.0,0.0,0.0,0.0,0.0,0.0,0.0,7422.2,82135.48,0.0,2026-09-29 11:45:18+00:00
09/29/2026 06:50:19,N,40.8067,0.0,0.0,0.0,0.0,0.0,0.0,0.0,0.0,0.0,0.0,0.0,0.0,0.0,0.0,7302.09,81975.19,0.0,2026-09-29 11:50:19+00:00
09/29/2026 06:55:18,N,41.6203,0.0,0.0,0.0,0.0,0.0,0.0,0.0,0.0,0.0,0.0,0.0,0.0,0.0,0.0,7290.52,81756.35,0.0,2026-09-29 11:55:18+00:00
09/29/2026 07:00:21,N,44.0379,0.0,0.0,0.0,0.0,0.0,0.0,0.0,0.0,0.0,0.0,0.0,0.0,0.0,0.0,7454.58,81339.89,0.0,2026-09-29 12:00:21+00:00
09/29/2026 07:05:18,N,46.8481,0.0,0.0,0.0,0.0,0.0,0.0,0.0,0.0,0.0,0.0,0.0,0.0,0.0,0.0,7402.66,81103.76,0.0,2026-09-29 12:05:18+00:00
09/29/2026 07:10:18,N,43.6497,0.0,0.0,0.0,0.0,0.0,0.0,0.0,0.0,0.0,0.0,0.0,0.0,0.0,0.0,7313.68,80875.18,0.0,2026-09-29 12:10:18+00:00
09/29/2026 07:15:18,N,42.2571,0.0,0.0,0.0,0.0,0.0,0.0,0.0,0.0,0.0,0.0,0.0,0.0,0.0,0.0,6970.81,80751.62,0.0,2026-09-29 12:15:18+00:00
09/29/2026 07:20:18,N,42.1268,0.0,0.0,0.0,0.0,0.0,0.0,0.0,0.0,0.0,0.0,0.0,0.0,0.0,0.0,6998.06,80606.18,0.0,2026-09-29 12:20:18+00:00
09/29/2026 07:25:16,N,54.0954,0.0,0.0,0.0,0.0,0.0,0.0,0.0,0.0,0.0,0.0,0.0,0.0,0.0,0.0,6999.58,80410.29,0.0,2026-09-29 12:25:16+00:00
09/29/2026 07:30:19,N,52.6819,0.0,0.0,0.0,0.0,0.0,0.0,0.0,0.0,0.0,0.0,0.0,0.0,0.0,0.0,7046.62,80463.38,0.0,2026-09-29 12:30:19+00:00
09/29/2026 07:35:17,N,52.7188,0.0,0.0,0.0,0.0,0.0,0.0,0.0,0.0,0.0,0.0,0.0,0.0,0.0,0.0,7011.71,80198.51,0.0,2026-09-29 12:35:17+00:00
09/29/2026 07:40:18,N,53.1653,0.0,0.0,0.0,0.0,0.0,0.0,0.0,0.0,0.0,0.0,0.0,0.0,0.0,0.0,7006.1,80128.54,0.0,2026-09-29 12:40:18+00:00
09/29/2026 07:45:18,N,42.1209,0.0,0.0,0.0,0.0,0.0,0.0,0.0,0.0,0.0,0.0,0.0,0.0,0.0,0.0,6999.99,80311.94,0.0,2026-09-29 12:45:18+00:00
09/29/2026 07:50:18,N,38.1575,0.0,0.0,0.0,0.0,0.0,0.0,0.0,0.0,0.0,0.0,0.0,0.0,0.0,0.0,6966.33,81021.09,0.0,2026-09-29 12:50:18+00:00
09/29/2026 07:55:18,N,35.8678,0.0,0.0,0.0,0.0,0.0,0.0,0.0,0.0,0.0,0.0,0.0,0.0,0.0,0.0,6798.19,81585.71,0.0,2026-09-29 12:55:18+00:00
09/29/2026 08:00:19,N,33.1703,0.0,0.0,0.0,0.0,0.0,0.0,0.0,0.0,0.0,0.0,0.0,0.0,0.0,0.0,6768.02,81700.13,0.0,2026-09-29 13:00:19+00:00
09/29/2026 08:05:17,N,39.379,0.0,0.0,0.0,0.0,0.0,0.0,0.0,0.0,0.0,0.0,0.0,0.0,0.0,0.0,7078.13,81801.96,0.0,2026-09-29 13:05:17+00:00
09/29/2026 08:10:19,N,41.0379,0.0,0.0,0.0,0.0,0.0,0.0,0.0,0.0,0.0,0.0,0.0,0.0,0.0,0.0,7036.24,82313.13,0.0,2026-09-29 13:10:19+00:00
09/29/2026 08:15:17,N,34.0927,0.0,0.0,0.0,0.0,0.0,0.0,0.0,0.0,0.0,0.0,0.0,0.0,0.0,0.0,6794.37,83052.38,0.0,2026-09-29 13:15:17+00:00
09/29/2026 08:20:17,N,28.6606,0.0,0.0,0.0,0.0,0.0,0.0,0.0,0.0,0.0,0.0,0.0,0.0,0.0,0.0,6756.11,84067.66,0.0,2026-09-29 13:20:17+00:00
09/29/2026 08:25:17,N,26.5545,0.0,0.0,0.0,0.0,0.0,0.0,0.0,0.0,0.0,0.0,0.0,0.0,0.0,0.0,6755.88,84869.48,0.0,2026-09-29 13:25:17+00:00
09/29/2026 08:30:17,N,27.8685,0.0,0.0,0.0,0.0,0.0,0.0,0.0,0.0,0.0,0.0,0.0,0.0,0.0,0.0,7077.27,85460.11,0.0,2026-09-29 13:30:17+00:00
09/29/2026 08:35:17,N,23.2684,0.0,0.0,0.0,0.0,0.0,0.0,0.0,0.0,0.0,0.0,0.0,0.0,0.0,0.0,7316.46,86616.21,0.0,2026-09-29 13:35:17+00:00
09/29/2026 08:40:17,N,24.2217,0.0,0.0,0.0,0.0,0.0,0.0,0.0,0.0,0.0,0.0,0.0,0.0,0.0,0.0,6835.91,87385.77,0.0,2026-09-29 13:40:17+00:00
09/29/2026 08:45:19,N,29.586,0.0,0.0,0.0,0.0,0.0,0.0,0.0,0.0,0.0,0.0,0.0,0.0,0.0,0.0,7259.91,87809.34,0.0,2026-09-29 13:45:19+00:00
09/29/2026 08:50:18,N,29.9421,0.0,0.0,0.0,0.0,0.0,0.0,0.0,0.0,0.0,0.0,0.0,0.0,0.0,0.0,7112.76,88018.54,0.0,2026-09-29 13:50:18+00:00
09/29/2026 08:55:17,N,28.6455,0.0,0.0,0.0,0.0,0.0,0.0,0.0,0.0,0.0,0.0,0.0,0.0,0.0,0.0,7102.9,88891.77,0.0,2026-09-29 13:55:17+00:00
09/29/2026 09:00:18,N,30.7238,0.0,0.0,0.0,0.0,0.0,0.0,0.0,0.0,0.0,0.0,0.0,0.0,0.0,0.0,7596.45,89322.91,0.0,2026-09-29 14:00:18+00:00
09/29/2026 09:05:17,N,30.1696,0.0,0.0,0.0,0.0,0.0,0.0,0.0,0.0,0.0,0.0,0.0,0.0,0.0,0.0,7569.84,89936.16,0.0,2026-09-29 14:05:17+00:00
09/29/2026 09:10:18,N,28.8819,0.0,0.0,0.0,0.0,0.0,0.0,0.0,0.0,0.0,0.0,0.0,0.0,0.0,0.0,7657.67,90210.88,0.0,2026-09-29 14:10:18+00:00
09/29/2026 09:15:19,N,25.4336,0.0,0.0,0.0,0.0,0.0,0.0,0.0,0.0,0.0,0.0,0.0,0.0,0.0,0.0,7540.77,91186.48,0.0,2026-09-29 14:15:19+00:00
09/29/2026 09:20:18,N,25.0524,0.0,0.0,0.0,0.0,0.0,0.0,0.0,0.0,0.0,0.0,0.0,0.0,0.0,0.0,7518.64,91263.32,0.0,2026-09-29 14:20:18+00:00
09/29/2026 09:25:17,N,26.7878,0.0,0.0,0.0,0.0,0.0,0.0,0.0,0.0,0.0,0.0,0.0,0.0,0.0,0.0,7478.78,92195.91,0.0,2026-09-29 14:25:17+00:00
09/29/2026 09:30:17,N,23.448,0.0,0.0,0.0,0.0,0.0,0.0,0.0,0.0,0.0,0.0,0.0,0.0,0.0,0.0,7150.58,92901.69,0.0,2026-09-29 14:30:17+00:00
09/29/2026 09:35:17,N,22.5805,0.0,0.0,0.0,0.0,0.0,0.0,0.0,0.0,0.0,0.0,0.0,0.0,0.0,0.0,7183.73,93713.68,0.0,2026-09-29 14:35:17+00:00
09/29/2026 09:40:17,N,20.9645,0.0,0.0,0.0,0.0,0.0,0.0,0.0,0.0,0.0,0.0,0.0,0.0,0.0,0.0,7028.94,94208.27,0.0,2026-09-29 14:40:17+00:00
09/29/2026 09:45:17,N,20.7805,0.0,0.0,0.0,0.0,0.0,0.0,0.0,0.0,0.0,0.0,0.0,0.0,0.0,0.0,7107.42,94661.01,0.0,2026-09-29 14:45:17+00:00
09/29/2026 09:50:18,N,19.3057,0.0,0.0,0.0,0.0,0.0,0.0,0.0,0.0,0.0,0.0,0.0,0.0,0.0,0.0,7236.04,95562.63,0.0,2026-09-29 14:50:18+00:00
09/29/2026 09:55:17,N,20.4165,0.0,0.0,0.0,0.0,0.0,0.0,0.0,0.0,0.0,0.0,0.0,0.0,0.0,0.0,7507.55,95703.16,0.0,2026-09-29 14:55:17+00:00
09/29/2026 10:00:19,N,21.7327,0.0,0.0,0.0,0.0,0.0,0.0,0.0,0.0,0.0,0.0,0.0,0.0,0.0,0.0,7381.04,95944.33,0.0,2026-09-29 15:00:19+00:00
09/29/2026 10:05:17,N,22.0462,0.0,0.0,0.0,0.0,0.0,0.0,0.0,0.0,0.0,0.0,0.0,0.0,0.0,0.0,7526.2,96032.44,0.0,2026-09-29 15:05:17+00:00
09/29/2026 10:10:16,N,20.3302,0.0,0.0,0.0,0.0,0.0,0.0,0.0,0.0,0.0,0.0,0.0,0.0,0.0,0.0,7715.42,96660.29,0.0,2026-09-29 15:10:16+00:00
09/29/2026 10:15:16,N,21.9194,0.0,0.0,0.0,0.0,0.0,0.0,0.0,0.0,0.0,0.0,0.0,0.0,0.0,0.0,7733.12,96811.37,0.0,2026-09-29 15:15:16+00:00
09/29/2026 10:17:55,N,22.7982,0.0,0.0,0.0,0.0,0.0,0.0,0.0,0.0,0.0,0.0,0.0,0.0,0.0,0.0,7576.97,96632.93,0.0,2026-09-29 15:17:55+00:00
09/29/2026 10:20:17,N,22.5139,0.0,0.0,0.0,0.0,0.0,0.0,0.0,0.0,0.0,0.0,0.0,0.0,0.0,0.0,7567.26,96785.84,0.0,2026-09-29 15:20:17+00:00
09/29/2026 10:25:17,N,21.8951,0.0,0.0,0.0,0.0,0.0,0.0,0.0,0.0,0.0,0.0,0.0,0.0,0.0,0.0,7464.43,97443.84,0.0,2026-09-29 15:25:17+00:00
09/29/2026 10:30:17,N,20.9887,0.0,0.0,0.0,0.0,0.0,0.0,0.0,0.0,0.0,0.0,0.0,0.0,0.0,0.0,7669.37,98217.08,0.0,2026-09-29 15:30:17+00:00
09/29/2026 10:35:17,N,20.7978,0.0,0.0,0.0,0.0,0.0,0.0,0.0,0.0,0.0,0.0,0.0,0.0,0.0,0.0,7522.84,98716.95,0.0,2026-09-29 15:35:17+00:00
09/29/2026 10:40:16,N,22.0839,0.0,0.0,0.0,0.0,0.0,0.0,0.0,0.0,0.0,0.0,0.0,0.0,0.0,0.0,7437.56,98488.58,0.0,2026-09-29 15:40:16+00:00
09/29/2026 10:45:17,N,23.3339,0.0,0.0,0.0,0.0,0.0,0.0,0.0,0.0,0.0,0.0,0.0,0.0,0.0,0.0,7339.02,98415.14,0.0,2026-09-29 15:45:17+00:00
09/29/2026 10:50:17,N,23.463,0.0,0.0,0.0,0.0,0.0,0.0,0.0,0.0,0.0,0.0,0.0,0.0,0.0,0.0,6844.13,97919.03,0.0,2026-09-29 15:50:17+00:00
09/29/2026 10:55:18,N,22.2106,0.0,0.0,0.0,0.0,0.0,0.0,0.0,0.0,0.0,0.0,0.0,0.0,0.0,0.0,6954.76,98105.08,0.0,2026-09-29 15:55:18+00:00
09/29/2026 11:00:20,N,23.3016,0.0,0.0,0.0,0.0,0.0,0.0,0.0,0.0,0.0,0.0,0.0,0.0,0.0,0.0,7025.0,98119.09,0.0,2026-09-29 16:00:20+00:00
09/29/2026 11:05:19,N,22.7803,0.0,0.0,0.0,0.0,0.0,0.0,0.0,0.0,0.0,0.0,0.0,0.0,0.0,0.0,7173.94,98637.25,0.0,2026-09-29 16:05:19+00:00
09/29/2026 11:10:17,N,22.0046,0.0,0.0,0.0,0.0,0.0,0.0,0.0,0.0,0.0,0.0,0.0,0.0,0.0,0.0,7178.22,99391.46,0.0,2026-09-29 16:10:17+00:00
09/29/2026 11:14:02,N,22.4419,0.0,0.0,0.0,0.0,0.0,0.0,0.0,0.0,0.0,0.0,0.0,0.0,0.0,0.0,7466.78,99910.6,0.0,2026-09-29 16:14:02+00:00
09/29/2026 11:15:18,N,22.5804,0.0,0.0,0.0,0.0,0.0,0.0,0.0,0.0,0.0,0.0,0.0,0.0,0.0,0.0,7483.14,100099.46,0.0,2026-09-29 16:15:18+00:00
09/29/2026 11:20:18,N,23.5273,0.0,0.0,0.0,0.0,0.0,0.0,0.0,0.0,0.0,0.0,0.0,0.0,0.0,0.0,7290.99,100501.02,0.0,2026-09-29 16:20:18+00:00
09/29/2026 11:25:17,N,23.889,0.0,0.0,0.0,0.0,0.0,0.0,0.0,0.0,0.0,0.0,0.0,0.0,0.0,0.0,7166.57,100804.93,0.0,2026-09-29 16:25:17+00:00
09/29/2026 11:30:20,N,28.0373,0.0,0.0,0.0,0.0,0.0,0.0,0.0,0.0,0.0,0.0,0.0,0.0,0.0,0.0,6999.14,101063.38,0.0,2026-09-29 16:30:20+00:00
09/29/2026 11:35:18,N,27.3815,0.0,0.0,0.0,0.0,0.0,0.0,0.0,0.0,0.0,0.0,0.0,0.0,0.0,0.0,6991.9,101786.3,0.0,2026-09-29 16:35:18+00:00
09/29/2026 11:40:17,N,26.9318,0.0,0.0,0.0,0.0,0.0,0.0,0.0,0.0,0.0,0.0,0.0,0.0,0.0,0.0,7311.76,102613.49,0.0,2026-09-29 16:40:17+00:00
09/29/2026 11:45:20,N,26.7288,0.0,0.0,0.0,0.0,0.0,0.0,0.0,0.0,0.0,0.0,0.0,0.0,0.0,0.0,7503.74,102899.69,0.0,2026-09-29 16:45:20+00:00
09/29/2026 11:50:18,N,27.6089,0.0,0.0,0.0,0.0,0.0,0.0,0.0,0.0,0.0,0.0,0.0,0.0,0.0,0.0,7372.75,103164.67,0.0,2026-09-29 16:50:18+00:00
09/29/2026 11:51:40,N,27.2773,0.0,0.0,0.0,0.0,0.0,0.0,0.0,0.0,0.0,0.0,0.0,0.0,0.0,0.0,7611.52,103090.21,0.0,2026-09-29 16:51:40+00:00
09/29/2026 11:55:19,N,27.183,0.0,0.0,0.0,0.0,0.0,0.0,0.0,0.0,0.0,0.0,0.0,0.0,0.0,0.0,7672.73,103066.66,0.0,2026-09-29 16:55:19+00:00
09/29/2026 12:00:21,N,20.4538,0.0,0.0,0.0,0.0,0.0,0.0,0.0,0.0,0.0,0.0,0.0,0.0,0.0,0.0,7705.36,103431.07,0.0,2026-09-29 17:00:21+00:00
09/29/2026 12:05:20,N,24.8768,0.0,0.0,0.0,0.0,0.0,0.0,0.0,0.0,0.0,0.0,0.0,0.0,0.0,0.0,7836.68,103994.41,0.0,2026-09-29 17:05:20+00:00
09/29/2026 12:10:19,N,26.6816,0.0,0.0,0.0,0.0,0.0,0.0,0.0,0.0,0.0,0.0,0.0,0.0,0.0,0.0,7678.88,104289.09,0.0,2026-09-29 17:10:19+00:00
09/29/2026 12:15:18,N,26.3679,0.0,0.0,0.0,0.0,0.0,0.0,0.0,0.0,0.0,0.0,0.0,0.0,0.0,0.0,7485.12,104795.42,0.0,2026-09-29 17:15:18+00:00
09/29/2026 12:20:21,N,26.0742,0.0,0.0,0.0,0.0,0.0,0.0,0.0,0.0,0.0,0.0,0.0,0.0,0.0,0.0,7782.76,104872.66,0.0,2026-09-29 17:20:21+00:00
09/29/2026 12:25:17,N,28.624,0.0,0.0,0.0,0.0,0.0,0.0,0.0,0.0,0.0,0.0,0.0,0.0,0.0,0.0,8081.41,105012.3,0.0,2026-09-29 17:25:17+00:00
09/29/2026 12:30:19,N,25.7864,0.0,0.0,0.0,0.0,0.0,0.0,0.0,0.0,0.0,0.0,0.0,0.0,0.0,0.0,7912.02,105331.2,0.0,2026-09-29 17:30:19+00:00
09/29/2026 12:35:22,N,23.55,0.0,0.0,0.0,0.0,0.0,0.0,0.0,0.0,0.0,0.0,0.0,0.0,0.0,0.0,8033.99,106531.91,0.0,2026-09-29 17:35:22+00:00
09/29/2026 12:40:18,N,24.8892,0.0,0.0,0.0,0.0,0.0,0.0,0.0,0.0,0.0,0.0,0.0,0.0,0.0,0.0,8246.1,106123.9,0.0,2026-09-29 17:40:18+00:00
09/29/2026 12:45:18,N,24.1294,0.0,0.0,0.0,0.0,0.0,0.0,0.0,0.0,0.0,0.0,0.0,0.0,0.0,0.0,8570.57,106597.11,0.0,2026-09-29 17:45:18+00:00
09/29/2026 12:50:19,N,23.8222,0.0,0.0,0.0,0.0,0.0,0.0,0.0,0.0,0.0,0.0,0.0,0.0,0.0,0.0,8824.81,107097.87,0.0,2026-09-29 17:50:19+00:00
09/29/2026 12:55:19,N,23.9225,0.0,0.0,0.0,0.0,0.0,0.0,0.0,0.0,0.0,0.0,0.0,0.0,0.0,0.0,8691.3,108010.3,0.0,2026-09-29 17:55:19+00:00
09/29/2026 12:57:53,N,26.9464,0.0,0.0,0.0,0.0,0.0,0.0,0.0,0.0,0.0,0.0,0.0,0.0,0.0,0.0,9027.53,107751.66,0.0,2026-09-29 17:57:53+00:00
09/29/2026 13:00:21,N,23.3196,0.0,0.0,0.0,0.0,0.0,0.0,0.0,0.0,0.0,0.0,0.0,0.0,0.0,0.0,9016.89,107753.66,0.0,2026-09-29 18:00:21+00:00
09/29/2026 13:05:25,N,24.6149,0.0,0.0,0.0,0.0,0.0,0.0,0.0,0.0,0.0,0.0,0.0,0.0,0.0,0.0,9023.49,108062.29,0.0,2026-09-29 18:05:25+00:00
09/29/2026 13:10:18,N,26.0886,0.0,0.0,0.0,0.0,0.0,0.0,0.0,0.0,0.0,0.0,0.0,0.0,0.0,0.0,8743.68,107580.76,0.0,2026-09-29 18:10:18+00:00
09/29/2026 13:12:56,N,26.4198,0.0,0.0,0.0,0.0,0.0,0.0,0.0,0.0,0.0,0.0,0.0,0.0,0.0,0.0,8604.72,107268.97,0.0,2026-09-29 18:12:56+00:00
09/29/2026 13:15:18,N,30.437,0.0,0.0,0.0,0.0,0.0,0.0,0.0,0.0,0.0,0.0,0.0,0.0,0.0,0.0,8594.72,107081.39,0.0,2026-09-29 18:15:18+00:00
09/29/2026 13:17:17,N,33.2285,0.0,0.0,0.0,0.0,0.0,0.0,0.0,0.0,0.0,0.0,0.0,0.0,0.0,0.0,8574.02,106632.33,0.0,2026-09-29 18:17:17+00:00
09/29/2026 13:20:19,N,33.3856,0.0,0.0,0.0,0.0,0.0,0.0,0.0,0.0,0.0,0.0,0.0,0.0,0.0,0.0,8798.18,106419.34,0.0,2026-09-29 18:20:19+00:00
09/29/2026 13:22:17,N,33.0301,0.0,0.0,0.0,0.0,0.0,0.0,0.0,0.0,0.0,0.0,0.0,0.0,0.0,0.0,8807.81,106598.41,0.0,2026-09-29 18:22:17+00:00
09/29/2026 13:25:19,N,31.7431,0.0,0.0,0.0,0.0,0.0,0.0,0.0,0.0,0.0,0.0,0.0,0.0,0.0,0.0,8769.49,106125.2,0.0,2026-09-29 18:25:19+00:00
09/29/2026 13:30:18,N,31.2214,0.0,0.0,0.0,0.0,0.0,0.0,0.0,0.0,0.0,0.0,0.0,0.0,0.0,0.0,8834.34,107169.21,0.0,2026-09-29 18:30:18+00:00
09/29/2026 13:35:18,N,27.8996,0.0,0.0,0.0,0.0,0.0,0.0,0.0,0.0,0.0,0.0,0.0,0.0,0.0,0.0,8872.89,107885.44,0.0,2026-09-29 18:35:18+00:00
09/29/2026 13:40:21,N,29.1741,0.0,0.0,0.0,0.0,0.0,0.0,0.0,0.0,0.0,0.0,0.0,0.0,0.0,0.0,9123.31,107880.65,0.0,2026-09-29 18:40:21+00:00
09/29/2026 13:45:18,N,28.1642,0.0,0.0,0.0,0.0,0.0,0.0,0.0,0.0,0.0,0.0,0.0,0.0,0.0,0.0,9500.22,108001.09,0.0,2026-09-29 18:45:18+00:00
09/29/2026 13:50:18,N,28.0698,0.0,0.0,0.0,0.0,0.0,0.0,0.0,0.0,0.0,0.0,0.0,0.0,0.0,0.0,9575.76,107972.26,0.0,2026-09-29 18:50:18+00:00
09/29/2026 13:55:19,N,29.9506,0.0,0.0,0.0,0.0,0.0,0.0,0.0,0.0,0.0,0.0,0.0,0.0,0.0,0.0,9478.21,107882.21,0.0,2026-09-29 18:55:19+00:00
09/29/2026 14:00:20,N,29.8066,0.0,0.0,0.0,0.0,0.0,0.0,0.0,0.0,0.0,0.0,0.0,0.0,0.0,0.0,9442.81,108423.61,0.0,2026-09-29 19:00:20+00:00
09/29/2026 14:05:18,N,30.6455,0.0,0.0,0.0,0.0,0.0,0.0,0.0,0.0,0.0,0.0,0.0,0.0,0.0,0.0,9449.0,108858.49,0.0,2026-09-29 19:05:18+00:00
09/29/2026 14:10:18,N,28.811,0.0,0.0,0.0,0.0,0.0,0.0,0.0,0.0,0.0,0.0,0.0,0.0,0.0,0.0,9442.8,108835.72,0.0,2026-09-29 19:10:18+00:00
09/29/2026 14:15:18,N,35.1626,0.0,0.0,0.0,0.0,0.0,0.0,0.0,0.0,0.0,0.0,0.0,0.0,0.0,0.0,9217.65,108511.84,0.0,2026-09-29 19:15:18+00:00
09/29/2026 14:20:21,N,39.7082,0.0,0.0,0.0,0.0,0.0,0.0,0.0,0.0,0.0,0.0,0.0,0.0,0.0,0.0,9185.09,108085.34,0.0,2026-09-29 19:20:21+00:00
09/29/2026 14:25:21,N,47.834,0.0,0.0,0.0,0.0,0.0,0.0,0.0,0.0,0.0,0.0,0.0,0.0,0.0,0.0,9157.75,108118.96,0.0,2026-09-29 19:25:21+00:00
09/29/2026 14:30:21,N,50.701,0.0,0.0,0.0,0.0,0.0,0.0,0.0,0.0,0.0,0.0,0.0,0.0,0.0,0.0,9061.06,108715.28,0.0,2026-09-29 19:30:21+00:00
09/29/2026 14:35:20,N,47.6667,0.0,0.0,0.0,0.0,0.0,0.0,0.0,0.0,0.0,0.0,0.0,0.0,0.0,0.0,9124.24,108773.4,0.0,2026-09-29 19:35:20+00:00
09/29/2026 14:40:21,N,47.5239,0.0,0.0,0.0,0.0,0.0,0.0,0.0,0.0,0.0,0.0,0.0,0.0,0.0,0.0,9126.16,108906.16,0.0,2026-09-29 19:40:21+00:00
09/29/2026 14:45:22,N,48.2231,0.0,0.0,0.0,0.0,0.0,0.0,0.0,0.0,0.0,0.0,0.0,0.0,0.0,0.0,9168.02,108762.79,0.0,2026-09-29 19:45:22+00:00
09/29/2026 14:50:22,N,49.3093,0.0,0.0,0.0,0.0,0.0,0.0,0.0,0.0,0.0,0.0,0.0,0.0,0.0,0.0,9201.52,108654.39,0.0,2026-09-29 19:50:22+00:00
09/29/2026 14:55:23,N,49.1977,0.0,0.0,0.0,0.0,0.0,0.0,0.0,0.0,0.0,0.0,0.0,0.0,0.0,0.0,9274.67,108855.33,0.0,2026-09-29 19:55:23+00:00
09/29/2026 15:00:22,N,43.2294,0.0,0.0,0.0,0.0,0.0,0.0,0.0,0.0,0.0,0.0,0.0,0.0,0.0,0.0,9500.58,108738.85,0.0,2026-09-29 20:00:22+00:00
09/29/2026 15:05:19,N,44.2791,0.0,0.0,0.0,0.0,0.0,0.0,0.0,0.0,0.0,0.0,0.0,0.0,0.0,0.0,9654.05,109017.96,0.0,2026-09-29 20:05:19+00:00
09/29/2026 15:10:19,N,46.0484,0.0,0.0,0.0,0.0,0.0,0.0,0.0,0.0,0.0,0.0,0.0,0.0,0.0,0.0,9754.64,109202.62,0.0,2026-09-29 20:10:19+00:00
09/29/2026 15:15:18,N,45.4769,0.0,0.0,0.0,0.0,0.0,0.0,0.0,0.0,0.0,0.0,0.0,0.0,0.0,0.0,9942.04,109148.16,0.0,2026-09-29 20:15:18+00:00
09/29/2026 15:20:18,N,43.7153,0.0,0.0,0.0,0.0,0.0,0.0,0.0,0.0,0.0,0.0,0.0,0.0,0.0,0.0,10045.24,109591.26,0.0,2026-09-29 20:20:18+00:00
09/29/2026 15:25:18,N,46.6909,0.0,0.0,0.0,0.0,0.0,0.0,0.0,0.0,0.0,0.0,0.0,0.0,0.0,0.0,9921.01,109789.05,0.0,2026-09-29 20:25:18+00:00
09/29/2026 15:30:19,N,45.1714,0.0,0.0,0.0,0.0,0.0,0.0,0.0,0.0,0.0,0.0,0.0,0.0,0.0,0.0,9947.61,109376.47,0.0,2026-09-29 20:30:19+00:00
09/29/2026 15:32:26,N,47.5575,0.0,0.0,0.0,0.0,0.0,0.0,0.0,0.0,0.0,0.0,0.0,0.0,0.0,0.0,9923.66,109001.23,0.0,2026-09-29 20:32:26+00:00
09/29/2026 15:35:19,N,48.0762,0.0,0.0,0.0,0.0,0.0,0.0,0.0,0.0,0.0,0.0,0.0,0.0,0.0,0.0,9913.44,108903.02,0.0,2026-09-29 20:35:19+00:00
09/29/2026 15:40:19,N,49.3127,0.0,0.0,0.0,0.0,0.0,0.0,0.0,0.0,0.0,0.0,0.0,0.0,0.0,0.0,9831.62,108603.38,0.0,2026-09-29 20:40:19+00:00
09/29/2026 15:45:19,N,49.445,0.0,0.0,0.0,0.0,0.0,0.0,0.0,0.0,0.0,0.0,0.0,0.0,0.0,0.0,9960.42,108440.74,0.0,2026-09-29 20:45:19+00:00
09/29/2026 15:50:19,N,54.4079,0.0,0.0,0.0,0.0,0.0,0.0,0.0,0.0,0.0,0.0,0.0,0.0,0.0,0.0,9979.65,107669.2,0.0,2026-09-29 20:50:19+00:00
09/29/2026 15:55:25,N,50.237,0.0,0.0,0.0,0.0,0.0,0.0,0.0,0.0,0.0,0.0,0.0,0.0,0.0,0.0,10153.95,107605.34,0.0,2026-09-29 20:55:25+00:00
09/29/2026 16:00:22,N,53.0614,0.0,0.0,0.0,0.0,0.0,0.0,0.0,0.0,0.0,0.0,0.0,0.0,0.0,0.0,10012.65,107038.02,0.0,2026-09-29 21:00:22+00:00
09/29/2026 16:05:18,N,34.5107,0.0,0.0,0.0,0.0,0.0,0.0,0.0,0.0,0.0,0.0,0.0,0.0,0.0,0.0,9758.53,108011.52,0.0,2026-09-29 21:05:18+00:00
09/29/2026 16:07:17,N,34.062,0.0,0.0,0.0,0.0,0.0,0.0,0.0,0.0,0.0,0.0,0.0,0.0,0.0,0.0,9650.54,108218.34,0.0,2026-09-29 21:07:17+00:00
09/29/2026 16:10:19,N,37.0331,0.0,0.0,0.0,0.0,0.0,0.0,0.0,0.0,0.0,0.0,0.0,0.0,0.0,0.0,9633.11,108156.29,0.0,2026-09-29 21:10:19+00:00
09/29/2026 16:15:19,N,40.9009,0.0,0.0,0.0,0.0,0.0,0.0,0.0,0.0,0.0,0.0,0.0,0.0,0.0,0.0,9526.27,107341.22,0.0,2026-09-29 21:15:19+00:00
09/29/2026 16:20:21,N,55.9149,0.0,0.0,0.0,0.0,0.0,0.0,0.0,0.0,0.0,0.0,0.0,0.0,0.0,0.0,9712.64,107341.76,0.0,2026-09-29 21:20:21+00:00
09/29/2026 16:25:19,N,57.3157,0.0,0.0,0.0,0.0,0.0,0.0,0.0,0.0,0.0,0.0,0.0,0.0,0.0,0.0,9664.03,107608.09,0.0,2026-09-29 21:25:19+00:00
09/29/2026 16:29:25,N,55.2142,0.0,0.0,0.0,0.0,0.0,0.0,0.0,0.0,0.0,0.0,0.0,0.0,0.0,0.0,9765.3,107974.87,0.0,2026-09-29 21:29:25+00:00
09/29/2026 16:30:19,N,53.7175,0.0,0.0,0.0,0.0,0.0,0.0,0.0,0.0,0.0,0.0,0.0,0.0,0.0,0.0,9763.2,107971.94,0.0,2026-09-29 21:30:19+00:00
09/29/2026 16:35:19,N,56.1821,0.0,0.0,0.0,0.0,0.0,0.0,0.0,0.0,0.0,0.0,0.0,0.0,0.0,0.0,9803.5,108796.41,0.0,2026-09-29 21:35:19+00:00
09/29/2026 16:40:20,N,58.149,0.0,0.0,0.0,0.0,0.0,0.0,0.0,0.0,0.0,0.0,0.0,0.0,0.0,0.0,9759.01,108250.45,0.0,2026-09-29 21:40:20+00:00
09/29/2026 16:45:20,N,61.475,0.0,0.0,0.0,0.0,0.0,0.0,0.0,0.0,0.0,0.0,0.0,0.0,0.0,0.0,9790.42,107202.52,0.0,2026-09-29 21:45:20+00:00
09/29/2026 16:50:20,N,62.667,0.0,0.0,0.0,0.0,0.0,0.0,0.0,0.0,0.0,0.0,0.0,0.0,0.0,0.0,9423.53,107121.41,0.0,2026-09-29 21:50:20+00:00
09/29/2026 16:55:22,N,58.7788,0.0,0.0,0.0,0.0,0.0,0.0,0.0,0.0,0.0,0.0,0.0,0.0,0.0,0.0,9343.35,107349.22,0.0,2026-09-29 21:55:22+00:00
09/29/2026 17:00:22,N,54.2681,0.0,0.0,0.0,0.0,0.0,0.0,0.0,0.0,0.0,0.0,0.0,0.0,0.0,0.0,9317.98,107263.23,0.0,2026-09-29 22:00:22+00:00
09/29/2026 17:05:21,N,49.997,0.0,0.0,0.0,0.0,0.0,0.0,0.0,0.0,0.0,0.0,0.0,0.0,0.0,0.0,9410.39,107835.98,0.0,2026-09-29 22:05:21+00:00
09/29/2026 17:10:20,N,46.859,0.0,0.0,0.0,0.0,0.0,0.0,0.0,0.0,0.0,0.0,0.0,0.0,0.0,0.0,9345.05,108030.02,0.0,2026-09-29 22:10:20+00:00
09/29/2026 17:15:18,N,46.2981,0.0,0.0,0.0,0.0,0.0,0.0,0.0,0.0,0.0,0.0,0.0,0.0,0.0,0.0,9568.04,107981.34,0.0,2026-09-29 22:15:18+00:00
09/29/2026 17:20:20,N,50.8611,0.0,0.0,0.0,0.0,0.0,0.0,0.0,0.0,0.0,0.0,0.0,0.0,0.0,0.0,9621.93,107479.71,0.0,2026-09-29 22:20:20+00:00
09/29/2026 17:25:19,N,45.205,0.0,0.0,0.0,0.0,0.0,0.0,0.0,0.0,0.0,0.0,0.0,0.0,0.0,0.0,9624.29,107077.21,0.0,2026-09-29 22:25:19+00:00
09/29/2026 17:30:20,N,57.9163,0.0,0.0,0.0,0.0,0.0,0.0,0.0,0.0,0.0,0.0,0.0,0.0,0.0,0.0,9368.26,105682.88,0.0,2026-09-29 22:30:20+00:00
09/29/2026 17:35:19,N,60.3055,0.0,0.0,0.0,0.0,0.0,0.0,0.0,0.0,0.0,0.0,0.0,0.0,0.0,0.0,9334.54,104801.04,0.0,2026-09-29 22:35:19+00:00
09/29/2026 17:40:20,N,59.9043,0.0,0.0,0.0,0.0,0.0,0.0,0.0,0.0,0.0,0.0,0.0,0.0,0.0,0.0,9585.68,104351.68,0.0,2026-09-29 22:40:20+00:00
09/29/2026 17:45:20,N,52.3683,0.0,0.0,0.0,0.0,0.0,0.0,0.0,0.0,0.0,0.0,0.0,0.0,0.0,0.0,9703.77,104589.28,0.0,2026-09-29 22:45:20+00:00
09/29/2026 17:50:19,N,53.6777,0.0,0.0,0.0,0.0,0.0,0.0,0.0,0.0,0.0,0.0,0.0,0.0,0.0,0.0,9539.75,104100.7,0.0,2026-09-29 22:50:19+00:00
09/29/2026 17:55:20,N,51.1212,0.0,0.0,0.0,0.0,0.0,0.0,0.0,0.0,0.0,0.0,0.0,0.0,0.0,0.0,9672.34,103443.76,0.0,2026-09-29 22:55:20+00:00
09/29/2026 18:00:23,N,37.9736,0.0,0.0,0.0,0.0,0.0,0.0,0.0,0.0,0.0,0.0,0.0,0.0,0.0,0.0,9535.44,102350.75,0.0,2026-09-29 23:00:23+00:00
09/29/2026 18:05:21,N,45.6514,0.0,0.0,0.0,0.0,0.0,0.0,0.0,0.0,0.0,0.0,0.0,0.0,0.0,0.0,9123.36,101161.28,0.0,2026-09-29 23:05:21+00:00
09/29/2026 18:10:22,N,48.4991,0.0,0.0,0.0,0.0,0.0,0.0,0.0,0.0,0.0,0.0,0.0,0.0,0.0,0.0,8848.45,100002.58,0.0,2026-09-29 23:10:22+00:00
09/29/2026 18:15:20,N,48.8332,0.0,0.0,0.0,0.0,0.0,0.0,0.0,0.0,0.0,0.0,0.0,0.0,0.0,0.0,9187.41,99077.49,0.0,2026-09-29 23:15:20+00:00
09/29/2026 18:20:20,N,50.0088,0.0,0.0,0.0,0.0,0.0,0.0,0.0,0.0,0.0,0.0,0.0,0.0,0.0,0.0,8991.72,98204.65,0.0,2026-09-29 23:20:20+00:00
09/29/2026 18:25:19,N,50.5834,0.0,0.0,0.0,0.0,0.0,0.0,0.0,0.0,0.0,0.0,0.0,0.0,0.0,0.0,9063.94,97189.23,0.0,2026-09-29 23:25:19+00:00
09/29/2026 18:30:21,N,51.2154,0.0,0.0,0.0,0.0,0.0,0.0,0.0,0.0,0.0,0.0,0.0,0.0,0.0,0.0,9034.54,96406.26,0.0,2026-09-29 23:30:21+00:00
09/29/2026 18:35:20,N,64.5245,0.0,0.0,0.0,0.0,0.0,0.0,0.0,0.0,0.0,0.0,0.0,0.0,0.0,0.0,9254.46,95639.94,0.0,2026-09-29 23:35:20+00:00
09/29/2026 18:40:26,N,68.5046,0.0,0.0,0.0,0.0,0.0,0.0,0.0,0.0,0.0,0.0,0.0,0.0,0.0,0.0,9155.27,94619.77,0.0,2026-09-29 23:40:26+00:00
09/29/2026 18:45:21,N,64.7757,0.0,0.0,0.0,0.0,0.0,0.0,0.0,0.0,0.0,0.0,0.0,0.0,0.0,0.0,9216.09,94134.73,0.0,2026-09-29 23:45:21+00:00
09/29/2026 18:50:22,N,62.8214,0.0,0.0,0.0,0.0,0.0,0.0,0.0,0.0,0.0,0.0,0.0,0.0,0.0,0.0,9025.15,93582.44,0.0,2026-09-29 23:50:22+00:00
09/29/2026 18:55:22,N,56.1092,0.0,0.0,0.0,0.0,0.0,0.0,0.0,0.0,0.0,0.0,0.0,0.0,0.0,0.0,8801.47,93145.7,0.0,2026-09-29 23:55:22+00:00
09/29/2026 19:00:23,N,53.3569,0.0,0.0,0.0,0.0,0.0,0.0,0.0,0.0,0.0,0.0,0.0,0.0,0.0,0.0,8709.26,92584.48,0.0,2026-09-30 00:00:23+00:00
09/29/2026 19:05:21,N,70.4791,0.0,0.0,0.0,0.0,0.0,0.0,0.0,0.0,0.0,0.0,0.0,0.0,0.0,0.0,8682.54,91789.57,0.0,2026-09-30 00:05:21+00:00
09/29/2026 19:10:21,N,78.6957,0.0,0.0,0.0,0.0,0.0,0.0,0.0,0.0,0.0,0.0,0.0,0.0,0.0,0.0,8448.19,91315.59,0.0,2026-09-30 00:10:21+00:00
09/29/2026 19:15:22,N,70.0971,0.0,0.0,0.0,0.0,0.0,0.0,0.0,0.0,0.0,0.0,0.0,0.0,0.0,0.0,8468.17,91025.09,0.0,2026-09-30 00:15:22+00:00
09/29/2026 19:20:21,N,67.2673,0.0,0.0,0.0,0.0,0.0,0.0,0.0,0.0,0.0,0.0,0.0,0.0,0.0,0.0,8456.46,90737.4,0.0,2026-09-30 00:20:21+00:00
09/29/2026 19:25:25,N,79.8536,0.0,0.0,0.0,0.0,0.0,0.0,0.0,0.0,0.0,0.0,0.0,0.0,0.0,0.0,8473.81,90432.38,0.0,2026-09-30 00:25:25+00:00
09/29/2026 19:30:20,N,85.0785,0.0,0.0,0.0,0.0,0.0,0.0,0.0,0.0,0.0,0.0,0.0,0.0,0.0,0.0,8482.23,90205.44,0.0,2026-09-30 00:30:20+00:00
09/29/2026 19:35:28,N,77.0439,0.0,0.0,0.0,0.0,0.0,0.0,0.0,0.0,0.0,0.0,0.0,0.0,0.0,0.0,8410.02,90181.0,0.0,2026-09-30 00:35:28+00:00
09/29/2026 19:40:21,N,85.5859,0.0,0.0,0.0,0.0,0.0,0.0,0.0,0.0,0.0,0.0,0.0,0.0,0.0,0.0,8454.3,89914.71,0.0,2026-09-30 00:40:21+00:00
09/29/2026 19:45:20,N,81.2266,0.0,0.0,0.0,0.0,0.0,0.0,0.0,0.0,0.0,0.0,0.0,0.0,0.0,0.0,8406.91,89875.34,0.0,2026-09-30 00:45:20+00:00
09/29/2026 19:50:20,N,81.0103,0.0,0.0,0.0,0.0,0.0,0.0,0.0,0.0,0.0,0.0,0.0,0.0,0.0,0.0,8446.24,89768.59,0.0,2026-09-30 00:50:20+00:00
09/29/2026 19:55:21,N,81.2317,0.0,0.0,0.0,0.0,0.0,0.0,0.0,0.0,0.0,0.0,0.0,0.0,0.0,0.0,8457.24,89655.74,0.0,2026-09-30 00:55:21+00:00
09/29/2026 20:00:21,N,112.6406,0.0,0.0,0.0,0.0,0.0,0.0,0.0,0.0,0.0,0.0,0.0,0.0,0.0,0.0,8988.95,89038.4,0.0,2026-09-30 01:00:21+00:00
09/29/2026 20:05:21,N,85.9094,0.0,0.0,0.0,0.0,0.0,0.0,0.0,0.0,0.0,0.0,0.0,0.0,0.0,0.0,9053.68,89304.3,0.0,2026-09-30 01:05:21+00:00
09/29/2026 20:10:20,N,81.942,0.0,0.0,0.0,0.0,0.0,0.0,0.0,0.0,0.0,0.0,0.0,0.0,0.0,0.0,9205.88,89324.77,0.0,2026-09-30 01:10:20+00:00
09/29/2026 20:15:21,N,81.25,0.0,0.0,0.0,0.0,0.0,0.0,0.0,0.0,0.0,0.0,0.0,0.0,0.0,0.0,9609.09,89254.05,0.0,2026-09-30 01:15:21+00:00
09/29/2026 20:20:21,N,78.6224,0.0,0.0,0.0,0.0,0.0,0.0,0.0,0.0,0.0,0.0,0.0,0.0,0.0,0.0,9451.53,89285.15,0.0,2026-09-30 01:20:21+00:00
09/29/2026 20:25:21,N,60.8857,0.0,0.0,0.0,0.0,0.0,0.0,0.0,0.0,0.0,0.0,0.0,0.0,0.0,0.0,9498.74,89387.36,0.0,2026-09-30 01:25:21+00:00
09/29/2026 20:30:20,N,52.8844,0.0,0.0,0.0,0.0,0.0,0.0,0.0,0.0,0.0,0.0,0.0,0.0,0.0,0.0,9565.51,89535.13,0.0,2026-09-30 01:30:20+00:00
09/29/2026 20:35:24,N,53.2645,0.0,0.0,0.0,0.0,0.0,0.0,0.0,0.0,0.0,0.0,0.0,0.0,0.0,0.0,9558.34,89437.26,0.0,2026-09-30 01:35:24+00:00
09/29/2026 20:40:20,N,49.7107,0.0,0.0,0.0,0.0,0.0,0.0,0.0,0.0,0.0,0.0,0.0,0.0,0.0,0.0,9565.93,89582.1,0.0,2026-09-30 01:40:20+00:00
09/29/2026 20:45:20,N,45.2079,0.0,0.0,0.0,0.0,0.0,0.0,0.0,0.0,0.0,0.0,0.0,0.0,0.0,0.0,9571.72,89866.02,0.0,2026-09-30 01:45:20+00:00
09/29/2026 20:50:20,N,45.6549,0.0,0.0,0.0,0.0,0.0,0.0,0.0,0.0,0.0,0.0,0.0,0.0,0.0,0.0,9548.29,90054.61,0.0,2026-09-30 01:50:20+00:00
09/29/2026 20:55:20,N,43.7468,0.0,0.0,0.0,0.0,0.0,0.0,0.0,0.0,0.0,0.0,0.0,0.0,0.0,0.0,9534.8,90098.01,0.0,2026-09-30 01:55:20+00:00
09/29/2026 21:00:22,N,49.9436,0.0,0.0,0.0,0.0,0.0,0.0,0.0,0.0,0.0,0.0,0.0,0.0,0.0,0.0,9546.16,90064.95,0.0,2026-09-30 02:00:22+00:00
09/29/2026 21:05:20,N,43.5558,0.0,0.0,0.0,0.0,0.0,0.0,0.0,0.0,0.0,0.0,0.0,0.0,0.0,0.0,9184.14,90265.27,0.0,2026-09-30 02:05:20+00:00
09/29/2026 21:10:20,N,37.9386,0.0,0.0,0.0,0.0,0.0,0.0,0.0,0.0,0.0,0.0,0.0,0.0,0.0,0.0,9165.4,90683.03,0.0,2026-09-30 02:10:20+00:00
09/29/2026 21:15:20,N,37.6509,0.0,0.0,0.0,0.0,0.0,0.0,0.0,0.0,0.0,0.0,0.0,0.0,0.0,0.0,9105.4,91039.8,0.0,2026-09-30 02:15:20+00:00
09/29/2026 21:20:21,N,37.5677,0.0,0.0,0.0,0.0,0.0,0.0,0.0,0.0,0.0,0.0,0.0,0.0,0.0,0.0,8646.83,91334.99,0.0,2026-09-30 02:20:21+00:00
09/29/2026 21:25:19,N,34.9188,0.0,0.0,0.0,0.0,0.0,0.0,0.0,0.0,0.0,0.0,0.0,0.0,0.0,0.0,8582.04,91591.72,0.0,2026-09-30 02:25:19+00:00
09/29/2026 21:30:19,N,34.3307,0.0,0.0,0.0,0.0,0.0,0.0,0.0,0.0,0.0,0.0,0.0,0.0,0.0,0.0,8647.99,91854.23,0.0,2026-09-30 02:30:19+00:00
09/29/2026 21:35:20,N,34.7719,0.0,0.0,0.0,0.0,0.0,0.0,0.0,0.0,0.0,0.0,0.0,0.0,0.0,0.0,8535.25,92234.91,0.0,2026-09-30 02:35:20+00:00
09/29/2026 21:40:19,N,34.0767,0.0,0.0,0.0,0.0,0.0,0.0,0.0,0.0,0.0,0.0,0.0,0.0,0.0,0.0,8411.28,91719.4,0.0,2026-09-30 02:40:19+00:00
09/29/2026 21:45:19,N,33.2371,0.0,0.0,0.0,0.0,0.0,0.0,0.0,0.0,0.0,0.0,0.0,0.0,0.0,0.0,8331.86,91780.58,0.0,2026-09-30 02:45:19+00:00
09/29/2026 21:50:20,N,31.0684,0.0,0.0,0.0,0.0,0.0,0.0,0.0,0.0,0.0,0.0,0.0,0.0,0.0,0.0,8221.08,91884.75,0.0,2026-09-30 02:50:20+00:00
09/29/2026 21:55:18,N,30.2883,0.0,0.0,0.0,0.0,0.0,0.0,0.0,0.0,0.0,0.0,0.0,0.0,0.0,0.0,8021.31,91677.34,0.0,2026-09-30 02:55:18+00:00
09/29/2026 22:00:21,N,31.0685,0.0,0.0,0.0,0.0,0.0,0.0,0.0,0.0,0.0,0.0,0.0,0.0,0.0,0.0,7671.15,91963.7,0.0,2026-09-30 03:00:21+00:00
09/29/2026 22:05:20,N,29.1615,0.0,0.0,0.0,0.0,0.0,0.0,0.0,0.0,0.0,0.0,0.0,0.0,0.0,0.0,7400.48,91570.91,0.0,2026-09-30 03:05:20+00:00
09/29/2026 22:10:20,N,28.6975,0.0,0.0,0.0,0.0,0.0,0.0,0.0,0.0,0.0,0.0,0.0,0.0,0.0,0.0,7213.6,91345.03,0.0,2026-09-30 03:10:20+00:00
09/29/2026 22:15:19,N,27.7884,0.0,0.0,0.0,0.0,0.0,0.0,0.0,0.0,0.0,0.0,0.0,0.0,0.0,0.0,7168.73,91240.55,0.0,2026-09-30 03:15:19+00:00
09/29/2026 22:20:17,N,27.9086,0.0,0.0,0.0,0.0,0.0,0.0,0.0,0.0,0.0,0.0,0.0,0.0,0.0,0.0,7133.07,91383.67,0.0,2026-09-30 03:20:17+00:00
09/29/2026 22:25:19,N,28.223,0.0,0.0,0.0,0.0,0.0,0.0,0.0,0.0,0.0,0.0,0.0,0.0,0.0,0.0,6968.32,91074.16,0.0,2026-09-30 03:25:19+00:00
09/29/2026 22:30:19,N,27.1931,0.0,0.0,0.0,0.0,0.0,0.0,0.0,0.0,0.0,0.0,0.0,0.0,0.0,0.0,6941.85,90927.84,0.0,2026-09-30 03:30:19+00:00
09/29/2026 22:35:19,N,26.1279,0.0,0.0,0.0,0.0,0.0,0.0,0.0,0.0,0.0,0.0,0.0,0.0,0.0,0.0,6921.48,91127.05,0.0,2026-09-30 03:35:19+00:00
09/29/2026 22:40:18,N,25.5493,0.0,0.0,0.0,0.0,0.0,0.0,0.0,0.0,0.0,0.0,0.0,0.0,0.0,0.0,6932.51,91187.9,0.0,2026-09-30 03:40:18+00:00
09/29/2026 22:45:18,N,25.553,0.0,0.0,0.0,0.0,0.0,0.0,0.0,0.0,0.0,0.0,0.0,0.0,0.0,0.0,6863.17,91385.3,0.0,2026-09-30 03:45:18+00:00
09/29/2026 22:50:18,N,24.4741,0.0,0.0,0.0,0.0,0.0,0.0,0.0,0.0,0.0,0.0,0.0,0.0,0.0,0.0,6840.98,91181.73,0.0,2026-09-30 03:50:18+00:00
09/29/2026 22:55:19,N,25.1478,0.0,0.0,0.0,0.0,0.0,0.0,0.0,0.0,0.0,0.0,0.0,0.0,0.0,0.0,6836.86,91084.35,0.0,2026-09-30 03:55:19+00:00
09/29/2026 23:00:20,N,25.2887,0.0,0.0,0.0,0.0,0.0,0.0,0.0,0.0,0.0,0.0,0.0,0.0,0.0,0.0,6841.86,90977.73,0.0,2026-09-30 04:00:20+00:00
09/29/2026 23:05:20,N,26.1722,0.0,0.0,0.0,0.0,0.0,0.0,0.0,0.0,0.0,0.0,0.0,0.0,0.0,0.0,6625.02,90922.74,0.0,2026-09-30 04:05:20+00:00
09/29/2026 23:10:19,N,26.4956,0.0,0.0,0.0,0.0,0.0,0.0,0.0,0.0,0.0,0.0,0.0,0.0,0.0,0.0,6552.76,90416.52,0.0,2026-09-30 04:10:19+00:00
09/29/2026 23:15:18,N,26.6563,0.0,0.0,0.0,0.0,0.0,0.0,0.0,0.0,0.0,0.0,0.0,0.0,0.0,0.0,6496.02,90190.27,0.0,2026-09-30 04:15:18+00:00
09/29/2026 23:20:17,N,26.3185,0.0,0.0,0.0,0.0,0.0,0.0,0.0,0.0,0.0,0.0,0.0,0.0,0.0,0.0,6509.19,90064.17,0.0,2026-09-30 04:20:17+00:00
09/29/2026 23:25:17,N,25.4942,0.0,0.0,0.0,0.0,0.0,0.0,0.0,0.0,0.0,0.0,0.0,0.0,0.0,0.0,6514.39,89899.29,0.0,2026-09-30 04:25:17+00:00
09/29/2026 23:30:17,N,24.8192,0.0,0.0,0.0,0.0,0.0,0.0,0.0,0.0,0.0,0.0,0.0,0.0,0.0,0.0,6517.72,89948.16,0.0,2026-09-30 04:30:17+00:00
09/29/2026 23:35:18,N,24.2499,0.0,0.0,0.0,0.0,0.0,0.0,0.0,0.0,0.0,0.0,0.0,0.0,0.0,0.0,6515.44,89879.31,0.0,2026-09-30 04:35:18+00:00
09/29/2026 23:40:18,N,23.94,0.0,0.0,0.0,0.0,0.0,0.0,0.0,0.0,0.0,0.0,0.0,0.0,0.0,0.0,5980.74,89862.79,0.0,2026-09-30 04:40:18+00:00
09/29/2026 23:45:18,N,24.4257,0.0,0.0,0.0,0.0,0.0,0.0,0.0,0.0,0.0,0.0,0.0,0.0,0.0,0.0,5980.45,89983.16,0.0,2026-09-30 04:45:18+00:00
09/29/2026 23:50:17,N,23.5508,0.0,0.0,0.0,0.0,0.0,0.0,0.0,0.0,0.0,0.0,0.0,0.0,0.0,0.0,6168.94,90019.04,0.0,2026-09-30 04:50:17+00:00
09/29/2026 23:55:18,N,23.5254,0.0,0.0,0.0,0.0,0.0,0.0,0.0,0.0,0.0,0.0,0.0,0.0,0.0,0.0,6074.68,90170.95,0.0,2026-09-30 04:55:18+00:00
09/30/2026 00:00:20,N,23.3556,0.0,0.0,0.0,0.0,0.0,0.0,0.0,0.0,0.0,0.0,0.0,0.0,0.0,0.0,6321.88,90604.04,0.0,2026-09-30 05:00:20+00:00
09/30/2026 00:05:19,N,23.4621,0.0,0.0,0.0,0.0,0.0,0.0,0.0,0.0,0.0,0.0,0.0,0.0,0.0,0.0,6171.8,91476.27,0.0,2026-09-30 05:05:19+00:00
09/30/2026 00:10:17,N,24.0371,0.0,0.0,0.0,0.0,0.0,0.0,0.0,0.0,0.0,0.0,0.0,0.0,0.0,0.0,6057.35,91289.96,0.0,2026-09-30 05:10:17+00:00
09/30/2026 00:15:18,N,23.8458,0.0,0.0,0.0,0.0,0.0,0.0,0.0,0.0,0.0,0.0,0.0,0.0,0.0,0.0,6094.67,90928.52,0.0,2026-09-30 05:15:18+00:00
09/30/2026 00:20:18,N,23.5292,0.0,0.0,0.0,0.0,0.0,0.0,0.0,0.0,0.0,0.0,0.0,0.0,0.0,0.0,5986.54,91084.77,0.0,2026-09-30 05:20:18+00:00
09/30/2026 00:23:35,N,23.1937,0.0,0.0,0.0,0.0,0.0,0.0,0.0,0.0,0.0,0.0,0.0,0.0,0.0,0.0,5920.85,91141.59,0.0,2026-09-30 05:23:35+00:00
09/30/2026 00:25:18,N,23.5461,0.0,0.0,0.0,0.0,0.0,0.0,0.0,0.0,0.0,0.0,0.0,0.0,0.0,0.0,5893.65,91199.95,0.0,2026-09-30 05:25:18+00:00
09/30/2026 00:30:18,N,23.0772,0.0,0.0,0.0,0.0,0.0,0.0,0.0,0.0,0.0,0.0,0.0,0.0,0.0,0.0,5848.62,91307.76,0.0,2026-09-30 05:30:18+00:00
09/30/2026 00:35:18,N,22.8847,0.0,0.0,0.0,0.0,0.0,0.0,0.0,0.0,0.0,0.0,0.0,0.0,0.0,0.0,5851.98,91168.52,0.0,2026-09-30 05:35:18+00:00
09/30/2026 00:40:19,N,22.6227,0.0,0.0,0.0,0.0,0.0,0.0,0.0,0.0,0.0,0.0,0.0,0.0,0.0,0.0,5739.95,90666.44,0.0,2026-09-30 05:40:19+00:00
09/30/2026 00:45:18,N,22.2912,0.0,0.0,0.0,0.0,0.0,0.0,0.0,0.0,0.0,0.0,0.0,0.0,0.0,0.0,5747.03,90814.87,0.0,2026-09-30 05:45:18+00:00
09/30/2026 00:50:18,N,22.0207,0.0,0.0,0.0,0.0,0.0,0.0,0.0,0.0,0.0,0.0,0.0,0.0,0.0,0.0,5773.55,90849.55,0.0,2026-09-30 05:50:18+00:00
09/30/2026 00:55:18,N,21.6533,0.0,0.0,0.0,0.0,0.0,0.0,0.0,0.0,0.0,0.0,0.0,0.0,0.0,0.0,5791.11,91168.7,0.0,2026-09-30 05:55:18+00:00
09/30/2026 01:00:21,N,21.6182,0.0,0.0,0.0,0.0,0.0,0.0,0.0,0.0,0.0,0.0,0.0,0.0,0.0,0.0,5790.8,91284.41,0.0,2026-09-30 06:00:21+00:00
09/30/2026 01:05:18,N,21.8661,0.0,0.0,0.0,0.0,0.0,0.0,0.0,0.0,0.0,0.0,0.0,0.0,0.0,0.0,5789.4,91288.5,0.0,2026-09-30 06:05:18+00:00
09/30/2026 01:10:18,N,21.8339,0.0,0.0,0.0,0.0,0.0,0.0,0.0,0.0,0.0,0.0,0.0,0.0,0.0,0.0,5790.89,91185.5,0.0,2026-09-30 06:10:18+00:00
09/30/2026 01:15:18,N,21.5439,0.0,0.0,0.0,0.0,0.0,0.0,0.0,0.0,0.0,0.0,0.0,0.0,0.0,0.0,5795.82,91195.48,0.0,2026-09-30 06:15:18+00:00
09/30/2026 01:20:18,N,21.1855,0.0,0.0,0.0,0.0,0.0,0.0,0.0,0.0,0.0,0.0,0.0,0.0,0.0,0.0,5793.31,91097.88,0.0,2026-09-30 06:20:18+00:00
09/30/2026 01:25:18,N,21.3631,0.0,0.0,0.0,0.0,0.0,0.0,0.0,0.0,0.0,0.0,0.0,0.0,0.0,0.0,5800.59,91117.05,0.0,2026-09-30 06:25:18+00:00
09/30/2026 01:30:18,N,21.45,0.0,0.0,0.0,0.0,0.0,0.0,0.0,0.0,0.0,0.0,0.0,0.0,0.0,0.0,5766.22,91079.41,0.0,2026-09-30 06:30:18+00:00
09/30/2026 01:35:19,N,21.0416,0.0,0.0,0.0,0.0,0.0,0.0,0.0,0.0,0.0,0.0,0.0,0.0,0.0,0.0,5767.05,91029.27,0.0,2026-09-30 06:35:19+00:00
09/30/2026 01:40:19,N,20.8584,0.0,0.0,0.0,0.0,0.0,0.0,0.0,0.0,0.0,0.0,0.0,0.0,0.0,0.0,5773.15,90995.18,0.0,2026-09-30 06:40:19+00:00
09/30/2026 01:45:16,N,21.0994,0.0,0.0,0.0,0.0,0.0,0.0,0.0,0.0,0.0,0.0,0.0,0.0,0.0,0.0,5589.95,91184.29,0.0,2026-09-30 06:45:16+00:00
09/30/2026 01:50:18,N,21.1896,0.0,0.0,0.0,0.0,0.0,0.0,0.0,0.0,0.0,0.0,0.0,0.0,0.0,0.0,5391.1,91218.58,0.0,2026-09-30 06:50:18+00:00
09/30/2026 01:55:17,N,21.0424,0.0,0.0,0.0,0.0,0.0,0.0,0.0,0.0,0.0,0.0,0.0,0.0,0.0,0.0,5405.44,91241.67,0.0,2026-09-30 06:55:17+00:00
09/30/2026 02:00:23,N,22.4159,0.0,0.0,0.0,0.0,0.0,0.0,0.0,0.0,0.0,0.0,0.0,0.0,0.0,0.0,5453.06,91127.52,0.0,2026-09-30 07:00:23+00:00
09/30/2026 02:05:20,N,22.2811,0.0,0.0,0.0,0.0,0.0,0.0,0.0,0.0,0.0,0.0,0.0,0.0,0.0,0.0,5475.99,90992.74,0.0,2026-09-30 07:05:20+00:00
09/30/2026 02:10:19,N,21.9418,0.0,0.0,0.0,0.0,0.0,0.0,0.0,0.0,0.0,0.0,0.0,0.0,0.0,0.0,5537.51,91023.31,0.0,2026-09-30 07:10:19+00:00
09/30/2026 02:15:19,N,21.5816,0.0,0.0,0.0,0.0,0.0,0.0,0.0,0.0,0.0,0.0,0.0,0.0,0.0,0.0,5583.44,91179.74,0.0,2026-09-30 07:15:19+00:00
09/30/2026 02:20:18,N,21.7768,0.0,0.0,0.0,0.0,0.0,0.0,0.0,0.0,0.0,0.0,0.0,0.0,0.0,0.0,5589.4,91077.84,0.0,2026-09-30 07:20:18+00:00
09/30/2026 02:25:19,N,21.5594,0.0,0.0,0.0,0.0,0.0,0.0,0.0,0.0,0.0,0.0,0.0,0.0,0.0,0.0,5596.79,91064.23,0.0,2026-09-30 07:25:19+00:00
09/30/2026 02:30:19,N,21.4775,0.0,0.0,0.0,0.0,0.0,0.0,0.0,0.0,0.0,0.0,0.0,0.0,0.0,0.0,5500.54,90906.27,0.0,2026-09-30 07:30:19+00:00
09/30/2026 02:35:17,N,21.3955,0.0,0.0,0.0,0.0,0.0,0.0,0.0,0.0,0.0,0.0,0.0,0.0,0.0,0.0,5509.78,90854.72,0.0,2026-09-30 07:35:17+00:00
09/30/2026 02:40:18,N,21.5514,0.0,0.0,0.0,0.0,0.0,0.0,0.0,0.0,0.0,0.0,0.0,0.0,0.0,0.0,5519.5,90872.41,0.0,2026-09-30 07:40:18+00:00
09/30/2026 02:45:20,N,21.1451,0.0,0.0,0.0,0.0,0.0,0.0,0.0,0.0,0.0,0.0,0.0,0.0,0.0,0.0,5534.71,90813.71,0.0,2026-09-30 07:45:20+00:00
09/30/2026 02:50:19,N,21.4438,0.0,0.0,0.0,0.0,0.0,0.0,0.0,0.0,0.0,0.0,0.0,0.0,0.0,0.0,5560.36,90773.27,0.0,2026-09-30 07:50:19+00:00
09/30/2026 02:55:19,N,21.2737,0.0,0.0,0.0,0.0,0.0,0.0,0.0,0.0,0.0,0.0,0.0,0.0,0.0,0.0,5578.47,90890.38,0.0,2026-09-30 07:55:19+00:00
09/30/2026 03:00:21,N,21.1328,0.0,0.0,0.0,0.0,0.0,0.0,0.0,0.0,0.0,0.0,0.0,0.0,0.0,0.0,5604.78,90898.43,0.0,2026-09-30 08:00:21+00:00
09/30/2026 03:05:18,N,21.3154,0.0,0.0,0.0,0.0,0.0,0.0,0.0,0.0,0.0,0.0,0.0,0.0,0.0,0.0,5569.03,90910.16,0.0,2026-09-30 08:05:18+00:00
09/30/2026 03:10:18,N,21.2925,0.0,0.0,0.0,0.0,0.0,0.0,0.0,0.0,0.0,0.0,0.0,0.0,0.0,0.0,5698.54,90324.32,0.0,2026-09-30 08:10:18+00:00
09/30/2026 03:15:19,N,21.0322,0.0,0.0,0.0,0.0,0.0,0.0,0.0,0.0,0.0,0.0,0.0,0.0,0.0,0.0,5811.03,90344.25,0.0,2026-09-30 08:15:19+00:00
09/30/2026 03:20:18,N,20.9472,0.0,0.0,0.0,0.0,0.0,0.0,0.0,0.0,0.0,0.0,0.0,0.0,0.0,0.0,5875.37,90316.8,0.0,2026-09-30 08:20:18+00:00
09/30/2026 03:25:18,N,20.727,0.0,0.0,0.0,0.0,0.0,0.0,0.0,0.0,0.0,0.0,0.0,0.0,0.0,0.0,5885.21,90320.69,0.0,2026-09-30 08:25:18+00:00
09/30/2026 03:30:17,N,20.6899,0.0,0.0,0.0,0.0,0.0,0.0,0.0,0.0,0.0,0.0,0.0,0.0,0.0,0.0,5896.41,90285.74,0.0,2026-09-30 08:30:17+00:00
09/30/2026 03:35:18,N,20.6192,0.0,0.0,0.0,0.0,0.0,0.0,0.0,0.0,0.0,0.0,0.0,0.0,0.0,0.0,5887.12,90243.71,0.0,2026-09-30 08:35:18+00:00
09/30/2026 03:40:17,N,20.6183,0.0,0.0,0.0,0.0,0.0,0.0,0.0,0.0,0.0,0.0,0.0,0.0,0.0,0.0,5884.79,90331.56,0.0,2026-09-30 08:40:17+00:00
09/30/2026 03:45:19,N,20.6142,0.0,0.0,0.0,0.0,0.0,0.0,0.0,0.0,0.0,0.0,0.0,0.0,0.0,0.0,5912.49,90321.87,0.0,2026-09-30 08:45:19+00:00
09/30/2026 03:50:17,N,20.4651,0.0,0.0,0.0,0.0,0.0,0.0,0.0,0.0,0.0,0.0,0.0,0.0,0.0,0.0,6068.9,90223.71,0.0,2026-09-30 08:50:17+00:00
09/30/2026 03:55:21,N,20.003,0.0,0.0,0.0,0.0,0.0,0.0,0.0,0.0,0.0,0.0,0.0,0.0,0.0,0.0,6173.4,90294.2,0.0,2026-09-30 08:55:21+00:00
09/30/2026 04:00:23,N,18.2371,0.0,0.0,0.0,0.0,0.0,0.0,0.0,0.0,0.0,0.0,0.0,0.0,0.0,0.0,6239.04,90243.55,0.0,2026-09-30 09:00:23+00:00
09/30/2026 04:05:17,N,19.2372,0.0,0.0,0.0,0.0,0.0,0.0,0.0,0.0,0.0,0.0,0.0,0.0,0.0,0.0,6299.22,90190.7,0.0,2026-09-30 09:05:17+00:00
09/30/2026 04:10:17,N,19.0787,0.0,0.0,0.0,0.0,0.0,0.0,0.0,0.0,0.0,0.0,0.0,0.0,0.0,0.0,6172.07,90158.66,0.0,2026-09-30 09:10:17+00:00
09/30/2026 04:15:17,N,18.1835,0.0,0.0,0.0,0.0,0.0,0.0,0.0,0.0,0.0,0.0,0.0,0.0,0.0,0.0,6163.87,90178.75,0.0,2026-09-30 09:15:17+00:00
09/30/2026 04:20:17,N,18.8927,0.0,0.0,0.0,0.0,0.0,0.0,0.0,0.0,0.0,0.0,0.0,0.0,0.0,0.0,6176.6,90002.33,0.0,2026-09-30 09:20:17+00:00
09/30/2026 04:25:20,N,18.9601,0.0,0.0,0.0,0.0,0.0,0.0,0.0,0.0,0.0,0.0,0.0,0.0,0.0,0.0,6214.58,89883.95,0.0,2026-09-30 09:25:20+00:00
09/30/2026 04:30:17,N,18.6457,0.0,0.0,0.0,0.0,0.0,0.0,0.0,0.0,0.0,0.0,0.0,0.0,0.0,0.0,6224.69,89808.41,0.0,2026-09-30 09:30:17+00:00
09/30/2026 04:35:18,N,18.702,0.0,0.0,0.0,0.0,0.0,0.0,0.0,0.0,0.0,0.0,0.0,0.0,0.0,0.0,6332.3,89766.47,0.0,2026-09-30 09:35:18+00:00
09/30/2026 04:40:17,N,18.8884,0.0,0.0,0.0,0.0,0.0,0.0,0.0,0.0,0.0,0.0,0.0,0.0,0.0,0.0,6389.84,89652.57,0.0,2026-09-30 09:40:17+00:00
09/30/2026 04:45:17,N,20.2683,0.0,0.0,0.0,0.0,0.0,0.0,0.0,0.0,0.0,0.0,0.0,0.0,0.0,0.0,6415.01,89536.17,0.0,2026-09-30 09:45:17+00:00
09/30/2026 04:50:17,N,20.3282,0.0,0.0,0.0,0.0,0.0,0.0,0.0,0.0,0.0,0.0,0.0,0.0,0.0,0.0,6433.86,89355.74,0.0,2026-09-30 09:50:17+00:00
09/30/2026 04:55:19,N,20.6711,0.0,0.0,0.0,0.0,0.0,0.0,0.0,0.0,0.0,0.0,0.0,0.0,0.0,0.0,6530.42,89268.19,0.0,2026-09-30 09:55:19+00:00
09/30/2026 05:00:18,N,19.819,0.0,0.0,0.0,0.0,0.0,0.0,0.0,0.0,0.0,0.0,0.0,0.0,0.0,0.0,6760.85,89251.23,0.0,2026-09-30 10:00:18+00:00
09/30/2026 05:05:18,N,21.5556,0.0,0.0,0.0,0.0,0.0,0.0,0.0,0.0,0.0,0.0,0.0,0.0,0.0,0.0,6760.39,89054.5,0.0,2026-09-30 10:05:18+00:00
09/30/2026 05:10:17,N,22.3468,0.0,0.0,0.0,0.0,0.0,0.0,0.0,0.0,0.0,0.0,0.0,0.0,0.0,0.0,6728.34,88852.8,0.0,2026-09-30 10:10:17+00:00
09/30/2026 05:15:16,N,22.2653,0.0,0.0,0.0,0.0,0.0,0.0,0.0,0.0,0.0,0.0,0.0,0.0,0.0,0.0,6714.4,88772.66,0.0,2026-09-30 10:15:16+00:00
09/30/2026 05:20:16,N,22.5619,0.0,0.0,0.0,0.0,0.0,0.0,0.0,0.0,0.0,0.0,0.0,0.0,0.0,0.0,6545.38,88586.82,0.0,2026-09-30 10:20:16+00:00
09/30/2026 05:25:16,N,22.8383,0.0,0.0,0.0,0.0,0.0,0.0,0.0,0.0,0.0,0.0,0.0,0.0,0.0,0.0,6538.85,88361.09,0.0,2026-09-30 10:25:16+00:00
09/30/2026 05:30:18,N,22.9134,0.0,0.0,0.0,0.0,0.0,0.0,0.0,0.0,0.0,0.0,0.0,0.0,0.0,0.0,6526.52,88155.83,0.0,2026-09-30 10:30:18+00:00
09/30/2026 05:35:16,N,23.5253,0.0,0.0,0.0,0.0,0.0,0.0,0.0,0.0,0.0,0.0,0.0,0.0,0.0,0.0,6523.89,87864.82,0.0,2026-09-30 10:35:16+00:00
09/30/2026 05:40:18,N,24.3318,0.0,0.0,0.0,0.0,0.0,0.0,0.0,0.0,0.0,0.0,0.0,0.0,0.0,0.0,6487.29,87632.08,0.0,2026-09-30 10:40:18+00:00
09/30/2026 05:45:16,N,24.9333,0.0,0.0,0.0,0.0,0.0,0.0,0.0,0.0,0.0,0.0,0.0,0.0,0.0,0.0,6469.93,87429.76,0.0,2026-09-30 10:45:16+00:00
09/30/2026 05:50:16,N,25.7864,0.0,0.0,0.0,0.0,0.0,0.0,0.0,0.0,0.0,0.0,0.0,0.0,0.0,0.0,6446.55,87201.31,0.0,2026-09-30 10:50:16+00:00
09/30/2026 05:55:17,N,25.7414,0.0,0.0,0.0,0.0,0.0,0.0,0.0,0.0,0.0,0.0,0.0,0.0,0.0,0.0,6655.53,87346.82,0.0,2026-09-30 10:55:17+00:00
09/30/2026 06:00:19,N,27.2003,0.0,0.0,0.0,0.0,0.0,0.0,0.0,0.0,0.0,0.0,0.0,0.0,0.0,0.0,6629.93,87245.3,0.0,2026-09-30 11:00:19+00:00
09/30/2026 06:05:17,N,29.4272,0.0,0.0,0.0,0.0,0.0,0.0,0.0,0.0,0.0,0.0,0.0,0.0,0.0,0.0,6655.96,87188.77,0.0,2026-09-30 11:05:17+00:00
09/30/2026 06:10:17,N,30.415,0.0,0.0,0.0,0.0,0.0,0.0,0.0,0.0,0.0,0.0,0.0,0.0,0.0,0.0,6629.17,86970.48,0.0,2026-09-30 11:10:17+00:00
09/30/2026 06:15:17,N,30.777,0.0,0.0,0.0,0.0,0.0,0.0,0.0,0.0,0.0,0.0,0.0,0.0,0.0,0.0,6583.61,87014.84,0.0,2026-09-30 11:15:17+00:00
09/30/2026 06:20:16,N,30.4693,0.0,0.0,0.0,0.0,0.0,0.0,0.0,0.0,0.0,0.0,0.0,0.0,0.0,0.0,6452.12,86874.59,0.0,2026-09-30 11:20:16+00:00
09/30/2026 06:25:15,N,31.0253,0.0,0.0,0.0,0.0,0.0,0.0,0.0,0.0,0.0,0.0,0.0,0.0,0.0,0.0,6486.66,86831.05,0.0,2026-09-30 11:25:15+00:00
09/30/2026 06:30:16,N,31.8262,0.0,0.0,0.0,0.0,0.0,0.0,0.0,0.0,0.0,0.0,0.0,0.0,0.0,0.0,6393.28,86734.09,0.0,2026-09-30 11:30:16+00:00
09/30/2026 06:35:16,N,31.4303,0.0,0.0,0.0,0.0,0.0,0.0,0.0,0.0,0.0,0.0,0.0,0.0,0.0,0.0,6404.08,86647.02,0.0,2026-09-30 11:35:16+00:00
09/30/2026 06:40:16,N,30.9021,0.0,0.0,0.0,0.0,0.0,0.0,0.0,0.0,0.0,0.0,0.0,0.0,0.0,0.0,6402.8,86645.27,0.0,2026-09-30 11:40:16+00:00
09/30/2026 06:45:17,N,31.3734,0.0,0.0,0.0,0.0,0.0,0.0,0.0,0.0,0.0,0.0,0.0,0.0,0.0,0.0,6362.87,86721.77,0.0,2026-09-30 11:45:17+00:00
09/30/2026 06:50:16,N,31.374,0.0,0.0,0.0,0.0,0.0,0.0,0.0,0.0,0.0,0.0,0.0,0.0,0.0,0.0,6292.18,86617.13,0.0,2026-09-30 11:50:16+00:00
09/30/2026 06:55:18,N,31.9505,0.0,0.0,0.0,0.0,0.0,0.0,0.0,0.0,0.0,0.0,0.0,0.0,0.0,0.0,6283.72,86498.51,0.0,2026-09-30 11:55:18+00:00
09/30/2026 07:00:19,N,30.113,0.0,0.0,0.0,0.0,0.0,0.0,0.0,0.0,0.0,0.0,0.0,0.0,0.0,0.0,5942.67,86600.16,0.0,2026-09-30 12:00:19+00:00
09/30/2026 07:05:17,N,29.6731,0.0,0.0,0.0,0.0,0.0,0.0,0.0,0.0,0.0,0.0,0.0,0.0,0.0,0.0,5921.5,86678.57,0.0,2026-09-30 12:05:17+00:00
09/30/2026 07:10:18,N,29.6782,0.0,0.0,0.0,0.0,0.0,0.0,0.0,0.0,0.0,0.0,0.0,0.0,0.0,0.0,5886.66,86903.37,0.0,2026-09-30 12:10:18+00:00
09/30/2026 07:15:17,N,28.1226,0.0,0.0,0.0,0.0,0.0,0.0,0.0,0.0,0.0,0.0,0.0,0.0,0.0,0.0,5941.62,86922.3,0.0,2026-09-30 12:15:17+00:00
09/30/2026 07:20:15,N,29.945,0.0,0.0,0.0,0.0,0.0,0.0,0.0,0.0,0.0,0.0,0.0,0.0,0.0,0.0,6168.65,86964.49,0.0,2026-09-30 12:20:15+00:00
09/30/2026 07:25:16,N,27.9074,0.0,0.0,0.0,0.0,0.0,0.0,0.0,0.0,0.0,0.0,0.0,0.0,0.0,0.0,6162.29,87134.27,0.0,2026-09-30 12:25:16+00:00
09/30/2026 07:30:17,N,26.8932,0.0,0.0,0.0,0.0,0.0,0.0,0.0,0.0,0.0,0.0,0.0,0.0,0.0,0.0,6159.16,87407.77,0.0,2026-09-30 12:30:17+00:00
09/30/2026 07:35:16,N,25.8508,0.0,0.0,0.0,0.0,0.0,0.0,0.0,0.0,0.0,0.0,0.0,0.0,0.0,0.0,6148.81,87532.35,0.0,2026-09-30 12:35:16+00:00
09/30/2026 07:40:17,N,24.2389,0.0,0.0,0.0,0.0,0.0,0.0,0.0,0.0,0.0,0.0,0.0,0.0,0.0,0.0,6146.8,87928.73,0.0,2026-09-30 12:40:17+00:00
09/30/2026 07:45:18,N,23.512,0.0,0.0,0.0,0.0,0.0,0.0,0.0,0.0,0.0,0.0,0.0,0.0,0.0,0.0,6074.99,88371.52,0.0,2026-09-30 12:45:18+00:00
09/30/2026 07:50:17,N,23.0364,0.0,0.0,0.0,0.0,0.0,0.0,0.0,0.0,0.0,0.0,0.0,0.0,0.0,0.0,6080.54,88660.4,0.0,2026-09-30 12:50:17+00:00
09/30/2026 07:55:17,N,21.8904,0.0,0.0,0.0,0.0,0.0,0.0,0.0,0.0,0.0,0.0,0.0,0.0,0.0,0.0,5915.22,89173.77,0.0,2026-09-30 12:55:17+00:00
09/30/2026 08:00:20,N,22.8719,0.0,0.0,0.0,0.0,0.0,0.0,0.0,0.0,0.0,0.0,0.0,0.0,0.0,0.0,5885.78,89251.27,0.0,2026-09-30 13:00:20+00:00
09/30/2026 08:05:17,N,22.857,0.0,0.0,0.0,0.0,0.0,0.0,0.0,0.0,0.0,0.0,0.0,0.0,0.0,0.0,6067.27,89912.83,0.0,2026-09-30 13:05:17+00:00
09/30/2026 08:10:17,N,22.0721,0.0,0.0,0.0,0.0,0.0,0.0,0.0,0.0,0.0,0.0,0.0,0.0,0.0,0.0,5943.99,90366.76,0.0,2026-09-30 13:10:17+00:00
09/30/2026 08:15:17,N,21.1859,0.0,0.0,0.0,0.0,0.0,0.0,0.0,0.0,0.0,0.0,0.0,0.0,0.0,0.0,5665.26,91376.48,0.0,2026-09-30 13:15:17+00:00
09/30/2026 08:20:17,N,19.406,0.0,0.0,0.0,0.0,0.0,0.0,0.0,0.0,0.0,0.0,0.0,0.0,0.0,0.0,5621.62,92137.4,0.0,2026-09-30 13:20:17+00:00
09/30/2026 08:25:18,N,18.5867,0.0,0.0,0.0,0.0,0.0,0.0,0.0,0.0,0.0,0.0,0.0,0.0,0.0,0.0,5522.49,92451.62,0.0,2026-09-30 13:25:18+00:00
09/30/2026 08:30:18,N,18.4002,0.0,0.0,0.0,0.0,0.0,0.0,0.0,0.0,0.0,0.0,0.0,0.0,0.0,0.0,5558.24,93212.16,0.0,2026-09-30 13:30:18+00:00
09/30/2026 08:35:18,N,17.0633,0.0,0.0,0.0,0.0,0.0,0.0,0.0,0.0,0.0,0.0,0.0,0.0,0.0,0.0,5535.01,94450.67,0.0,2026-09-30 13:35:18+00:00
09/30/2026 08:40:18,N,16.9616,0.0,0.0,0.0,0.0,0.0,0.0,0.0,0.0,0.0,0.0,0.0,0.0,0.0,0.0,5526.82,95475.21,0.0,2026-09-30 13:40:18+00:00
09/30/2026 08:45:18,N,16.3319,0.0,0.0,0.0,0.0,0.0,0.0,0.0,0.0,0.0,0.0,0.0,0.0,0.0,0.0,5307.46,96460.7,0.0,2026-09-30 13:45:18+00:00
09/30/2026 08:50:18,N,16.1495,0.0,0.0,0.0,0.0,0.0,0.0,0.0,0.0,0.0,0.0,0.0,0.0,0.0,0.0,5429.81,97098.95,0.0,2026-09-30 13:50:18+00:00
09/30/2026 08:55:20,N,15.6846,0.0,0.0,0.0,0.0,0.0,0.0,0.0,0.0,0.0,0.0,0.0,0.0,0.0,0.0,5403.53,98168.42,0.0,2026-09-30 13:55:20+00:00
09/30/2026 09:00:20,N,17.6246,0.0,0.0,0.0,0.0,0.0,0.0,0.0,0.0,0.0,0.0,0.0,0.0,0.0,0.0,5137.14,98760.72,0.0,2026-09-30 14:00:20+00:00
09/30/2026 09:05:18,N,17.0831,0.0,0.0,0.0,0.0,0.0,0.0,0.0,0.0,0.0,0.0,0.0,0.0,0.0,0.0,5351.05,99638.05,0.0,2026-09-30 14:05:18+00:00
09/30/2026 09:08:43,N,16.9213,0.0,0.0,0.0,0.0,0.0,0.0,0.0,0.0,0.0,0.0,0.0,0.0,0.0,0.0,5606.1,100065.13,0.0,2026-09-30 14:08:43+00:00
09/30/2026 09:10:19,N,17.5836,0.0,0.0,0.0,0.0,0.0,0.0,0.0,0.0,0.0,0.0,0.0,0.0,0.0,0.0,5450.45,100262.59,0.0,2026-09-30 14:10:19+00:00
09/30/2026 09:12:50,N,17.9142,0.0,0.0,0.0,0.0,0.0,0.0,0.0,0.0,0.0,0.0,0.0,0.0,0.0,0.0,5331.71,100156.95,0.0,2026-09-30 14:12:50+00:00
09/30/2026 09:15:18,N,17.199,0.0,0.0,0.0,0.0,0.0,0.0,0.0,0.0,0.0,0.0,0.0,0.0,0.0,0.0,5274.72,100692.34,0.0,2026-09-30 14:15:18+00:00
09/30/2026 09:20:18,N,16.9563,0.0,0.0,0.0,0.0,0.0,0.0,0.0,0.0,0.0,0.0,0.0,0.0,0.0,0.0,5343.96,100766.25,0.0,2026-09-30 14:20:18+00:00
09/30/2026 09:25:18,N,16.9092,0.0,0.0,0.0,0.0,0.0,0.0,0.0,0.0,0.0,0.0,0.0,0.0,0.0,0.0,5377.3,101593.13,0.0,2026-09-30 14:25:18+00:00
09/30/2026 09:30:18,N,16.4369,0.0,0.0,0.0,0.0,0.0,0.0,0.0,0.0,0.0,0.0,0.0,0.0,0.0,0.0,5950.2,101989.15,0.0,2026-09-30 14:30:18+00:00
09/30/2026 09:35:18,N,17.1596,0.0,0.0,0.0,0.0,0.0,0.0,0.0,0.0,0.0,0.0,0.0,0.0,0.0,0.0,5688.17,102863.94,0.0,2026-09-30 14:35:18+00:00
09/30/2026 09:40:17,N,17.1155,0.0,0.0,0.0,0.0,0.0,0.0,0.0,0.0,0.0,0.0,0.0,0.0,0.0,0.0,5593.93,103221.28,0.0,2026-09-30 14:40:17+00:00
09/30/2026 09:45:18,N,18.2033,0.0,0.0,0.0,0.0,0.0,0.0,0.0,0.0,0.0,0.0,0.0,0.0,0.0,0.0,5542.36,103255.65,0.0,2026-09-30 14:45:18+00:00
09/30/2026 09:50:18,N,17.2574,0.0,0.0,0.0,0.0,0.0,0.0,0.0,0.0,0.0,0.0,0.0,0.0,0.0,0.0,5710.23,103780.22,0.0,2026-09-30 14:50:18+00:00
09/30/2026 09:55:19,N,16.9227,0.0,0.0,0.0,0.0,0.0,0.0,0.0,0.0,0.0,0.0,0.0,0.0,0.0,0.0,5818.0,104855.77,0.0,2026-09-30 14:55:19+00:00
09/30/2026 10:00:19,N,16.6882,0.0,0.0,0.0,0.0,0.0,0.0,0.0,0.0,0.0,0.0,0.0,0.0,0.0,0.0,5787.76,105107.63,0.0,2026-09-30 15:00:19+00:00
09/30/2026 10:05:19,N,21.6882,0.0,0.0,0.0,0.0,0.0,0.0,0.0,0.0,0.0,0.0,0.0,0.0,0.0,0.0,5831.55,105714.55,0.0,2026-09-30 15:05:19+00:00
09/30/2026 10:07:39,N,23.1837,0.0,0.0,0.0,0.0,0.0,0.0,0.0,0.0,0.0,0.0,0.0,0.0,0.0,0.0,5838.82,105927.12,0.0,2026-09-30 15:07:39+00:00
09/30/2026 10:10:18,N,17.6358,0.0,0.0,0.0,0.0,0.0,0.0,0.0,0.0,0.0,0.0,0.0,0.0,0.0,0.0,5747.74,106177.41,0.0,2026-09-30 15:10:18+00:00
09/30/2026 10:15:18,N,16.2081,0.0,0.0,0.0,0.0,0.0,0.0,0.0,0.0,0.0,0.0,0.0,0.0,0.0,0.0,5709.31,106680.9,0.0,2026-09-30 15:15:18+00:00
09/30/2026 10:20:18,N,18.1449,0.0,0.0,0.0,0.0,0.0,0.0,0.0,0.0,0.0,0.0,0.0,0.0,0.0,0.0,5734.04,106649.69,0.0,2026-09-30 15:20:18+00:00
09/30/2026 10:25:19,N,20.9021,0.0,0.0,0.0,0.0,0.0,0.0,0.0,0.0,0.0,0.0,0.0,0.0,0.0,0.0,5703.48,107394.69,0.0,2026-09-30 15:25:19+00:00
09/30/2026 10:30:19,N,20.5578,0.0,0.0,0.0,0.0,0.0,0.0,0.0,0.0,0.0,0.0,0.0,0.0,0.0,0.0,5693.52,107646.04,0.0,2026-09-30 15:30:19+00:00
09/30/2026 10:35:18,N,22.7408,0.0,0.0,0.0,0.0,0.0,0.0,0.0,0.0,0.0,0.0,0.0,0.0,0.0,0.0,5845.44,107828.59,0.0,2026-09-30 15:35:18+00:00
09/30/2026 10:40:18,N,20.902,0.0,0.0,0.0,0.0,0.0,0.0,0.0,0.0,0.0,0.0,0.0,0.0,0.0,0.0,5970.47,107779.05,0.0,2026-09-30 15:40:18+00:00
09/30/2026 10:45:19,N,19.9938,0.0,0.0,0.0,0.0,0.0,0.0,0.0,0.0,0.0,0.0,0.0,0.0,0.0,0.0,6028.26,107863.33,0.0,2026-09-30 15:45:19+00:00
09/30/2026 10:50:19,N,24.3761,0.0,0.0,0.0,0.0,0.0,0.0,0.0,0.0,0.0,0.0,0.0,0.0,0.0,0.0,6581.52,108967.38,0.0,2026-09-30 15:50:19+00:00
09/30/2026 10:55:18,N,24.2268,0.0,0.0,0.0,0.0,0.0,0.0,0.0,0.0,0.0,0.0,0.0,0.0,0.0,0.0,6757.45,109133.05,0.0,2026-09-30 15:55:18+00:00
09/30/2026 11:00:21,N,20.7965,0.0,0.0,0.0,0.0,0.0,0.0,0.0,0.0,0.0,0.0,0.0,0.0,0.0,0.0,6535.09,109639.39,0.0,2026-09-30 16:00:21+00:00
09/30/2026 11:05:20,N,23.5838,0.0,0.0,0.0,0.0,0.0,0.0,0.0,0.0,0.0,0.0,0.0,0.0,0.0,0.0,6714.33,109518.12,0.0,2026-09-30 16:05:20+00:00
09/30/2026 11:10:20,N,26.9093,0.0,0.0,0.0,0.0,0.0,0.0,0.0,0.0,0.0,0.0,0.0,0.0,0.0,0.0,6675.14,108994.16,0.0,2026-09-30 16:10:20+00:00
09/30/2026 11:12:50,N,27.5948,0.0,0.0,0.0,0.0,0.0,0.0,0.0,0.0,0.0,0.0,0.0,0.0,0.0,0.0,6862.56,109692.63,0.0,2026-09-30 16:12:50+00:00
09/30/2026 11:15:22,N,28.625,0.0,0.0,0.0,0.0,0.0,0.0,0.0,0.0,0.0,0.0,0.0,0.0,0.0,0.0,6838.91,109370.7,0.0,2026-09-30 16:15:22+00:00
09/30/2026 11:17:59,N,27.0262,0.0,0.0,0.0,0.0,0.0,0.0,0.0,0.0,0.0,0.0,0.0,0.0,0.0,0.0,6646.22,109365.15,0.0,2026-09-30 16:17:59+00:00
09/30/2026 11:20:18,N,25.1519,0.0,0.0,0.0,0.0,0.0,0.0,0.0,0.0,0.0,0.0,0.0,0.0,0.0,0.0,6677.24,109481.98,0.0,2026-09-30 16:20:18+00:00
09/30/2026 11:25:18,N,28.1203,0.0,0.0,0.0,0.0,0.0,0.0,0.0,0.0,0.0,0.0,0.0,0.0,0.0,0.0,6728.46,109041.69,0.0,2026-09-30 16:25:18+00:00
09/30/2026 11:30:19,N,30.066,0.0,0.0,0.0,0.0,0.0,0.0,0.0,0.0,0.0,0.0,0.0,0.0,0.0,0.0,6731.73,109439.06,0.0,2026-09-30 16:30:19+00:00
09/30/2026 11:35:20,N,27.6083,0.0,0.0,0.0,0.0,0.0,0.0,0.0,0.0,0.0,0.0,0.0,0.0,0.0,0.0,6865.09,109801.18,0.0,2026-09-30 16:35:20+00:00
09/30/2026 11:40:21,N,26.8879,0.0,0.0,0.0,0.0,0.0,0.0,0.0,0.0,0.0,0.0,0.0,0.0,0.0,0.0,6973.07,109512.34,0.0,2026-09-30 16:40:21+00:00
09/30/2026 11:45:18,N,21.7345,0.0,0.0,0.0,0.0,0.0,0.0,0.0,0.0,0.0,0.0,0.0,0.0,0.0,0.0,7138.47,109891.14,0.0,2026-09-30 16:45:18+00:00
09/30/2026 11:50:18,N,22.291,0.0,0.0,0.0,0.0,0.0,0.0,0.0,0.0,0.0,0.0,0.0,0.0,0.0,0.0,7295.18,109851.1,0.0,2026-09-30 16:50:18+00:00
09/30/2026 11:52:31,N,22.3972,0.0,0.0,0.0,0.0,0.0,0.0,0.0,0.0,0.0,0.0,0.0,0.0,0.0,0.0,7253.22,110051.31,0.0,2026-09-30 16:52:31+00:00
09/30/2026 11:55:19,N,22.4721,0.0,0.0,0.0,0.0,0.0,0.0,0.0,0.0,0.0,0.0,0.0,0.0,0.0,0.0,7348.9,110234.29,0.0,2026-09-30 16:55:19+00:00
09/30/2026 11:57:41,N,22.3501,0.0,0.0,0.0,0.0,0.0,0.0,0.0,0.0,0.0,0.0,0.0,0.0,0.0,0.0,7390.04,110079.01,0.0,2026-09-30 16:57:41+00:00
09/30/2026 12:00:22,N,26.7688,0.0,0.0,0.0,0.0,0.0,0.0,0.0,0.0,0.0,0.0,0.0,0.0,0.0,0.0,7446.21,110143.09,0.0,2026-09-30 17:00:22+00:00
09/30/2026 12:05:23,N,24.6584,0.0,0.0,0.0,0.0,0.0,0.0,0.0,0.0,0.0,0.0,0.0,0.0,0.0,0.0,7643.18,110517.3,0.0,2026-09-30 17:05:23+00:00
09/30/2026 12:10:19,N,26.2584,0.0,0.0,0.0,0.0,0.0,0.0,0.0,0.0,0.0,0.0,0.0,0.0,0.0,0.0,7732.83,110499.13,0.0,2026-09-30 17:10:19+00:00
09/30/2026 12:15:18,N,23.6911,0.0,0.0,0.0,0.0,0.0,0.0,0.0,0.0,0.0,0.0,0.0,0.0,0.0,0.0,8094.54,110745.02,0.0,2026-09-30 17:15:18+00:00
09/30/2026 12:20:18,N,27.8928,0.0,0.0,0.0,0.0,0.0,0.0,0.0,0.0,0.0,0.0,0.0,0.0,0.0,0.0,8085.07,110359.42,0.0,2026-09-30 17:20:18+00:00
09/30/2026 12:25:18,N,29.4368,0.0,0.0,0.0,0.0,0.0,0.0,0.0,0.0,0.0,0.0,0.0,0.0,0.0,0.0,7854.65,110470.8,0.0,2026-09-30 17:25:18+00:00
09/30/2026 12:30:20,N,31.8749,0.0,0.0,0.0,0.0,0.0,0.0,0.0,0.0,0.0,0.0,0.0,0.0,0.0,0.0,7865.72,110117.31,0.0,2026-09-30 17:30:20+00:00
09/30/2026 12:35:19,N,28.5152,0.0,0.0,0.0,0.0,0.0,0.0,0.0,0.0,0.0,0.0,0.0,0.0,0.0,0.0,7912.95,110440.75,0.0,2026-09-30 17:35:19+00:00
09/30/2026 12:40:19,N,33.4319,0.0,0.0,0.0,0.0,0.0,0.0,0.0,0.0,0.0,0.0,0.0,0.0,0.0,0.0,8368.67,110883.04,0.0,2026-09-30 17:40:19+00:00
09/30/2026 12:45:19,N,30.5632,0.0,0.0,0.0,0.0,0.0,0.0,0.0,0.0,0.0,0.0,0.0,0.0,0.0,0.0,8519.73,111639.38,0.0,2026-09-30 17:45:19+00:00
09/30/2026 12:50:19,N,32.666,0.0,0.0,0.0,0.0,0.0,0.0,0.0,0.0,0.0,0.0,0.0,0.0,0.0,0.0,8732.56,112146.59,0.0,2026-09-30 17:50:19+00:00
09/30/2026 12:55:19,N,32.3722,0.0,0.0,0.0,0.0,0.0,0.0,0.0,0.0,0.0,0.0,0.0,0.0,0.0,0.0,8905.63,112168.79,0.0,2026-09-30 17:55:19+00:00
09/30/2026 13:00:21,N,32.422,0.0,0.0,0.0,0.0,0.0,0.0,0.0,0.0,0.0,0.0,0.0,0.0,0.0,0.0,9144.51,113159.98,0.0,2026-09-30 18:00:21+00:00
09/30/2026 13:05:20,N,34.216,0.0,0.0,0.0,0.0,0.0,0.0,0.0,0.0,0.0,0.0,0.0,0.0,0.0,0.0,9386.48,113293.49,0.0,2026-09-30 18:05:20+00:00
09/30/2026 13:10:24,N,36.3452,0.0,0.0,0.0,0.0,0.0,0.0,0.0,0.0,0.0,0.0,0.0,0.0,0.0,0.0,9548.35,113158.55,0.0,2026-09-30 18:10:24+00:00
09/30/2026 13:15:22,N,33.5342,0.0,0.0,0.0,0.0,0.0,0.0,0.0,0.0,0.0,0.0,0.0,0.0,0.0,0.0,9554.51,113429.32,0.0,2026-09-30 18:15:22+00:00
09/30/2026 13:20:21,N,42.34,0.0,0.0,0.0,0.0,0.0,0.0,0.0,0.0,0.0,0.0,0.0,0.0,0.0,0.0,9745.32,113298.16,0.0,2026-09-30 18:20:21+00:00
09/30/2026 13:24:46,N,40.0248,0.0,0.0,0.0,0.0,0.0,0.0,0.0,0.0,0.0,0.0,0.0,0.0,0.0,0.0,9633.97,112673.55,0.0,2026-09-30 18:24:46+00:00
09/30/2026 13:25:25,N,41.0317,0.0,0.0,0.0,0.0,0.0,0.0,0.0,0.0,0.0,0.0,0.0,0.0,0.0,0.0,9595.93,112491.7,0.0,2026-09-30 18:25:25+00:00
09/30/2026 13:30:22,N,35.52,0.0,0.0,0.0,0.0,0.0,0.0,0.0,0.0,0.0,0.0,0.0,0.0,0.0,0.0,9605.49,112796.96,0.0,2026-09-30 18:30:22+00:00
09/30/2026 13:35:22,N,34.4963,0.0,0.0,0.0,0.0,0.0,0.0,0.0,0.0,0.0,0.0,0.0,0.0,0.0,0.0,9667.14,113135.3,0.0,2026-09-30 18:35:22+00:00
09/30/2026 13:40:20,N,33.4808,0.0,0.0,0.0,0.0,0.0,0.0,0.0,0.0,0.0,0.0,0.0,0.0,0.0,0.0,9790.5,113342.07,0.0,2026-09-30 18:40:20+00:00
09/30/2026 13:45:22,N,36.1858,0.0,0.0,0.0,0.0,0.0,0.0,0.0,0.0,0.0,0.0,0.0,0.0,0.0,0.0,9907.02,113210.38,0.0,2026-09-30 18:45:22+00:00
09/30/2026 13:50:23,N,39.6401,0.0,0.0,0.0,0.0,0.0,0.0,0.0,0.0,0.0,0.0,0.0,0.0,0.0,0.0,10240.4,112495.31,0.0,2026-09-30 18:50:23+00:00
09/30/2026 13:55:23,N,34.3205,0.0,0.0,0.0,0.0,0.0,0.0,0.0,0.0,0.0,0.0,0.0,0.0,0.0,0.0,10492.21,113070.68,0.0,2026-09-30 18:55:23+00:00
09/30/2026 14:00:23,N,33.1016,0.0,0.0,0.0,0.0,0.0,0.0,0.0,0.0,0.0,0.0,0.0,0.0,0.0,0.0,10710.1,112536.83,0.0,2026-09-30 19:00:23+00:00
09/30/2026 14:05:23,N,35.1902,0.0,0.0,0.0,0.0,0.0,0.0,0.0,0.0,0.0,0.0,0.0,0.0,0.0,0.0,10527.9,111865.66,0.0,2026-09-30 19:05:23+00:00
09/30/2026 14:10:24,N,39.394,0.0,0.0,0.0,0.0,0.0,0.0,0.0,0.0,0.0,0.0,0.0,0.0,0.0,0.0,10408.21,111583.94,0.0,2026-09-30 19:10:24+00:00
09/30/2026 14:12:37,N,38.4228,0.0,0.0,0.0,0.0,0.0,0.0,0.0,0.0,0.0,0.0,0.0,0.0,0.0,0.0,10657.13,111236.52,0.0,2026-09-30 19:12:37+00:00
09/30/2026 14:15:25,N,36.7563,0.0,0.0,0.0,0.0,0.0,0.0,0.0,0.0,0.0,0.0,0.0,0.0,0.0,0.0,10769.14,110885.38,0.0,2026-09-30 19:15:25+00:00
09/30/2026 14:20:23,N,35.2125,0.0,0.0,0.0,0.0,0.0,0.0,0.0,0.0,0.0,0.0,0.0,0.0,0.0,0.0,10453.95,111237.48,0.0,2026-09-30 19:20:23+00:00
09/30/2026 14:25:24,N,34.3212,0.0,0.0,0.0,0.0,0.0,0.0,0.0,0.0,0.0,0.0,0.0,0.0,0.0,0.0,10490.75,110876.03,0.0,2026-09-30 19:25:24+00:00
09/30/2026 14:30:22,N,34.1785,0.0,0.0,0.0,0.0,0.0,0.0,0.0,0.0,0.0,0.0,0.0,0.0,0.0,0.0,10750.29,110849.2,0.0,2026-09-30 19:30:22+00:00
09/30/2026 14:35:24,N,33.5157,0.0,0.0,0.0,0.0,0.0,0.0,0.0,0.0,0.0,0.0,0.0,0.0,0.0,0.0,10816.99,111328.76,0.0,2026-09-30 19:35:24+00:00
09/30/2026 14:40:23,N,31.8927,0.0,0.0,0.0,0.0,0.0,0.0,0.0,0.0,0.0,0.0,0.0,0.0,0.0,0.0,10831.0,111889.45,0.0,2026-09-30 19:40:23+00:00
09/30/2026 14:42:54,N,33.4182,0.0,0.0,0.0,0.0,0.0,0.0,0.0,0.0,0.0,0.0,0.0,0.0,0.0,0.0,10802.43,111669.8,0.0,2026-09-30 19:42:54+00:00
09/30/2026 14:45:22,N,33.5668,0.0,0.0,0.0,0.0,0.0,0.0,0.0,0.0,0.0,0.0,0.0,0.0,0.0,0.0,10877.61,111235.92,0.0,2026-09-30 19:45:22+00:00
09/30/2026 14:47:28,N,31.7698,0.0,0.0,0.0,0.0,0.0,0.0,0.0,0.0,0.0,0.0,0.0,0.0,0.0,0.0,10931.83,111440.2,0.0,2026-09-30 19:47:28+00:00
09/30/2026 14:50:22,N,31.2246,0.0,0.0,0.0,0.0,0.0,0.0,0.0,0.0,0.0,0.0,0.0,0.0,0.0,0.0,11137.36,111931.11,0.0,2026-09-30 19:50:22+00:00
09/30/2026 14:55:23,N,28.9147,0.0,0.0,0.0,0.0,0.0,0.0,0.0,0.0,0.0,0.0,0.0,0.0,0.0,0.0,11526.5,111504.8,0.0,2026-09-30 19:55:23+00:00
09/30/2026 15:00:24,N,28.3421,0.0,0.0,0.0,0.0,0.0,0.0,0.0,0.0,0.0,0.0,0.0,0.0,0.0,0.0,11397.57,110981.09,0.0,2026-09-30 20:00:24+00:00
09/30/2026 15:05:23,N,27.535,0.0,0.0,0.0,0.0,0.0,0.0,0.0,0.0,0.0,0.0,0.0,0.0,0.0,0.0,11527.94,110524.27,0.0,2026-09-30 20:05:23+00:00
09/30/2026 15:10:21,N,29.7817,0.0,0.0,0.0,0.0,0.0,0.0,0.0,0.0,0.0,0.0,0.0,0.0,0.0,0.0,11379.03,109811.45,0.0,2026-09-30 20:10:21+00:00
09/30/2026 15:15:23,N,28.207,0.0,0.0,0.0,0.0,0.0,0.0,0.0,0.0,0.0,0.0,0.0,0.0,0.0,0.0,11817.36,110822.34,0.0,2026-09-30 20:15:23+00:00
09/30/2026 15:20:21,N,27.7983,0.0,0.0,0.0,0.0,0.0,0.0,0.0,0.0,0.0,0.0,0.0,0.0,0.0,0.0,11999.01,110217.56,0.0,2026-09-30 20:20:21+00:00
09/30/2026 15:25:23,N,32.7038,0.0,0.0,0.0,0.0,0.0,0.0,0.0,0.0,0.0,0.0,0.0,0.0,0.0,0.0,11730.39,109454.81,0.0,2026-09-30 20:25:23+00:00
09/30/2026 15:30:23,N,36.535,0.0,0.0,0.0,0.0,0.0,0.0,0.0,0.0,0.0,0.0,0.0,0.0,0.0,0.0,11942.7,109860.72,0.0,2026-09-30 20:30:23+00:00
09/30/2026 15:35:23,N,35.997,0.0,0.0,0.0,0.0,0.0,0.0,0.0,0.0,0.0,0.0,0.0,0.0,0.0,0.0,12077.06,110171.4,0.0,2026-09-30 20:35:23+00:00
09/30/2026 15:40:20,N,37.8626,0.0,0.0,0.0,0.0,0.0,0.0,0.0,0.0,0.0,0.0,0.0,0.0,0.0,0.0,12092.29,110077.14,0.0,2026-09-30 20:40:20+00:00
09/30/2026 15:45:21,N,34.7597,0.0,0.0,0.0,0.0,0.0,0.0,0.0,0.0,0.0,0.0,0.0,0.0,0.0,0.0,12251.1,109900.91,0.0,2026-09-30 20:45:21+00:00
09/30/2026 15:50:23,N,33.0815,0.0,0.0,0.0,0.0,0.0,0.0,0.0,0.0,0.0,0.0,0.0,0.0,0.0,0.0,12314.75,109638.11,0.0,2026-09-30 20:50:23+00:00
09/30/2026 15:55:25,N,40.4039,0.0,0.0,0.0,0.0,0.0,0.0,0.0,0.0,0.0,0.0,0.0,0.0,0.0,0.0,12253.44,109425.56,0.0,2026-09-30 20:55:25+00:00
09/30/2026 16:00:23,N,38.9229,0.0,0.0,0.0,0.0,0.0,0.0,0.0,0.0,0.0,0.0,0.0,0.0,0.0,0.0,12039.96,109859.73,0.0,2026-09-30 21:00:23+00:00
09/30/2026 16:05:23,N,38.3954,0.0,0.0,0.0,0.0,0.0,0.0,0.0,0.0,0.0,0.0,0.0,0.0,0.0,0.0,12095.05,108901.59,0.0,2026-09-30 21:05:23+00:00
09/30/2026 16:10:22,N,57.16,0.0,0.0,0.0,0.0,0.0,0.0,0.0,0.0,0.0,0.0,0.0,0.0,0.0,0.0,12150.69,108758.05,0.0,2026-09-30 21:10:22+00:00
09/30/2026 16:15:21,N,54.7709,0.0,0.0,0.0,0.0,0.0,0.0,0.0,0.0,0.0,0.0,0.0,0.0,0.0,0.0,12189.78,108691.5,0.0,2026-09-30 21:15:21+00:00
09/30/2026 16:20:22,N,56.2114,0.0,0.0,0.0,0.0,0.0,0.0,0.0,0.0,0.0,0.0,0.0,0.0,0.0,0.0,12180.18,107557.05,0.0,2026-09-30 21:20:22+00:00
09/30/2026 16:25:22,N,45.1158,0.0,0.0,0.0,0.0,0.0,0.0,0.0,0.0,0.0,0.0,0.0,0.0,0.0,0.0,12223.83,107060.08,0.0,2026-09-30 21:25:22+00:00
09/30/2026 16:30:22,N,65.667,0.0,0.0,0.0,0.0,0.0,0.0,0.0,0.0,0.0,0.0,0.0,0.0,0.0,0.0,12291.36,106613.15,0.0,2026-09-30 21:30:22+00:00
09/30/2026 16:35:23,N,47.481,0.0,0.0,0.0,0.0,0.0,0.0,0.0,0.0,0.0,0.0,0.0,0.0,0.0,0.0,12421.5,106960.65,0.0,2026-09-30 21:35:23+00:00
09/30/2026 16:40:20,N,51.0024,0.0,0.0,0.0,0.0,0.0,0.0,0.0,0.0,0.0,0.0,0.0,0.0,0.0,0.0,12429.3,107520.87,0.0,2026-09-30 21:40:20+00:00
09/30/2026 16:45:22,N,57.4994,0.0,0.0,0.0,0.0,0.0,0.0,0.0,0.0,0.0,0.0,0.0,0.0,0.0,0.0,12416.23,106572.55,0.0,2026-09-30 21:45:22+00:00
09/30/2026 16:50:21,N,53.1158,0.0,0.0,0.0,0.0,0.0,0.0,0.0,0.0,0.0,0.0,0.0,0.0,0.0,0.0,12524.88,106593.23,0.0,2026-09-30 21:50:21+00:00
09/30/2026 16:55:22,N,52.2611,0.0,0.0,0.0,0.0,0.0,0.0,0.0,0.0,0.0,0.0,0.0,0.0,0.0,0.0,12594.88,106312.07,0.0,2026-09-30 21:55:22+00:00
09/30/2026 17:00:22,N,50.2948,0.0,0.0,0.0,0.0,0.0,0.0,0.0,0.0,0.0,0.0,0.0,0.0,0.0,0.0,12490.61,106368.53,0.0,2026-09-30 22:00:22+00:00
09/30/2026 17:05:18,N,38.1987,0.0,0.0,0.0,0.0,0.0,0.0,0.0,0.0,0.0,0.0,0.0,0.0,0.0,0.0,12501.32,107051.11,0.0,2026-09-30 22:05:18+00:00
09/30/2026 17:10:20,N,30.7608,0.0,0.0,0.0,0.0,0.0,0.0,0.0,0.0,0.0,0.0,0.0,0.0,0.0,0.0,12632.27,107502.89,0.0,2026-09-30 22:10:20+00:00
09/30/2026 17:15:19,N,31.2407,0.0,0.0,0.0,0.0,0.0,0.0,0.0,0.0,0.0,0.0,0.0,0.0,0.0,0.0,12726.2,107144.88,0.0,2026-09-30 22:15:19+00:00
09/30/2026 17:20:20,N,36.1085,0.0,0.0,0.0,0.0,0.0,0.0,0.0,0.0,0.0,0.0,0.0,0.0,0.0,0.0,12622.1,106326.59,0.0,2026-09-30 22:20:20+00:00
09/30/2026 17:25:20,N,35.4182,0.0,0.0,0.0,0.0,0.0,0.0,0.0,0.0,0.0,0.0,0.0,0.0,0.0,0.0,12674.56,105670.87,0.0,2026-09-30 22:25:20+00:00
09/30/2026 17:30:19,N,35.1424,0.0,0.0,0.0,0.0,0.0,0.0,0.0,0.0,0.0,0.0,0.0,0.0,0.0,0.0,12672.73,104758.11,0.0,2026-09-30 22:30:19+00:00
09/30/2026 17:35:22,N,33.2719,0.0,0.0,0.0,0.0,0.0,0.0,0.0,0.0,0.0,0.0,0.0,0.0,0.0,0.0,12629.2,104169.41,0.0,2026-09-30 22:35:22+00:00
09/30/2026 17:40:20,N,32.5163,0.0,0.0,0.0,0.0,0.0,0.0,0.0,0.0,0.0,0.0,0.0,0.0,0.0,0.0,12700.85,103916.39,0.0,2026-09-30 22:40:20+00:00
09/30/2026 17:45:19,N,30.4811,0.0,0.0,0.0,0.0,0.0,0.0,0.0,0.0,0.0,0.0,0.0,0.0,0.0,0.0,12785.45,103725.48,0.0,2026-09-30 22:45:19+00:00
09/30/2026 17:50:19,N,34.9895,0.0,0.0,0.0,0.0,0.0,0.0,0.0,0.0,0.0,0.0,0.0,0.0,0.0,0.0,12704.08,103390.18,0.0,2026-09-30 22:50:19+00:00
09/30/2026 17:55:19,N,31.6904,0.0,0.0,0.0,0.0,0.0,0.0,0.0,0.0,0.0,0.0,0.0,0.0,0.0,0.0,12769.93,103170.07,0.0,2026-09-30 22:55:19+00:00
09/30/2026 18:00:21,N,28.8794,0.0,0.0,0.0,0.0,0.0,0.0,0.0,0.0,0.0,0.0,0.0,0.0,0.0,0.0,12837.54,102312.57,0.0,2026-09-30 23:00:21+00:00
09/30/2026 18:05:19,N,30.7561,0.0,0.0,0.0,0.0,0.0,0.0,0.0,0.0,0.0,0.0,0.0,0.0,0.0,0.0,12833.84,101266.91,0.0,2026-09-30 23:05:19+00:00
09/30/2026 18:10:23,N,39.5534,0.0,0.0,0.0,0.0,0.0,0.0,0.0,0.0,0.0,0.0,0.0,0.0,0.0,0.0,12238.83,99887.13,0.0,2026-09-30 23:10:23+00:00
09/30/2026 18:15:19,N,41.4582,0.0,0.0,0.0,0.0,0.0,0.0,0.0,0.0,0.0,0.0,0.0,0.0,0.0,0.0,11925.29,99090.23,0.0,2026-09-30 23:15:19+00:00
09/30/2026 18:20:21,N,41.976,0.0,0.0,0.0,0.0,0.0,0.0,0.0,0.0,0.0,0.0,0.0,0.0,0.0,0.0,11867.96,98504.47,0.0,2026-09-30 23:20:21+00:00
09/30/2026 18:25:20,N,41.4635,0.0,0.0,0.0,0.0,0.0,0.0,0.0,0.0,0.0,0.0,0.0,0.0,0.0,0.0,11956.86,98067.16,0.0,2026-09-30 23:25:20+00:00
09/30/2026 18:30:19,N,44.3092,0.0,0.0,0.0,0.0,0.0,0.0,0.0,0.0,0.0,0.0,0.0,0.0,0.0,0.0,12428.49,97398.83,0.0,2026-09-30 23:30:19+00:00
09/30/2026 18:35:20,N,45.0451,0.0,0.0,0.0,0.0,0.0,0.0,0.0,0.0,0.0,0.0,0.0,0.0,0.0,0.0,12318.57,96588.71,0.0,2026-09-30 23:35:20+00:00
09/30/2026 18:40:21,N,46.7187,0.0,0.0,0.0,0.0,0.0,0.0,0.0,0.0,0.0,0.0,0.0,0.0,0.0,0.0,12210.19,95972.85,0.0,2026-09-30 23:40:21+00:00
09/30/2026 18:45:20,N,47.5669,0.0,0.0,0.0,0.0,0.0,0.0,0.0,0.0,0.0,0.0,0.0,0.0,0.0,0.0,12235.55,95421.41,0.0,2026-09-30 23:45:20+00:00
09/30/2026 18:50:20,N,47.0855,0.0,0.0,0.0,0.0,0.0,0.0,0.0,0.0,0.0,0.0,0.0,0.0,0.0,0.0,12286.62,94986.8,0.0,2026-09-30 23:50:20+00:00
09/30/2026 18:55:20,N,51.4663,0.0,0.0,0.0,0.0,0.0,0.0,0.0,0.0,0.0,0.0,0.0,0.0,0.0,0.0,12330.56,94144.57,0.0,2026-09-30 23:55:20+00:00
09/30/2026 19:00:27,N,42.3638,0.0,0.0,0.0,0.0,0.0,0.0,0.0,0.0,0.0,0.0,0.0,0.0,0.0,0.0,12247.58,93520.95,0.0,2026-10-01 00:00:27+00:00
09/30/2026 19:05:20,N,44.6699,0.0,0.0,0.0,0.0,0.0,0.0,0.0,0.0,0.0,0.0,0.0,0.0,0.0,0.0,11881.82,93377.38,0.0,2026-10-01 00:05:20+00:00
09/30/2026 19:10:20,N,46.5042,0.0,0.0,0.0,0.0,0.0,0.0,0.0,0.0,0.0,0.0,0.0,0.0,0.0,0.0,11813.71,93400.26,0.0,2026-10-01 00:10:20+00:00
09/30/2026 19:15:21,N,49.0999,0.0,0.0,0.0,0.0,0.0,0.0,0.0,0.0,0.0,0.0,0.0,0.0,0.0,0.0,11581.71,93110.59,0.0,2026-10-01 00:15:21+00:00
09/30/2026 19:20:20,N,52.0191,0.0,0.0,0.0,0.0,0.0,0.0,0.0,0.0,0.0,0.0,0.0,0.0,0.0,0.0,11462.81,92725.98,0.0,2026-10-01 00:20:20+00:00
09/30/2026 19:25:27,N,54.0099,0.0,0.0,0.0,0.0,0.0,0.0,0.0,0.0,0.0,0.0,0.0,0.0,0.0,0.0,11428.82,92451.73,0.0,2026-10-01 00:25:27+00:00
09/30/2026 19:30:20,N,54.556,0.0,0.0,0.0,0.0,0.0,0.0,0.0,0.0,0.0,0.0,0.0,0.0,0.0,0.0,11486.26,92319.61,0.0,2026-10-01 00:30:20+00:00
09/30/2026 19:35:20,N,52.93,0.0,0.0,0.0,0.0,0.0,0.0,0.0,0.0,0.0,0.0,0.0,0.0,0.0,0.0,11431.58,92212.48,0.0,2026-10-01 00:35:20+00:00
09/30/2026 19:40:20,N,53.561,0.0,0.0,0.0,0.0,0.0,0.0,0.0,0.0,0.0,0.0,0.0,0.0,0.0,0.0,11398.95,92044.39,0.0,2026-10-01 00:40:20+00:00
09/30/2026 19:45:22,N,51.8753,0.0,0.0,0.0,0.0,0.0,0.0,0.0,0.0,0.0,0.0,0.0,0.0,0.0,0.0,11404.91,92126.59,0.0,2026-10-01 00:45:22+00:00
09/30/2026 19:50:21,N,49.9532,0.0,0.0,0.0,0.0,0.0,0.0,0.0,0.0,0.0,0.0,0.0,0.0,0.0,0.0,11382.92,92357.84,0.0,2026-10-01 00:50:21+00:00
09/30/2026 19:55:21,N,50.3883,0.0,0.0,0.0,0.0,0.0,0.0,0.0,0.0,0.0,0.0,0.0,0.0,0.0,0.0,11369.86,92237.8,0.0,2026-10-01 00:55:21+00:00
09/30/2026 20:00:24,N,45.3273,0.0,0.0,0.0,0.0,0.0,0.0,0.0,0.0,0.0,0.0,0.0,0.0,0.0,0.0,11627.77,92029.05,0.0,2026-10-01 01:00:24+00:00
09/30/2026 20:05:23,N,44.3321,0.0,0.0,0.0,0.0,0.0,0.0,0.0,0.0,0.0,0.0,0.0,0.0,0.0,0.0,11521.71,92039.2,0.0,2026-10-01 01:05:23+00:00
09/30/2026 20:10:21,N,43.72,0.0,0.0,0.0,0.0,0.0,0.0,0.0,0.0,0.0,0.0,0.0,0.0,0.0,0.0,11613.02,91844.83,0.0,2026-10-01 01:10:21+00:00
09/30/2026 20:15:21,N,43.5095,0.0,0.0,0.0,0.0,0.0,0.0,0.0,0.0,0.0,0.0,0.0,0.0,0.0,0.0,11796.74,91564.41,0.0,2026-10-01 01:15:21+00:00
09/30/2026 20:20:23,N,41.718,0.0,0.0,0.0,0.0,0.0,0.0,0.0,0.0,0.0,0.0,0.0,0.0,0.0,0.0,11599.31,91923.54,0.0,2026-10-01 01:20:23+00:00
09/30/2026 20:25:19,N,39.5767,0.0,0.0,0.0,0.0,0.0,0.0,0.0,0.0,0.0,0.0,0.0,0.0,0.0,0.0,11595.82,92047.54,0.0,2026-10-01 01:25:19+00:00
09/30/2026 20:30:20,N,38.6365,0.0,0.0,0.0,0.0,0.0,0.0,0.0,0.0,0.0,0.0,0.0,0.0,0.0,0.0,11189.09,92294.71,0.0,2026-10-01 01:30:20+00:00
09/30/2026 20:35:20,N,38.7767,0.0,0.0,0.0,0.0,0.0,0.0,0.0,0.0,0.0,0.0,0.0,0.0,0.0,0.0,11057.32,92279.01,0.0,2026-10-01 01:35:20+00:00
09/30/2026 20:40:19,N,38.3722,0.0,0.0,0.0,0.0,0.0,0.0,0.0,0.0,0.0,0.0,0.0,0.0,0.0,0.0,10998.4,92220.43,0.0,2026-10-01 01:40:19+00:00
09/30/2026 20:44:11,N,38.9818,0.0,0.0,0.0,0.0,0.0,0.0,0.0,0.0,0.0,0.0,0.0,0.0,0.0,0.0,10906.13,92132.1,0.0,2026-10-01 01:44:11+00:00
09/30/2026 20:45:19,N,39.8538,0.0,0.0,0.0,0.0,0.0,0.0,0.0,0.0,0.0,0.0,0.0,0.0,0.0,0.0,10898.83,92070.85,0.0,2026-10-01 01:45:19+00:00
09/30/2026 20:50:20,N,40.1834,0.0,0.0,0.0,0.0,0.0,0.0,0.0,0.0,0.0,0.0,0.0,0.0,0.0,0.0,10814.98,91902.67,0.0,2026-10-01 01:50:20+00:00
09/30/2026 20:55:20,N,41.5043,0.0,0.0,0.0,0.0,0.0,0.0,0.0,0.0,0.0,0.0,0.0,0.0,0.0,0.0,10770.81,91601.43,0.0,2026-10-01 01:55:20+00:00
09/30/2026 21:00:28,N,41.9214,0.0,0.0,0.0,0.0,0.0,0.0,0.0,0.0,0.0,0.0,0.0,0.0,0.0,0.0,11061.85,91019.16,0.0,2026-10-01 02:00:28+00:00
09/30/2026 21:05:27,N,41.2444,0.0,0.0,0.0,0.0,0.0,0.0,0.0,0.0,0.0,0.0,0.0,0.0,0.0,0.0,11006.76,90798.18,0.0,2026-10-01 02:05:27+00:00
09/30/2026 21:10:22,N,42.3008,0.0,0.0,0.0,0.0,0.0,0.0,0.0,0.0,0.0,0.0,0.0,0.0,0.0,0.0,10964.21,90581.8,0.0,2026-10-01 02:10:22+00:00
09/30/2026 21:15:20,N,41.2879,0.0,0.0,0.0,0.0,0.0,0.0,0.0,0.0,0.0,0.0,0.0,0.0,0.0,0.0,10953.33,90666.3,0.0,2026-10-01 02:15:20+00:00
09/30/2026 21:20:20,N,41.6195,0.0,0.0,0.0,0.0,0.0,0.0,0.0,0.0,0.0,0.0,0.0,0.0,0.0,0.0,10953.21,90576.42,0.0,2026-10-01 02:20:20+00:00
09/30/2026 21:25:21,N,41.3516,0.0,0.0,0.0,0.0,0.0,0.0,0.0,0.0,0.0,0.0,0.0,0.0,0.0,0.0,10948.71,90404.85,0.0,2026-10-01 02:25:21+00:00
09/30/2026 21:30:20,N,41.2335,0.0,0.0,0.0,0.0,0.0,0.0,0.0,0.0,0.0,0.0,0.0,0.0,0.0,0.0,10707.36,90523.93,0.0,2026-10-01 02:30:20+00:00
09/30/2026 21:35:19,N,39.8003,0.0,0.0,0.0,0.0,0.0,0.0,0.0,0.0,0.0,0.0,0.0,0.0,0.0,0.0,10648.1,90529.73,0.0,2026-10-01 02:35:19+00:00
09/30/2026 21:40:20,N,40.0585,0.0,0.0,0.0,0.0,0.0,0.0,0.0,0.0,0.0,0.0,0.0,0.0,0.0,0.0,10479.26,90513.8,0.0,2026-10-01 02:40:20+00:00
09/30/2026 21:45:20,N,39.9921,0.0,0.0,0.0,0.0,0.0,0.0,0.0,0.0,0.0,0.0,0.0,0.0,0.0,0.0,10384.53,90445.45,0.0,2026-10-01 02:45:20+00:00
09/30/2026 21:50:20,N,40.0901,0.0,0.0,0.0,0.0,0.0,0.0,0.0,0.0,0.0,0.0,0.0,0.0,0.0,0.0,10523.65,90282.18,0.0,2026-10-01 02:50:20+00:00
09/30/2026 21:55:21,N,38.7182,0.0,0.0,0.0,0.0,0.0,0.0,0.0,0.0,0.0,0.0,0.0,0.0,0.0,0.0,10288.12,90125.49,0.0,2026-10-01 02:55:21+00:00
09/30/2026 22:00:22,N,40.7363,0.0,0.0,0.0,0.0,0.0,0.0,0.0,0.0,0.0,0.0,0.0,0.0,0.0,0.0,10442.04,90153.17,0.0,2026-10-01 03:00:22+00:00
09/30/2026 22:05:20,N,40.2266,0.0,0.0,0.0,0.0,0.0,0.0,0.0,0.0,0.0,0.0,0.0,0.0,0.0,0.0,10458.35,90275.09,0.0,2026-10-01 03:05:20+00:00
09/30/2026 22:10:22,N,38.9208,0.0,0.0,0.0,0.0,0.0,0.0,0.0,0.0,0.0,0.0,0.0,0.0,0.0,0.0,10500.89,90224.54,0.0,2026-10-01 03:10:22+00:00
09/30/2026 22:15:20,N,40.3895,0.0,0.0,0.0,0.0,0.0,0.0,0.0,0.0,0.0,0.0,0.0,0.0,0.0,0.0,10353.25,89866.88,0.0,2026-10-01 03:15:20+00:00
09/30/2026 22:20:19,N,42.5473,0.0,0.0,0.0,0.0,0.0,0.0,0.0,0.0,0.0,0.0,0.0,0.0,0.0,0.0,9838.54,89331.23,0.0,2026-10-01 03:20:19+00:00
09/30/2026 22:25:20,N,45.6527,0.0,0.0,0.0,0.0,0.0,0.0,0.0,0.0,0.0,0.0,0.0,0.0,0.0,0.0,9717.06,88640.16,0.0,2026-10-01 03:25:20+00:00
09/30/2026 22:30:30,N,46.3852,0.0,0.0,0.0,0.0,0.0,0.0,0.0,0.0,0.0,0.0,0.0,0.0,0.0,0.0,9545.43,87850.42,0.0,2026-10-01 03:30:30+00:00
09/30/2026 22:35:20,N,48.2245,0.0,0.0,0.0,0.0,0.0,0.0,0.0,0.0,0.0,0.0,0.0,0.0,0.0,0.0,9447.21,87354.41,0.0,2026-10-01 03:35:20+00:00
09/30/2026 22:40:21,N,49.1456,0.0,0.0,0.0,0.0,0.0,0.0,0.0,0.0,0.0,0.0,0.0,0.0,0.0,0.0,9367.49,86503.36,0.0,2026-10-01 03:40:21+00:00
09/30/2026 22:45:20,N,52.0525,0.0,0.0,0.0,0.0,0.0,0.0,0.0,0.0,0.0,0.0,0.0,0.0,0.0,0.0,9195.66,86183.46,0.0,2026-10-01 03:45:20+00:00
09/30/2026 22:50:20,N,47.7378,0.0,0.0,0.0,0.0,0.0,0.0,0.0,0.0,0.0,0.0,0.0,0.0,0.0,0.0,9087.18,86113.13,0.0,2026-10-01 03:50:20+00:00
09/30/2026 22:55:20,N,46.7711,0.0,0.0,0.0,0.0,0.0,0.0,0.0,0.0,0.0,0.0,0.0,0.0,0.0,0.0,8984.12,86291.34,0.0,2026-10-01 03:55:20+00:00
09/30/2026 23:00:21,N,44.7618,0.0,0.0,0.0,0.0,0.0,0.0,0.0,0.0,0.0,0.0,0.0,0.0,0.0,0.0,8928.61,86693.02,0.0,2026-10-01 04:00:21+00:00
09/30/2026 23:05:19,N,42.5214,0.0,0.0,0.0,0.0,0.0,0.0,0.0,0.0,0.0,0.0,0.0,0.0,0.0,0.0,8852.83,86508.77,0.0,2026-10-01 04:05:19+00:00
09/30/2026 23:10:20,N,44.5192,0.0,0.0,0.0,0.0,0.0,0.0,0.0,0.0,0.0,0.0,0.0,0.0,0.0,0.0,8630.85,85758.47,0.0,2026-10-01 04:10:20+00:00
09/30/2026 23:15:19,N,42.3787,0.0,0.0,0.0,0.0,0.0,0.0,0.0,0.0,0.0,0.0,0.0,0.0,0.0,0.0,8633.52,85691.65,0.0,2026-10-01 04:15:19+00:00
09/30/2026 23:20:19,N,42.3901,0.0,0.0,0.0,0.0,0.0,0.0,0.0,0.0,0.0,0.0,0.0,0.0,0.0,0.0,8631.83,85565.41,0.0,2026-10-01 04:20:19+00:00
09/30/2026 23:25:18,N,42.3412,0.0,0.0,0.0,0.0,0.0,0.0,0.0,0.0,0.0,0.0,0.0,0.0,0.0,0.0,8595.05,85676.71,0.0,2026-10-01 04:25:18+00:00
09/30/2026 23:30:19,N,43.0422,0.0,0.0,0.0,0.0,0.0,0.0,0.0,0.0,0.0,0.0,0.0,0.0,0.0,0.0,8597.06,85558.05,0.0,2026-10-01 04:30:19+00:00
09/30/2026 23:35:18,N,42.8863,0.0,0.0,0.0,0.0,0.0,0.0,0.0,0.0,0.0,0.0,0.0,0.0,0.0,0.0,8586.85,85547.02,0.0,2026-10-01 04:35:18+00:00
09/30/2026 23:40:19,N,40.0216,0.0,0.0,0.0,0.0,0.0,0.0,0.0,0.0,0.0,0.0,0.0,0.0,0.0,0.0,8634.99,85583.84,0.0,2026-10-01 04:40:19+00:00
09/30/2026 23:45:18,N,38.6695,0.0,0.0,0.0,0.0,0.0,0.0,0.0,0.0,0.0,0.0,0.0,0.0,0.0,0.0,8788.56,86097.26,0.0,2026-10-01 04:45:18+00:00
09/30/2026 23:50:18,N,39.0171,0.0,0.0,0.0,0.0,0.0,0.0,0.0,0.0,0.0,0.0,0.0,0.0,0.0,0.0,8612.32,86183.39,0.0,2026-10-01 04:50:18+00:00
09/30/2026 23:55:19,N,38.1847,0.0,0.0,0.0,0.0,0.0,0.0,0.0,0.0,0.0,0.0,0.0,0.0,0.0,0.0,8532.42,86164.61,0.0,2026-10-01 04:55:19+00:00
10/01/2026 00:00:29,N,39.1333,0.0,0.0,0.0,0.0,0.0,0.0,0.0,0.0,0.0,0.0,0.0,0.0,0.0,0.0,8425.87,86543.23,0.0,2026-10-01 05:00:29+00:00
10/01/2026 00:05:20,N,36.5954,0.0,0.0,0.0,0.0,0.0,0.0,0.0,0.0,0.0,0.0,0.0,0.0,0.0,0.0,8225.65,86776.64,0.0,2026-10-01 05:05:20+00:00
10/01/2026 00:10:19,N,33.8476,0.0,0.0,0.0,0.0,0.0,0.0,0.0,0.0,0.0,0.0,0.0,0.0,0.0,0.0,7989.48,86460.47,0.0,2026-10-01 05:10:19+00:00
10/01/2026 00:15:19,N,35.5694,0.0,0.0,0.0,0.0,0.0,0.0,0.0,0.0,0.0,0.0,0.0,0.0,0.0,0.0,7817.38,85924.55,0.0,2026-10-01 05:15:19+00:00
10/01/2026 00:20:19,N,36.0648,0.0,0.0,0.0,0.0,0.0,0.0,0.0,0.0,0.0,0.0,0.0,0.0,0.0,0.0,7230.77,85743.79,0.0,2026-10-01 05:20:19+00:00
10/01/2026 00:25:18,N,37.2188,0.0,0.0,0.0,0.0,0.0,0.0,0.0,0.0,0.0,0.0,0.0,0.0,0.0,0.0,7162.39,85360.41,0.0,2026-10-01 05:25:18+00:00
10/01/2026 00:30:19,N,38.0857,0.0,0.0,0.0,0.0,0.0,0.0,0.0,0.0,0.0,0.0,0.0,0.0,0.0,0.0,7137.66,85035.28,0.0,2026-10-01 05:30:19+00:00
10/01/2026 00:35:18,N,43.8498,0.0,0.0,0.0,0.0,0.0,0.0,0.0,0.0,0.0,0.0,0.0,0.0,0.0,0.0,7134.99,84663.13,0.0,2026-10-01 05:35:18+00:00
10/01/2026 00:40:17,N,43.0531,0.0,0.0,0.0,0.0,0.0,0.0,0.0,0.0,0.0,0.0,0.0,0.0,0.0,0.0,7096.61,84060.93,0.0,2026-10-01 05:40:17+00:00
10/01/2026 00:45:20,N,47.3863,0.0,0.0,0.0,0.0,0.0,0.0,0.0,0.0,0.0,0.0,0.0,0.0,0.0,0.0,7064.31,83469.88,0.0,2026-10-01 05:45:20+00:00
10/01/2026 00:50:19,N,48.038,0.0,0.0,0.0,0.0,0.0,0.0,0.0,0.0,0.0,0.0,0.0,0.0,0.0,0.0,6977.91,83002.2,0.0,2026-10-01 05:50:19+00:00
10/01/2026 00:55:20,N,46.1267,0.0,0.0,0.0,0.0,0.0,0.0,0.0,0.0,0.0,0.0,0.0,0.0,0.0,0.0,6989.65,82821.04,0.0,2026-10-01 05:55:20+00:00
10/01/2026 01:00:24,N,48.561,0.0,0.0,0.0,0.0,0.0,0.0,0.0,0.0,0.0,0.0,0.0,0.0,0.0,0.0,7039.62,82527.4,0.0,2026-10-01 06:00:24+00:00
10/01/2026 01:05:19,N,51.0084,0.0,0.0,0.0,0.0,0.0,0.0,0.0,0.0,0.0,0.0,0.0,0.0,0.0,0.0,7010.35,81520.7,0.0,2026-10-01 06:05:19+00:00
10/01/2026 01:10:19,N,49.2242,0.0,0.0,0.0,0.0,0.0,0.0,0.0,0.0,0.0,0.0,0.0,0.0,0.0,0.0,6999.98,81491.14,0.0,2026-10-01 06:10:19+00:00
10/01/2026 01:15:22,N,47.235,0.0,0.0,0.0,0.0,0.0,0.0,0.0,0.0,0.0,0.0,0.0,0.0,0.0,0.0,6983.81,81453.59,0.0,2026-10-01 06:15:22+00:00
10/01/2026 01:20:21,N,47.9702,0.0,0.0,0.0,0.0,0.0,0.0,0.0,0.0,0.0,0.0,0.0,0.0,0.0,0.0,6975.84,81351.02,0.0,2026-10-01 06:20:21+00:00
10/01/2026 01:25:19,N,48.1233,0.0,0.0,0.0,0.0,0.0,0.0,0.0,0.0,0.0,0.0,0.0,0.0,0.0,0.0,6908.84,81347.29,0.0,2026-10-01 06:25:19+00:00
10/01/2026 01:30:20,N,46.465,0.0,0.0,0.0,0.0,0.0,0.0,0.0,0.0,0.0,0.0,0.0,0.0,0.0,0.0,6950.58,81265.88,0.0,2026-10-01 06:30:20+00:00
10/01/2026 01:35:19,N,45.7439,0.0,0.0,0.0,0.0,0.0,0.0,0.0,0.0,0.0,0.0,0.0,0.0,0.0,0.0,6949.04,81326.32,0.0,2026-10-01 06:35:19+00:00
10/01/2026 01:40:18,N,46.799,0.0,0.0,0.0,0.0,0.0,0.0,0.0,0.0,0.0,0.0,0.0,0.0,0.0,0.0,6945.5,81143.77,0.0,2026-10-01 06:40:18+00:00
10/01/2026 01:45:22,N,50.7316,0.0,0.0,0.0,0.0,0.0,0.0,0.0,0.0,0.0,0.0,0.0,0.0,0.0,0.0,6943.8,80914.19,0.0,2026-10-01 06:45:22+00:00
10/01/2026 01:50:18,N,51.4592,0.0,0.0,0.0,0.0,0.0,0.0,0.0,0.0,0.0,0.0,0.0,0.0,0.0,0.0,6916.94,80884.72,0.0,2026-10-01 06:50:18+00:00
10/01/2026 01:55:19,N,48.1626,0.0,0.0,0.0,0.0,0.0,0.0,0.0,0.0,0.0,0.0,0.0,0.0,0.0,0.0,7028.5,80855.15,0.0,2026-10-01 06:55:19+00:00
10/01/2026 02:00:23,N,48.3529,0.0,0.0,0.0,0.0,0.0,0.0,0.0,0.0,0.0,0.0,0.0,0.0,0.0,0.0,7048.47,81744.58,0.0,2026-10-01 07:00:23+00:00
10/01/2026 02:05:25,N,49.9912,0.0,0.0,0.0,0.0,0.0,0.0,0.0,0.0,0.0,0.0,0.0,0.0,0.0,0.0,7075.21,81681.76,0.0,2026-10-01 07:05:25+00:00
10/01/2026 02:10:22,N,50.1299,0.0,0.0,0.0,0.0,0.0,0.0,0.0,0.0,0.0,0.0,0.0,0.0,0.0,0.0,7078.04,81317.94,0.0,2026-10-01 07:10:22+00:00
10/01/2026 02:15:19,N,51.8883,0.0,0.0,0.0,0.0,0.0,0.0,0.0,0.0,0.0,0.0,0.0,0.0,0.0,0.0,7131.07,81166.77,0.0,2026-10-01 07:15:19+00:00
10/01/2026 02:20:18,N,50.9787,0.0,0.0,0.0,0.0,0.0,0.0,0.0,0.0,0.0,0.0,0.0,0.0,0.0,0.0,7135.3,81006.63,0.0,2026-10-01 07:20:18+00:00
10/01/2026 02:25:19,N,51.7215,0.0,0.0,0.0,0.0,0.0,0.0,0.0,0.0,0.0,0.0,0.0,0.0,0.0,0.0,7164.16,80748.77,0.0,2026-10-01 07:25:19+00:00
10/01/2026 02:30:19,N,52.3712,0.0,0.0,0.0,0.0,0.0,0.0,0.0,0.0,0.0,0.0,0.0,0.0,0.0,0.0,7108.9,80446.42,0.0,2026-10-01 07:30:19+00:00
10/01/2026 02:35:18,N,55.3912,0.0,0.0,0.0,0.0,0.0,0.0,0.0,0.0,0.0,0.0,0.0,0.0,0.0,0.0,7114.53,80136.26,0.0,2026-10-01 07:35:18+00:00
10/01/2026 02:40:20,N,56.8373,0.0,0.0,0.0,0.0,0.0,0.0,0.0,0.0,0.0,0.0,0.0,0.0,0.0,0.0,7115.99,80092.41,0.0,2026-10-01 07:40:20+00:00
10/01/2026 02:45:19,N,53.3993,0.0,0.0,0.0,0.0,0.0,0.0,0.0,0.0,0.0,0.0,0.0,0.0,0.0,0.0,7075.87,80154.24,0.0,2026-10-01 07:45:19+00:00
10/01/2026 02:50:19,N,52.3149,0.0,0.0,0.0,0.0,0.0,0.0,0.0,0.0,0.0,0.0,0.0,0.0,0.0,0.0,7077.33,80247.23,0.0,2026-10-01 07:50:19+00:00
10/01/2026 02:55:18,N,50.6349,0.0,0.0,0.0,0.0,0.0,0.0,0.0,0.0,0.0,0.0,0.0,0.0,0.0,0.0,7074.36,80402.79,0.0,2026-10-01 07:55:18+00:00
10/01/2026 03:00:21,N,49.8197,0.0,0.0,0.0,0.0,0.0,0.0,0.0,0.0,0.0,0.0,0.0,0.0,0.0,0.0,7093.53,80591.77,0.0,2026-10-01 08:00:21+00:00
10/01/2026 03:05:23,N,53.9207,0.0,0.0,0.0,0.0,0.0,0.0,0.0,0.0,0.0,0.0,0.0,0.0,0.0,0.0,7101.83,80539.08,0.0,2026-10-01 08:05:23+00:00
10/01/2026 03:10:19,N,52.0915,0.0,0.0,0.0,0.0,0.0,0.0,0.0,0.0,0.0,0.0,0.0,0.0,0.0,0.0,7151.98,80765.61,0.0,2026-10-01 08:10:19+00:00
10/01/2026 03:15:19,N,52.0818,0.0,0.0,0.0,0.0,0.0,0.0,0.0,0.0,0.0,0.0,0.0,0.0,0.0,0.0,7196.44,80852.34,0.0,2026-10-01 08:15:19+00:00
10/01/2026 03:20:19,N,52.5319,0.0,0.0,0.0,0.0,0.0,0.0,0.0,0.0,0.0,0.0,0.0,0.0,0.0,0.0,7231.48,80750.71,0.0,2026-10-01 08:20:19+00:00
10/01/2026 03:25:19,N,52.7043,0.0,0.0,0.0,0.0,0.0,0.0,0.0,0.0,0.0,0.0,0.0,0.0,0.0,0.0,7227.1,80548.84,0.0,2026-10-01 08:25:19+00:00
10/01/2026 03:30:20,N,54.8589,0.0,0.0,0.0,0.0,0.0,0.0,0.0,0.0,0.0,0.0,0.0,0.0,0.0,0.0,7224.02,80408.53,0.0,2026-10-01 08:30:20+00:00
10/01/2026 03:35:19,N,52.5351,0.0,0.0,0.0,0.0,0.0,0.0,0.0,0.0,0.0,0.0,0.0,0.0,0.0,0.0,7217.03,80518.48,0.0,2026-10-01 08:35:19+00:00
10/01/2026 03:40:20,N,52.1697,0.0,0.0,0.0,0.0,0.0,0.0,0.0,0.0,0.0,0.0,0.0,0.0,0.0,0.0,7213.87,80386.23,0.0,2026-10-01 08:40:20+00:00
10/01/2026 03:45:22,N,54.8104,0.0,0.0,0.0,0.0,0.0,0.0,0.0,0.0,0.0,0.0,0.0,0.0,0.0,0.0,7205.81,80359.46,0.0,2026-10-01 08:45:22+00:00
10/01/2026 03:50:20,N,56.5385,0.0,0.0,0.0,0.0,0.0,0.0,0.0,0.0,0.0,0.0,0.0,0.0,0.0,0.0,7196.86,80155.91,0.0,2026-10-01 08:50:20+00:00
10/01/2026 03:55:24,N,52.9559,0.0,0.0,0.0,0.0,0.0,0.0,0.0,0.0,0.0,0.0,0.0,0.0,0.0,0.0,7182.21,80046.98,0.0,2026-10-01 08:55:24+00:00
10/01/2026 04:00:26,N,49.9301,0.0,0.0,0.0,0.0,0.0,0.0,0.0,0.0,0.0,0.0,0.0,0.0,0.0,0.0,7180.44,79918.01,0.0,2026-10-01 09:00:26+00:00
10/01/2026 04:05:22,N,53.0539,0.0,0.0,0.0,0.0,0.0,0.0,0.0,0.0,0.0,0.0,0.0,0.0,0.0,0.0,7163.59,79906.52,0.0,2026-10-01 09:05:22+00:00
10/01/2026 04:10:19,N,53.3292,0.0,0.0,0.0,0.0,0.0,0.0,0.0,0.0,0.0,0.0,0.0,0.0,0.0,0.0,7222.76,79809.59,0.0,2026-10-01 09:10:19+00:00
10/01/2026 04:15:19,N,55.8764,0.0,0.0,0.0,0.0,0.0,0.0,0.0,0.0,0.0,0.0,0.0,0.0,0.0,0.0,7215.62,79657.09,0.0,2026-10-01 09:15:19+00:00
10/01/2026 04:20:19,N,55.6859,0.0,0.0,0.0,0.0,0.0,0.0,0.0,0.0,0.0,0.0,0.0,0.0,0.0,0.0,7194.88,79625.59,0.0,2026-10-01 09:20:19+00:00
10/01/2026 04:25:20,N,54.5576,0.0,0.0,0.0,0.0,0.0,0.0,0.0,0.0,0.0,0.0,0.0,0.0,0.0,0.0,7164.58,79508.37,0.0,2026-10-01 09:25:20+00:00
10/01/2026 04:30:21,N,58.6824,0.0,0.0,0.0,0.0,0.0,0.0,0.0,0.0,0.0,0.0,0.0,0.0,0.0,0.0,7155.68,79308.61,0.0,2026-10-01 09:30:21+00:00
10/01/2026 04:35:21,N,59.1438,0.0,0.0,0.0,0.0,0.0,0.0,0.0,0.0,0.0,0.0,0.0,0.0,0.0,0.0,7121.9,79285.35,0.0,2026-10-01 09:35:21+00:00
10/01/2026 04:40:21,N,57.2997,0.0,0.0,0.0,0.0,0.0,0.0,0.0,0.0,0.0,0.0,0.0,0.0,0.0,0.0,7120.9,79193.34,0.0,2026-10-01 09:40:21+00:00
10/01/2026 04:45:27,N,58.8263,0.0,0.0,0.0,0.0,0.0,0.0,0.0,0.0,0.0,0.0,0.0,0.0,0.0,0.0,7430.76,79174.03,0.0,2026-10-01 09:45:27+00:00
10/01/2026 04:50:18,N,59.5232,0.0,0.0,0.0,0.0,0.0,0.0,0.0,0.0,0.0,0.0,0.0,0.0,0.0,0.0,7444.06,78992.19,0.0,2026-10-01 09:50:18+00:00
10/01/2026 04:55:18,N,57.1425,0.0,0.0,0.0,0.0,0.0,0.0,0.0,0.0,0.0,0.0,0.0,0.0,0.0,0.0,7666.8,79003.09,0.0,2026-10-01 09:55:18+00:00
10/01/2026 05:00:20,N,56.0655,0.0,0.0,0.0,0.0,0.0,0.0,0.0,0.0,0.0,0.0,0.0,0.0,0.0,0.0,7887.0,79055.49,0.0,2026-10-01 10:00:20+00:00
10/01/2026 05:05:19,N,56.8563,0.0,0.0,0.0,0.0,0.0,0.0,0.0,0.0,0.0,0.0,0.0,0.0,0.0,0.0,8005.93,79159.22,0.0,2026-10-01 10:05:19+00:00
10/01/2026 05:10:22,N,58.91,0.0,0.0,0.0,0.0,0.0,0.0,0.0,0.0,0.0,0.0,0.0,0.0,0.0,0.0,8017.15,79047.97,0.0,2026-10-01 10:10:22+00:00
10/01/2026 05:15:23,N,58.8204,0.0,0.0,0.0,0.0,0.0,0.0,0.0,0.0,0.0,0.0,0.0,0.0,0.0,0.0,8021.62,79007.55,0.0,2026-10-01 10:15:23+00:00
10/01/2026 05:20:20,N,60.2341,0.0,0.0,0.0,0.0,0.0,0.0,0.0,0.0,0.0,0.0,0.0,0.0,0.0,0.0,8019.42,78966.02,0.0,2026-10-01 10:20:20+00:00
10/01/2026 05:25:19,N,63.0345,0.0,0.0,0.0,0.0,0.0,0.0,0.0,0.0,0.0,0.0,0.0,0.0,0.0,0.0,8030.61,78795.17,0.0,2026-10-01 10:25:19+00:00
10/01/2026 05:30:21,N,60.3827,0.0,0.0,0.0,0.0,0.0,0.0,0.0,0.0,0.0,0.0,0.0,0.0,0.0,0.0,8035.66,78737.14,0.0,2026-10-01 10:30:21+00:00
10/01/2026 05:35:19,N,62.695,0.0,0.0,0.0,0.0,0.0,0.0,0.0,0.0,0.0,0.0,0.0,0.0,0.0,0.0,8014.93,78611.13,0.0,2026-10-01 10:35:19+00:00
10/01/2026 05:40:19,N,68.0637,0.0,0.0,0.0,0.0,0.0,0.0,0.0,0.0,0.0,0.0,0.0,0.0,0.0,0.0,7986.23,78532.84,0.0,2026-10-01 10:40:19+00:00
10/01/2026 05:45:19,N,69.5916,0.0,0.0,0.0,0.0,0.0,0.0,0.0,0.0,0.0,0.0,0.0,0.0,0.0,0.0,8080.64,78469.87,0.0,2026-10-01 10:45:19+00:00
10/01/2026 05:50:20,N,67.9249,0.0,0.0,0.0,0.0,0.0,0.0,0.0,0.0,0.0,0.0,0.0,0.0,0.0,0.0,8147.72,78409.95,0.0,2026-10-01 10:50:20+00:00
10/01/2026 05:55:20,N,67.5958,0.0,0.0,0.0,0.0,0.0,0.0,0.0,0.0,0.0,0.0,0.0,0.0,0.0,0.0,8148.52,78376.45,0.0,2026-10-01 10:55:20+00:00
10/01/2026 06:00:19,N,52.7594,0.0,0.0,0.0,0.0,0.0,0.0,0.0,0.0,0.0,0.0,0.0,0.0,0.0,0.0,8110.22,78410.83,0.0,2026-10-01 11:00:19+00:00
10/01/2026 06:05:20,N,57.5099,0.0,0.0,0.0,0.0,0.0,0.0,0.0,0.0,0.0,0.0,0.0,0.0,0.0,0.0,8248.5,78791.8,0.0,2026-10-01 11:05:20+00:00
10/01/2026 06:10:19,N,60.5501,0.0,0.0,0.0,0.0,0.0,0.0,0.0,0.0,0.0,0.0,0.0,0.0,0.0,0.0,8315.28,78683.34,0.0,2026-10-01 11:10:19+00:00
10/01/2026 06:15:19,N,58.3176,0.0,0.0,0.0,0.0,0.0,0.0,0.0,0.0,0.0,0.0,0.0,0.0,0.0,0.0,8367.5,78664.93,0.0,2026-10-01 11:15:19+00:00
10/01/2026 06:20:19,N,55.8077,0.0,0.0,0.0,0.0,0.0,0.0,0.0,0.0,0.0,0.0,0.0,0.0,0.0,0.0,8334.61,78847.71,0.0,2026-10-01 11:20:19+00:00
10/01/2026 06:25:19,N,58.2367,0.0,0.0,0.0,0.0,0.0,0.0,0.0,0.0,0.0,0.0,0.0,0.0,0.0,0.0,8323.5,78873.41,0.0,2026-10-01 11:25:19+00:00
10/01/2026 06:30:20,N,52.2376,0.0,0.0,0.0,0.0,0.0,0.0,0.0,0.0,0.0,0.0,0.0,0.0,0.0,0.0,8309.77,79023.95,0.0,2026-10-01 11:30:20+00:00
10/01/2026 06:35:18,N,54.8674,0.0,0.0,0.0,0.0,0.0,0.0,0.0,0.0,0.0,0.0,0.0,0.0,0.0,0.0,8321.13,79175.55,0.0,2026-10-01 11:35:18+00:00
10/01/2026 06:40:19,N,56.3083,0.0,0.0,0.0,0.0,0.0,0.0,0.0,0.0,0.0,0.0,0.0,0.0,0.0,0.0,8318.88,79061.78,0.0,2026-10-01 11:40:19+00:00
10/01/2026 06:45:19,N,56.6169,0.0,0.0,0.0,0.0,0.0,0.0,0.0,0.0,0.0,0.0,0.0,0.0,0.0,0.0,8288.42,78981.07,0.0,2026-10-01 11:45:19+00:00
10/01/2026 06:50:22,N,56.2978,0.0,0.0,0.0,0.0,0.0,0.0,0.0,0.0,0.0,0.0,0.0,0.0,0.0,0.0,8389.29,78760.58,0.0,2026-10-01 11:50:22+00:00
10/01/2026 06:55:23,N,56.7868,0.0,0.0,0.0,0.0,0.0,0.0,0.0,0.0,0.0,0.0,0.0,0.0,0.0,0.0,8262.19,78567.77,0.0,2026-10-01 11:55:23+00:00
10/01/2026 07:00:22,N,54.2569,0.0,0.0,0.0,0.0,0.0,0.0,0.0,0.0,0.0,0.0,0.0,0.0,0.0,0.0,8295.62,78575.84,0.0,2026-10-01 12:00:22+00:00
10/01/2026 07:05:27,N,57.19,0.0,0.0,0.0,0.0,0.0,0.0,0.0,0.0,0.0,0.0,0.0,0.0,0.0,0.0,7737.05,78526.72,0.0,2026-10-01 12:05:27+00:00
10/01/2026 07:10:26,N,57.3964,0.0,0.0,0.0,0.0,0.0,0.0,0.0,0.0,0.0,0.0,0.0,0.0,0.0,0.0,7756.16,78485.45,0.0,2026-10-01 12:10:26+00:00
10/01/2026 07:15:21,N,55.056,0.0,0.0,0.0,0.0,0.0,0.0,0.0,0.0,0.0,0.0,0.0,0.0,0.0,0.0,7717.96,78530.7,0.0,2026-10-01 12:15:21+00:00
10/01/2026 07:20:20,N,55.6925,0.0,0.0,0.0,0.0,0.0,0.0,0.0,0.0,0.0,0.0,0.0,0.0,0.0,0.0,7705.13,78678.85,0.0,2026-10-01 12:20:20+00:00
10/01/2026 07:25:20,N,53.4665,0.0,0.0,0.0,0.0,0.0,0.0,0.0,0.0,0.0,0.0,0.0,0.0,0.0,0.0,7704.94,78640.71,0.0,2026-10-01 12:25:20+00:00
10/01/2026 07:30:21,N,51.7796,0.0,0.0,0.0,0.0,0.0,0.0,0.0,0.0,0.0,0.0,0.0,0.0,0.0,0.0,7668.46,78814.9,0.0,2026-10-01 12:30:21+00:00
10/01/2026 07:35:20,N,52.5178,0.0,0.0,0.0,0.0,0.0,0.0,0.0,0.0,0.0,0.0,0.0,0.0,0.0,0.0,7672.81,78726.58,0.0,2026-10-01 12:35:20+00:00
10/01/2026 07:40:25,N,52.8453,0.0,0.0,0.0,0.0,0.0,0.0,0.0,0.0,0.0,0.0,0.0,0.0,0.0,0.0,7675.86,78634.22,0.0,2026-10-01 12:40:25+00:00
10/01/2026 07:45:20,N,52.4027,0.0,0.0,0.0,0.0,0.0,0.0,0.0,0.0,0.0,0.0,0.0,0.0,0.0,0.0,7747.79,78520.3,0.0,2026-10-01 12:45:20+00:00
10/01/2026 07:50:20,N,51.0621,0.0,0.0,0.0,0.0,0.0,0.0,0.0,0.0,0.0,0.0,0.0,0.0,0.0,0.0,7768.57,78546.13,0.0,2026-10-01 12:50:20+00:00
10/01/2026 07:55:20,N,48.9662,0.0,0.0,0.0,0.0,0.0,0.0,0.0,0.0,0.0,0.0,0.0,0.0,0.0,0.0,7746.95,78877.66,0.0,2026-10-01 12:55:20+00:00
10/01/2026 08:00:22,N,62.0774,0.0,0.0,0.0,0.0,0.0,0.0,0.0,0.0,0.0,0.0,0.0,0.0,0.0,0.0,7799.22,79122.37,0.0,2026-10-01 13:00:22+00:00
10/01/2026 08:05:32,N,58.4861,0.0,0.0,0.0,0.0,0.0,0.0,0.0,0.0,0.0,0.0,0.0,0.0,0.0,0.0,8327.39,78969.11,0.0,2026-10-01 13:05:32+00:00
10/01/2026 08:10:21,N,57.3787,0.0,0.0,0.0,0.0,0.0,0.0,0.0,0.0,0.0,0.0,0.0,0.0,0.0,0.0,8217.89,79689.88,0.0,2026-10-01 13:10:21+00:00
10/01/2026 08:15:22,N,49.2464,0.0,0.0,0.0,0.0,0.0,0.0,0.0,0.0,0.0,0.0,0.0,0.0,0.0,0.0,8192.97,80137.45,0.0,2026-10-01 13:15:22+00:00
10/01/2026 08:20:18,N,40.9345,0.0,0.0,0.0,0.0,0.0,0.0,0.0,0.0,0.0,0.0,0.0,0.0,0.0,0.0,8142.39,80851.3,0.0,2026-10-01 13:20:18+00:00
10/01/2026 08:25:21,N,40.2345,0.0,0.0,0.0,0.0,0.0,0.0,0.0,0.0,0.0,0.0,0.0,0.0,0.0,0.0,7852.83,81373.89,0.0,2026-10-01 13:25:21+00:00
10/01/2026 08:30:18,N,36.2079,0.0,0.0,0.0,0.0,0.0,0.0,0.0,0.0,0.0,0.0,0.0,0.0,0.0,0.0,7696.71,81948.85,0.0,2026-10-01 13:30:18+00:00
10/01/2026 08:35:16,N,36.2052,0.0,0.0,0.0,0.0,0.0,0.0,0.0,0.0,0.0,0.0,0.0,0.0,0.0,0.0,7628.66,82271.63,0.0,2026-10-01 13:35:16+00:00
10/01/2026 08:40:21,N,32.7001,0.0,0.0,0.0,0.0,0.0,0.0,0.0,0.0,0.0,0.0,0.0,0.0,0.0,0.0,7656.4,83617.41,0.0,2026-10-01 13:40:21+00:00
10/01/2026 08:45:18,N,31.4,0.0,0.0,0.0,0.0,0.0,0.0,0.0,0.0,0.0,0.0,0.0,0.0,0.0,0.0,7504.08,84534.77,0.0,2026-10-01 13:45:18+00:00
10/01/2026 08:50:18,N,33.5319,0.0,0.0,0.0,0.0,0.0,0.0,0.0,0.0,0.0,0.0,0.0,0.0,0.0,0.0,7248.38,85370.98,0.0,2026-10-01 13:50:18+00:00
10/01/2026 08:55:22,N,31.7954,0.0,0.0,0.0,0.0,0.0,0.0,0.0,0.0,0.0,0.0,0.0,0.0,0.0,0.0,7344.6,86106.99,0.0,2026-10-01 13:55:22+00:00
10/01/2026 09:00:25,N,36.286,0.0,0.0,0.0,0.0,0.0,0.0,0.0,0.0,0.0,0.0,0.0,0.0,0.0,0.0,7104.55,87331.02,0.0,2026-10-01 14:00:25+00:00
10/01/2026 09:05:19,N,37.4662,0.0,0.0,0.0,0.0,0.0,0.0,0.0,0.0,0.0,0.0,0.0,0.0,0.0,0.0,7026.29,87940.59,0.0,2026-10-01 14:05:19+00:00
10/01/2026 09:10:22,N,37.8988,0.0,0.0,0.0,0.0,0.0,0.0,0.0,0.0,0.0,0.0,0.0,0.0,0.0,0.0,6805.65,88769.66,0.0,2026-10-01 14:10:22+00:00
10/01/2026 09:15:19,N,41.1721,0.0,0.0,0.0,0.0,0.0,0.0,0.0,0.0,0.0,0.0,0.0,0.0,0.0,0.0,6777.43,89397.91,0.0,2026-10-01 14:15:19+00:00
10/01/2026 09:20:19,N,39.0287,0.0,0.0,0.0,0.0,0.0,0.0,0.0,0.0,0.0,0.0,0.0,0.0,0.0,0.0,7131.96,90390.36,0.0,2026-10-01 14:20:19+00:00
10/01/2026 09:25:19,N,39.1828,0.0,0.0,0.0,0.0,0.0,0.0,0.0,0.0,0.0,0.0,0.0,0.0,0.0,0.0,7108.78,90809.36,0.0,2026-10-01 14:25:19+00:00
10/01/2026 09:30:19,N,38.9142,0.0,0.0,0.0,0.0,0.0,0.0,0.0,0.0,0.0,0.0,0.0,0.0,0.0,0.0,7009.87,91453.13,0.0,2026-10-01 14:30:19+00:00
10/01/2026 09:35:18,N,38.3127,0.0,0.0,0.0,0.0,0.0,0.0,0.0,0.0,0.0,0.0,0.0,0.0,0.0,0.0,6950.56,91693.62,0.0,2026-10-01 14:35:18+00:00
10/01/2026 09:40:19,N,39.0261,0.0,0.0,0.0,0.0,0.0,0.0,0.0,0.0,0.0,0.0,0.0,0.0,0.0,0.0,6909.58,91779.59,0.0,2026-10-01 14:40:19+00:00
10/01/2026 09:45:19,N,39.2552,0.0,0.0,0.0,0.0,0.0,0.0,0.0,0.0,0.0,0.0,0.0,0.0,0.0,0.0,6903.15,91957.35,0.0,2026-10-01 14:45:19+00:00
10/01/2026 09:50:17,N,40.0903,0.0,0.0,0.0,0.0,0.0,0.0,0.0,0.0,0.0,0.0,0.0,0.0,0.0,0.0,6899.57,91989.71,0.0,2026-10-01 14:50:17+00:00
10/01/2026 09:55:18,N,40.6488,0.0,0.0,0.0,0.0,0.0,0.0,0.0,0.0,0.0,0.0,0.0,0.0,0.0,0.0,6930.94,91388.5,0.0,2026-10-01 14:55:18+00:00
10/01/2026 10:00:21,N,42.425,0.0,0.0,0.0,0.0,0.0,0.0,0.0,0.0,0.0,0.0,0.0,0.0,0.0,0.0,6888.46,91578.53,0.0,2026-10-01 15:00:21+00:00
10/01/2026 10:05:19,N,41.9757,0.0,0.0,0.0,0.0,0.0,0.0,0.0,0.0,0.0,0.0,0.0,0.0,0.0,0.0,6477.77,92047.3,0.0,2026-10-01 15:05:19+00:00
10/01/2026 10:10:19,N,44.1889,0.0,0.0,0.0,0.0,0.0,0.0,0.0,0.0,0.0,0.0,0.0,0.0,0.0,0.0,6377.25,92648.22,0.0,2026-10-01 15:10:19+00:00
10/01/2026 10:15:19,N,42.4975,0.0,0.0,0.0,0.0,0.0,0.0,0.0,0.0,0.0,0.0,0.0,0.0,0.0,0.0,6467.31,92662.52,0.0,2026-10-01 15:15:19+00:00
10/01/2026 10:20:18,N,42.277,0.0,0.0,0.0,0.0,0.0,0.0,0.0,0.0,0.0,0.0,0.0,0.0,0.0,0.0,6368.71,93351.5,0.0,2026-10-01 15:20:18+00:00
10/01/2026 10:25:19,N,44.4588,0.0,0.0,0.0,0.0,0.0,0.0,0.0,0.0,0.0,0.0,0.0,0.0,0.0,0.0,6433.96,93300.52,0.0,2026-10-01 15:25:19+00:00
10/01/2026 10:30:18,N,47.3635,0.0,0.0,0.0,0.0,0.0,0.0,0.0,0.0,0.0,0.0,0.0,0.0,0.0,0.0,6420.17,93618.63,0.0,2026-10-01 15:30:18+00:00
10/01/2026 10:35:18,N,45.9788,0.0,0.0,0.0,0.0,0.0,0.0,0.0,0.0,0.0,0.0,0.0,0.0,0.0,0.0,6677.92,93663.38,0.0,2026-10-01 15:35:18+00:00
10/01/2026 10:40:17,N,44.3797,0.0,0.0,0.0,0.0,0.0,0.0,0.0,0.0,0.0,0.0,0.0,0.0,0.0,0.0,6696.9,94116.39,0.0,2026-10-01 15:40:17+00:00
10/01/2026 10:45:19,N,43.8662,0.0,0.0,0.0,0.0,0.0,0.0,0.0,0.0,0.0,0.0,0.0,0.0,0.0,0.0,6803.81,94661.59,0.0,2026-10-01 15:45:19+00:00
10/01/2026 10:50:19,N,40.1801,0.0,0.0,0.0,0.0,0.0,0.0,0.0,0.0,0.0,0.0,0.0,0.0,0.0,0.0,6838.87,94689.81,0.0,2026-10-01 15:50:19+00:00
10/01/2026 10:55:19,N,39.6838,0.0,0.0,0.0,0.0,0.0,0.0,0.0,0.0,0.0,0.0,0.0,0.0,0.0,0.0,7034.5,94964.38,0.0,2026-10-01 15:55:19+00:00
10/01/2026 11:00:20,N,41.3222,0.0,0.0,0.0,0.0,0.0,0.0,0.0,0.0,0.0,0.0,0.0,0.0,0.0,0.0,6930.18,94962.07,0.0,2026-10-01 16:00:20+00:00
10/01/2026 11:05:20,N,39.8523,0.0,0.0,0.0,0.0,0.0,0.0,0.0,0.0,0.0,0.0,0.0,0.0,0.0,0.0,7055.67,95377.82,0.0,2026-10-01 16:05:20+00:00
10/01/2026 11:10:24,N,37.9441,0.0,0.0,0.0,0.0,0.0,0.0,0.0,0.0,0.0,0.0,0.0,0.0,0.0,0.0,7272.65,95203.02,0.0,2026-10-01 16:10:24+00:00
10/01/2026 11:15:18,N,36.6914,0.0,0.0,0.0,0.0,0.0,0.0,0.0,0.0,0.0,0.0,0.0,0.0,0.0,0.0,7506.25,95355.27,0.0,2026-10-01 16:15:18+00:00
10/01/2026 11:20:18,N,40.4591,0.0,0.0,0.0,0.0,0.0,0.0,0.0,0.0,0.0,0.0,0.0,0.0,0.0,0.0,7818.51,94981.43,0.0,2026-10-01 16:20:18+00:00
10/01/2026 11:25:19,N,40.2484,0.0,0.0,0.0,0.0,0.0,0.0,0.0,0.0,0.0,0.0,0.0,0.0,0.0,0.0,7954.82,94792.29,0.0,2026-10-01 16:25:19+00:00
10/01/2026 11:30:19,N,39.2049,0.0,0.0,0.0,0.0,0.0,0.0,0.0,0.0,0.0,0.0,0.0,0.0,0.0,0.0,8033.94,94411.18,0.0,2026-10-01 16:30:19+00:00
10/01/2026 11:35:20,N,40.4349,0.0,0.0,0.0,0.0,0.0,0.0,0.0,0.0,0.0,0.0,0.0,0.0,0.0,0.0,8369.65,94469.9,0.0,2026-10-01 16:35:20+00:00
10/01/2026 11:40:18,N,38.9657,0.0,0.0,0.0,0.0,0.0,0.0,0.0,0.0,0.0,0.0,0.0,0.0,0.0,0.0,8556.55,94285.89,0.0,2026-10-01 16:40:18+00:00
10/01/2026 11:45:18,N,39.769,0.0,0.0,0.0,0.0,0.0,0.0,0.0,0.0,0.0,0.0,0.0,0.0,0.0,0.0,8524.28,94415.29,0.0,2026-10-01 16:45:18+00:00
10/01/2026 11:50:18,N,38.7357,0.0,0.0,0.0,0.0,0.0,0.0,0.0,0.0,0.0,0.0,0.0,0.0,0.0,0.0,8650.98,94553.7,0.0,2026-10-01 16:50:18+00:00
10/01/2026 11:55:18,N,42.3416,0.0,0.0,0.0,0.0,0.0,0.0,0.0,0.0,0.0,0.0,0.0,0.0,0.0,0.0,8714.64,94588.43,0.0,2026-10-01 16:55:18+00:00
10/01/2026 12:00:20,N,41.4855,0.0,0.0,0.0,0.0,0.0,0.0,0.0,0.0,0.0,0.0,0.0,0.0,0.0,0.0,8685.94,94828.79,0.0,2026-10-01 17:00:20+00:00
10/01/2026 12:05:19,N,42.0581,0.0,0.0,0.0,0.0,0.0,0.0,0.0,0.0,0.0,0.0,0.0,0.0,0.0,0.0,8758.58,94530.09,0.0,2026-10-01 17:05:19+00:00
10/01/2026 12:10:21,N,42.1044,0.0,0.0,0.0,0.0,0.0,0.0,0.0,0.0,0.0,0.0,0.0,0.0,0.0,0.0,8822.39,94429.26,0.0,2026-10-01 17:10:21+00:00
10/01/2026 12:15:19,N,42.1659,0.0,0.0,0.0,0.0,0.0,0.0,0.0,0.0,0.0,0.0,0.0,0.0,0.0,0.0,8939.28,94498.84,0.0,2026-10-01 17:15:19+00:00
10/01/2026 12:20:20,N,41.4138,0.0,0.0,0.0,0.0,0.0,0.0,0.0,0.0,0.0,0.0,0.0,0.0,0.0,0.0,9152.66,94773.95,0.0,2026-10-01 17:20:20+00:00
10/01/2026 12:25:22,N,40.4898,0.0,0.0,0.0,0.0,0.0,0.0,0.0,0.0,0.0,0.0,0.0,0.0,0.0,0.0,9431.95,94570.63,0.0,2026-10-01 17:25:22+00:00
10/01/2026 12:30:18,N,36.861,0.0,0.0,0.0,0.0,0.0,0.0,0.0,0.0,0.0,0.0,0.0,0.0,0.0,0.0,9744.49,94649.51,0.0,2026-10-01 17:30:18+00:00
10/01/2026 12:35:17,N,36.106,0.0,0.0,0.0,0.0,0.0,0.0,0.0,0.0,0.0,0.0,0.0,0.0,0.0,0.0,9674.91,95354.98,0.0,2026-10-01 17:35:17+00:00
10/01/2026 12:40:18,N,36.1592,0.0,0.0,0.0,0.0,0.0,0.0,0.0,0.0,0.0,0.0,0.0,0.0,0.0,0.0,9990.09,95503.01,0.0,2026-10-01 17:40:18+00:00
10/01/2026 12:45:18,N,34.0678,0.0,0.0,0.0,0.0,0.0,0.0,0.0,0.0,0.0,0.0,0.0,0.0,0.0,0.0,10151.28,95944.35,0.0,2026-10-01 17:45:18+00:00
10/01/2026 12:50:19,N,31.9879,0.0,0.0,0.0,0.0,0.0,0.0,0.0,0.0,0.0,0.0,0.0,0.0,0.0,0.0,10553.21,95931.41,0.0,2026-10-01 17:50:19+00:00
10/01/2026 12:55:17,N,31.2379,0.0,0.0,0.0,0.0,0.0,0.0,0.0,0.0,0.0,0.0,0.0,0.0,0.0,0.0,10550.32,95940.15,0.0,2026-10-01 17:55:17+00:00
10/01/2026 13:00:19,N,28.9827,0.0,0.0,0.0,0.0,0.0,0.0,0.0,0.0,0.0,0.0,0.0,0.0,0.0,0.0,10802.4,95335.58,0.0,2026-10-01 18:00:19+00:00
10/01/2026 13:05:18,N,31.3064,0.0,0.0,0.0,0.0,0.0,0.0,0.0,0.0,0.0,0.0,0.0,0.0,0.0,0.0,11037.67,95109.49,0.0,2026-10-01 18:05:18+00:00
10/01/2026 13:10:19,N,33.2642,0.0,0.0,0.0,0.0,0.0,0.0,0.0,0.0,0.0,0.0,0.0,0.0,0.0,0.0,11300.55,94802.1,0.0,2026-10-01 18:10:19+00:00
10/01/2026 13:15:18,N,32.1045,0.0,0.0,0.0,0.0,0.0,0.0,0.0,0.0,0.0,0.0,0.0,0.0,0.0,0.0,11657.56,94819.69,0.0,2026-10-01 18:15:18+00:00
10/01/2026 13:20:17,N,33.8298,0.0,0.0,0.0,0.0,0.0,0.0,0.0,0.0,0.0,0.0,0.0,0.0,0.0,0.0,11768.15,94956.25,0.0,2026-10-01 18:20:17+00:00
10/01/2026 13:25:17,N,32.7985,0.0,0.0,0.0,0.0,0.0,0.0,0.0,0.0,0.0,0.0,0.0,0.0,0.0,0.0,11850.77,95021.2,0.0,2026-10-01 18:25:17+00:00
10/01/2026 13:30:19,N,32.8969,0.0,0.0,0.0,0.0,0.0,0.0,0.0,0.0,0.0,0.0,0.0,0.0,0.0,0.0,11991.69,95233.86,0.0,2026-10-01 18:30:19+00:00
10/01/2026 13:35:17,N,31.8124,0.0,0.0,0.0,0.0,0.0,0.0,0.0,0.0,0.0,0.0,0.0,0.0,0.0,0.0,11949.53,95199.2,0.0,2026-10-01 18:35:17+00:00
10/01/2026 13:40:17,N,30.3007,0.0,0.0,0.0,0.0,0.0,0.0,0.0,0.0,0.0,0.0,0.0,0.0,0.0,0.0,11939.6,95533.74,0.0,2026-10-01 18:40:17+00:00
10/01/2026 13:45:17,N,30.1401,0.0,0.0,0.0,0.0,0.0,0.0,0.0,0.0,0.0,0.0,0.0,0.0,0.0,0.0,11999.73,95726.41,0.0,2026-10-01 18:45:17+00:00
10/01/2026 13:50:17,N,29.4037,0.0,0.0,0.0,0.0,0.0,0.0,0.0,0.0,0.0,0.0,0.0,0.0,0.0,0.0,12047.07,95989.49,0.0,2026-10-01 18:50:17+00:00
10/01/2026 13:55:17,N,29.8249,0.0,0.0,0.0,0.0,0.0,0.0,0.0,0.0,0.0,0.0,0.0,0.0,0.0,0.0,12102.75,96056.76,0.0,2026-10-01 18:55:17+00:00
10/01/2026 14:00:20,N,28.7202,0.0,0.0,0.0,0.0,0.0,0.0,0.0,0.0,0.0,0.0,0.0,0.0,0.0,0.0,12116.26,95991.2,0.0,2026-10-01 19:00:20+00:00
10/01/2026 14:05:19,N,29.2554,0.0,0.0,0.0,0.0,0.0,0.0,0.0,0.0,0.0,0.0,0.0,0.0,0.0,0.0,12172.71,95662.27,0.0,2026-10-01 19:05:19+00:00
10/01/2026 14:10:17,N,30.11,0.0,0.0,0.0,0.0,0.0,0.0,0.0,0.0,0.0,0.0,0.0,0.0,0.0,0.0,12155.54,95128.12,0.0,2026-10-01 19:10:17+00:00
10/01/2026 14:15:17,N,29.9482,0.0,0.0,0.0,0.0,0.0,0.0,0.0,0.0,0.0,0.0,0.0,0.0,0.0,0.0,12321.51,95565.96,0.0,2026-10-01 19:15:17+00:00
10/01/2026 14:20:17,N,29.8163,0.0,0.0,0.0,0.0,0.0,0.0,0.0,0.0,0.0,0.0,0.0,0.0,0.0,0.0,12291.44,95595.39,0.0,2026-10-01 19:20:17+00:00
10/01/2026 14:25:17,N,29.8095,0.0,0.0,0.0,0.0,0.0,0.0,0.0,0.0,0.0,0.0,0.0,0.0,0.0,0.0,12316.91,95333.29,0.0,2026-10-01 19:25:17+00:00
10/01/2026 14:30:19,N,30.5915,0.0,0.0,0.0,0.0,0.0,0.0,0.0,0.0,0.0,0.0,0.0,0.0,0.0,0.0,12340.28,95351.51,0.0,2026-10-01 19:30:19+00:00
10/01/2026 14:35:18,N,30.3045,0.0,0.0,0.0,0.0,0.0,0.0,0.0,0.0,0.0,0.0,0.0,0.0,0.0,0.0,12137.49,95359.77,0.0,2026-10-01 19:35:18+00:00
10/01/2026 14:40:18,N,29.4232,0.0,0.0,0.0,0.0,0.0,0.0,0.0,0.0,0.0,0.0,0.0,0.0,0.0,0.0,12180.03,95701.79,0.0,2026-10-01 19:40:18+00:00
10/01/2026 14:45:18,N,28.8379,0.0,0.0,0.0,0.0,0.0,0.0,0.0,0.0,0.0,0.0,0.0,0.0,0.0,0.0,12211.59,95533.55,0.0,2026-10-01 19:45:18+00:00
10/01/2026 14:50:18,N,30.4974,0.0,0.0,0.0,0.0,0.0,0.0,0.0,0.0,0.0,0.0,0.0,0.0,0.0,0.0,12638.76,95531.18,0.0,2026-10-01 19:50:18+00:00
10/01/2026 14:55:19,N,33.6437,0.0,0.0,0.0,0.0,0.0,0.0,0.0,0.0,0.0,0.0,0.0,0.0,0.0,0.0,12577.47,95070.08,0.0,2026-10-01 19:55:19+00:00
10/01/2026 15:00:20,N,31.1815,0.0,0.0,0.0,0.0,0.0,0.0,0.0,0.0,0.0,0.0,0.0,0.0,0.0,0.0,12582.31,94679.73,0.0,2026-10-01 20:00:20+00:00
10/01/2026 15:05:18,N,30.5387,0.0,0.0,0.0,0.0,0.0,0.0,0.0,0.0,0.0,0.0,0.0,0.0,0.0,0.0,12701.68,95647.45,0.0,2026-10-01 20:05:18+00:00
10/01/2026 15:10:18,N,33.0718,0.0,0.0,0.0,0.0,0.0,0.0,0.0,0.0,0.0,0.0,0.0,0.0,0.0,0.0,12576.3,95077.45,0.0,2026-10-01 20:10:18+00:00
10/01/2026 15:15:17,N,33.9494,0.0,0.0,0.0,0.0,0.0,0.0,0.0,0.0,0.0,0.0,0.0,0.0,0.0,0.0,12610.22,94700.06,0.0,2026-10-01 20:15:17+00:00
10/01/2026 15:20:18,N,35.2048,0.0,0.0,0.0,0.0,0.0,0.0,0.0,0.0,0.0,0.0,0.0,0.0,0.0,0.0,12612.17,94706.32,0.0,2026-10-01 20:20:18+00:00
10/01/2026 15:25:17,N,35.9712,0.0,0.0,0.0,0.0,0.0,0.0,0.0,0.0,0.0,0.0,0.0,0.0,0.0,0.0,12470.84,94562.87,0.0,2026-10-01 20:25:17+00:00
10/01/2026 15:30:18,N,36.0872,0.0,0.0,0.0,0.0,0.0,0.0,0.0,0.0,0.0,0.0,0.0,0.0,0.0,0.0,12537.12,94374.03,0.0,2026-10-01 20:30:18+00:00
10/01/2026 15:35:17,N,36.5455,0.0,0.0,0.0,0.0,0.0,0.0,0.0,0.0,0.0,0.0,0.0,0.0,0.0,0.0,12519.08,94372.7,0.0,2026-10-01 20:35:17+00:00
10/01/2026 15:40:25,N,35.8686,0.0,0.0,0.0,0.0,0.0,0.0,0.0,0.0,0.0,0.0,0.0,0.0,0.0,0.0,12496.59,94249.0,0.0,2026-10-01 20:40:25+00:00
10/01/2026 15:45:20,N,34.8883,0.0,0.0,0.0,0.0,0.0,0.0,0.0,0.0,0.0,0.0,0.0,0.0,0.0,0.0,12440.73,94317.77,0.0,2026-10-01 20:45:20+00:00
10/01/2026 15:50:19,N,34.7009,0.0,0.0,0.0,0.0,0.0,0.0,0.0,0.0,0.0,0.0,0.0,0.0,0.0,0.0,12489.78,94622.99,0.0,2026-10-01 20:50:19+00:00
10/01/2026 15:55:17,N,35.8772,0.0,0.0,0.0,0.0,0.0,0.0,0.0,0.0,0.0,0.0,0.0,0.0,0.0,0.0,12511.07,94673.31,0.0,2026-10-01 20:55:17+00:00
10/01/2026 16:00:23,N,35.336,0.0,0.0,0.0,0.0,0.0,0.0,0.0,0.0,0.0,0.0,0.0,0.0,0.0,0.0,12515.43,94797.04,0.0,2026-10-01 21:00:23+00:00
10/01/2026 16:05:19,N,35.6253,0.0,0.0,0.0,0.0,0.0,0.0,0.0,0.0,0.0,0.0,0.0,0.0,0.0,0.0,12275.61,94386.98,0.0,2026-10-01 21:05:19+00:00
10/01/2026 16:10:19,N,33.4517,0.0,0.0,0.0,0.0,0.0,0.0,0.0,0.0,0.0,0.0,0.0,0.0,0.0,0.0,12179.96,94219.91,0.0,2026-10-01 21:10:19+00:00
10/01/2026 16:15:18,N,33.1029,0.0,0.0,0.0,0.0,0.0,0.0,0.0,0.0,0.0,0.0,0.0,0.0,0.0,0.0,12127.58,94020.13,0.0,2026-10-01 21:15:18+00:00
10/01/2026 16:20:18,N,33.3718,0.0,0.0,0.0,0.0,0.0,0.0,0.0,0.0,0.0,0.0,0.0,0.0,0.0,0.0,12067.8,93962.28,0.0,2026-10-01 21:20:18+00:00
10/01/2026 16:25:17,N,33.3344,0.0,0.0,0.0,0.0,0.0,0.0,0.0,0.0,0.0,0.0,0.0,0.0,0.0,0.0,12052.87,93563.89,0.0,2026-10-01 21:25:17+00:00
10/01/2026 16:30:18,N,37.8287,0.0,0.0,0.0,0.0,0.0,0.0,0.0,0.0,0.0,0.0,0.0,0.0,0.0,0.0,12124.36,93232.41,0.0,2026-10-01 21:30:18+00:00
10/01/2026 16:35:17,N,38.8546,0.0,0.0,0.0,0.0,0.0,0.0,0.0,0.0,0.0,0.0,0.0,0.0,0.0,0.0,12223.99,93298.52,0.0,2026-10-01 21:35:17+00:00
10/01/2026 16:40:17,N,39.8384,0.0,0.0,0.0,0.0,0.0,0.0,0.0,0.0,0.0,0.0,0.0,0.0,0.0,0.0,12189.79,92802.02,0.0,2026-10-01 21:40:17+00:00
10/01/2026 16:45:18,N,39.1039,0.0,0.0,0.0,0.0,0.0,0.0,0.0,0.0,0.0,0.0,0.0,0.0,0.0,0.0,12171.08,92620.26,0.0,2026-10-01 21:45:18+00:00
10/01/2026 16:50:19,N,41.544,0.0,0.0,0.0,0.0,0.0,0.0,0.0,0.0,0.0,0.0,0.0,0.0,0.0,0.0,11962.71,91734.15,0.0,2026-10-01 21:50:19+00:00
10/01/2026 16:52:52,N,42.9973,0.0,0.0,0.0,0.0,0.0,0.0,0.0,0.0,0.0,0.0,0.0,0.0,0.0,0.0,11919.01,91465.09,0.0,2026-10-01 21:52:52+00:00
10/01/2026 16:55:18,N,40.9734,0.0,0.0,0.0,0.0,0.0,0.0,0.0,0.0,0.0,0.0,0.0,0.0,0.0,0.0,11935.0,91459.68,0.0,2026-10-01 21:55:18+00:00
10/01/2026 17:00:20,N,39.2477,0.0,0.0,0.0,0.0,0.0,0.0,0.0,0.0,0.0,0.0,0.0,0.0,0.0,0.0,11940.49,91376.27,0.0,2026-10-01 22:00:20+00:00
10/01/2026 17:05:18,N,36.3759,0.0,0.0,0.0,0.0,0.0,0.0,0.0,0.0,0.0,0.0,0.0,0.0,0.0,0.0,12036.31,91448.09,0.0,2026-10-01 22:05:18+00:00
10/01/2026 17:10:18,N,36.8289,0.0,0.0,0.0,0.0,0.0,0.0,0.0,0.0,0.0,0.0,0.0,0.0,0.0,0.0,11971.04,91749.16,0.0,2026-10-01 22:10:18+00:00
10/01/2026 17:15:18,N,37.4657,0.0,0.0,0.0,0.0,0.0,0.0,0.0,0.0,0.0,0.0,0.0,0.0,0.0,0.0,11857.29,91588.2,0.0,2026-10-01 22:15:18+00:00
10/01/2026 17:20:18,N,39.8565,0.0,0.0,0.0,0.0,0.0,0.0,0.0,0.0,0.0,0.0,0.0,0.0,0.0,0.0,12030.5,91201.63,0.0,2026-10-01 22:20:18+00:00
10/01/2026 17:25:16,N,38.3358,0.0,0.0,0.0,0.0,0.0,0.0,0.0,0.0,0.0,0.0,0.0,0.0,0.0,0.0,11957.17,91017.16,0.0,2026-10-01 22:25:16+00:00
10/01/2026 17:30:19,N,42.72,0.0,0.0,0.0,0.0,0.0,0.0,0.0,0.0,0.0,0.0,0.0,0.0,0.0,0.0,11739.42,90154.48,0.0,2026-10-01 22:30:19+00:00
10/01/2026 17:35:17,N,39.8944,0.0,0.0,0.0,0.0,0.0,0.0,0.0,0.0,0.0,0.0,0.0,0.0,0.0,0.0,11720.06,89941.54,0.0,2026-10-01 22:35:17+00:00
10/01/2026 17:40:17,N,39.4785,0.0,0.0,0.0,0.0,0.0,0.0,0.0,0.0,0.0,0.0,0.0,0.0,0.0,0.0,11911.38,90315.76,0.0,2026-10-01 22:40:17+00:00
10/01/2026 17:45:18,N,42.1676,0.0,0.0,0.0,0.0,0.0,0.0,0.0,0.0,0.0,0.0,0.0,0.0,0.0,0.0,11911.07,90213.75,0.0,2026-10-01 22:45:18+00:00
10/01/2026 17:50:18,N,40.2376,0.0,0.0,0.0,0.0,0.0,0.0,0.0,0.0,0.0,0.0,0.0,0.0,0.0,0.0,12046.16,90092.31,0.0,2026-10-01 22:50:18+00:00
10/01/2026 17:55:18,N,44.2341,0.0,0.0,0.0,0.0,0.0,0.0,0.0,0.0,0.0,0.0,0.0,0.0,0.0,0.0,11957.49,89107.63,0.0,2026-10-01 22:55:18+00:00
10/01/2026 18:00:21,N,38.4368,0.0,0.0,0.0,0.0,0.0,0.0,0.0,0.0,0.0,0.0,0.0,0.0,0.0,0.0,11931.68,87920.57,0.0,2026-10-01 23:00:21+00:00
10/01/2026 18:05:19,N,41.4993,0.0,0.0,0.0,0.0,0.0,0.0,0.0,0.0,0.0,0.0,0.0,0.0,0.0,0.0,11907.59,87285.16,0.0,2026-10-01 23:05:19+00:00
10/01/2026 18:10:19,N,40.302,0.0,0.0,0.0,0.0,0.0,0.0,0.0,0.0,0.0,0.0,0.0,0.0,0.0,0.0,11739.16,87014.91,0.0,2026-10-01 23:10:19+00:00
10/01/2026 18:15:19,N,45.8452,0.0,0.0,0.0,0.0,0.0,0.0,0.0,0.0,0.0,0.0,0.0,0.0,0.0,0.0,11570.87,86253.73,0.0,2026-10-01 23:15:19+00:00
10/01/2026 18:20:20,N,48.3793,0.0,0.0,0.0,0.0,0.0,0.0,0.0,0.0,0.0,0.0,0.0,0.0,0.0,0.0,11489.99,85804.58,0.0,2026-10-01 23:20:20+00:00
10/01/2026 18:25:17,N,45.7648,0.0,0.0,0.0,0.0,0.0,0.0,0.0,0.0,0.0,0.0,0.0,0.0,0.0,0.0,11308.6,85717.59,0.0,2026-10-01 23:25:17+00:00
10/01/2026 18:30:17,N,48.0881,0.0,0.0,0.0,0.0,0.0,0.0,0.0,0.0,0.0,0.0,0.0,0.0,0.0,0.0,11146.03,85203.78,0.0,2026-10-01 23:30:17+00:00
10/01/2026 18:35:17,N,49.9803,0.0,0.0,0.0,0.0,0.0,0.0,0.0,0.0,0.0,0.0,0.0,0.0,0.0,0.0,10884.12,84631.51,0.0,2026-10-01 23:35:17+00:00
10/01/2026 18:40:18,N,47.1334,0.0,0.0,0.0,0.0,0.0,0.0,0.0,0.0,0.0,0.0,0.0,0.0,0.0,0.0,11094.06,84167.43,0.0,2026-10-01 23:40:18+00:00
10/01/2026 18:45:19,N,51.7516,0.0,0.0,0.0,0.0,0.0,0.0,0.0,0.0,0.0,0.0,0.0,0.0,0.0,0.0,11470.57,82895.52,0.0,2026-10-01 23:45:19+00:00
10/01/2026 18:47:20,N,53.5017,0.0,0.0,0.0,0.0,0.0,0.0,0.0,0.0,0.0,0.0,0.0,0.0,0.0,0.0,11501.07,82035.93,0.0,2026-10-01 23:47:20+00:00
10/01/2026 18:50:21,N,54.8441,0.0,0.0,0.0,0.0,0.0,0.0,0.0,0.0,0.0,0.0,0.0,0.0,0.0,0.0,11473.63,81931.41,0.0,2026-10-01 23:50:21+00:00
10/01/2026 18:55:20,N,53.6391,0.0,0.0,0.0,0.0,0.0,0.0,0.0,0.0,0.0,0.0,0.0,0.0,0.0,0.0,11233.48,81148.61,0.0,2026-10-01 23:55:20+00:00
10/01/2026 19:00:20,N,47.228,0.0,0.0,0.0,0.0,0.0,0.0,0.0,0.0,0.0,0.0,0.0,0.0,0.0,0.0,11302.41,80884.82,0.0,2026-10-02 00:00:20+00:00
10/01/2026 19:05:20,N,43.4849,0.0,0.0,0.0,0.0,0.0,0.0,0.0,0.0,0.0,0.0,0.0,0.0,0.0,0.0,11071.7,80757.02,0.0,2026-10-02 00:05:20+00:00
10/01/2026 19:10:22,N,45.3054,0.0,0.0,0.0,0.0,0.0,0.0,0.0,0.0,0.0,0.0,0.0,0.0,0.0,0.0,10666.99,80434.12,0.0,2026-10-02 00:10:22+00:00
10/01/2026 19:15:27,N,45.278,0.0,0.0,0.0,0.0,0.0,0.0,0.0,0.0,0.0,0.0,0.0,0.0,0.0,0.0,10485.54,80264.67,0.0,2026-10-02 00:15:27+00:00
10/01/2026 19:20:26,N,43.5876,0.0,0.0,0.0,0.0,0.0,0.0,0.0,0.0,0.0,0.0,0.0,0.0,0.0,0.0,10312.36,80418.05,0.0,2026-10-02 00:20:26+00:00
10/01/2026 19:25:22,N,45.1741,0.0,0.0,0.0,0.0,0.0,0.0,0.0,0.0,0.0,0.0,0.0,0.0,0.0,0.0,10037.58,80358.8,0.0,2026-10-02 00:25:22+00:00
10/01/2026 19:30:23,N,45.4397,0.0,0.0,0.0,0.0,0.0,0.0,0.0,0.0,0.0,0.0,0.0,0.0,0.0,0.0,9954.92,80013.51,0.0,2026-10-02 00:30:23+00:00
10/01/2026 19:35:19,N,47.3073,0.0,0.0,0.0,0.0,0.0,0.0,0.0,0.0,0.0,0.0,0.0,0.0,0.0,0.0,9833.17,79845.28,0.0,2026-10-02 00:35:19+00:00
10/01/2026 19:40:20,N,46.4668,0.0,0.0,0.0,0.0,0.0,0.0,0.0,0.0,0.0,0.0,0.0,0.0,0.0,0.0,9915.07,79884.16,0.0,2026-10-02 00:40:20+00:00
10/01/2026 19:45:22,N,47.3392,0.0,0.0,0.0,0.0,0.0,0.0,0.0,0.0,0.0,0.0,0.0,0.0,0.0,0.0,9904.0,79948.34,0.0,2026-10-02 00:45:22+00:00
10/01/2026 19:50:23,N,46.4736,0.0,0.0,0.0,0.0,0.0,0.0,0.0,0.0,0.0,0.0,0.0,0.0,0.0,0.0,9867.35,79959.57,0.0,2026-10-02 00:50:23+00:00
10/01/2026 19:55:21,N,47.2748,0.0,0.0,0.0,0.0,0.0,0.0,0.0,0.0,0.0,0.0,0.0,0.0,0.0,0.0,9834.79,79877.78,0.0,2026-10-02 00:55:21+00:00
10/01/2026 20:00:24,N,56.6248,0.0,0.0,0.0,0.0,0.0,0.0,0.0,0.0,0.0,0.0,0.0,0.0,0.0,0.0,10172.7,79607.95,0.0,2026-10-02 01:00:24+00:00
10/01/2026 20:05:21,N,50.093,0.0,0.0,0.0,0.0,0.0,0.0,0.0,0.0,0.0,0.0,0.0,0.0,0.0,0.0,10265.16,79567.37,0.0,2026-10-02 01:05:21+00:00
10/01/2026 20:10:19,N,50.3592,0.0,0.0,0.0,0.0,0.0,0.0,0.0,0.0,0.0,0.0,0.0,0.0,0.0,0.0,10014.25,79516.95,0.0,2026-10-02 01:10:19+00:00
10/01/2026 20:15:19,N,52.0427,0.0,0.0,0.0,0.0,0.0,0.0,0.0,0.0,0.0,0.0,0.0,0.0,0.0,0.0,9895.5,79585.03,0.0,2026-10-02 01:15:19+00:00
10/01/2026 20:20:24,N,50.8736,0.0,0.0,0.0,0.0,0.0,0.0,0.0,0.0,0.0,0.0,0.0,0.0,0.0,0.0,9864.54,79687.38,0.0,2026-10-02 01:20:24+00:00
10/01/2026 20:25:18,N,47.7834,0.0,0.0,0.0,0.0,0.0,0.0,0.0,0.0,0.0,0.0,0.0,0.0,0.0,0.0,9794.67,80007.23,0.0,2026-10-02 01:25:18+00:00
10/01/2026 20:30:18,N,47.8421,0.0,0.0,0.0,0.0,0.0,0.0,0.0,0.0,0.0,0.0,0.0,0.0,0.0,0.0,9803.19,80203.48,0.0,2026-10-02 01:30:18+00:00
10/01/2026 20:35:19,N,48.2883,0.0,0.0,0.0,0.0,0.0,0.0,0.0,0.0,0.0,0.0,0.0,0.0,0.0,0.0,9785.62,80238.83,0.0,2026-10-02 01:35:19+00:00
10/01/2026 20:40:20,N,48.5324,0.0,0.0,0.0,0.0,0.0,0.0,0.0,0.0,0.0,0.0,0.0,0.0,0.0,0.0,9795.61,80146.13,0.0,2026-10-02 01:40:20+00:00
10/01/2026 20:45:17,N,47.4099,0.0,0.0,0.0,0.0,0.0,0.0,0.0,0.0,0.0,0.0,0.0,0.0,0.0,0.0,9782.42,80019.23,0.0,2026-10-02 01:45:17+00:00
10/01/2026 20:50:19,N,48.2844,0.0,0.0,0.0,0.0,0.0,0.0,0.0,0.0,0.0,0.0,0.0,0.0,0.0,0.0,9843.49,79841.77,0.0,2026-10-02 01:50:19+00:00
10/01/2026 20:55:20,N,50.5046,0.0,0.0,0.0,0.0,0.0,0.0,0.0,0.0,0.0,0.0,0.0,0.0,0.0,0.0,9745.86,79658.2,0.0,2026-10-02 01:55:20+00:00
10/01/2026 21:00:21,N,47.4056,0.0,0.0,0.0,0.0,0.0,0.0,0.0,0.0,0.0,0.0,0.0,0.0,0.0,0.0,9627.63,78818.64,0.0,2026-10-02 02:00:21+00:00
10/01/2026 21:05:21,N,48.8698,0.0,0.0,0.0,0.0,0.0,0.0,0.0,0.0,0.0,0.0,0.0,0.0,0.0,0.0,9504.41,78539.19,0.0,2026-10-02 02:05:21+00:00
10/01/2026 21:10:19,N,49.9568,0.0,0.0,0.0,0.0,0.0,0.0,0.0,0.0,0.0,0.0,0.0,0.0,0.0,0.0,9532.92,77832.3,0.0,2026-10-02 02:10:19+00:00
10/01/2026 21:15:19,N,50.0329,0.0,0.0,0.0,0.0,0.0,0.0,0.0,0.0,0.0,0.0,0.0,0.0,0.0,0.0,9563.51,77626.23,0.0,2026-10-02 02:15:19+00:00
10/01/2026 21:20:20,N,48.4519,0.0,0.0,0.0,0.0,0.0,0.0,0.0,0.0,0.0,0.0,0.0,0.0,0.0,0.0,9549.13,77629.07,0.0,2026-10-02 02:20:20+00:00
10/01/2026 21:25:19,N,49.2501,0.0,0.0,0.0,0.0,0.0,0.0,0.0,0.0,0.0,0.0,0.0,0.0,0.0,0.0,9545.5,77727.08,0.0,2026-10-02 02:25:19+00:00
10/01/2026 21:30:20,N,49.1819,0.0,0.0,0.0,0.0,0.0,0.0,0.0,0.0,0.0,0.0,0.0,0.0,0.0,0.0,9539.08,77846.98,0.0,2026-10-02 02:30:20+00:00
10/01/2026 21:35:18,N,50.3332,0.0,0.0,0.0,0.0,0.0,0.0,0.0,0.0,0.0,0.0,0.0,0.0,0.0,0.0,9551.43,77642.62,0.0,2026-10-02 02:35:18+00:00
10/01/2026 21:40:19,N,49.7165,0.0,0.0,0.0,0.0,0.0,0.0,0.0,0.0,0.0,0.0,0.0,0.0,0.0,0.0,9550.65,77488.26,0.0,2026-10-02 02:40:19+00:00
10/01/2026 21:45:18,N,51.0476,0.0,0.0,0.0,0.0,0.0,0.0,0.0,0.0,0.0,0.0,0.0,0.0,0.0,0.0,9582.65,77472.17,0.0,2026-10-02 02:45:18+00:00
10/01/2026 21:50:19,N,53.5942,0.0,0.0,0.0,0.0,0.0,0.0,0.0,0.0,0.0,0.0,0.0,0.0,0.0,0.0,9590.4,77165.98,0.0,2026-10-02 02:50:19+00:00
10/01/2026 21:55:19,N,53.643,0.0,0.0,0.0,0.0,0.0,0.0,0.0,0.0,0.0,0.0,0.0,0.0,0.0,0.0,9553.2,76964.87,0.0,2026-10-02 02:55:19+00:00
10/01/2026 22:00:22,N,73.0083,0.0,0.0,0.0,0.0,0.0,0.0,0.0,0.0,0.0,0.0,0.0,0.0,0.0,0.0,9515.24,76533.55,0.0,2026-10-02 03:00:22+00:00
10/01/2026 22:05:20,N,76.2512,0.0,0.0,0.0,0.0,0.0,0.0,0.0,0.0,0.0,0.0,0.0,0.0,0.0,0.0,9460.11,76874.34,0.0,2026-10-02 03:05:20+00:00
10/01/2026 22:10:21,N,76.9636,0.0,0.0,0.0,0.0,0.0,0.0,0.0,0.0,0.0,0.0,0.0,0.0,0.0,0.0,9423.88,76298.44,0.0,2026-10-02 03:10:21+00:00
10/01/2026 22:15:19,N,78.8992,0.0,0.0,0.0,0.0,0.0,0.0,0.0,0.0,0.0,0.0,0.0,0.0,0.0,0.0,9506.54,75942.47,0.0,2026-10-02 03:15:19+00:00
10/01/2026 22:20:17,N,83.1421,0.0,0.0,0.0,0.0,0.0,0.0,0.0,0.0,0.0,0.0,0.0,0.0,0.0,0.0,9485.0,75903.55,0.0,2026-10-02 03:20:17+00:00
10/01/2026 22:25:19,N,83.2477,0.0,0.0,0.0,0.0,0.0,0.0,0.0,0.0,0.0,0.0,0.0,0.0,0.0,0.0,9464.87,75677.16,0.0,2026-10-02 03:25:19+00:00
10/01/2026 22:30:20,N,86.844,0.0,0.0,0.0,0.0,0.0,0.0,0.0,0.0,0.0,0.0,0.0,0.0,0.0,0.0,9378.99,75470.02,0.0,2026-10-02 03:30:20+00:00
10/01/2026 22:35:18,N,89.1682,0.0,0.0,0.0,0.0,0.0,0.0,0.0,0.0,0.0,0.0,0.0,0.0,0.0,0.0,9465.87,74555.54,0.0,2026-10-02 03:35:18+00:00
10/01/2026 22:40:19,N,85.6551,0.0,0.0,0.0,0.0,0.0,0.0,0.0,0.0,0.0,0.0,0.0,0.0,0.0,0.0,9531.31,74734.76,0.0,2026-10-02 03:40:19+00:00
10/01/2026 22:45:18,N,78.0951,0.0,0.0,0.0,0.0,0.0,0.0,0.0,0.0,0.0,0.0,0.0,0.0,0.0,0.0,9589.5,74688.98,0.0,2026-10-02 03:45:18+00:00
10/01/2026 22:50:18,N,76.017,0.0,0.0,0.0,0.0,0.0,0.0,0.0,0.0,0.0,0.0,0.0,0.0,0.0,0.0,9514.46,74635.06,0.0,2026-10-02 03:50:18+00:00
10/01/2026 22:55:19,N,72.406,0.0,0.0,0.0,0.0,0.0,0.0,0.0,0.0,0.0,0.0,0.0,0.0,0.0,0.0,9561.33,74397.31,0.0,2026-10-02 03:55:19+00:00
10/01/2026 23:00:23,N,72.2878,0.0,0.0,0.0,0.0,0.0,0.0,0.0,0.0,0.0,0.0,0.0,0.0,0.0,0.0,9669.3,74181.77,0.0,2026-10-02 04:00:23+00:00
10/01/2026 23:05:19,N,70.6086,0.0,0.0,0.0,0.0,0.0,0.0,0.0,0.0,0.0,0.0,0.0,0.0,0.0,0.0,9653.97,74280.84,0.0,2026-10-02 04:05:19+00:00
10/01/2026 23:10:20,N,71.7011,0.0,0.0,0.0,0.0,0.0,0.0,0.0,0.0,0.0,0.0,0.0,0.0,0.0,0.0,9678.25,74284.49,0.0,2026-10-02 04:10:20+00:00
10/01/2026 23:15:20,N,78.1299,0.0,0.0,0.0,0.0,0.0,0.0,0.0,0.0,0.0,0.0,0.0,0.0,0.0,0.0,9632.93,73721.48,0.0,2026-10-02 04:15:20+00:00
10/01/2026 23:20:20,N,74.2766,0.0,0.0,0.0,0.0,0.0,0.0,0.0,0.0,0.0,0.0,0.0,0.0,0.0,0.0,9578.73,73698.42,0.0,2026-10-02 04:20:20+00:00
10/01/2026 23:25:18,N,69.1202,0.0,0.0,0.0,0.0,0.0,0.0,0.0,0.0,0.0,0.0,0.0,0.0,0.0,0.0,9606.01,73892.23,0.0,2026-10-02 04:25:18+00:00
10/01/2026 23:30:19,N,60.1794,0.0,0.0,0.0,0.0,0.0,0.0,0.0,0.0,0.0,0.0,0.0,0.0,0.0,0.0,9559.64,73707.73,0.0,2026-10-02 04:30:19+00:00
10/01/2026 23:35:18,N,60.6131,0.0,0.0,0.0,0.0,0.0,0.0,0.0,0.0,0.0,0.0,0.0,0.0,0.0,0.0,9574.76,73352.28,0.0,2026-10-02 04:35:18+00:00
10/01/2026 23:40:18,N,64.3105,0.0,0.0,0.0,0.0,0.0,0.0,0.0,0.0,0.0,0.0,0.0,0.0,0.0,0.0,9540.32,73423.57,0.0,2026-10-02 04:40:18+00:00
10/01/2026 23:45:19,N,59.481,0.0,0.0,0.0,0.0,0.0,0.0,0.0,0.0,0.0,0.0,0.0,0.0,0.0,0.0,9394.38,73427.08,0.0,2026-10-02 04:45:19+00:00
10/01/2026 23:50:21,N,55.6262,0.0,0.0,0.0,0.0,0.0,0.0,0.0,0.0,0.0,0.0,0.0,0.0,0.0,0.0,9399.63,73263.27,0.0,2026-10-02 04:50:21+00:00
10/01/2026 23:55:19,N,53.7515,0.0,0.0,0.0,0.0,0.0,0.0,0.0,0.0,0.0,0.0,0.0,0.0,0.0,0.0,9414.27,73212.45,0.0,2026-10-02 04:55:19+00:00
10/02/2026 00:00:22,N,58.5508,0.0,0.0,0.0,0.0,0.0,0.0,0.0,0.0,0.0,0.0,0.0,0.0,0.0,0.0,9374.1,73462.45,0.0,2026-10-02 05:00:22+00:00
10/02/2026 00:05:20,N,64.4456,0.0,0.0,0.0,0.0,0.0,0.0,0.0,0.0,0.0,0.0,0.0,0.0,0.0,0.0,9304.32,73530.81,0.0,2026-10-02 05:05:20+00:00
10/02/2026 00:10:21,N,58.4174,0.0,0.0,0.0,0.0,0.0,0.0,0.0,0.0,0.0,0.0,0.0,0.0,0.0,0.0,9262.29,73656.06,0.0,2026-10-02 05:10:21+00:00
10/02/2026 00:15:21,N,49.3666,0.0,0.0,0.0,0.0,0.0,0.0,0.0,0.0,0.0,0.0,0.0,0.0,0.0,0.0,9230.25,73606.31,0.0,2026-10-02 05:15:21+00:00
10/02/2026 00:20:21,N,49.3876,0.0,0.0,0.0,0.0,0.0,0.0,0.0,0.0,0.0,0.0,0.0,0.0,0.0,0.0,9185.05,73767.07,0.0,2026-10-02 05:20:21+00:00
10/02/2026 00:25:18,N,49.4359,0.0,0.0,0.0,0.0,0.0,0.0,0.0,0.0,0.0,0.0,0.0,0.0,0.0,0.0,9025.33,73513.72,0.0,2026-10-02 05:25:18+00:00
10/02/2026 00:30:19,N,49.0862,0.0,0.0,0.0,0.0,0.0,0.0,0.0,0.0,0.0,0.0,0.0,0.0,0.0,0.0,8945.61,73514.77,0.0,2026-10-02 05:30:19+00:00
10/02/2026 00:35:18,N,49.752,0.0,0.0,0.0,0.0,0.0,0.0,0.0,0.0,0.0,0.0,0.0,0.0,0.0,0.0,8747.15,73563.26,0.0,2026-10-02 05:35:18+00:00
10/02/2026 00:40:20,N,46.9991,0.0,0.0,0.0,0.0,0.0,0.0,0.0,0.0,0.0,0.0,0.0,0.0,0.0,0.0,8507.64,73587.85,0.0,2026-10-02 05:40:20+00:00
10/02/2026 00:45:19,N,45.0813,0.0,0.0,0.0,0.0,0.0,0.0,0.0,0.0,0.0,0.0,0.0,0.0,0.0,0.0,8353.46,73774.63,0.0,2026-10-02 05:45:19+00:00
10/02/2026 00:50:19,N,44.2743,0.0,0.0,0.0,0.0,0.0,0.0,0.0,0.0,0.0,0.0,0.0,0.0,0.0,0.0,8092.07,73317.06,0.0,2026-10-02 05:50:19+00:00
10/02/2026 00:55:19,N,52.6359,0.0,0.0,0.0,0.0,0.0,0.0,0.0,0.0,0.0,0.0,0.0,0.0,0.0,0.0,7856.92,72974.2,0.0,2026-10-02 05:55:19+00:00
10/02/2026 01:00:24,N,53.5433,0.0,0.0,0.0,0.0,0.0,0.0,0.0,0.0,0.0,0.0,0.0,0.0,0.0,0.0,7773.4,72916.09,0.0,2026-10-02 06:00:24+00:00
10/02/2026 01:05:19,N,57.0835,0.0,0.0,0.0,0.0,0.0,0.0,0.0,0.0,0.0,0.0,0.0,0.0,0.0,0.0,7680.42,72904.49,0.0,2026-10-02 06:05:19+00:00
10/02/2026 01:10:20,N,55.2744,0.0,0.0,0.0,0.0,0.0,0.0,0.0,0.0,0.0,0.0,0.0,0.0,0.0,0.0,7620.44,72707.96,0.0,2026-10-02 06:10:20+00:00
10/02/2026 01:15:20,N,58.0271,0.0,0.0,0.0,0.0,0.0,0.0,0.0,0.0,0.0,0.0,0.0,0.0,0.0,0.0,7555.14,72865.69,0.0,2026-10-02 06:15:20+00:00
10/02/2026 01:20:18,N,59.2708,0.0,0.0,0.0,0.0,0.0,0.0,0.0,0.0,0.0,0.0,0.0,0.0,0.0,0.0,7487.63,72971.87,0.0,2026-10-02 06:20:18+00:00
10/02/2026 01:25:18,N,55.2635,0.0,0.0,0.0,0.0,0.0,0.0,0.0,0.0,0.0,0.0,0.0,0.0,0.0,0.0,7433.0,73017.55,0.0,2026-10-02 06:25:18+00:00
10/02/2026 01:30:18,N,47.706,0.0,0.0,0.0,0.0,0.0,0.0,0.0,0.0,0.0,0.0,0.0,0.0,0.0,0.0,7219.14,72515.66,0.0,2026-10-02 06:30:18+00:00
10/02/2026 01:35:18,N,53.061,0.0,0.0,0.0,0.0,0.0,0.0,0.0,0.0,0.0,0.0,0.0,0.0,0.0,0.0,7206.07,72514.88,0.0,2026-10-02 06:35:18+00:00
10/02/2026 01:40:18,N,53.007,0.0,0.0,0.0,0.0,0.0,0.0,0.0,0.0,0.0,0.0,0.0,0.0,0.0,0.0,7198.18,72754.48,0.0,2026-10-02 06:40:18+00:00
10/02/2026 01:45:19,N,44.4679,0.0,0.0,0.0,0.0,0.0,0.0,0.0,0.0,0.0,0.0,0.0,0.0,0.0,0.0,7189.75,72948.11,0.0,2026-10-02 06:45:19+00:00
10/02/2026 01:50:18,N,45.1217,0.0,0.0,0.0,0.0,0.0,0.0,0.0,0.0,0.0,0.0,0.0,0.0,0.0,0.0,7150.6,73044.71,0.0,2026-10-02 06:50:18+00:00
10/02/2026 01:55:19,N,45.5005,0.0,0.0,0.0,0.0,0.0,0.0,0.0,0.0,0.0,0.0,0.0,0.0,0.0,0.0,6635.56,73065.26,0.0,2026-10-02 06:55:19+00:00
10/02/2026 02:00:21,N,47.1651,0.0,0.0,0.0,0.0,0.0,0.0,0.0,0.0,0.0,0.0,0.0,0.0,0.0,0.0,6592.94,73324.89,0.0,2026-10-02 07:00:21+00:00
10/02/2026 02:05:23,N,44.3144,0.0,0.0,0.0,0.0,0.0,0.0,0.0,0.0,0.0,0.0,0.0,0.0,0.0,0.0,6642.94,73455.83,0.0,2026-10-02 07:05:23+00:00
10/02/2026 02:10:20,N,44.0175,0.0,0.0,0.0,0.0,0.0,0.0,0.0,0.0,0.0,0.0,0.0,0.0,0.0,0.0,6639.01,73567.97,0.0,2026-10-02 07:10:20+00:00
10/02/2026 02:15:19,N,39.2199,0.0,0.0,0.0,0.0,0.0,0.0,0.0,0.0,0.0,0.0,0.0,0.0,0.0,0.0,6649.87,73751.35,0.0,2026-10-02 07:15:19+00:00
10/02/2026 02:20:20,N,37.8202,0.0,0.0,0.0,0.0,0.0,0.0,0.0,0.0,0.0,0.0,0.0,0.0,0.0,0.0,6612.73,73846.16,0.0,2026-10-02 07:20:20+00:00
10/02/2026 02:25:20,N,40.8851,0.0,0.0,0.0,0.0,0.0,0.0,0.0,0.0,0.0,0.0,0.0,0.0,0.0,0.0,6559.58,73877.22,0.0,2026-10-02 07:25:20+00:00
10/02/2026 02:30:20,N,41.0328,0.0,0.0,0.0,0.0,0.0,0.0,0.0,0.0,0.0,0.0,0.0,0.0,0.0,0.0,6553.29,73879.2,0.0,2026-10-02 07:30:20+00:00
10/02/2026 02:35:20,N,40.1512,0.0,0.0,0.0,0.0,0.0,0.0,0.0,0.0,0.0,0.0,0.0,0.0,0.0,0.0,6628.61,73919.57,0.0,2026-10-02 07:35:20+00:00
10/02/2026 02:40:19,N,36.9864,0.0,0.0,0.0,0.0,0.0,0.0,0.0,0.0,0.0,0.0,0.0,0.0,0.0,0.0,6505.34,73809.57,0.0,2026-10-02 07:40:19+00:00
10/02/2026 02:45:17,N,40.2021,0.0,0.0,0.0,0.0,0.0,0.0,0.0,0.0,0.0,0.0,0.0,0.0,0.0,0.0,6514.59,73828.67,0.0,2026-10-02 07:45:17+00:00
10/02/2026 02:50:19,N,38.1938,0.0,0.0,0.0,0.0,0.0,0.0,0.0,0.0,0.0,0.0,0.0,0.0,0.0,0.0,6477.01,73781.42,0.0,2026-10-02 07:50:19+00:00
10/02/2026 02:55:17,N,37.6222,0.0,0.0,0.0,0.0,0.0,0.0,0.0,0.0,0.0,0.0,0.0,0.0,0.0,0.0,6493.98,73885.36,0.0,2026-10-02 07:55:17+00:00
10/02/2026 03:00:20,N,36.4609,0.0,0.0,0.0,0.0,0.0,0.0,0.0,0.0,0.0,0.0,0.0,0.0,0.0,0.0,6394.02,74059.78,0.0,2026-10-02 08:00:20+00:00
10/02/2026 03:05:17,N,36.7063,0.0,0.0,0.0,0.0,0.0,0.0,0.0,0.0,0.0,0.0,0.0,0.0,0.0,0.0,6401.18,74191.77,0.0,2026-10-02 08:05:17+00:00
10/02/2026 03:10:19,N,35.9029,0.0,0.0,0.0,0.0,0.0,0.0,0.0,0.0,0.0,0.0,0.0,0.0,0.0,0.0,6321.13,74317.48,0.0,2026-10-02 08:10:19+00:00
10/02/2026 03:15:17,N,35.8466,0.0,0.0,0.0,0.0,0.0,0.0,0.0,0.0,0.0,0.0,0.0,0.0,0.0,0.0,6337.02,74491.32,0.0,2026-10-02 08:15:17+00:00
10/02/2026 03:20:17,N,35.4424,0.0,0.0,0.0,0.0,0.0,0.0,0.0,0.0,0.0,0.0,0.0,0.0,0.0,0.0,6210.67,74879.47,0.0,2026-10-02 08:20:17+00:00
10/02/2026 03:25:18,N,35.8641,0.0,0.0,0.0,0.0,0.0,0.0,0.0,0.0,0.0,0.0,0.0,0.0,0.0,0.0,6220.25,74914.01,0.0,2026-10-02 08:25:18+00:00
10/02/2026 03:30:17,N,34.8721,0.0,0.0,0.0,0.0,0.0,0.0,0.0,0.0,0.0,0.0,0.0,0.0,0.0,0.0,6190.25,75023.41,0.0,2026-10-02 08:30:17+00:00
10/02/2026 03:35:17,N,35.3825,0.0,0.0,0.0,0.0,0.0,0.0,0.0,0.0,0.0,0.0,0.0,0.0,0.0,0.0,6161.88,75089.25,0.0,2026-10-02 08:35:17+00:00
10/02/2026 03:40:18,N,34.6651,0.0,0.0,0.0,0.0,0.0,0.0,0.0,0.0,0.0,0.0,0.0,0.0,0.0,0.0,6200.86,75131.0,0.0,2026-10-02 08:40:18+00:00
10/02/2026 03:45:24,N,35.0261,0.0,0.0,0.0,0.0,0.0,0.0,0.0,0.0,0.0,0.0,0.0,0.0,0.0,0.0,6059.4,75284.31,0.0,2026-10-02 08:45:24+00:00
10/02/2026 03:50:20,N,35.3847,0.0,0.0,0.0,0.0,0.0,0.0,0.0,0.0,0.0,0.0,0.0,0.0,0.0,0.0,6234.67,75498.64,0.0,2026-10-02 08:50:20+00:00
10/02/2026 03:55:22,N,34.9151,0.0,0.0,0.0,0.0,0.0,0.0,0.0,0.0,0.0,0.0,0.0,0.0,0.0,0.0,6239.83,75613.43,0.0,2026-10-02 08:55:22+00:00
10/02/2026 04:00:25,N,37.9518,0.0,0.0,0.0,0.0,0.0,0.0,0.0,0.0,0.0,0.0,0.0,0.0,0.0,0.0,6146.66,75874.2,0.0,2026-10-02 09:00:25+00:00
10/02/2026 04:05:21,N,39.2509,0.0,0.0,0.0,0.0,0.0,0.0,0.0,0.0,0.0,0.0,0.0,0.0,0.0,0.0,6259.05,75828.15,0.0,2026-10-02 09:05:21+00:00
10/02/2026 04:10:19,N,39.7903,0.0,0.0,0.0,0.0,0.0,0.0,0.0,0.0,0.0,0.0,0.0,0.0,0.0,0.0,6231.49,76018.34,0.0,2026-10-02 09:10:19+00:00
10/02/2026 04:15:18,N,38.8159,0.0,0.0,0.0,0.0,0.0,0.0,0.0,0.0,0.0,0.0,0.0,0.0,0.0,0.0,6065.38,76099.01,0.0,2026-10-02 09:15:18+00:00
10/02/2026 04:20:17,N,38.2502,0.0,0.0,0.0,0.0,0.0,0.0,0.0,0.0,0.0,0.0,0.0,0.0,0.0,0.0,6046.7,76158.27,0.0,2026-10-02 09:20:17+00:00
10/02/2026 04:25:17,N,38.1903,0.0,0.0,0.0,0.0,0.0,0.0,0.0,0.0,0.0,0.0,0.0,0.0,0.0,0.0,6188.89,76237.38,0.0,2026-10-02 09:25:17+00:00
10/02/2026 04:30:18,N,38.7021,0.0,0.0,0.0,0.0,0.0,0.0,0.0,0.0,0.0,0.0,0.0,0.0,0.0,0.0,6070.53,76387.31,0.0,2026-10-02 09:30:18+00:00
10/02/2026 04:35:18,N,38.8292,0.0,0.0,0.0,0.0,0.0,0.0,0.0,0.0,0.0,0.0,0.0,0.0,0.0,0.0,6076.44,76436.95,0.0,2026-10-02 09:35:18+00:00
10/02/2026 04:40:17,N,37.2242,0.0,0.0,0.0,0.0,0.0,0.0,0.0,0.0,0.0,0.0,0.0,0.0,0.0,0.0,6076.03,76514.52,0.0,2026-10-02 09:40:17+00:00
10/02/2026 04:45:18,N,36.9067,0.0,0.0,0.0,0.0,0.0,0.0,0.0,0.0,0.0,0.0,0.0,0.0,0.0,0.0,6048.52,76476.45,0.0,2026-10-02 09:45:18+00:00
10/02/2026 04:50:17,N,39.1244,0.0,0.0,0.0,0.0,0.0,0.0,0.0,0.0,0.0,0.0,0.0,0.0,0.0,0.0,6004.31,76553.69,0.0,2026-10-02 09:50:17+00:00
10/02/2026 04:55:18,N,37.6945,0.0,0.0,0.0,0.0,0.0,0.0,0.0,0.0,0.0,0.0,0.0,0.0,0.0,0.0,6021.78,76634.21,0.0,2026-10-02 09:55:18+00:00
10/02/2026 05:00:20,N,32.243,0.0,0.0,0.0,0.0,0.0,0.0,0.0,0.0,0.0,0.0,0.0,0.0,0.0,0.0,6102.27,76642.6,0.0,2026-10-02 10:00:20+00:00
10/02/2026 05:05:19,N,38.3826,0.0,0.0,0.0,0.0,0.0,0.0,0.0,0.0,0.0,0.0,0.0,0.0,0.0,0.0,6095.45,76638.65,0.0,2026-10-02 10:05:19+00:00
10/02/2026 05:10:18,N,33.1634,0.0,0.0,0.0,0.0,0.0,0.0,0.0,0.0,0.0,0.0,0.0,0.0,0.0,0.0,6110.02,76683.29,0.0,2026-10-02 10:10:18+00:00
10/02/2026 05:15:18,N,33.1379,0.0,0.0,0.0,0.0,0.0,0.0,0.0,0.0,0.0,0.0,0.0,0.0,0.0,0.0,6164.04,76850.3,0.0,2026-10-02 10:15:18+00:00
10/02/2026 05:20:17,N,35.3459,0.0,0.0,0.0,0.0,0.0,0.0,0.0,0.0,0.0,0.0,0.0,0.0,0.0,0.0,6124.89,77087.5,0.0,2026-10-02 10:20:17+00:00
10/02/2026 05:25:17,N,34.7643,0.0,0.0,0.0,0.0,0.0,0.0,0.0,0.0,0.0,0.0,0.0,0.0,0.0,0.0,6020.98,77084.27,0.0,2026-10-02 10:25:17+00:00
10/02/2026 05:30:17,N,35.5979,0.0,0.0,0.0,0.0,0.0,0.0,0.0,0.0,0.0,0.0,0.0,0.0,0.0,0.0,6023.65,76863.41,0.0,2026-10-02 10:30:17+00:00
10/02/2026 05:35:17,N,34.5658,0.0,0.0,0.0,0.0,0.0,0.0,0.0,0.0,0.0,0.0,0.0,0.0,0.0,0.0,6013.94,76900.4,0.0,2026-10-02 10:35:17+00:00
10/02/2026 05:40:18,N,35.1006,0.0,0.0,0.0,0.0,0.0,0.0,0.0,0.0,0.0,0.0,0.0,0.0,0.0,0.0,5981.56,76806.77,0.0,2026-10-02 10:40:18+00:00
10/02/2026 05:45:17,N,34.9294,0.0,0.0,0.0,0.0,0.0,0.0,0.0,0.0,0.0,0.0,0.0,0.0,0.0,0.0,5992.73,76897.31,0.0,2026-10-02 10:45:17+00:00
10/02/2026 05:50:17,N,35.2157,0.0,0.0,0.0,0.0,0.0,0.0,0.0,0.0,0.0,0.0,0.0,0.0,0.0,0.0,5978.73,77009.95,0.0,2026-10-02 10:50:17+00:00
10/02/2026 05:55:18,N,35.1075,0.0,0.0,0.0,0.0,0.0,0.0,0.0,0.0,0.0,0.0,0.0,0.0,0.0,0.0,5985.37,76968.96,0.0,2026-10-02 10:55:18+00:00
10/02/2026 06:00:19,N,33.185,0.0,0.0,0.0,0.0,0.0,0.0,0.0,0.0,0.0,0.0,0.0,0.0,0.0,0.0,5982.34,76927.64,0.0,2026-10-02 11:00:19+00:00
10/02/2026 06:05:19,N,35.9578,0.0,0.0,0.0,0.0,0.0,0.0,0.0,0.0,0.0,0.0,0.0,0.0,0.0,0.0,6012.71,77037.05,0.0,2026-10-02 11:05:19+00:00
10/02/2026 06:10:17,N,37.8232,0.0,0.0,0.0,0.0,0.0,0.0,0.0,0.0,0.0,0.0,0.0,0.0,0.0,0.0,6045.63,77121.12,0.0,2026-10-02 11:10:17+00:00
10/02/2026 06:15:17,N,37.7854,0.0,0.0,0.0,0.0,0.0,0.0,0.0,0.0,0.0,0.0,0.0,0.0,0.0,0.0,6050.18,77216.14,0.0,2026-10-02 11:15:17+00:00
10/02/2026 06:20:18,N,35.8638,0.0,0.0,0.0,0.0,0.0,0.0,0.0,0.0,0.0,0.0,0.0,0.0,0.0,0.0,6061.67,77350.52,0.0,2026-10-02 11:20:18+00:00
10/02/2026 06:25:17,N,35.68,0.0,0.0,0.0,0.0,0.0,0.0,0.0,0.0,0.0,0.0,0.0,0.0,0.0,0.0,6066.9,77482.19,0.0,2026-10-02 11:25:17+00:00
10/02/2026 06:30:18,N,34.7649,0.0,0.0,0.0,0.0,0.0,0.0,0.0,0.0,0.0,0.0,0.0,0.0,0.0,0.0,6082.39,77615.34,0.0,2026-10-02 11:30:18+00:00
10/02/2026 06:35:17,N,35.7952,0.0,0.0,0.0,0.0,0.0,0.0,0.0,0.0,0.0,0.0,0.0,0.0,0.0,0.0,6076.17,77696.73,0.0,2026-10-02 11:35:17+00:00
10/02/2026 06:40:17,N,37.8088,0.0,0.0,0.0,0.0,0.0,0.0,0.0,0.0,0.0,0.0,0.0,0.0,0.0,0.0,6087.84,77909.2,0.0,2026-10-02 11:40:17+00:00
10/02/2026 06:45:16,N,38.1553,0.0,0.0,0.0,0.0,0.0,0.0,0.0,0.0,0.0,0.0,0.0,0.0,0.0,0.0,6075.7,77932.79,0.0,2026-10-02 11:45:16+00:00
10/02/2026 06:50:17,N,38.5,0.0,0.0,0.0,0.0,0.0,0.0,0.0,0.0,0.0,0.0,0.0,0.0,0.0,0.0,6064.17,77899.03,0.0,2026-10-02 11:50:17+00:00
10/02/2026 06:55:18,N,37.4002,0.0,0.0,0.0,0.0,0.0,0.0,0.0,0.0,0.0,0.0,0.0,0.0,0.0,0.0,6063.08,77988.67,0.0,2026-10-02 11:55:18+00:00
10/02/2026 07:00:20,N,37.8118,0.0,0.0,0.0,0.0,0.0,0.0,0.0,0.0,0.0,0.0,0.0,0.0,0.0,0.0,6108.12,78055.82,0.0,2026-10-02 12:00:20+00:00
10/02/2026 07:05:18,N,40.4147,0.0,0.0,0.0,0.0,0.0,0.0,0.0,0.0,0.0,0.0,0.0,0.0,0.0,0.0,6203.73,77895.19,0.0,2026-10-02 12:05:18+00:00
10/02/2026 07:10:19,N,41.7006,0.0,0.0,0.0,0.0,0.0,0.0,0.0,0.0,0.0,0.0,0.0,0.0,0.0,0.0,6197.39,77882.72,0.0,2026-10-02 12:10:19+00:00
10/02/2026 07:15:17,N,40.8933,0.0,0.0,0.0,0.0,0.0,0.0,0.0,0.0,0.0,0.0,0.0,0.0,0.0,0.0,6206.93,77932.05,0.0,2026-10-02 12:15:17+00:00
10/02/2026 07:20:17,N,38.988,0.0,0.0,0.0,0.0,0.0,0.0,0.0,0.0,0.0,0.0,0.0,0.0,0.0,0.0,5806.69,78322.02,0.0,2026-10-02 12:20:17+00:00
10/02/2026 07:25:17,N,39.3094,0.0,0.0,0.0,0.0,0.0,0.0,0.0,0.0,0.0,0.0,0.0,0.0,0.0,0.0,5759.94,78250.7,0.0,2026-10-02 12:25:17+00:00
10/02/2026 07:30:18,N,40.4215,0.0,0.0,0.0,0.0,0.0,0.0,0.0,0.0,0.0,0.0,0.0,0.0,0.0,0.0,5755.38,78188.88,0.0,2026-10-02 12:30:18+00:00
10/02/2026 07:35:17,N,40.3033,0.0,0.0,0.0,0.0,0.0,0.0,0.0,0.0,0.0,0.0,0.0,0.0,0.0,0.0,5736.06,78115.32,0.0,2026-10-02 12:35:17+00:00
10/02/2026 07:40:17,N,41.2274,0.0,0.0,0.0,0.0,0.0,0.0,0.0,0.0,0.0,0.0,0.0,0.0,0.0,0.0,5698.13,78133.95,0.0,2026-10-02 12:40:17+00:00
10/02/2026 07:45:19,N,40.0701,0.0,0.0,0.0,0.0,0.0,0.0,0.0,0.0,0.0,0.0,0.0,0.0,0.0,0.0,5714.62,78169.59,0.0,2026-10-02 12:45:19+00:00
10/02/2026 07:50:16,N,33.6545,0.0,0.0,0.0,0.0,0.0,0.0,0.0,0.0,0.0,0.0,0.0,0.0,0.0,0.0,5812.82,78450.65,0.0,2026-10-02 12:50:16+00:00
10/02/2026 07:55:17,N,36.7915,0.0,0.0,0.0,0.0,0.0,0.0,0.0,0.0,0.0,0.0,0.0,0.0,0.0,0.0,5819.96,78537.88,0.0,2026-10-02 12:55:17+00:00
10/02/2026 08:00:19,N,40.1677,0.0,0.0,0.0,0.0,0.0,0.0,0.0,0.0,0.0,0.0,0.0,0.0,0.0,0.0,5278.98,78139.53,0.0,2026-10-02 13:00:19+00:00
10/02/2026 08:05:18,N,39.8051,0.0,0.0,0.0,0.0,0.0,0.0,0.0,0.0,0.0,0.0,0.0,0.0,0.0,0.0,5477.09,78179.18,0.0,2026-10-02 13:05:18+00:00
10/02/2026 08:10:17,N,38.0001,0.0,0.0,0.0,0.0,0.0,0.0,0.0,0.0,0.0,0.0,0.0,0.0,0.0,0.0,5456.72,78592.78,0.0,2026-10-02 13:10:17+00:00
10/02/2026 08:15:16,N,39.318,0.0,0.0,0.0,0.0,0.0,0.0,0.0,0.0,0.0,0.0,0.0,0.0,0.0,0.0,5443.42,78721.09,0.0,2026-10-02 13:15:16+00:00
10/02/2026 08:20:16,N,39.6043,0.0,0.0,0.0,0.0,0.0,0.0,0.0,0.0,0.0,0.0,0.0,0.0,0.0,0.0,5315.68,78999.17,0.0,2026-10-02 13:20:16+00:00
10/02/2026 08:25:16,N,39.6839,0.0,0.0,0.0,0.0,0.0,0.0,0.0,0.0,0.0,0.0,0.0,0.0,0.0,0.0,5318.6,79238.91,0.0,2026-10-02 13:25:16+00:00
10/02/2026 08:30:16,N,40.9649,0.0,0.0,0.0,0.0,0.0,0.0,0.0,0.0,0.0,0.0,0.0,0.0,0.0,0.0,5316.8,79356.43,0.0,2026-10-02 13:30:16+00:00
10/02/2026 08:35:16,N,40.5332,0.0,0.0,0.0,0.0,0.0,0.0,0.0,0.0,0.0,0.0,0.0,0.0,0.0,0.0,5303.46,79578.84,0.0,2026-10-02 13:35:16+00:00
10/02/2026 08:40:16,N,40.6818,0.0,0.0,0.0,0.0,0.0,0.0,0.0,0.0,0.0,0.0,0.0,0.0,0.0,0.0,5289.81,79674.63,0.0,2026-10-02 13:40:16+00:00
10/02/2026 08:45:17,N,39.3679,0.0,0.0,0.0,0.0,0.0,0.0,0.0,0.0,0.0,0.0,0.0,0.0,0.0,0.0,5312.89,80082.36,0.0,2026-10-02 13:45:17+00:00
10/02/2026 08:50:17,N,39.969,0.0,0.0,0.0,0.0,0.0,0.0,0.0,0.0,0.0,0.0,0.0,0.0,0.0,0.0,5281.8,80240.32,0.0,2026-10-02 13:50:17+00:00
10/02/2026 08:55:18,N,39.0105,0.0,0.0,0.0,0.0,0.0,0.0,0.0,0.0,0.0,0.0,0.0,0.0,0.0,0.0,5253.62,80530.65,0.0,2026-10-02 13:55:18+00:00
10/02/2026 09:00:19,N,43.6997,0.0,0.0,0.0,0.0,0.0,0.0,0.0,0.0,0.0,0.0,0.0,0.0,0.0,0.0,5156.33,80630.18,0.0,2026-10-02 14:00:19+00:00
10/02/2026 09:05:18,N,44.7244,0.0,0.0,0.0,0.0,0.0,0.0,0.0,0.0,0.0,0.0,0.0,0.0,0.0,0.0,5174.45,80785.64,0.0,2026-10-02 14:05:18+00:00
10/02/2026 09:10:19,N,43.1451,0.0,0.0,0.0,0.0,0.0,0.0,0.0,0.0,0.0,0.0,0.0,0.0,0.0,0.0,5213.98,81083.6,0.0,2026-10-02 14:10:19+00:00
10/02/2026 09:15:18,N,43.4965,0.0,0.0,0.0,0.0,0.0,0.0,0.0,0.0,0.0,0.0,0.0,0.0,0.0,0.0,5187.73,81211.5,0.0,2026-10-02 14:15:18+00:00
10/02/2026 09:20:18,N,43.8382,0.0,0.0,0.0,0.0,0.0,0.0,0.0,0.0,0.0,0.0,0.0,0.0,0.0,0.0,5187.26,81407.91,0.0,2026-10-02 14:20:18+00:00
10/02/2026 09:25:17,N,44.7098,0.0,0.0,0.0,0.0,0.0,0.0,0.0,0.0,0.0,0.0,0.0,0.0,0.0,0.0,5221.53,81339.41,0.0,2026-10-02 14:25:17+00:00
10/02/2026 09:30:16,N,44.7678,0.0,0.0,0.0,0.0,0.0,0.0,0.0,0.0,0.0,0.0,0.0,0.0,0.0,0.0,5419.45,81461.13,0.0,2026-10-02 14:30:16+00:00
10/02/2026 09:35:17,N,42.9209,0.0,0.0,0.0,0.0,0.0,0.0,0.0,0.0,0.0,0.0,0.0,0.0,0.0,0.0,5916.24,81959.8,0.0,2026-10-02 14:35:17+00:00
10/02/2026 09:40:17,N,39.711,0.0,0.0,0.0,0.0,0.0,0.0,0.0,0.0,0.0,0.0,0.0,0.0,0.0,0.0,6013.12,82236.41,0.0,2026-10-02 14:40:17+00:00
10/02/2026 09:45:17,N,36.3743,0.0,0.0,0.0,0.0,0.0,0.0,0.0,0.0,0.0,0.0,0.0,0.0,0.0,0.0,6246.61,82154.58,0.0,2026-10-02 14:45:17+00:00
10/02/2026 09:50:17,N,33.7697,0.0,0.0,0.0,0.0,0.0,0.0,0.0,0.0,0.0,0.0,0.0,0.0,0.0,0.0,6383.68,83107.66,0.0,2026-10-02 14:50:17+00:00
10/02/2026 09:55:18,N,38.6023,0.0,0.0,0.0,0.0,0.0,0.0,0.0,0.0,0.0,0.0,0.0,0.0,0.0,0.0,6351.25,83568.48,0.0,2026-10-02 14:55:18+00:00
10/02/2026 10:00:20,N,44.7564,0.0,0.0,0.0,0.0,0.0,0.0,0.0,0.0,0.0,0.0,0.0,0.0,0.0,0.0,6354.26,83505.64,0.0,2026-10-02 15:00:20+00:00
10/02/2026 10:05:18,N,44.9092,0.0,0.0,0.0,0.0,0.0,0.0,0.0,0.0,0.0,0.0,0.0,0.0,0.0,0.0,6593.61,83343.48,0.0,2026-10-02 15:05:18+00:00
10/02/2026 10:10:19,N,46.715,0.0,0.0,0.0,0.0,0.0,0.0,0.0,0.0,0.0,0.0,0.0,0.0,0.0,0.0,6557.62,83524.52,0.0,2026-10-02 15:10:19+00:00
10/02/2026 10:15:18,N,46.5377,0.0,0.0,0.0,0.0,0.0,0.0,0.0,0.0,0.0,0.0,0.0,0.0,0.0,0.0,6584.87,83833.66,0.0,2026-10-02 15:15:18+00:00
10/02/2026 10:20:17,N,44.8629,0.0,0.0,0.0,0.0,0.0,0.0,0.0,0.0,0.0,0.0,0.0,0.0,0.0,0.0,6588.51,84102.16,0.0,2026-10-02 15:20:17+00:00
10/02/2026 10:25:17,N,45.0329,0.0,0.0,0.0,0.0,0.0,0.0,0.0,0.0,0.0,0.0,0.0,0.0,0.0,0.0,6808.8,84446.25,0.0,2026-10-02 15:25:17+00:00
10/02/2026 10:30:19,N,42.4965,0.0,0.0,0.0,0.0,0.0,0.0,0.0,0.0,0.0,0.0,0.0,0.0,0.0,0.0,6832.7,84812.72,0.0,2026-10-02 15:30:19+00:00
10/02/2026 10:35:18,N,43.1566,0.0,0.0,0.0,0.0,0.0,0.0,0.0,0.0,0.0,0.0,0.0,0.0,0.0,0.0,6776.19,84933.19,0.0,2026-10-02 15:35:18+00:00
10/02/2026 10:40:20,N,41.2173,0.0,0.0,0.0,0.0,0.0,0.0,0.0,0.0,0.0,0.0,0.0,0.0,0.0,0.0,6753.61,85133.8,0.0,2026-10-02 15:40:20+00:00
10/02/2026 10:45:18,N,37.9058,0.0,0.0,0.0,0.0,0.0,0.0,0.0,0.0,0.0,0.0,0.0,0.0,0.0,0.0,6936.02,85403.0,0.0,2026-10-02 15:45:18+00:00
10/02/2026 10:50:17,N,39.742,0.0,0.0,0.0,0.0,0.0,0.0,0.0,0.0,0.0,0.0,0.0,0.0,0.0,0.0,6866.92,85585.0,0.0,2026-10-02 15:50:17+00:00
10/02/2026 10:55:20,N,35.1319,0.0,0.0,0.0,0.0,0.0,0.0,0.0,0.0,0.0,0.0,0.0,0.0,0.0,0.0,6849.08,85750.55,0.0,2026-10-02 15:55:20+00:00
10/02/2026 11:00:20,N,40.6742,0.0,0.0,0.0,0.0,0.0,0.0,0.0,0.0,0.0,0.0,0.0,0.0,0.0,0.0,6889.78,86433.86,0.0,2026-10-02 16:00:20+00:00
10/02/2026 11:05:18,N,40.8102,0.0,0.0,0.0,0.0,0.0,0.0,0.0,0.0,0.0,0.0,0.0,0.0,0.0,0.0,6814.14,86910.95,0.0,2026-10-02 16:05:18+00:00
10/02/2026 11:10:19,N,39.4824,0.0,0.0,0.0,0.0,0.0,0.0,0.0,0.0,0.0,0.0,0.0,0.0,0.0,0.0,6905.75,86379.81,0.0,2026-10-02 16:10:19+00:00
10/02/2026 11:15:20,N,39.6476,0.0,0.0,0.0,0.0,0.0,0.0,0.0,0.0,0.0,0.0,0.0,0.0,0.0,0.0,6901.67,86201.54,0.0,2026-10-02 16:15:20+00:00
10/02/2026 11:20:18,N,43.0636,0.0,0.0,0.0,0.0,0.0,0.0,0.0,0.0,0.0,0.0,0.0,0.0,0.0,0.0,6911.42,86336.88,0.0,2026-10-02 16:20:18+00:00
10/02/2026 11:25:17,N,42.3271,0.0,0.0,0.0,0.0,0.0,0.0,0.0,0.0,0.0,0.0,0.0,0.0,0.0,0.0,7042.44,86738.45,0.0,2026-10-02 16:25:17+00:00
10/02/2026 11:30:18,N,43.366,0.0,0.0,0.0,0.0,0.0,0.0,0.0,0.0,0.0,0.0,0.0,0.0,0.0,0.0,7083.22,86700.37,0.0,2026-10-02 16:30:18+00:00
10/02/2026 11:35:20,N,42.7005,0.0,0.0,0.0,0.0,0.0,0.0,0.0,0.0,0.0,0.0,0.0,0.0,0.0,0.0,7089.83,86853.99,0.0,2026-10-02 16:35:20+00:00
10/02/2026 11:40:18,N,40.676,0.0,0.0,0.0,0.0,0.0,0.0,0.0,0.0,0.0,0.0,0.0,0.0,0.0,0.0,6879.29,87260.73,0.0,2026-10-02 16:40:18+00:00
10/02/2026 11:45:18,N,39.5825,0.0,0.0,0.0,0.0,0.0,0.0,0.0,0.0,0.0,0.0,0.0,0.0,0.0,0.0,6872.39,87683.4,0.0,2026-10-02 16:45:18+00:00
10/02/2026 11:50:17,N,36.2617,0.0,0.0,0.0,0.0,0.0,0.0,0.0,0.0,0.0,0.0,0.0,0.0,0.0,0.0,7035.55,88397.14,0.0,2026-10-02 16:50:17+00:00
10/02/2026 11:55:17,N,36.2848,0.0,0.0,0.0,0.0,0.0,0.0,0.0,0.0,0.0,0.0,0.0,0.0,0.0,0.0,7084.0,88368.5,0.0,2026-10-02 16:55:17+00:00
10/02/2026 12:00:20,N,39.0522,0.0,0.0,0.0,0.0,0.0,0.0,0.0,0.0,0.0,0.0,0.0,0.0,0.0,0.0,6839.5,88662.7,0.0,2026-10-02 17:00:20+00:00
10/02/2026 12:05:18,N,37.3194,0.0,0.0,0.0,0.0,0.0,0.0,0.0,0.0,0.0,0.0,0.0,0.0,0.0,0.0,6941.06,88741.83,0.0,2026-10-02 17:05:18+00:00
10/02/2026 12:10:19,N,35.8133,0.0,0.0,0.0,0.0,0.0,0.0,0.0,0.0,0.0,0.0,0.0,0.0,0.0,0.0,6989.37,88962.38,0.0,2026-10-02 17:10:19+00:00
10/02/2026 12:15:20,N,39.0108,0.0,0.0,0.0,0.0,0.0,0.0,0.0,0.0,0.0,0.0,0.0,0.0,0.0,0.0,7001.53,89023.26,0.0,2026-10-02 17:15:20+00:00
10/02/2026 12:20:17,N,40.917,0.0,0.0,0.0,0.0,0.0,0.0,0.0,0.0,0.0,0.0,0.0,0.0,0.0,0.0,7082.19,89150.57,0.0,2026-10-02 17:20:17+00:00
10/02/2026 12:25:17,N,40.412,0.0,0.0,0.0,0.0,0.0,0.0,0.0,0.0,0.0,0.0,0.0,0.0,0.0,0.0,7062.49,89530.45,0.0,2026-10-02 17:25:17+00:00
10/02/2026 12:30:18,N,43.8311,0.0,0.0,0.0,0.0,0.0,0.0,0.0,0.0,0.0,0.0,0.0,0.0,0.0,0.0,6954.74,89238.09,0.0,2026-10-02 17:30:18+00:00
10/02/2026 12:35:18,N,41.477,0.0,0.0,0.0,0.0,0.0,0.0,0.0,0.0,0.0,0.0,0.0,0.0,0.0,0.0,7026.99,89750.2,0.0,2026-10-02 17:35:18+00:00
10/02/2026 12:40:18,N,45.9791,0.0,0.0,0.0,0.0,0.0,0.0,0.0,0.0,0.0,0.0,0.0,0.0,0.0,0.0,7049.05,89630.32,0.0,2026-10-02 17:40:18+00:00
10/02/2026 12:45:17,N,40.862,0.0,0.0,0.0,0.0,0.0,0.0,0.0,0.0,0.0,0.0,0.0,0.0,0.0,0.0,7052.8,89505.34,0.0,2026-10-02 17:45:17+00:00
10/02/2026 12:50:18,N,40.7438,0.0,0.0,0.0,0.0,0.0,0.0,0.0,0.0,0.0,0.0,0.0,0.0,0.0,0.0,7332.16,89598.27,0.0,2026-10-02 17:50:18+00:00
10/02/2026 12:55:19,N,39.1904,0.0,0.0,0.0,0.0,0.0,0.0,0.0,0.0,0.0,0.0,0.0,0.0,0.0,0.0,7380.54,90159.17,0.0,2026-10-02 17:55:19+00:00
10/02/2026 13:00:20,N,35.7474,0.0,0.0,0.0,0.0,0.0,0.0,0.0,0.0,0.0,0.0,0.0,0.0,0.0,0.0,7475.94,90184.65,0.0,2026-10-02 18:00:20+00:00
10/02/2026 13:05:19,N,43.2227,0.0,0.0,0.0,0.0,0.0,0.0,0.0,0.0,0.0,0.0,0.0,0.0,0.0,0.0,7420.98,90433.28,0.0,2026-10-02 18:05:19+00:00
10/02/2026 13:10:18,N,41.5387,0.0,0.0,0.0,0.0,0.0,0.0,0.0,0.0,0.0,0.0,0.0,0.0,0.0,0.0,7539.78,90846.25,0.0,2026-10-02 18:10:18+00:00
10/02/2026 13:15:18,N,41.7038,0.0,0.0,0.0,0.0,0.0,0.0,0.0,0.0,0.0,0.0,0.0,0.0,0.0,0.0,7565.74,91280.94,0.0,2026-10-02 18:15:18+00:00
10/02/2026 13:20:19,N,41.3856,0.0,0.0,0.0,0.0,0.0,0.0,0.0,0.0,0.0,0.0,0.0,0.0,0.0,0.0,7614.8,91895.13,0.0,2026-10-02 18:20:19+00:00
10/02/2026 13:25:17,N,36.4615,0.0,0.0,0.0,0.0,0.0,0.0,0.0,0.0,0.0,0.0,0.0,0.0,0.0,0.0,7779.74,92151.09,0.0,2026-10-02 18:25:17+00:00
10/02/2026 13:30:19,N,37.0285,0.0,0.0,0.0,0.0,0.0,0.0,0.0,0.0,0.0,0.0,0.0,0.0,0.0,0.0,7904.37,92255.5,0.0,2026-10-02 18:30:19+00:00
10/02/2026 13:35:17,N,36.17,0.0,0.0,0.0,0.0,0.0,0.0,0.0,0.0,0.0,0.0,0.0,0.0,0.0,0.0,8116.05,92049.95,0.0,2026-10-02 18:35:17+00:00
10/02/2026 13:40:17,N,39.708,0.0,0.0,0.0,0.0,0.0,0.0,0.0,0.0,0.0,0.0,0.0,0.0,0.0,0.0,8190.29,92218.19,0.0,2026-10-02 18:40:17+00:00
10/02/2026 13:45:18,N,40.8018,0.0,0.0,0.0,0.0,0.0,0.0,0.0,0.0,0.0,0.0,0.0,0.0,0.0,0.0,8009.97,92049.65,0.0,2026-10-02 18:45:18+00:00
10/02/2026 13:50:22,N,40.9863,0.0,0.0,0.0,0.0,0.0,0.0,0.0,0.0,0.0,0.0,0.0,0.0,0.0,0.0,7887.34,92150.06,0.0,2026-10-02 18:50:22+00:00
10/02/2026 13:55:18,N,40.9615,0.0,0.0,0.0,0.0,0.0,0.0,0.0,0.0,0.0,0.0,0.0,0.0,0.0,0.0,7906.44,91929.33,0.0,2026-10-02 18:55:18+00:00
10/02/2026 14:00:20,N,41.2764,0.0,0.0,0.0,0.0,0.0,0.0,0.0,0.0,0.0,0.0,0.0,0.0,0.0,0.0,7772.22,92066.06,0.0,2026-10-02 19:00:20+00:00
10/02/2026 14:05:18,N,39.81,0.0,0.0,0.0,0.0,0.0,0.0,0.0,0.0,0.0,0.0,0.0,0.0,0.0,0.0,7968.86,92636.29,0.0,2026-10-02 19:05:18+00:00
10/02/2026 14:10:18,N,40.4826,0.0,0.0,0.0,0.0,0.0,0.0,0.0,0.0,0.0,0.0,0.0,0.0,0.0,0.0,7988.84,92933.25,0.0,2026-10-02 19:10:18+00:00
10/02/2026 14:15:18,N,40.6338,0.0,0.0,0.0,0.0,0.0,0.0,0.0,0.0,0.0,0.0,0.0,0.0,0.0,0.0,8001.24,92915.19,0.0,2026-10-02 19:15:18+00:00
10/02/2026 14:20:17,N,42.0372,0.0,0.0,0.0,0.0,0.0,0.0,0.0,0.0,0.0,0.0,0.0,0.0,0.0,0.0,8006.95,93021.11,0.0,2026-10-02 19:20:17+00:00
10/02/2026 14:25:17,N,41.8731,0.0,0.0,0.0,0.0,0.0,0.0,0.0,0.0,0.0,0.0,0.0,0.0,0.0,0.0,8028.4,92600.91,0.0,2026-10-02 19:25:17+00:00
10/02/2026 14:30:23,N,41.5029,0.0,0.0,0.0,0.0,0.0,0.0,0.0,0.0,0.0,0.0,0.0,0.0,0.0,0.0,8131.91,92915.63,0.0,2026-10-02 19:30:23+00:00
10/02/2026 14:35:17,N,42.0129,0.0,0.0,0.0,0.0,0.0,0.0,0.0,0.0,0.0,0.0,0.0,0.0,0.0,0.0,8139.27,92983.21,0.0,2026-10-02 19:35:17+00:00
10/02/2026 14:40:19,N,44.0527,0.0,0.0,0.0,0.0,0.0,0.0,0.0,0.0,0.0,0.0,0.0,0.0,0.0,0.0,8065.51,92444.77,0.0,2026-10-02 19:40:19+00:00
10/02/2026 14:45:22,N,44.4274,0.0,0.0,0.0,0.0,0.0,0.0,0.0,0.0,0.0,0.0,0.0,0.0,0.0,0.0,8242.0,92363.14,0.0,2026-10-02 19:45:22+00:00
10/02/2026 14:50:19,N,45.2752,0.0,0.0,0.0,0.0,0.0,0.0,0.0,0.0,0.0,0.0,0.0,0.0,0.0,0.0,8371.47,92345.88,0.0,2026-10-02 19:50:19+00:00
10/02/2026 14:55:17,N,46.6267,0.0,0.0,0.0,0.0,0.0,0.0,0.0,0.0,0.0,0.0,0.0,0.0,0.0,0.0,8592.14,92312.65,0.0,2026-10-02 19:55:17+00:00
10/02/2026 15:00:20,N,44.6837,0.0,0.0,0.0,0.0,0.0,0.0,0.0,0.0,0.0,0.0,0.0,0.0,0.0,0.0,8724.65,92170.1,0.0,2026-10-02 20:00:20+00:00
10/02/2026 15:05:18,N,44.0223,0.0,0.0,0.0,0.0,0.0,0.0,0.0,0.0,0.0,0.0,0.0,0.0,0.0,0.0,8707.61,92319.61,0.0,2026-10-02 20:05:18+00:00
10/02/2026 15:10:19,N,45.7025,0.0,0.0,0.0,0.0,0.0,0.0,0.0,0.0,0.0,0.0,0.0,0.0,0.0,0.0,8738.23,91738.25,0.0,2026-10-02 20:10:19+00:00
10/02/2026 15:15:18,N,47.6624,0.0,0.0,0.0,0.0,0.0,0.0,0.0,0.0,0.0,0.0,0.0,0.0,0.0,0.0,8888.53,91594.97,0.0,2026-10-02 20:15:18+00:00
10/02/2026 15:20:18,N,48.9334,0.0,0.0,0.0,0.0,0.0,0.0,0.0,0.0,0.0,0.0,0.0,0.0,0.0,0.0,8917.53,91201.88,0.0,2026-10-02 20:20:18+00:00
10/02/2026 15:25:17,N,48.8367,0.0,0.0,0.0,0.0,0.0,0.0,0.0,0.0,0.0,0.0,0.0,0.0,0.0,0.0,9031.02,91097.49,0.0,2026-10-02 20:25:17+00:00
10/02/2026 15:30:20,N,44.3142,0.0,0.0,0.0,0.0,0.0,0.0,0.0,0.0,0.0,0.0,0.0,0.0,0.0,0.0,9122.12,91017.23,0.0,2026-10-02 20:30:20+00:00
10/02/2026 15:35:17,N,46.3043,0.0,0.0,0.0,0.0,0.0,0.0,0.0,0.0,0.0,0.0,0.0,0.0,0.0,0.0,9080.8,90610.06,0.0,2026-10-02 20:35:17+00:00
10/02/2026 15:40:17,N,44.4628,0.0,0.0,0.0,0.0,0.0,0.0,0.0,0.0,0.0,0.0,0.0,0.0,0.0,0.0,9126.58,90941.36,0.0,2026-10-02 20:40:17+00:00
10/02/2026 15:45:17,N,46.0184,0.0,0.0,0.0,0.0,0.0,0.0,0.0,0.0,0.0,0.0,0.0,0.0,0.0,0.0,9159.13,90491.2,0.0,2026-10-02 20:45:17+00:00
10/02/2026 15:50:18,N,47.7616,0.0,0.0,0.0,0.0,0.0,0.0,0.0,0.0,0.0,0.0,0.0,0.0,0.0,0.0,9227.78,90285.63,0.0,2026-10-02 20:50:18+00:00
10/02/2026 15:55:18,N,48.8707,0.0,0.0,0.0,0.0,0.0,0.0,0.0,0.0,0.0,0.0,0.0,0.0,0.0,0.0,9297.29,90476.55,0.0,2026-10-02 20:55:18+00:00
10/02/2026 16:00:20,N,49.415,0.0,0.0,0.0,0.0,0.0,0.0,0.0,0.0,0.0,0.0,0.0,0.0,0.0,0.0,9382.27,90415.38,0.0,2026-10-02 21:00:20+00:00
10/02/2026 16:05:18,N,52.3375,0.0,0.0,0.0,0.0,0.0,0.0,0.0,0.0,0.0,0.0,0.0,0.0,0.0,0.0,9470.99,90418.13,0.0,2026-10-02 21:05:18+00:00
10/02/2026 16:10:17,N,49.9072,0.0,0.0,0.0,0.0,0.0,0.0,0.0,0.0,0.0,0.0,0.0,0.0,0.0,0.0,9559.06,90853.4,0.0,2026-10-02 21:10:17+00:00
10/02/2026 16:15:17,N,47.7839,0.0,0.0,0.0,0.0,0.0,0.0,0.0,0.0,0.0,0.0,0.0,0.0,0.0,0.0,9583.95,90905.59,0.0,2026-10-02 21:15:17+00:00
10/02/2026 16:20:18,N,50.0806,0.0,0.0,0.0,0.0,0.0,0.0,0.0,0.0,0.0,0.0,0.0,0.0,0.0,0.0,9595.85,90837.14,0.0,2026-10-02 21:20:18+00:00
10/02/2026 16:25:18,N,49.9106,0.0,0.0,0.0,0.0,0.0,0.0,0.0,0.0,0.0,0.0,0.0,0.0,0.0,0.0,9722.75,90900.35,0.0,2026-10-02 21:25:18+00:00
10/02/2026 16:30:18,N,49.1107,0.0,0.0,0.0,0.0,0.0,0.0,0.0,0.0,0.0,0.0,0.0,0.0,0.0,0.0,9756.41,91365.07,0.0,2026-10-02 21:30:18+00:00
10/02/2026 16:35:16,N,49.0933,0.0,0.0,0.0,0.0,0.0,0.0,0.0,0.0,0.0,0.0,0.0,0.0,0.0,0.0,9784.64,91169.18,0.0,2026-10-02 21:35:16+00:00
10/02/2026 16:40:17,N,47.9528,0.0,0.0,0.0,0.0,0.0,0.0,0.0,0.0,0.0,0.0,0.0,0.0,0.0,0.0,9927.25,91440.08,0.0,2026-10-02 21:40:17+00:00
10/02/2026 16:45:16,N,43.7562,0.0,0.0,0.0,0.0,0.0,0.0,0.0,0.0,0.0,0.0,0.0,0.0,0.0,0.0,10223.51,91741.09,0.0,2026-10-02 21:45:16+00:00
10/02/2026 16:50:17,N,40.8846,0.0,0.0,0.0,0.0,0.0,0.0,0.0,0.0,0.0,0.0,0.0,0.0,0.0,0.0,10380.07,91988.34,0.0,2026-10-02 21:50:17+00:00
10/02/2026 16:55:17,N,40.2539,0.0,0.0,0.0,0.0,0.0,0.0,0.0,0.0,0.0,0.0,0.0,0.0,0.0,0.0,10580.03,91647.13,0.0,2026-10-02 21:55:17+00:00
10/02/2026 17:00:20,N,34.9224,0.0,0.0,0.0,0.0,0.0,0.0,0.0,0.0,0.0,0.0,0.0,0.0,0.0,0.0,10713.32,91310.42,0.0,2026-10-02 22:00:20+00:00
10/02/2026 17:05:17,N,38.2983,0.0,0.0,0.0,0.0,0.0,0.0,0.0,0.0,0.0,0.0,0.0,0.0,0.0,0.0,10626.58,91270.48,0.0,2026-10-02 22:05:17+00:00
10/02/2026 17:10:17,N,37.826,0.0,0.0,0.0,0.0,0.0,0.0,0.0,0.0,0.0,0.0,0.0,0.0,0.0,0.0,10576.58,90987.32,0.0,2026-10-02 22:10:17+00:00
10/02/2026 17:15:18,N,39.4667,0.0,0.0,0.0,0.0,0.0,0.0,0.0,0.0,0.0,0.0,0.0,0.0,0.0,0.0,10612.61,90663.71,0.0,2026-10-02 22:15:18+00:00
10/02/2026 17:20:17,N,40.2786,0.0,0.0,0.0,0.0,0.0,0.0,0.0,0.0,0.0,0.0,0.0,0.0,0.0,0.0,10688.52,90428.25,0.0,2026-10-02 22:20:17+00:00
10/02/2026 17:25:15,N,41.81,0.0,0.0,0.0,0.0,0.0,0.0,0.0,0.0,0.0,0.0,0.0,0.0,0.0,0.0,10680.6,90051.13,0.0,2026-10-02 22:25:15+00:00
10/02/2026 17:30:17,N,38.6299,0.0,0.0,0.0,0.0,0.0,0.0,0.0,0.0,0.0,0.0,0.0,0.0,0.0,0.0,10767.25,89827.13,0.0,2026-10-02 22:30:17+00:00
10/02/2026 17:35:15,N,38.7412,0.0,0.0,0.0,0.0,0.0,0.0,0.0,0.0,0.0,0.0,0.0,0.0,0.0,0.0,10939.32,89634.13,0.0,2026-10-02 22:35:15+00:00
10/02/2026 17:40:15,N,42.6852,0.0,0.0,0.0,0.0,0.0,0.0,0.0,0.0,0.0,0.0,0.0,0.0,0.0,0.0,10953.59,89146.3,0.0,2026-10-02 22:40:15+00:00
10/02/2026 17:45:17,N,42.7039,0.0,0.0,0.0,0.0,0.0,0.0,0.0,0.0,0.0,0.0,0.0,0.0,0.0,0.0,10892.22,88868.39,0.0,2026-10-02 22:45:17+00:00
10/02/2026 17:50:16,N,43.0323,0.0,0.0,0.0,0.0,0.0,0.0,0.0,0.0,0.0,0.0,0.0,0.0,0.0,0.0,11072.62,88676.38,0.0,2026-10-02 22:50:16+00:00
10/02/2026 17:55:17,N,43.6919,0.0,0.0,0.0,0.0,0.0,0.0,0.0,0.0,0.0,0.0,0.0,0.0,0.0,0.0,11077.57,88337.14,0.0,2026-10-02 22:55:17+00:00
10/02/2026 18:00:19,N,36.1427,0.0,0.0,0.0,0.0,0.0,0.0,0.0,0.0,0.0,0.0,0.0,0.0,0.0,0.0,11443.87,87960.49,0.0,2026-10-02 23:00:19+00:00
10/02/2026 18:05:17,N,37.9913,0.0,0.0,0.0,0.0,0.0,0.0,0.0,0.0,0.0,0.0,0.0,0.0,0.0,0.0,11021.27,87692.56,0.0,2026-10-02 23:05:17+00:00
10/02/2026 18:10:18,N,35.9184,0.0,0.0,0.0,0.0,0.0,0.0,0.0,0.0,0.0,0.0,0.0,0.0,0.0,0.0,10984.54,87525.57,0.0,2026-10-02 23:10:18+00:00
10/02/2026 18:15:16,N,41.4199,0.0,0.0,0.0,0.0,0.0,0.0,0.0,0.0,0.0,0.0,0.0,0.0,0.0,0.0,10874.43,86998.9,0.0,2026-10-02 23:15:16+00:00
10/02/2026 18:20:16,N,42.4219,0.0,0.0,0.0,0.0,0.0,0.0,0.0,0.0,0.0,0.0,0.0,0.0,0.0,0.0,10671.55,86855.12,0.0,2026-10-02 23:20:16+00:00
10/02/2026 18:25:16,N,42.6544,0.0,0.0,0.0,0.0,0.0,0.0,0.0,0.0,0.0,0.0,0.0,0.0,0.0,0.0,10646.58,86613.27,0.0,2026-10-02 23:25:16+00:00
10/02/2026 18:30:16,N,44.0418,0.0,0.0,0.0,0.0,0.0,0.0,0.0,0.0,0.0,0.0,0.0,0.0,0.0,0.0,10492.85,86114.72,0.0,2026-10-02 23:30:16+00:00
10/02/2026 18:35:15,N,45.7681,0.0,0.0,0.0,0.0,0.0,0.0,0.0,0.0,0.0,0.0,0.0,0.0,0.0,0.0,10433.15,85121.28,0.0,2026-10-02 23:35:15+00:00
10/02/2026 18:40:15,N,46.669,0.0,0.0,0.0,0.0,0.0,0.0,0.0,0.0,0.0,0.0,0.0,0.0,0.0,0.0,10560.98,84769.84,0.0,2026-10-02 23:40:15+00:00
10/02/2026 18:45:16,N,44.379,0.0,0.0,0.0,0.0,0.0,0.0,0.0,0.0,0.0,0.0,0.0,0.0,0.0,0.0,10519.06,84302.4,0.0,2026-10-02 23:45:16+00:00
10/02/2026 18:50:16,N,45.2596,0.0,0.0,0.0,0.0,0.0,0.0,0.0,0.0,0.0,0.0,0.0,0.0,0.0,0.0,10532.6,84269.29,0.0,2026-10-02 23:50:16+00:00
10/02/2026 18:55:17,N,45.5267,0.0,0.0,0.0,0.0,0.0,0.0,0.0,0.0,0.0,0.0,0.0,0.0,0.0,0.0,10419.74,84267.09,0.0,2026-10-02 23:55:17+00:00
10/02/2026 19:00:18,N,38.6881,0.0,0.0,0.0,0.0,0.0,0.0,0.0,0.0,0.0,0.0,0.0,0.0,0.0,0.0,10461.74,84106.34,0.0,2026-10-03 00:00:18+00:00
10/02/2026 19:05:22,N,41.0643,0.0,0.0,0.0,0.0,0.0,0.0,0.0,0.0,0.0,0.0,0.0,0.0,0.0,0.0,10403.21,84035.02,0.0,2026-10-03 00:05:22+00:00
10/02/2026 19:10:18,N,40.9972,0.0,0.0,0.0,0.0,0.0,0.0,0.0,0.0,0.0,0.0,0.0,0.0,0.0,0.0,10339.25,83950.97,0.0,2026-10-03 00:10:18+00:00
10/02/2026 19:15:17,N,42.0873,0.0,0.0,0.0,0.0,0.0,0.0,0.0,0.0,0.0,0.0,0.0,0.0,0.0,0.0,10289.62,83838.13,0.0,2026-10-03 00:15:17+00:00
10/02/2026 19:20:22,N,42.4378,0.0,0.0,0.0,0.0,0.0,0.0,0.0,0.0,0.0,0.0,0.0,0.0,0.0,0.0,10112.25,83625.83,0.0,2026-10-03 00:20:22+00:00
10/02/2026 19:25:17,N,42.4397,0.0,0.0,0.0,0.0,0.0,0.0,0.0,0.0,0.0,0.0,0.0,0.0,0.0,0.0,10007.27,83368.85,0.0,2026-10-03 00:25:17+00:00
10/02/2026 19:30:17,N,43.0665,0.0,0.0,0.0,0.0,0.0,0.0,0.0,0.0,0.0,0.0,0.0,0.0,0.0,0.0,10012.77,83400.05,0.0,2026-10-03 00:30:17+00:00
10/02/2026 19:35:21,N,43.3934,0.0,0.0,0.0,0.0,0.0,0.0,0.0,0.0,0.0,0.0,0.0,0.0,0.0,0.0,9957.74,83382.56,0.0,2026-10-03 00:35:21+00:00
10/02/2026 19:40:17,N,40.8476,0.0,0.0,0.0,0.0,0.0,0.0,0.0,0.0,0.0,0.0,0.0,0.0,0.0,0.0,9906.46,83323.78,0.0,2026-10-03 00:40:17+00:00
10/02/2026 19:45:17,N,42.9131,0.0,0.0,0.0,0.0,0.0,0.0,0.0,0.0,0.0,0.0,0.0,0.0,0.0,0.0,9895.43,83243.71,0.0,2026-10-03 00:45:17+00:00
10/02/2026 19:50:17,N,42.915,0.0,0.0,0.0,0.0,0.0,0.0,0.0,0.0,0.0,0.0,0.0,0.0,0.0,0.0,9900.4,83390.95,0.0,2026-10-03 00:50:17+00:00
10/02/2026 19:55:18,N,42.3278,0.0,0.0,0.0,0.0,0.0,0.0,0.0,0.0,0.0,0.0,0.0,0.0,0.0,0.0,9892.83,83332.25,0.0,2026-10-03 00:55:18+00:00
10/02/2026 20:00:21,N,41.1509,0.0,0.0,0.0,0.0,0.0,0.0,0.0,0.0,0.0,0.0,0.0,0.0,0.0,0.0,10341.05,82852.2,0.0,2026-10-03 01:00:21+00:00
10/02/2026 20:05:19,N,43.5444,0.0,0.0,0.0,0.0,0.0,0.0,0.0,0.0,0.0,0.0,0.0,0.0,0.0,0.0,10563.2,82850.55,0.0,2026-10-03 01:05:19+00:00
10/02/2026 20:10:18,N,42.5253,0.0,0.0,0.0,0.0,0.0,0.0,0.0,0.0,0.0,0.0,0.0,0.0,0.0,0.0,10697.59,82731.33,0.0,2026-10-03 01:10:18+00:00
10/02/2026 20:15:19,N,41.9961,0.0,0.0,0.0,0.0,0.0,0.0,0.0,0.0,0.0,0.0,0.0,0.0,0.0,0.0,10387.08,82788.97,0.0,2026-10-03 01:15:19+00:00
10/02/2026 20:20:19,N,41.3626,0.0,0.0,0.0,0.0,0.0,0.0,0.0,0.0,0.0,0.0,0.0,0.0,0.0,0.0,10359.16,82670.27,0.0,2026-10-03 01:20:19+00:00
10/02/2026 20:25:17,N,41.6043,0.0,0.0,0.0,0.0,0.0,0.0,0.0,0.0,0.0,0.0,0.0,0.0,0.0,0.0,10301.25,82557.59,0.0,2026-10-03 01:25:17+00:00
10/02/2026 20:30:20,N,41.175,0.0,0.0,0.0,0.0,0.0,0.0,0.0,0.0,0.0,0.0,0.0,0.0,0.0,0.0,10269.47,82507.34,0.0,2026-10-03 01:30:20+00:00
10/02/2026 20:35:20,N,42.336,0.0,0.0,0.0,0.0,0.0,0.0,0.0,0.0,0.0,0.0,0.0,0.0,0.0,0.0,10243.65,82295.77,0.0,2026-10-03 01:35:20+00:00
10/02/2026 20:40:18,N,42.3307,0.0,0.0,0.0,0.0,0.0,0.0,0.0,0.0,0.0,0.0,0.0,0.0,0.0,0.0,10295.72,82271.57,0.0,2026-10-03 01:40:18+00:00
10/02/2026 20:45:18,N,43.5267,0.0,0.0,0.0,0.0,0.0,0.0,0.0,0.0,0.0,0.0,0.0,0.0,0.0,0.0,10181.47,82292.12,0.0,2026-10-03 01:45:18+00:00
10/02/2026 20:50:16,N,42.3304,0.0,0.0,0.0,0.0,0.0,0.0,0.0,0.0,0.0,0.0,0.0,0.0,0.0,0.0,9871.72,82223.77,0.0,2026-10-03 01:50:16+00:00
10/02/2026 20:55:15,N,42.0338,0.0,0.0,0.0,0.0,0.0,0.0,0.0,0.0,0.0,0.0,0.0,0.0,0.0,0.0,9819.79,82013.38,0.0,2026-10-03 01:55:15+00:00
10/02/2026 21:00:19,N,41.1832,0.0,0.0,0.0,0.0,0.0,0.0,0.0,0.0,0.0,0.0,0.0,0.0,0.0,0.0,9811.0,81869.7,0.0,2026-10-03 02:00:19+00:00
10/02/2026 21:05:17,N,44.2201,0.0,0.0,0.0,0.0,0.0,0.0,0.0,0.0,0.0,0.0,0.0,0.0,0.0,0.0,9772.68,81779.54,0.0,2026-10-03 02:05:17+00:00
10/02/2026 21:10:17,N,41.7988,0.0,0.0,0.0,0.0,0.0,0.0,0.0,0.0,0.0,0.0,0.0,0.0,0.0,0.0,9708.2,81589.23,0.0,2026-10-03 02:10:17+00:00
10/02/2026 21:15:17,N,43.152,0.0,0.0,0.0,0.0,0.0,0.0,0.0,0.0,0.0,0.0,0.0,0.0,0.0,0.0,9575.68,81325.25,0.0,2026-10-03 02:15:17+00:00
10/02/2026 21:20:16,N,42.0095,0.0,0.0,0.0,0.0,0.0,0.0,0.0,0.0,0.0,0.0,0.0,0.0,0.0,0.0,9539.5,81179.98,0.0,2026-10-03 02:20:16+00:00
10/02/2026 21:25:17,N,41.8577,0.0,0.0,0.0,0.0,0.0,0.0,0.0,0.0,0.0,0.0,0.0,0.0,0.0,0.0,9517.17,81028.51,0.0,2026-10-03 02:25:17+00:00
10/02/2026 21:30:16,N,41.9158,0.0,0.0,0.0,0.0,0.0,0.0,0.0,0.0,0.0,0.0,0.0,0.0,0.0,0.0,9488.83,80955.83,0.0,2026-10-03 02:30:16+00:00
10/02/2026 21:35:15,N,44.7172,0.0,0.0,0.0,0.0,0.0,0.0,0.0,0.0,0.0,0.0,0.0,0.0,0.0,0.0,9463.56,80688.84,0.0,2026-10-03 02:35:15+00:00
10/02/2026 21:40:17,N,41.8018,0.0,0.0,0.0,0.0,0.0,0.0,0.0,0.0,0.0,0.0,0.0,0.0,0.0,0.0,9452.46,80427.31,0.0,2026-10-03 02:40:17+00:00
10/02/2026 21:45:20,N,45.0366,0.0,0.0,0.0,0.0,0.0,0.0,0.0,0.0,0.0,0.0,0.0,0.0,0.0,0.0,9434.96,80243.28,0.0,2026-10-03 02:45:20+00:00
10/02/2026 21:50:17,N,44.9589,0.0,0.0,0.0,0.0,0.0,0.0,0.0,0.0,0.0,0.0,0.0,0.0,0.0,0.0,9434.93,80136.25,0.0,2026-10-03 02:50:17+00:00
10/02/2026 21:55:20,N,45.7153,0.0,0.0,0.0,0.0,0.0,0.0,0.0,0.0,0.0,0.0,0.0,0.0,0.0,0.0,9410.12,79850.36,0.0,2026-10-03 02:55:20+00:00
10/02/2026 22:00:22,N,44.0108,0.0,0.0,0.0,0.0,0.0,0.0,0.0,0.0,0.0,0.0,0.0,0.0,0.0,0.0,9410.07,79778.5,0.0,2026-10-03 03:00:22+00:00
10/02/2026 22:05:16,N,45.7885,0.0,0.0,0.0,0.0,0.0,0.0,0.0,0.0,0.0,0.0,0.0,0.0,0.0,0.0,9262.75,79661.28,0.0,2026-10-03 03:05:16+00:00
10/02/2026 22:10:21,N,44.1726,0.0,0.0,0.0,0.0,0.0,0.0,0.0,0.0,0.0,0.0,0.0,0.0,0.0,0.0,9007.78,79554.74,0.0,2026-10-03 03:10:21+00:00
10/02/2026 22:15:16,N,44.4996,0.0,0.0,0.0,0.0,0.0,0.0,0.0,0.0,0.0,0.0,0.0,0.0,0.0,0.0,8965.58,79115.41,0.0,2026-10-03 03:15:16+00:00
10/02/2026 22:20:14,N,45.1925,0.0,0.0,0.0,0.0,0.0,0.0,0.0,0.0,0.0,0.0,0.0,0.0,0.0,0.0,8882.04,78570.3,0.0,2026-10-03 03:20:14+00:00
10/02/2026 22:25:14,N,45.6563,0.0,0.0,0.0,0.0,0.0,0.0,0.0,0.0,0.0,0.0,0.0,0.0,0.0,0.0,8769.52,78263.74,0.0,2026-10-03 03:25:14+00:00
10/02/2026 22:30:17,N,44.842,0.0,0.0,0.0,0.0,0.0,0.0,0.0,0.0,0.0,0.0,0.0,0.0,0.0,0.0,8821.23,77915.57,0.0,2026-10-03 03:30:17+00:00
10/02/2026 22:35:15,N,45.6717,0.0,0.0,0.0,0.0,0.0,0.0,0.0,0.0,0.0,0.0,0.0,0.0,0.0,0.0,8824.44,77814.66,0.0,2026-10-03 03:35:15+00:00
10/02/2026 22:40:14,N,44.9979,0.0,0.0,0.0,0.0,0.0,0.0,0.0,0.0,0.0,0.0,0.0,0.0,0.0,0.0,8840.41,77645.71,0.0,2026-10-03 03:40:14+00:00
10/02/2026 22:45:18,N,44.3795,0.0,0.0,0.0,0.0,0.0,0.0,0.0,0.0,0.0,0.0,0.0,0.0,0.0,0.0,8859.73,77401.91,0.0,2026-10-03 03:45:18+00:00
10/02/2026 22:50:15,N,45.7178,0.0,0.0,0.0,0.0,0.0,0.0,0.0,0.0,0.0,0.0,0.0,0.0,0.0,0.0,8862.76,77236.98,0.0,2026-10-03 03:50:15+00:00
10/02/2026 22:55:19,N,44.4485,0.0,0.0,0.0,0.0,0.0,0.0,0.0,0.0,0.0,0.0,0.0,0.0,0.0,0.0,8857.94,77140.55,0.0,2026-10-03 03:55:19+00:00
10/02/2026 23:00:16,N,47.7923,0.0,0.0,0.0,0.0,0.0,0.0,0.0,0.0,0.0,0.0,0.0,0.0,0.0,0.0,8553.5,76987.98,0.0,2026-10-03 04:00:16+00:00
10/02/2026 23:05:16,N,49.4448,0.0,0.0,0.0,0.0,0.0,0.0,0.0,0.0,0.0,0.0,0.0,0.0,0.0,0.0,8709.59,76823.07,0.0,2026-10-03 04:05:16+00:00
10/02/2026 23:10:15,N,45.32,0.0,0.0,0.0,0.0,0.0,0.0,0.0,0.0,0.0,0.0,0.0,0.0,0.0,0.0,8704.51,76624.59,0.0,2026-10-03 04:10:15+00:00
10/02/2026 23:15:15,N,46.2476,0.0,0.0,0.0,0.0,0.0,0.0,0.0,0.0,0.0,0.0,0.0,0.0,0.0,0.0,8688.88,76496.59,0.0,2026-10-03 04:15:15+00:00
10/02/2026 23:20:14,N,44.9735,0.0,0.0,0.0,0.0,0.0,0.0,0.0,0.0,0.0,0.0,0.0,0.0,0.0,0.0,8687.15,76509.27,0.0,2026-10-03 04:20:14+00:00
10/02/2026 23:25:15,N,45.6074,0.0,0.0,0.0,0.0,0.0,0.0,0.0,0.0,0.0,0.0,0.0,0.0,0.0,0.0,8683.11,76425.35,0.0,2026-10-03 04:25:15+00:00
10/02/2026 23:30:14,N,45.4605,0.0,0.0,0.0,0.0,0.0,0.0,0.0,0.0,0.0,0.0,0.0,0.0,0.0,0.0,8687.26,76301.66,0.0,2026-10-03 04:30:14+00:00
10/02/2026 23:35:14,N,46.1781,0.0,0.0,0.0,0.0,0.0,0.0,0.0,0.0,0.0,0.0,0.0,0.0,0.0,0.0,8686.45,76109.13,0.0,2026-10-03 04:35:14+00:00
10/02/2026 23:40:14,N,46.486,0.0,0.0,0.0,0.0,0.0,0.0,0.0,0.0,0.0,0.0,0.0,0.0,0.0,0.0,8684.35,75968.12,0.0,2026-10-03 04:40:14+00:00
10/02/2026 23:45:14,N,46.9643,0.0,0.0,0.0,0.0,0.0,0.0,0.0,0.0,0.0,0.0,0.0,0.0,0.0,0.0,8692.96,75610.79,0.0,2026-10-03 04:45:14+00:00
10/02/2026 23:50:14,N,46.7093,0.0,0.0,0.0,0.0,0.0,0.0,0.0,0.0,0.0,0.0,0.0,0.0,0.0,0.0,8699.51,75357.94,0.0,2026-10-03 04:50:14+00:00
10/02/2026 23:55:15,N,47.0765,0.0,0.0,0.0,0.0,0.0,0.0,0.0,0.0,0.0,0.0,0.0,0.0,0.0,0.0,8701.37,75146.05,0.0,2026-10-03 04:55:15+00:00
10/03/2026 00:00:18,N,48.379,0.0,0.0,0.0,0.0,0.0,0.0,0.0,0.0,0.0,0.0,0.0,0.0,0.0,0.0,8727.3,75018.02,0.0,2026-10-03 05:00:18+00:00
10/03/2026 00:05:16,N,50.8528,0.0,0.0,0.0,0.0,0.0,0.0,0.0,0.0,0.0,0.0,0.0,0.0,0.0,0.0,8583.83,74905.22,0.0,2026-10-03 05:05:16+00:00
10/03/2026 00:10:17,N,51.5548,0.0,0.0,0.0,0.0,0.0,0.0,0.0,0.0,0.0,0.0,0.0,0.0,0.0,0.0,8288.13,74306.65,0.0,2026-10-03 05:10:17+00:00
10/03/2026 00:15:16,N,50.1655,0.0,0.0,0.0,0.0,0.0,0.0,0.0,0.0,0.0,0.0,0.0,0.0,0.0,0.0,8155.14,73976.5,0.0,2026-10-03 05:15:16+00:00
10/03/2026 00:20:15,N,50.3395,0.0,0.0,0.0,0.0,0.0,0.0,0.0,0.0,0.0,0.0,0.0,0.0,0.0,0.0,8089.23,73621.97,0.0,2026-10-03 05:20:15+00:00
10/03/2026 00:25:16,N,49.4797,0.0,0.0,0.0,0.0,0.0,0.0,0.0,0.0,0.0,0.0,0.0,0.0,0.0,0.0,8072.28,73540.7,0.0,2026-10-03 05:25:16+00:00
10/03/2026 00:30:16,N,49.9984,0.0,0.0,0.0,0.0,0.0,0.0,0.0,0.0,0.0,0.0,0.0,0.0,0.0,0.0,8052.45,73240.9,0.0,2026-10-03 05:30:16+00:00
10/03/2026 00:35:15,N,50.0077,0.0,0.0,0.0,0.0,0.0,0.0,0.0,0.0,0.0,0.0,0.0,0.0,0.0,0.0,7968.33,73170.31,0.0,2026-10-03 05:35:15+00:00
10/03/2026 00:40:17,N,50.0095,0.0,0.0,0.0,0.0,0.0,0.0,0.0,0.0,0.0,0.0,0.0,0.0,0.0,0.0,7698.89,72989.89,0.0,2026-10-03 05:40:17+00:00
10/03/2026 00:45:17,N,49.8764,0.0,0.0,0.0,0.0,0.0,0.0,0.0,0.0,0.0,0.0,0.0,0.0,0.0,0.0,7796.15,72918.99,0.0,2026-10-03 05:45:17+00:00
10/03/2026 00:50:18,N,49.5086,0.0,0.0,0.0,0.0,0.0,0.0,0.0,0.0,0.0,0.0,0.0,0.0,0.0,0.0,7753.34,73025.23,0.0,2026-10-03 05:50:18+00:00
10/03/2026 00:55:17,N,50.2868,0.0,0.0,0.0,0.0,0.0,0.0,0.0,0.0,0.0,0.0,0.0,0.0,0.0,0.0,7705.48,72855.13,0.0,2026-10-03 05:55:17+00:00
10/03/2026 01:00:22,N,51.8633,0.0,0.0,0.0,0.0,0.0,0.0,0.0,0.0,0.0,0.0,0.0,0.0,0.0,0.0,7545.34,72808.64,0.0,2026-10-03 06:00:22+00:00
10/03/2026 01:05:18,N,53.5666,0.0,0.0,0.0,0.0,0.0,0.0,0.0,0.0,0.0,0.0,0.0,0.0,0.0,0.0,7446.01,72233.1,0.0,2026-10-03 06:05:18+00:00
10/03/2026 01:10:18,N,53.6684,0.0,0.0,0.0,0.0,0.0,0.0,0.0,0.0,0.0,0.0,0.0,0.0,0.0,0.0,7442.19,72086.7,0.0,2026-10-03 06:10:18+00:00
10/03/2026 01:15:18,N,52.9817,0.0,0.0,0.0,0.0,0.0,0.0,0.0,0.0,0.0,0.0,0.0,0.0,0.0,0.0,7439.12,71920.38,0.0,2026-10-03 06:15:18+00:00
10/03/2026 01:20:17,N,51.8816,0.0,0.0,0.0,0.0,0.0,0.0,0.0,0.0,0.0,0.0,0.0,0.0,0.0,0.0,7412.28,71851.75,0.0,2026-10-03 06:20:17+00:00
10/03/2026 01:25:18,N,51.9455,0.0,0.0,0.0,0.0,0.0,0.0,0.0,0.0,0.0,0.0,0.0,0.0,0.0,0.0,7362.93,71724.02,0.0,2026-10-03 06:25:18+00:00
10/03/2026 01:30:19,N,53.4093,0.0,0.0,0.0,0.0,0.0,0.0,0.0,0.0,0.0,0.0,0.0,0.0,0.0,0.0,7375.79,71694.06,0.0,2026-10-03 06:30:19+00:00
10/03/2026 01:35:19,N,53.7517,0.0,0.0,0.0,0.0,0.0,0.0,0.0,0.0,0.0,0.0,0.0,0.0,0.0,0.0,7380.67,71690.88,0.0,2026-10-03 06:35:19+00:00
10/03/2026 01:40:19,N,49.3766,0.0,0.0,0.0,0.0,0.0,0.0,0.0,0.0,0.0,0.0,0.0,0.0,0.0,0.0,7395.01,71730.13,0.0,2026-10-03 06:40:19+00:00
10/03/2026 01:45:19,N,49.6338,0.0,0.0,0.0,0.0,0.0,0.0,0.0,0.0,0.0,0.0,0.0,0.0,0.0,0.0,7397.88,71738.59,0.0,2026-10-03 06:45:19+00:00
10/03/2026 01:50:19,N,48.4634,0.0,0.0,0.0,0.0,0.0,0.0,0.0,0.0,0.0,0.0,0.0,0.0,0.0,0.0,7392.6,71758.05,0.0,2026-10-03 06:50:19+00:00
10/03/2026 01:55:18,N,48.1737,0.0,0.0,0.0,0.0,0.0,0.0,0.0,0.0,0.0,0.0,0.0,0.0,0.0,0.0,7516.89,71683.84,0.0,2026-10-03 06:55:18+00:00
10/03/2026 02:00:19,N,49.0053,0.0,0.0,0.0,0.0,0.0,0.0,0.0,0.0,0.0,0.0,0.0,0.0,0.0,0.0,7599.22,71650.66,0.0,2026-10-03 07:00:19+00:00
10/03/2026 02:05:19,N,49.5065,0.0,0.0,0.0,0.0,0.0,0.0,0.0,0.0,0.0,0.0,0.0,0.0,0.0,0.0,7628.05,71545.76,0.0,2026-10-03 07:05:19+00:00
10/03/2026 02:10:25,N,48.6277,0.0,0.0,0.0,0.0,0.0,0.0,0.0,0.0,0.0,0.0,0.0,0.0,0.0,0.0,7628.47,71477.52,0.0,2026-10-03 07:10:25+00:00
10/03/2026 02:15:18,N,48.3137,0.0,0.0,0.0,0.0,0.0,0.0,0.0,0.0,0.0,0.0,0.0,0.0,0.0,0.0,7626.56,71427.0,0.0,2026-10-03 07:15:18+00:00
10/03/2026 02:20:21,N,45.9867,0.0,0.0,0.0,0.0,0.0,0.0,0.0,0.0,0.0,0.0,0.0,0.0,0.0,0.0,7624.67,71432.64,0.0,2026-10-03 07:20:21+00:00
10/03/2026 02:25:20,N,44.3577,0.0,0.0,0.0,0.0,0.0,0.0,0.0,0.0,0.0,0.0,0.0,0.0,0.0,0.0,7621.19,71527.62,0.0,2026-10-03 07:25:20+00:00
10/03/2026 02:30:18,N,45.0658,0.0,0.0,0.0,0.0,0.0,0.0,0.0,0.0,0.0,0.0,0.0,0.0,0.0,0.0,7625.91,71660.98,0.0,2026-10-03 07:30:18+00:00
10/03/2026 02:35:18,N,45.0194,0.0,0.0,0.0,0.0,0.0,0.0,0.0,0.0,0.0,0.0,0.0,0.0,0.0,0.0,7621.6,71781.2,0.0,2026-10-03 07:35:18+00:00
10/03/2026 02:40:18,N,44.4402,0.0,0.0,0.0,0.0,0.0,0.0,0.0,0.0,0.0,0.0,0.0,0.0,0.0,0.0,7628.95,71888.27,0.0,2026-10-03 07:40:18+00:00
10/03/2026 02:45:20,N,43.3884,0.0,0.0,0.0,0.0,0.0,0.0,0.0,0.0,0.0,0.0,0.0,0.0,0.0,0.0,7621.29,71914.0,0.0,2026-10-03 07:45:20+00:00
10/03/2026 02:50:20,N,43.7863,0.0,0.0,0.0,0.0,0.0,0.0,0.0,0.0,0.0,0.0,0.0,0.0,0.0,0.0,7614.21,71916.81,0.0,2026-10-03 07:50:20+00:00
10/03/2026 02:55:17,N,46.585,0.0,0.0,0.0,0.0,0.0,0.0,0.0,0.0,0.0,0.0,0.0,0.0,0.0,0.0,7620.13,71812.06,0.0,2026-10-03 07:55:17+00:00
10/03/2026 03:00:18,N,46.7284,0.0,0.0,0.0,0.0,0.0,0.0,0.0,0.0,0.0,0.0,0.0,0.0,0.0,0.0,7629.4,71731.29,0.0,2026-10-03 08:00:18+00:00
10/03/2026 03:05:18,N,40.5722,0.0,0.0,0.0,0.0,0.0,0.0,0.0,0.0,0.0,0.0,0.0,0.0,0.0,0.0,7614.24,71614.44,0.0,2026-10-03 08:05:18+00:00
10/03/2026 03:10:18,N,46.2304,0.0,0.0,0.0,0.0,0.0,0.0,0.0,0.0,0.0,0.0,0.0,0.0,0.0,0.0,7622.9,71602.64,0.0,2026-10-03 08:10:18+00:00
10/03/2026 03:15:18,N,45.7669,0.0,0.0,0.0,0.0,0.0,0.0,0.0,0.0,0.0,0.0,0.0,0.0,0.0,0.0,7619.74,71554.45,0.0,2026-10-03 08:15:18+00:00
10/03/2026 03:20:17,N,46.0003,0.0,0.0,0.0,0.0,0.0,0.0,0.0,0.0,0.0,0.0,0.0,0.0,0.0,0.0,7618.84,71556.19,0.0,2026-10-03 08:20:17+00:00
10/03/2026 03:25:17,N,40.81,0.0,0.0,0.0,0.0,0.0,0.0,0.0,0.0,0.0,0.0,0.0,0.0,0.0,0.0,7618.58,71585.42,0.0,2026-10-03 08:25:17+00:00
10/03/2026 03:30:21,N,44.8617,0.0,0.0,0.0,0.0,0.0,0.0,0.0,0.0,0.0,0.0,0.0,0.0,0.0,0.0,7611.5,71602.2,0.0,2026-10-03 08:30:21+00:00
10/03/2026 03:35:17,N,46.5486,0.0,0.0,0.0,0.0,0.0,0.0,0.0,0.0,0.0,0.0,0.0,0.0,0.0,0.0,7616.25,71496.05,0.0,2026-10-03 08:35:17+00:00
10/03/2026 03:40:18,N,45.7677,0.0,0.0,0.0,0.0,0.0,0.0,0.0,0.0,0.0,0.0,0.0,0.0,0.0,0.0,7615.35,71449.14,0.0,2026-10-03 08:40:18+00:00
10/03/2026 03:45:22,N,45.0944,0.0,0.0,0.0,0.0,0.0,0.0,0.0,0.0,0.0,0.0,0.0,0.0,0.0,0.0,7609.76,71486.85,0.0,2026-10-03 08:45:22+00:00
10/03/2026 03:50:19,N,45.1283,0.0,0.0,0.0,0.0,0.0,0.0,0.0,0.0,0.0,0.0,0.0,0.0,0.0,0.0,7689.55,71457.93,0.0,2026-10-03 08:50:19+00:00
10/03/2026 03:55:25,N,46.0689,0.0,0.0,0.0,0.0,0.0,0.0,0.0,0.0,0.0,0.0,0.0,0.0,0.0,0.0,7610.67,71618.89,0.0,2026-10-03 08:55:25+00:00
10/03/2026 04:00:23,N,45.5552,0.0,0.0,0.0,0.0,0.0,0.0,0.0,0.0,0.0,0.0,0.0,0.0,0.0,0.0,7615.41,71531.59,0.0,2026-10-03 09:00:23+00:00
10/03/2026 04:05:19,N,42.9772,0.0,0.0,0.0,0.0,0.0,0.0,0.0,0.0,0.0,0.0,0.0,0.0,0.0,0.0,7611.36,71554.31,0.0,2026-10-03 09:05:19+00:00
10/03/2026 04:10:18,N,44.5462,0.0,0.0,0.0,0.0,0.0,0.0,0.0,0.0,0.0,0.0,0.0,0.0,0.0,0.0,7616.3,71571.16,0.0,2026-10-03 09:10:18+00:00
10/03/2026 04:15:19,N,44.6534,0.0,0.0,0.0,0.0,0.0,0.0,0.0,0.0,0.0,0.0,0.0,0.0,0.0,0.0,7619.76,71585.09,0.0,2026-10-03 09:15:19+00:00
10/03/2026 04:20:16,N,41.7589,0.0,0.0,0.0,0.0,0.0,0.0,0.0,0.0,0.0,0.0,0.0,0.0,0.0,0.0,7474.56,71652.48,0.0,2026-10-03 09:20:16+00:00
10/03/2026 04:25:16,N,42.0316,0.0,0.0,0.0,0.0,0.0,0.0,0.0,0.0,0.0,0.0,0.0,0.0,0.0,0.0,7471.97,71729.19,0.0,2026-10-03 09:25:16+00:00
10/03/2026 04:30:18,N,49.3775,0.0,0.0,0.0,0.0,0.0,0.0,0.0,0.0,0.0,0.0,0.0,0.0,0.0,0.0,7470.12,71755.58,0.0,2026-10-03 09:30:18+00:00
10/03/2026 04:35:18,N,44.5528,0.0,0.0,0.0,0.0,0.0,0.0,0.0,0.0,0.0,0.0,0.0,0.0,0.0,0.0,7466.08,71813.8,0.0,2026-10-03 09:35:18+00:00
10/03/2026 04:40:17,N,43.872,0.0,0.0,0.0,0.0,0.0,0.0,0.0,0.0,0.0,0.0,0.0,0.0,0.0,0.0,7474.74,71882.68,0.0,2026-10-03 09:40:17+00:00
10/03/2026 04:45:16,N,44.8063,0.0,0.0,0.0,0.0,0.0,0.0,0.0,0.0,0.0,0.0,0.0,0.0,0.0,0.0,7479.32,71898.56,0.0,2026-10-03 09:45:16+00:00
10/03/2026 04:50:16,N,41.9707,0.0,0.0,0.0,0.0,0.0,0.0,0.0,0.0,0.0,0.0,0.0,0.0,0.0,0.0,7475.47,71949.86,0.0,2026-10-03 09:50:16+00:00
10/03/2026 04:55:18,N,45.6746,0.0,0.0,0.0,0.0,0.0,0.0,0.0,0.0,0.0,0.0,0.0,0.0,0.0,0.0,7534.11,71981.89,0.0,2026-10-03 09:55:18+00:00
10/03/2026 05:00:20,N,43.3743,0.0,0.0,0.0,0.0,0.0,0.0,0.0,0.0,0.0,0.0,0.0,0.0,0.0,0.0,7132.94,72326.39,0.0,2026-10-03 10:00:20+00:00
10/03/2026 05:05:18,N,48.3372,0.0,0.0,0.0,0.0,0.0,0.0,0.0,0.0,0.0,0.0,0.0,0.0,0.0,0.0,7099.43,72261.55,0.0,2026-10-03 10:05:18+00:00
10/03/2026 05:10:18,N,48.4292,0.0,0.0,0.0,0.0,0.0,0.0,0.0,0.0,0.0,0.0,0.0,0.0,0.0,0.0,7069.07,72197.02,0.0,2026-10-03 10:10:18+00:00
10/03/2026 05:15:18,N,52.5303,0.0,0.0,0.0,0.0,0.0,0.0,0.0,0.0,0.0,0.0,0.0,0.0,0.0,0.0,7139.34,71984.59,0.0,2026-10-03 10:15:18+00:00
10/03/2026 05:20:20,N,49.7498,0.0,0.0,0.0,0.0,0.0,0.0,0.0,0.0,0.0,0.0,0.0,0.0,0.0,0.0,7143.05,71915.95,0.0,2026-10-03 10:20:20+00:00
10/03/2026 05:25:17,N,49.9848,0.0,0.0,0.0,0.0,0.0,0.0,0.0,0.0,0.0,0.0,0.0,0.0,0.0,0.0,7149.52,71891.58,0.0,2026-10-03 10:25:17+00:00
10/03/2026 05:30:17,N,50.7205,0.0,0.0,0.0,0.0,0.0,0.0,0.0,0.0,0.0,0.0,0.0,0.0,0.0,0.0,7148.26,71879.17,0.0,2026-10-03 10:30:17+00:00
10/03/2026 05:35:17,N,48.5691,0.0,0.0,0.0,0.0,0.0,0.0,0.0,0.0,0.0,0.0,0.0,0.0,0.0,0.0,7145.82,71882.27,0.0,2026-10-03 10:35:17+00:00
10/03/2026 05:40:17,N,47.8305,0.0,0.0,0.0,0.0,0.0,0.0,0.0,0.0,0.0,0.0,0.0,0.0,0.0,0.0,7157.71,71785.14,0.0,2026-10-03 10:40:17+00:00
10/03/2026 05:45:17,N,45.0006,0.0,0.0,0.0,0.0,0.0,0.0,0.0,0.0,0.0,0.0,0.0,0.0,0.0,0.0,7159.93,71700.71,0.0,2026-10-03 10:45:17+00:00
10/03/2026 05:50:19,N,44.1364,0.0,0.0,0.0,0.0,0.0,0.0,0.0,0.0,0.0,0.0,0.0,0.0,0.0,0.0,7154.6,71754.52,0.0,2026-10-03 10:50:19+00:00
10/03/2026 05:55:18,N,46.019,0.0,0.0,0.0,0.0,0.0,0.0,0.0,0.0,0.0,0.0,0.0,0.0,0.0,0.0,7158.13,71758.66,0.0,2026-10-03 10:55:18+00:00
10/03/2026 06:00:21,N,46.0496,0.0,0.0,0.0,0.0,0.0,0.0,0.0,0.0,0.0,0.0,0.0,0.0,0.0,0.0,7157.98,71629.38,0.0,2026-10-03 11:00:21+00:00
10/03/2026 06:05:18,N,47.0097,0.0,0.0,0.0,0.0,0.0,0.0,0.0,0.0,0.0,0.0,0.0,0.0,0.0,0.0,7143.69,71602.89,0.0,2026-10-03 11:05:18+00:00
10/03/2026 06:10:20,N,46.7486,0.0,0.0,0.0,0.0,0.0,0.0,0.0,0.0,0.0,0.0,0.0,0.0,0.0,0.0,7146.58,71649.38,0.0,2026-10-03 11:10:20+00:00
10/03/2026 06:15:20,N,46.707,0.0,0.0,0.0,0.0,0.0,0.0,0.0,0.0,0.0,0.0,0.0,0.0,0.0,0.0,7105.13,71696.81,0.0,2026-10-03 11:15:20+00:00
10/03/2026 06:20:17,N,46.5278,0.0,0.0,0.0,0.0,0.0,0.0,0.0,0.0,0.0,0.0,0.0,0.0,0.0,0.0,7115.26,71706.95,0.0,2026-10-03 11:20:17+00:00
10/03/2026 06:25:17,N,46.9094,0.0,0.0,0.0,0.0,0.0,0.0,0.0,0.0,0.0,0.0,0.0,0.0,0.0,0.0,7110.49,71687.41,0.0,2026-10-03 11:25:17+00:00
10/03/2026 06:30:19,N,46.5352,0.0,0.0,0.0,0.0,0.0,0.0,0.0,0.0,0.0,0.0,0.0,0.0,0.0,0.0,7112.34,71682.7,0.0,2026-10-03 11:30:19+00:00
10/03/2026 06:35:17,N,46.8146,0.0,0.0,0.0,0.0,0.0,0.0,0.0,0.0,0.0,0.0,0.0,0.0,0.0,0.0,7108.71,71675.75,0.0,2026-10-03 11:35:17+00:00
10/03/2026 06:40:17,N,47.4222,0.0,0.0,0.0,0.0,0.0,0.0,0.0,0.0,0.0,0.0,0.0,0.0,0.0,0.0,6843.86,71391.04,0.0,2026-10-03 11:40:17+00:00
10/03/2026 06:45:16,N,47.8213,0.0,0.0,0.0,0.0,0.0,0.0,0.0,0.0,0.0,0.0,0.0,0.0,0.0,0.0,6847.19,71357.16,0.0,2026-10-03 11:45:16+00:00
10/03/2026 06:50:18,N,46.8883,0.0,0.0,0.0,0.0,0.0,0.0,0.0,0.0,0.0,0.0,0.0,0.0,0.0,0.0,6843.45,71320.88,0.0,2026-10-03 11:50:18+00:00
10/03/2026 06:55:18,N,49.4288,0.0,0.0,0.0,0.0,0.0,0.0,0.0,0.0,0.0,0.0,0.0,0.0,0.0,0.0,6852.29,71287.79,0.0,2026-10-03 11:55:18+00:00
10/03/2026 07:00:20,N,46.2532,0.0,0.0,0.0,0.0,0.0,0.0,0.0,0.0,0.0,0.0,0.0,0.0,0.0,0.0,6961.38,71237.64,0.0,2026-10-03 12:00:20+00:00
10/03/2026 07:05:18,N,48.4554,0.0,0.0,0.0,0.0,0.0,0.0,0.0,0.0,0.0,0.0,0.0,0.0,0.0,0.0,6992.63,71249.6,0.0,2026-10-03 12:05:18+00:00
10/03/2026 07:10:18,N,47.0795,0.0,0.0,0.0,0.0,0.0,0.0,0.0,0.0,0.0,0.0,0.0,0.0,0.0,0.0,7025.08,71280.05,0.0,2026-10-03 12:10:18+00:00
10/03/2026 07:15:18,N,46.8125,0.0,0.0,0.0,0.0,0.0,0.0,0.0,0.0,0.0,0.0,0.0,0.0,0.0,0.0,7019.08,71277.86,0.0,2026-10-03 12:15:18+00:00
10/03/2026 07:20:17,N,45.9281,0.0,0.0,0.0,0.0,0.0,0.0,0.0,0.0,0.0,0.0,0.0,0.0,0.0,0.0,7021.0,71278.22,0.0,2026-10-03 12:20:17+00:00
10/03/2026 07:25:16,N,45.9344,0.0,0.0,0.0,0.0,0.0,0.0,0.0,0.0,0.0,0.0,0.0,0.0,0.0,0.0,7059.26,71682.07,0.0,2026-10-03 12:25:16+00:00
10/03/2026 07:30:17,N,45.5581,0.0,0.0,0.0,0.0,0.0,0.0,0.0,0.0,0.0,0.0,0.0,0.0,0.0,0.0,7043.49,71684.7,0.0,2026-10-03 12:30:17+00:00
10/03/2026 07:35:18,N,45.535,0.0,0.0,0.0,0.0,0.0,0.0,0.0,0.0,0.0,0.0,0.0,0.0,0.0,0.0,7050.86,71686.8,0.0,2026-10-03 12:35:18+00:00
10/03/2026 07:40:23,N,45.0602,0.0,0.0,0.0,0.0,0.0,0.0,0.0,0.0,0.0,0.0,0.0,0.0,0.0,0.0,7054.72,71623.95,0.0,2026-10-03 12:40:23+00:00
10/03/2026 07:45:17,N,48.1239,0.0,0.0,0.0,0.0,0.0,0.0,0.0,0.0,0.0,0.0,0.0,0.0,0.0,0.0,7040.56,71648.35,0.0,2026-10-03 12:45:17+00:00
10/03/2026 07:50:18,N,47.4032,0.0,0.0,0.0,0.0,0.0,0.0,0.0,0.0,0.0,0.0,0.0,0.0,0.0,0.0,7039.31,71696.66,0.0,2026-10-03 12:50:18+00:00
10/03/2026 07:55:18,N,46.1348,0.0,0.0,0.0,0.0,0.0,0.0,0.0,0.0,0.0,0.0,0.0,0.0,0.0,0.0,7034.85,71868.16,0.0,2026-10-03 12:55:18+00:00
10/03/2026 08:00:19,N,54.3971,0.0,0.0,0.0,0.0,0.0,0.0,0.0,0.0,0.0,0.0,0.0,0.0,0.0,0.0,7024.33,71988.58,0.0,2026-10-03 13:00:19+00:00
10/03/2026 08:05:19,N,53.8542,0.0,0.0,0.0,0.0,0.0,0.0,0.0,0.0,0.0,0.0,0.0,0.0,0.0,0.0,6989.34,72125.66,0.0,2026-10-03 13:05:19+00:00
10/03/2026 08:10:20,N,52.5578,0.0,0.0,0.0,0.0,0.0,0.0,0.0,0.0,0.0,0.0,0.0,0.0,0.0,0.0,6988.15,72284.6,0.0,2026-10-03 13:10:20+00:00
10/03/2026 08:15:19,N,53.9628,0.0,0.0,0.0,0.0,0.0,0.0,0.0,0.0,0.0,0.0,0.0,0.0,0.0,0.0,7099.74,72450.54,0.0,2026-10-03 13:15:19+00:00
10/03/2026 08:20:16,N,48.7663,0.0,0.0,0.0,0.0,0.0,0.0,0.0,0.0,0.0,0.0,0.0,0.0,0.0,0.0,6947.47,72801.54,0.0,2026-10-03 13:20:16+00:00
10/03/2026 08:25:18,N,48.0704,0.0,0.0,0.0,0.0,0.0,0.0,0.0,0.0,0.0,0.0,0.0,0.0,0.0,0.0,6950.15,73146.27,0.0,2026-10-03 13:25:18+00:00
10/03/2026 08:30:19,N,49.5109,0.0,0.0,0.0,0.0,0.0,0.0,0.0,0.0,0.0,0.0,0.0,0.0,0.0,0.0,6944.54,73445.95,0.0,2026-10-03 13:30:19+00:00
10/03/2026 08:35:17,N,50.4932,0.0,0.0,0.0,0.0,0.0,0.0,0.0,0.0,0.0,0.0,0.0,0.0,0.0,0.0,6939.16,73505.59,0.0,2026-10-03 13:35:17+00:00
10/03/2026 08:40:18,N,51.3213,0.0,0.0,0.0,0.0,0.0,0.0,0.0,0.0,0.0,0.0,0.0,0.0,0.0,0.0,6949.99,73717.85,0.0,2026-10-03 13:40:18+00:00
10/03/2026 08:45:20,N,45.8083,0.0,0.0,0.0,0.0,0.0,0.0,0.0,0.0,0.0,0.0,0.0,0.0,0.0,0.0,6952.84,74166.56,0.0,2026-10-03 13:45:20+00:00
10/03/2026 08:50:20,N,51.5062,0.0,0.0,0.0,0.0,0.0,0.0,0.0,0.0,0.0,0.0,0.0,0.0,0.0,0.0,6995.06,73928.88,0.0,2026-10-03 13:50:20+00:00
10/03/2026 08:55:21,N,53.2469,0.0,0.0,0.0,0.0,0.0,0.0,0.0,0.0,0.0,0.0,0.0,0.0,0.0,0.0,6930.45,73990.01,0.0,2026-10-03 13:55:21+00:00
10/03/2026 09:00:22,N,61.3171,0.0,0.0,0.0,0.0,0.0,0.0,0.0,0.0,0.0,0.0,0.0,0.0,0.0,0.0,6798.88,74032.09,0.0,2026-10-03 14:00:22+00:00
10/03/2026 09:05:18,N,62.2555,0.0,0.0,0.0,0.0,0.0,0.0,0.0,0.0,0.0,0.0,0.0,0.0,0.0,0.0,6775.45,74113.39,0.0,2026-10-03 14:05:18+00:00
10/03/2026 09:10:21,N,62.1939,0.0,0.0,0.0,0.0,0.0,0.0,0.0,0.0,0.0,0.0,0.0,0.0,0.0,0.0,6721.59,74308.19,0.0,2026-10-03 14:10:21+00:00
10/03/2026 09:15:18,N,60.3077,0.0,0.0,0.0,0.0,0.0,0.0,0.0,0.0,0.0,0.0,0.0,0.0,0.0,0.0,6601.88,74281.75,0.0,2026-10-03 14:15:18+00:00
10/03/2026 09:20:17,N,59.1993,0.0,0.0,0.0,0.0,0.0,0.0,0.0,0.0,0.0,0.0,0.0,0.0,0.0,0.0,6551.35,74397.85,0.0,2026-10-03 14:20:17+00:00
10/03/2026 09:25:17,N,62.0216,0.0,0.0,0.0,0.0,0.0,0.0,0.0,0.0,0.0,0.0,0.0,0.0,0.0,0.0,6533.39,74541.4,0.0,2026-10-03 14:25:17+00:00
10/03/2026 09:30:20,N,59.4545,0.0,0.0,0.0,0.0,0.0,0.0,0.0,0.0,0.0,0.0,0.0,0.0,0.0,0.0,6540.49,74890.27,0.0,2026-10-03 14:30:20+00:00
10/03/2026 09:35:19,N,55.5193,0.0,0.0,0.0,0.0,0.0,0.0,0.0,0.0,0.0,0.0,0.0,0.0,0.0,0.0,6432.89,75073.48,0.0,2026-10-03 14:35:19+00:00
10/03/2026 09:40:18,N,52.8519,0.0,0.0,0.0,0.0,0.0,0.0,0.0,0.0,0.0,0.0,0.0,0.0,0.0,0.0,6430.58,75443.24,0.0,2026-10-03 14:40:18+00:00
10/03/2026 09:45:17,N,55.7643,0.0,0.0,0.0,0.0,0.0,0.0,0.0,0.0,0.0,0.0,0.0,0.0,0.0,0.0,6435.7,75805.22,0.0,2026-10-03 14:45:17+00:00
10/03/2026 09:50:19,N,52.8178,0.0,0.0,0.0,0.0,0.0,0.0,0.0,0.0,0.0,0.0,0.0,0.0,0.0,0.0,6445.31,76180.84,0.0,2026-10-03 14:50:19+00:00
10/03/2026 09:55:21,N,49.0752,0.0,0.0,0.0,0.0,0.0,0.0,0.0,0.0,0.0,0.0,0.0,0.0,0.0,0.0,6446.8,76468.16,0.0,2026-10-03 14:55:21+00:00
10/03/2026 10:00:20,N,59.4422,0.0,0.0,0.0,0.0,0.0,0.0,0.0,0.0,0.0,0.0,0.0,0.0,0.0,0.0,6381.34,76513.42,0.0,2026-10-03 15:00:20+00:00
10/03/2026 10:05:19,N,56.9264,0.0,0.0,0.0,0.0,0.0,0.0,0.0,0.0,0.0,0.0,0.0,0.0,0.0,0.0,6240.11,76782.26,0.0,2026-10-03 15:05:19+00:00
10/03/2026 10:10:20,N,58.7606,0.0,0.0,0.0,0.0,0.0,0.0,0.0,0.0,0.0,0.0,0.0,0.0,0.0,0.0,6242.83,76562.79,0.0,2026-10-03 15:10:20+00:00
10/03/2026 10:15:23,N,57.4427,0.0,0.0,0.0,0.0,0.0,0.0,0.0,0.0,0.0,0.0,0.0,0.0,0.0,0.0,6326.12,76793.14,0.0,2026-10-03 15:15:23+00:00
10/03/2026 10:20:18,N,57.1337,0.0,0.0,0.0,0.0,0.0,0.0,0.0,0.0,0.0,0.0,0.0,0.0,0.0,0.0,6319.98,77190.17,0.0,2026-10-03 15:20:18+00:00
10/03/2026 10:25:18,N,57.5427,0.0,0.0,0.0,0.0,0.0,0.0,0.0,0.0,0.0,0.0,0.0,0.0,0.0,0.0,6353.62,77245.63,0.0,2026-10-03 15:25:18+00:00
10/03/2026 10:30:19,N,63.8303,0.0,0.0,0.0,0.0,0.0,0.0,0.0,0.0,0.0,0.0,0.0,0.0,0.0,0.0,6352.19,76668.49,0.0,2026-10-03 15:30:19+00:00
10/03/2026 10:35:20,N,65.0857,0.0,0.0,0.0,0.0,0.0,0.0,0.0,0.0,0.0,0.0,0.0,0.0,0.0,0.0,6403.47,76882.8,0.0,2026-10-03 15:35:20+00:00
10/03/2026 10:40:23,N,62.8259,0.0,0.0,0.0,0.0,0.0,0.0,0.0,0.0,0.0,0.0,0.0,0.0,0.0,0.0,6414.14,77242.45,0.0,2026-10-03 15:40:23+00:00
10/03/2026 10:45:24,N,56.0293,0.0,0.0,0.0,0.0,0.0,0.0,0.0,0.0,0.0,0.0,0.0,0.0,0.0,0.0,6473.8,77972.91,0.0,2026-10-03 15:45:24+00:00
10/03/2026 10:50:18,N,50.1789,0.0,0.0,0.0,0.0,0.0,0.0,0.0,0.0,0.0,0.0,0.0,0.0,0.0,0.0,6523.32,78501.47,0.0,2026-10-03 15:50:18+00:00
10/03/2026 10:55:21,N,47.3026,0.0,0.0,0.0,0.0,0.0,0.0,0.0,0.0,0.0,0.0,0.0,0.0,0.0,0.0,6468.35,79054.79,0.0,2026-10-03 15:55:21+00:00
10/03/2026 11:00:21,N,61.3125,0.0,0.0,0.0,0.0,0.0,0.0,0.0,0.0,0.0,0.0,0.0,0.0,0.0,0.0,6504.67,79469.8,0.0,2026-10-03 16:00:21+00:00
10/03/2026 11:05:18,N,54.7814,0.0,0.0,0.0,0.0,0.0,0.0,0.0,0.0,0.0,0.0,0.0,0.0,0.0,0.0,6527.13,80351.38,0.0,2026-10-03 16:05:18+00:00
10/03/2026 11:10:26,N,53.5893,0.0,0.0,0.0,0.0,0.0,0.0,0.0,0.0,0.0,0.0,0.0,0.0,0.0,0.0,6530.8,81134.2,0.0,2026-10-03 16:10:26+00:00
10/03/2026 11:15:20,N,50.7435,0.0,0.0,0.0,0.0,0.0,0.0,0.0,0.0,0.0,0.0,0.0,0.0,0.0,0.0,6537.35,81154.52,0.0,2026-10-03 16:15:20+00:00
10/03/2026 11:20:19,N,51.0091,0.0,0.0,0.0,0.0,0.0,0.0,0.0,0.0,0.0,0.0,0.0,0.0,0.0,0.0,6562.0,81765.5,0.0,2026-10-03 16:20:19+00:00
10/03/2026 11:25:24,N,52.3978,0.0,0.0,0.0,0.0,0.0,0.0,0.0,0.0,0.0,0.0,0.0,0.0,0.0,0.0,6592.92,82311.01,0.0,2026-10-03 16:25:24+00:00
10/03/2026 11:30:19,N,49.0476,0.0,0.0,0.0,0.0,0.0,0.0,0.0,0.0,0.0,0.0,0.0,0.0,0.0,0.0,6627.62,82664.09,0.0,2026-10-03 16:30:19+00:00
10/03/2026 11:35:19,N,51.7541,0.0,0.0,0.0,0.0,0.0,0.0,0.0,0.0,0.0,0.0,0.0,0.0,0.0,0.0,6662.09,82385.88,0.0,2026-10-03 16:35:19+00:00
10/03/2026 11:40:19,N,51.8619,0.0,0.0,0.0,0.0,0.0,0.0,0.0,0.0,0.0,0.0,0.0,0.0,0.0,0.0,6688.6,82608.59,0.0,2026-10-03 16:40:19+00:00
10/03/2026 11:45:21,N,53.9393,0.0,0.0,0.0,0.0,0.0,0.0,0.0,0.0,0.0,0.0,0.0,0.0,0.0,0.0,6712.86,82628.34,0.0,2026-10-03 16:45:21+00:00
10/03/2026 11:50:18,N,52.3227,0.0,0.0,0.0,0.0,0.0,0.0,0.0,0.0,0.0,0.0,0.0,0.0,0.0,0.0,6767.68,82989.05,0.0,2026-10-03 16:50:18+00:00
10/03/2026 11:55:19,N,51.7164,0.0,0.0,0.0,0.0,0.0,0.0,0.0,0.0,0.0,0.0,0.0,0.0,0.0,0.0,6831.27,83286.66,0.0,2026-10-03 16:55:19+00:00
10/03/2026 12:00:22,N,45.7269,0.0,0.0,0.0,0.0,0.0,0.0,0.0,0.0,0.0,0.0,0.0,0.0,0.0,0.0,6836.15,83984.98,0.0,2026-10-03 17:00:22+00:00
10/03/2026 12:05:20,N,46.115,0.0,0.0,0.0,0.0,0.0,0.0,0.0,0.0,0.0,0.0,0.0,0.0,0.0,0.0,6903.88,84371.76,0.0,2026-10-03 17:05:20+00:00
10/03/2026 12:10:20,N,48.5304,0.0,0.0,0.0,0.0,0.0,0.0,0.0,0.0,0.0,0.0,0.0,0.0,0.0,0.0,7098.8,84762.34,0.0,2026-10-03 17:10:20+00:00
10/03/2026 12:15:22,N,48.9316,0.0,0.0,0.0,0.0,0.0,0.0,0.0,0.0,0.0,0.0,0.0,0.0,0.0,0.0,7096.51,84751.38,0.0,2026-10-03 17:15:22+00:00
10/03/2026 12:20:20,N,48.983,0.0,0.0,0.0,0.0,0.0,0.0,0.0,0.0,0.0,0.0,0.0,0.0,0.0,0.0,7105.44,84827.81,0.0,2026-10-03 17:20:20+00:00
10/03/2026 12:25:21,N,49.5966,0.0,0.0,0.0,0.0,0.0,0.0,0.0,0.0,0.0,0.0,0.0,0.0,0.0,0.0,7193.73,84861.07,0.0,2026-10-03 17:25:21+00:00
10/03/2026 12:30:20,N,50.2059,0.0,0.0,0.0,0.0,0.0,0.0,0.0,0.0,0.0,0.0,0.0,0.0,0.0,0.0,7292.88,85079.38,0.0,2026-10-03 17:30:20+00:00
10/03/2026 12:35:19,N,48.4389,0.0,0.0,0.0,0.0,0.0,0.0,0.0,0.0,0.0,0.0,0.0,0.0,0.0,0.0,7307.32,85677.63,0.0,2026-10-03 17:35:19+00:00
10/03/2026 12:40:19,N,49.1836,0.0,0.0,0.0,0.0,0.0,0.0,0.0,0.0,0.0,0.0,0.0,0.0,0.0,0.0,7303.17,85891.78,0.0,2026-10-03 17:40:19+00:00
10/03/2026 12:45:19,N,50.6372,0.0,0.0,0.0,0.0,0.0,0.0,0.0,0.0,0.0,0.0,0.0,0.0,0.0,0.0,7368.53,85959.84,0.0,2026-10-03 17:45:19+00:00
10/03/2026 12:50:20,N,48.9184,0.0,0.0,0.0,0.0,0.0,0.0,0.0,0.0,0.0,0.0,0.0,0.0,0.0,0.0,7386.53,86602.98,0.0,2026-10-03 17:50:20+00:00
10/03/2026 12:55:20,N,48.0894,0.0,0.0,0.0,0.0,0.0,0.0,0.0,0.0,0.0,0.0,0.0,0.0,0.0,0.0,7583.82,87015.7,0.0,2026-10-03 17:55:20+00:00
10/03/2026 13:00:21,N,49.094,0.0,0.0,0.0,0.0,0.0,0.0,0.0,0.0,0.0,0.0,0.0,0.0,0.0,0.0,7578.1,87470.44,0.0,2026-10-03 18:00:21+00:00
10/03/2026 13:05:20,N,50.7105,0.0,0.0,0.0,0.0,0.0,0.0,0.0,0.0,0.0,0.0,0.0,0.0,0.0,0.0,7577.29,87501.31,0.0,2026-10-03 18:05:20+00:00
10/03/2026 13:10:22,N,51.2154,0.0,0.0,0.0,0.0,0.0,0.0,0.0,0.0,0.0,0.0,0.0,0.0,0.0,0.0,7953.07,87371.28,0.0,2026-10-03 18:10:22+00:00
10/03/2026 13:15:21,N,52.1664,0.0,0.0,0.0,0.0,0.0,0.0,0.0,0.0,0.0,0.0,0.0,0.0,0.0,0.0,7862.85,87721.99,0.0,2026-10-03 18:15:21+00:00
10/03/2026 13:20:18,N,53.2111,0.0,0.0,0.0,0.0,0.0,0.0,0.0,0.0,0.0,0.0,0.0,0.0,0.0,0.0,7531.91,87951.73,0.0,2026-10-03 18:20:18+00:00
10/03/2026 13:25:20,N,54.1174,0.0,0.0,0.0,0.0,0.0,0.0,0.0,0.0,0.0,0.0,0.0,0.0,0.0,0.0,7620.57,88102.32,0.0,2026-10-03 18:25:20+00:00
10/03/2026 13:30:19,N,53.2821,0.0,0.0,0.0,0.0,0.0,0.0,0.0,0.0,0.0,0.0,0.0,0.0,0.0,0.0,7689.76,88187.28,0.0,2026-10-03 18:30:19+00:00
10/03/2026 13:35:18,N,52.9826,0.0,0.0,0.0,0.0,0.0,0.0,0.0,0.0,0.0,0.0,0.0,0.0,0.0,0.0,8171.47,87995.64,0.0,2026-10-03 18:35:18+00:00
10/03/2026 13:40:18,N,54.4831,0.0,0.0,0.0,0.0,0.0,0.0,0.0,0.0,0.0,0.0,0.0,0.0,0.0,0.0,8564.13,87808.16,0.0,2026-10-03 18:40:18+00:00
10/03/2026 13:45:19,N,54.7951,0.0,0.0,0.0,0.0,0.0,0.0,0.0,0.0,0.0,0.0,0.0,0.0,0.0,0.0,8551.13,87629.38,0.0,2026-10-03 18:45:19+00:00
10/03/2026 13:50:17,N,54.5038,0.0,0.0,0.0,0.0,0.0,0.0,0.0,0.0,0.0,0.0,0.0,0.0,0.0,0.0,8548.85,87720.98,0.0,2026-10-03 18:50:17+00:00
10/03/2026 13:55:19,N,51.7569,0.0,0.0,0.0,0.0,0.0,0.0,0.0,0.0,0.0,0.0,0.0,0.0,0.0,0.0,8558.61,87758.35,0.0,2026-10-03 18:55:19+00:00
10/03/2026 14:00:19,N,54.5295,0.0,0.0,0.0,0.0,0.0,0.0,0.0,0.0,0.0,0.0,0.0,0.0,0.0,0.0,8653.26,87931.65,0.0,2026-10-03 19:00:19+00:00
10/03/2026 14:05:19,N,55.3785,0.0,0.0,0.0,0.0,0.0,0.0,0.0,0.0,0.0,0.0,0.0,0.0,0.0,0.0,8751.49,88143.9,0.0,2026-10-03 19:05:19+00:00
10/03/2026 14:10:20,N,54.6109,0.0,0.0,0.0,0.0,0.0,0.0,0.0,0.0,0.0,0.0,0.0,0.0,0.0,0.0,8861.87,88155.45,0.0,2026-10-03 19:10:20+00:00
10/03/2026 14:13:28,N,55.2515,0.0,0.0,0.0,0.0,0.0,0.0,0.0,0.0,0.0,0.0,0.0,0.0,0.0,0.0,8889.31,87725.47,0.0,2026-10-03 19:13:28+00:00
10/03/2026 14:15:18,N,55.9876,0.0,0.0,0.0,0.0,0.0,0.0,0.0,0.0,0.0,0.0,0.0,0.0,0.0,0.0,8875.79,87652.01,0.0,2026-10-03 19:15:18+00:00
10/03/2026 14:20:18,N,57.1568,0.0,0.0,0.0,0.0,0.0,0.0,0.0,0.0,0.0,0.0,0.0,0.0,0.0,0.0,8731.15,87998.23,0.0,2026-10-03 19:20:18+00:00
10/03/2026 14:25:18,N,57.2543,0.0,0.0,0.0,0.0,0.0,0.0,0.0,0.0,0.0,0.0,0.0,0.0,0.0,0.0,8795.19,87658.15,0.0,2026-10-03 19:25:18+00:00
10/03/2026 14:30:18,N,59.7047,0.0,0.0,0.0,0.0,0.0,0.0,0.0,0.0,0.0,0.0,0.0,0.0,0.0,0.0,8822.54,87738.62,0.0,2026-10-03 19:30:18+00:00
10/03/2026 14:35:18,N,58.7597,0.0,0.0,0.0,0.0,0.0,0.0,0.0,0.0,0.0,0.0,0.0,0.0,0.0,0.0,8896.95,88051.05,0.0,2026-10-03 19:35:18+00:00
10/03/2026 14:40:19,N,58.6337,0.0,0.0,0.0,0.0,0.0,0.0,0.0,0.0,0.0,0.0,0.0,0.0,0.0,0.0,8896.86,88015.78,0.0,2026-10-03 19:40:19+00:00
10/03/2026 14:45:18,N,58.1997,0.0,0.0,0.0,0.0,0.0,0.0,0.0,0.0,0.0,0.0,0.0,0.0,0.0,0.0,8956.16,88216.97,0.0,2026-10-03 19:45:18+00:00
10/03/2026 14:50:18,N,55.7998,0.0,0.0,0.0,0.0,0.0,0.0,0.0,0.0,0.0,0.0,0.0,0.0,0.0,0.0,9130.6,88488.9,0.0,2026-10-03 19:50:18+00:00
10/03/2026 14:55:22,N,53.2463,0.0,0.0,0.0,0.0,0.0,0.0,0.0,0.0,0.0,0.0,0.0,0.0,0.0,0.0,9308.48,88860.0,0.0,2026-10-03 19:55:22+00:00
10/03/2026 15:00:19,N,54.7195,0.0,0.0,0.0,0.0,0.0,0.0,0.0,0.0,0.0,0.0,0.0,0.0,0.0,0.0,9681.82,88534.23,0.0,2026-10-03 20:00:19+00:00
10/03/2026 15:05:19,N,50.8877,0.0,0.0,0.0,0.0,0.0,0.0,0.0,0.0,0.0,0.0,0.0,0.0,0.0,0.0,10088.74,89140.85,0.0,2026-10-03 20:05:19+00:00
10/03/2026 15:10:19,N,49.4121,0.0,0.0,0.0,0.0,0.0,0.0,0.0,0.0,0.0,0.0,0.0,0.0,0.0,0.0,10244.24,89107.16,0.0,2026-10-03 20:10:19+00:00
10/03/2026 15:15:19,N,44.3901,0.0,0.0,0.0,0.0,0.0,0.0,0.0,0.0,0.0,0.0,0.0,0.0,0.0,0.0,10422.99,89337.87,0.0,2026-10-03 20:15:19+00:00
10/03/2026 15:20:19,N,43.617,0.0,0.0,0.0,0.0,0.0,0.0,0.0,0.0,0.0,0.0,0.0,0.0,0.0,0.0,10485.47,89591.87,0.0,2026-10-03 20:20:19+00:00
10/03/2026 15:25:17,N,46.5163,0.0,0.0,0.0,0.0,0.0,0.0,0.0,0.0,0.0,0.0,0.0,0.0,0.0,0.0,10573.31,89498.03,0.0,2026-10-03 20:25:17+00:00
10/03/2026 15:30:18,N,42.0744,0.0,0.0,0.0,0.0,0.0,0.0,0.0,0.0,0.0,0.0,0.0,0.0,0.0,0.0,10653.93,89354.07,0.0,2026-10-03 20:30:18+00:00
10/03/2026 15:35:17,N,42.5514,0.0,0.0,0.0,0.0,0.0,0.0,0.0,0.0,0.0,0.0,0.0,0.0,0.0,0.0,10672.72,89263.66,0.0,2026-10-03 20:35:17+00:00
10/03/2026 15:40:18,N,44.8031,0.0,0.0,0.0,0.0,0.0,0.0,0.0,0.0,0.0,0.0,0.0,0.0,0.0,0.0,10772.59,89415.35,0.0,2026-10-03 20:40:18+00:00
10/03/2026 15:45:17,N,44.3512,0.0,0.0,0.0,0.0,0.0,0.0,0.0,0.0,0.0,0.0,0.0,0.0,0.0,0.0,10960.76,89384.23,0.0,2026-10-03 20:45:17+00:00
10/03/2026 15:50:17,N,44.7169,0.0,0.0,0.0,0.0,0.0,0.0,0.0,0.0,0.0,0.0,0.0,0.0,0.0,0.0,11102.55,88910.48,0.0,2026-10-03 20:50:17+00:00
10/03/2026 15:55:18,N,44.2971,0.0,0.0,0.0,0.0,0.0,0.0,0.0,0.0,0.0,0.0,0.0,0.0,0.0,0.0,11183.05,88969.24,0.0,2026-10-03 20:55:18+00:00
10/03/2026 16:00:19,N,40.6143,0.0,0.0,0.0,0.0,0.0,0.0,0.0,0.0,0.0,0.0,0.0,0.0,0.0,0.0,11272.7,89073.63,0.0,2026-10-03 21:00:19+00:00
10/03/2026 16:05:17,N,34.531,2.23,0.0,0.0,0.0,0.0,0.0,45.0,0.0,0.0,0.0,0.0,0.0,0.0,0.0,11213.26,89917.63,0.0,2026-10-03 21:05:17+00:00
10/03/2026 16:10:18,N,35.9445,2.74,0.0,0.0,0.0,0.0,0.0,45.0,0.0,0.0,0.0,0.0,0.0,0.0,0.0,11485.79,89462.5,0.0,2026-10-03 21:10:18+00:00
10/03/2026 16:15:18,N,37.8327,0.57,0.0,0.0,0.0,0.0,0.0,45.0,0.0,0.0,0.0,0.0,0.0,0.0,0.0,11249.49,89383.12,0.0,2026-10-03 21:15:18+00:00
10/03/2026 16:20:18,N,40.0896,0.0,0.0,0.0,0.0,0.0,0.0,45.0,0.0,0.0,0.0,0.0,0.0,0.0,0.0,11277.46,88922.74,0.0,2026-10-03 21:20:18+00:00
10/03/2026 16:25:16,N,40.351,0.0,0.0,0.0,0.0,0.0,0.0,45.0,0.0,0.0,0.0,0.0,0.0,0.0,0.0,11308.72,88634.03,0.0,2026-10-03 21:25:16+00:00
10/03/2026 16:30:17,N,41.9189,0.0,0.0,0.0,0.0,0.0,0.0,45.0,0.0,0.0,0.0,0.0,0.0,0.0,0.0,11402.38,88155.05,0.0,2026-10-03 21:30:17+00:00
10/03/2026 16:35:17,N,40.7253,0.0,0.0,0.0,0.0,0.0,0.0,45.0,0.0,0.0,0.0,0.0,0.0,0.0,0.0,11525.32,87903.7,0.0,2026-10-03 21:35:17+00:00
10/03/2026 16:40:18,N,42.3651,0.07,0.0,0.0,0.0,0.0,0.0,45.0,0.0,0.0,0.0,0.0,0.0,0.0,0.0,11609.52,87903.34,0.0,2026-10-03 21:40:18+00:00
10/03/2026 16:45:16,N,44.7544,0.0,0.0,0.0,0.0,0.0,0.0,45.0,0.0,0.0,0.0,0.0,0.0,0.0,0.0,11680.55,87300.29,0.0,2026-10-03 21:45:16+00:00
10/03/2026 16:50:18,N,52.1276,0.0,0.0,0.0,0.0,0.0,0.0,45.0,0.0,0.0,0.0,0.0,0.0,0.0,0.0,11923.44,86528.16,0.0,2026-10-03 21:50:18+00:00
10/03/2026 16:55:18,N,59.4537,0.0,0.0,0.71,0.0,0.0,0.0,45.0,0.0,0.0,0.0,0.0,0.0,0.0,0.0,11946.09,86098.83,0.0,2026-10-03 21:55:18+00:00
10/03/2026 17:00:18,N,44.4363,0.0,0.0,0.0,0.0,0.0,0.0,45.0,0.0,0.0,0.0,0.0,0.0,0.0,0.0,12240.04,85953.73,0.0,2026-10-03 22:00:18+00:00
10/03/2026 17:05:18,N,44.9789,0.0,0.0,0.0,0.0,0.0,0.0,45.0,0.0,0.0,0.0,0.0,0.0,0.0,0.0,12305.97,86025.73,0.0,2026-10-03 22:05:18+00:00
10/03/2026 17:10:18,N,45.2259,0.0,0.0,0.0,0.0,0.0,0.01,45.0,0.0,0.0,0.0,0.0,0.0,0.0,0.0,12314.16,85683.45,0.0,2026-10-03 22:10:18+00:00
10/03/2026 17:12:47,N,47.1559,0.0,0.0,0.03,0.0,0.0,0.01,45.0,0.0,0.0,0.0,0.0,0.0,0.0,0.0,12256.8,85254.44,0.0,2026-10-03 22:12:47+00:00
10/03/2026 17:15:17,N,50.8428,0.0,0.0,0.01,0.0,0.0,0.0,45.0,0.0,0.0,0.0,0.0,0.0,0.0,0.0,11937.83,85058.91,0.0,2026-10-03 22:15:17+00:00
10/03/2026 17:20:18,N,47.1408,0.0,0.0,0.0,0.0,0.0,0.01,45.0,0.0,0.0,0.0,0.0,0.0,0.0,0.0,12004.79,85366.12,0.0,2026-10-03 22:20:18+00:00
10/03/2026 17:25:19,N,57.1832,0.0,0.0,0.0,0.0,0.0,0.0,45.0,0.0,0.0,0.0,0.0,0.0,0.0,0.0,11989.15,85038.45,0.0,2026-10-03 22:25:19+00:00
10/03/2026 17:30:20,N,56.8198,0.0,0.0,0.0,0.0,0.0,0.0,45.0,0.0,0.0,0.0,0.0,0.0,0.0,0.0,11949.76,84803.84,0.0,2026-10-03 22:30:20+00:00
10/03/2026 17:35:18,N,58.3456,0.0,0.0,0.0,0.0,0.0,0.0,45.0,0.0,0.0,0.0,0.0,0.0,0.0,0.0,11935.46,84488.03,0.0,2026-10-03 22:35:18+00:00
10/03/2026 17:40:21,N,55.8847,0.0,0.0,0.0,0.0,0.0,0.0,45.0,0.0,0.0,0.0,0.0,0.0,0.0,0.0,11807.73,84059.24,0.0,2026-10-03 22:40:21+00:00
10/03/2026 17:45:16,N,50.9705,0.0,0.0,0.0,0.0,0.0,0.0,45.0,0.0,0.0,0.0,0.0,0.0,0.0,0.0,11999.7,84035.95,0.0,2026-10-03 22:45:16+00:00
10/03/2026 17:50:16,N,50.9125,0.0,0.0,0.0,0.0,0.0,0.01,45.0,0.0,0.0,0.0,0.0,0.0,0.0,0.0,12097.32,84162.67,0.0,2026-10-03 22:50:16+00:00
10/03/2026 17:55:15,N,48.0297,0.0,0.0,0.0,0.0,0.0,0.01,45.0,0.0,0.0,0.0,0.0,0.0,0.0,0.0,12241.18,84060.33,0.0,2026-10-03 22:55:15+00:00
10/03/2026 18:00:19,N,39.1029,0.95,0.0,0.0,0.0,0.0,0.0,45.0,0.0,0.0,0.0,0.0,0.0,0.0,0.0,12278.71,83751.15,0.0,2026-10-03 23:00:19+00:00
10/03/2026 18:05:18,N,39.2172,1.6,0.0,0.0,0.0,0.0,0.0,45.0,0.0,0.0,0.0,0.0,0.0,0.0,0.0,12244.14,83492.8,0.0,2026-10-03 23:05:18+00:00
10/03/2026 18:10:18,N,49.1739,0.0,0.0,0.0,0.0,0.0,0.0,45.0,0.0,0.0,0.0,0.0,0.0,0.0,0.0,12172.7,83256.9,0.0,2026-10-03 23:10:18+00:00
10/03/2026 18:15:18,N,48.5981,0.0,0.0,0.0,0.0,0.0,0.0,45.0,0.0,0.0,0.0,0.0,0.0,0.0,0.0,12079.16,82722.4,0.0,2026-10-03 23:15:18+00:00
10/03/2026 18:20:19,N,51.5326,0.0,0.0,0.0,0.0,0.0,0.0,45.0,0.0,0.0,0.0,0.0,0.0,0.0,0.0,12016.88,82124.03,0.0,2026-10-03 23:20:19+00:00
10/03/2026 18:25:16,N,58.2941,0.0,0.0,0.0,0.0,0.0,0.0,45.0,0.0,0.0,0.0,0.0,0.0,0.0,0.0,11920.72,81497.44,0.0,2026-10-03 23:25:16+00:00
10/03/2026 18:30:19,N,60.121,0.0,0.0,0.0,0.0,0.0,0.01,45.0,0.0,0.0,0.0,0.0,0.0,0.0,0.0,11567.71,80672.43,0.0,2026-10-03 23:30:19+00:00
10/03/2026 18:35:17,N,67.7001,0.0,0.03,0.0,0.0,0.01,0.03,45.0,0.0,0.0,0.0,0.0,0.0,0.0,0.0,11160.31,79903.03,0.0,2026-10-03 23:35:17+00:00
10/03/2026 18:40:18,N,68.4518,0.0,0.06,0.0,0.01,0.01,0.06,45.0,0.0,0.0,0.0,0.0,0.0,0.0,0.0,11038.19,79283.87,0.0,2026-10-03 23:40:18+00:00
10/03/2026 18:45:24,N,70.9635,0.0,0.01,0.0,0.01,0.01,0.04,45.0,0.0,0.0,0.0,0.0,0.0,0.0,0.0,10850.92,78868.72,0.0,2026-10-03 23:45:24+00:00
10/03/2026 18:50:21,N,71.6473,0.0,0.0,0.0,0.0,0.01,0.04,45.0,0.0,0.0,0.0,0.0,0.0,0.0,0.0,10790.81,78565.6,0.0,2026-10-03 23:50:21+00:00
10/03/2026 18:55:21,N,68.103,0.0,0.0,0.0,0.0,0.01,0.03,45.0,0.0,0.0,0.0,0.0,0.0,0.0,0.0,10748.5,78224.99,0.0,2026-10-03 23:55:21+00:00
10/03/2026 19:00:21,N,59.0955,0.01,0.02,0.0,0.0,0.0,0.02,45.0,0.0,0.0,0.0,0.0,0.0,0.0,0.0,10601.53,77929.18,0.0,2026-10-04 00:00:21+00:00
10/03/2026 19:05:21,N,60.9407,0.09,0.0,0.0,0.0,0.0,0.02,45.0,0.0,0.0,0.0,0.0,0.0,0.0,0.0,10227.52,77654.21,0.0,2026-10-04 00:05:21+00:00
10/03/2026 19:10:22,N,62.2599,0.37,0.0,0.0,0.0,0.0,0.0,45.0,0.0,0.0,0.0,0.0,0.0,0.0,0.0,10088.33,77383.39,0.0,2026-10-04 00:10:22+00:00
10/03/2026 19:15:28,N,63.5704,0.15,0.0,0.0,0.0,0.0,0.01,45.0,0.0,0.0,0.0,0.0,0.0,0.0,0.0,10019.35,77235.05,0.0,2026-10-04 00:15:28+00:00
10/03/2026 19:20:27,N,64.894,0.05,0.0,0.0,0.0,0.01,0.03,45.0,0.0,0.0,0.0,0.0,0.0,0.0,0.0,9892.79,77100.72,0.0,2026-10-04 00:20:27+00:00
10/03/2026 19:25:28,N,64.5547,0.01,0.0,0.0,0.0,0.0,0.01,45.0,0.0,0.0,0.0,0.0,0.0,0.0,0.0,9780.33,77063.98,0.0,2026-10-04 00:25:28+00:00
10/03/2026 19:30:22,N,63.6977,0.0,0.01,0.0,0.0,0.01,0.02,45.0,0.0,0.0,0.0,0.0,0.0,0.0,0.0,9625.61,77017.58,0.0,2026-10-04 00:30:22+00:00
10/03/2026 19:35:26,N,63.7961,0.13,0.09,0.0,0.01,0.02,0.08,45.0,0.0,0.0,0.0,0.0,0.0,0.0,0.0,9557.71,76968.23,0.0,2026-10-04 00:35:26+00:00
10/03/2026 19:40:21,N,65.1616,0.0,0.0,0.0,0.0,0.0,0.0,45.0,0.0,0.0,0.0,0.0,0.0,0.0,0.0,9531.15,76850.63,0.0,2026-10-04 00:40:21+00:00
10/03/2026 19:45:25,N,65.462,0.05,0.0,0.0,0.0,0.0,0.0,45.0,0.0,0.0,0.0,0.0,0.0,0.0,0.0,9507.12,76806.48,0.0,2026-10-04 00:45:25+00:00
10/03/2026 19:50:21,N,63.0596,0.09,0.0,0.0,0.0,0.0,0.0,45.0,0.0,0.0,0.0,0.0,0.0,0.0,0.0,9520.06,76775.84,0.0,2026-10-04 00:50:21+00:00
10/03/2026 19:55:24,N,66.0192,0.18,0.0,0.0,0.0,0.0,0.0,45.0,0.0,0.0,0.0,0.0,0.0,0.0,0.0,9469.08,76755.91,0.0,2026-10-04 00:55:24+00:00
10/03/2026 20:00:24,N,71.6509,0.07,0.0,0.0,0.0,0.0,0.01,45.0,0.0,0.0,0.0,0.0,0.0,0.0,0.0,9485.0,76740.74,0.0,2026-10-04 01:00:24+00:00
10/03/2026 20:05:23,N,72.2146,0.0,0.0,0.0,0.0,0.0,0.0,45.0,0.0,0.0,0.0,0.0,0.0,0.0,0.0,9341.11,76965.25,0.0,2026-10-04 01:05:23+00:00
10/03/2026 20:10:21,N,69.959,0.79,0.05,0.0,0.01,0.01,0.05,45.0,0.0,0.0,0.0,0.0,0.0,0.0,0.0,9157.89,77038.13,0.0,2026-10-04 01:10:21+00:00
10/03/2026 20:15:20,N,70.3994,0.0,0.0,0.0,0.0,0.0,0.0,45.0,0.0,0.0,0.0,0.0,0.0,0.0,0.0,9374.15,77193.95,0.0,2026-10-04 01:15:20+00:00
10/03/2026 20:20:21,N,64.396,0.04,0.0,0.0,0.0,0.0,0.0,45.0,0.0,0.0,0.0,0.0,0.0,0.0,0.0,9436.49,77258.51,0.0,2026-10-04 01:20:21+00:00
10/03/2026 20:25:21,N,64.5895,0.0,0.01,0.0,0.0,0.0,0.01,45.0,0.0,0.0,0.0,0.0,0.0,0.0,0.0,9313.48,77410.2,0.0,2026-10-04 01:25:21+00:00
10/03/2026 20:30:20,N,68.5053,0.0,0.0,0.0,0.0,0.0,0.0,45.0,0.0,0.0,0.0,0.0,0.0,0.0,0.0,9317.29,77373.53,0.0,2026-10-04 01:30:20+00:00
10/03/2026 20:35:19,N,70.1385,0.02,0.05,0.0,0.0,0.0,0.0,45.0,0.0,0.0,0.0,0.0,0.0,0.0,0.0,9301.16,77361.05,0.0,2026-10-04 01:35:19+00:00
10/03/2026 20:40:20,N,68.5708,0.04,0.0,0.0,0.0,0.0,0.0,45.0,0.0,0.0,0.0,0.0,0.0,0.0,0.0,9285.37,77349.65,0.0,2026-10-04 01:40:20+00:00
10/03/2026 20:45:19,N,69.3386,0.16,0.0,0.0,0.0,0.0,0.0,45.0,0.0,0.0,0.0,0.0,0.0,0.0,0.0,9374.86,77096.31,0.0,2026-10-04 01:45:19+00:00
10/03/2026 20:50:27,N,68.0566,0.01,0.0,0.0,0.0,0.0,0.0,45.0,0.0,0.0,0.0,0.0,0.0,0.0,0.0,9389.24,77044.44,0.0,2026-10-04 01:50:27+00:00
10/03/2026 20:55:20,N,62.8252,0.05,0.0,0.0,0.0,0.0,0.0,45.0,0.0,0.0,0.0,0.0,0.0,0.0,0.0,9447.53,76992.92,0.0,2026-10-04 01:55:20+00:00
10/03/2026 21:00:21,N,61.1621,0.68,0.0,0.0,0.0,0.0,0.01,45.0,0.0,0.0,0.0,0.0,0.0,0.0,0.0,9421.99,77041.93,0.0,2026-10-04 02:00:21+00:00
10/03/2026 21:05:21,N,60.7133,0.58,0.03,0.0,0.03,0.05,0.2,45.0,0.0,0.0,0.0,0.0,0.0,0.0,0.0,9373.31,77195.41,0.0,2026-10-04 02:05:21+00:00
10/03/2026 21:10:20,N,58.1998,0.27,0.0,0.0,0.0,0.0,0.0,45.0,0.0,0.0,0.0,0.0,0.0,0.0,0.0,9360.07,77371.18,0.0,2026-10-04 02:10:20+00:00
10/03/2026 21:15:20,N,56.7011,1.29,0.0,0.0,0.0,0.0,0.0,45.0,0.0,0.0,0.0,0.0,0.0,0.0,0.0,9414.26,77546.12,0.0,2026-10-04 02:15:20+00:00
10/03/2026 21:20:20,N,55.7914,1.31,0.0,0.0,0.0,0.0,0.0,45.0,0.0,0.0,0.0,0.0,0.0,0.0,0.0,9456.71,77658.67,0.0,2026-10-04 02:20:20+00:00
10/03/2026 21:25:19,N,54.0171,0.63,0.02,0.0,0.02,0.04,0.16,45.0,0.0,0.0,0.0,0.0,0.0,0.0,0.0,9424.83,77692.98,0.0,2026-10-04 02:25:19+00:00
10/03/2026 21:30:25,N,52.3267,1.58,0.02,0.0,0.02,0.04,0.15,45.0,0.0,0.0,0.0,0.0,0.0,0.0,0.0,9353.91,77727.83,0.0,2026-10-04 02:30:25+00:00
10/03/2026 21:35:19,N,53.8477,0.73,0.0,0.0,0.0,0.0,0.0,45.0,0.0,0.0,0.0,0.0,0.0,0.0,0.0,9262.33,77609.16,0.0,2026-10-04 02:35:19+00:00
10/03/2026 21:40:20,N,53.5768,1.02,0.04,0.0,0.04,0.08,0.33,45.0,0.0,0.0,0.0,0.0,0.0,0.0,0.0,9232.0,77444.06,0.0,2026-10-04 02:40:20+00:00
10/03/2026 21:45:19,N,52.3159,1.19,0.03,0.0,0.02,0.04,0.15,45.0,0.0,0.0,0.0,0.0,0.0,0.0,0.0,9187.33,77497.41,0.0,2026-10-04 02:45:19+00:00
10/03/2026 21:50:19,N,51.0306,1.42,0.02,0.0,0.02,0.03,0.12,45.0,0.0,0.0,0.0,0.0,0.0,0.0,0.0,9137.25,77393.1,0.0,2026-10-04 02:50:19+00:00
10/03/2026 21:55:20,N,52.8341,0.36,0.0,0.0,0.0,0.0,0.0,45.0,0.0,0.0,0.0,0.0,0.0,0.0,0.0,8993.06,77270.03,0.0,2026-10-04 02:55:20+00:00
10/03/2026 22:00:22,N,61.7736,0.97,0.0,0.0,0.0,0.0,0.0,45.0,0.0,0.0,0.0,0.0,0.0,0.0,0.0,8994.66,77057.96,0.0,2026-10-04 03:00:22+00:00
10/03/2026 22:05:22,N,54.617,1.11,0.0,0.0,0.0,0.0,0.0,45.0,0.0,0.0,0.0,0.0,0.0,0.0,0.0,8819.83,76865.55,0.0,2026-10-04 03:05:22+00:00
10/03/2026 22:10:21,N,62.1746,0.63,0.0,0.0,0.0,0.08,0.02,45.0,0.0,0.0,0.0,0.0,0.0,0.0,0.0,8746.48,76792.71,0.0,2026-10-04 03:10:21+00:00
10/03/2026 22:15:21,N,62.5691,0.92,0.02,0.0,0.03,0.03,0.24,45.0,0.0,0.0,0.0,0.0,0.0,0.0,0.0,8744.71,76277.88,0.0,2026-10-04 03:15:21+00:00
10/03/2026 22:20:27,N,61.267,0.86,0.01,0.0,0.01,0.0,0.08,45.0,0.0,0.0,0.0,0.0,0.0,0.0,0.0,8736.24,76183.53,0.0,2026-10-04 03:20:27+00:00
10/03/2026 22:25:20,N,60.9282,1.4,0.0,0.0,0.0,0.0,0.01,45.0,0.0,0.0,0.0,0.0,0.0,0.0,0.0,8734.12,76319.21,0.0,2026-10-04 03:25:20+00:00
10/03/2026 22:30:20,N,62.572,1.51,0.0,0.0,0.0,0.0,0.0,45.0,0.0,0.0,0.0,0.0,0.0,0.0,0.0,8709.31,76212.53,0.0,2026-10-04 03:30:20+00:00
10/03/2026 22:35:27,N,59.8068,0.12,0.0,0.0,0.0,0.0,0.0,45.0,0.0,0.0,0.0,0.0,0.0,0.0,0.0,8709.24,76148.75,0.0,2026-10-04 03:35:27+00:00
10/03/2026 22:40:20,N,60.6688,0.44,0.0,0.0,0.0,0.0,0.0,45.0,0.0,0.0,0.0,0.0,0.0,0.0,0.0,8702.21,76070.59,0.0,2026-10-04 03:40:20+00:00
10/03/2026 22:45:20,N,59.5491,0.33,0.65,0.0,0.0,0.0,0.0,45.0,0.0,0.0,0.0,0.0,0.0,0.0,0.0,8757.68,75962.83,0.0,2026-10-04 03:45:20+00:00
10/03/2026 22:50:25,N,58.6636,0.24,0.39,0.0,0.01,0.02,0.08,45.0,0.0,0.0,0.0,0.0,0.0,0.0,0.0,8797.71,76002.41,0.0,2026-10-04 03:50:25+00:00
10/03/2026 22:55:20,N,57.919,0.06,0.0,0.0,0.0,0.0,0.0,45.0,0.0,0.0,0.0,0.0,0.0,0.0,0.0,8792.68,76090.18,0.0,2026-10-04 03:55:20+00:00
10/03/2026 23:00:27,N,57.4817,1.98,0.0,0.0,0.0,0.01,0.03,45.0,0.0,0.0,0.0,0.0,0.0,0.0,0.0,8807.8,76140.57,0.0,2026-10-04 04:00:27+00:00
10/03/2026 23:05:20,N,58.3313,1.9,0.0,0.0,0.0,0.0,0.0,45.0,0.0,0.0,0.0,0.0,0.0,0.0,0.0,8727.46,76120.43,0.0,2026-10-04 04:05:20+00:00
10/03/2026 23:10:20,N,57.4085,1.29,0.0,0.0,0.0,0.0,0.0,45.0,0.0,0.0,0.0,0.0,0.0,0.0,0.0,8385.92,75902.47,0.0,2026-10-04 04:10:20+00:00
10/03/2026 23:15:20,N,62.7715,0.9,0.0,0.0,0.0,0.0,0.0,45.0,0.0,0.0,0.0,0.0,0.0,0.0,0.0,8103.97,75531.07,0.0,2026-10-04 04:15:20+00:00
10/03/2026 23:20:20,N,62.5951,0.33,0.0,0.0,0.0,0.0,0.0,45.0,0.0,0.0,0.0,0.0,0.0,0.0,0.0,7895.81,75349.04,0.0,2026-10-04 04:20:20+00:00
10/03/2026 23:25:19,N,62.285,0.44,0.01,0.0,0.01,0.02,0.08,45.0,0.0,0.0,0.0,0.0,0.0,0.0,0.0,7926.37,75072.27,0.0,2026-10-04 04:25:19+00:00
10/03/2026 23:30:19,N,62.7332,0.06,0.0,0.0,0.0,0.0,0.0,45.0,0.0,0.0,0.0,0.0,0.0,0.0,0.0,7814.89,74854.56,0.0,2026-10-04 04:30:19+00:00
10/03/2026 23:35:18,N,63.3078,0.41,0.04,0.0,0.03,0.07,0.28,45.0,0.0,0.0,0.0,0.0,0.0,0.0,0.0,7725.49,74785.1,0.0,2026-10-04 04:35:18+00:00
10/03/2026 23:40:19,N,63.6806,0.34,0.02,0.0,0.02,0.04,0.14,45.0,0.0,0.0,0.0,0.0,0.0,0.0,0.0,7765.01,74706.94,0.0,2026-10-04 04:40:19+00:00
10/03/2026 23:45:20,N,63.0164,0.3,0.01,0.0,0.01,0.03,0.1,45.0,0.0,0.0,0.0,0.0,0.0,0.0,0.0,7757.42,74266.51,0.0,2026-10-04 04:45:20+00:00
10/03/2026 23:50:19,N,61.6125,1.11,0.0,0.0,0.0,0.01,0.03,45.0,0.0,0.0,0.0,0.0,0.0,0.0,0.0,7754.06,74220.91,0.0,2026-10-04 04:50:19+00:00
10/03/2026 23:55:19,N,61.0834,0.24,0.04,0.0,0.04,0.07,0.3,45.0,0.0,0.0,0.0,0.0,0.0,0.0,0.0,7688.41,74165.19,0.0,2026-10-04 04:55:19+00:00
10/04/2026 00:00:22,N,48.2255,0.0,0.0,0.0,0.0,0.0,0.0,0.0,0.0,0.0,0.0,0.0,0.0,0.0,0.0,7776.37,73730.72,0.0,2026-10-04 05:00:22+00:00
10/04/2026 00:05:21,N,51.6736,0.0,0.0,0.0,0.0,0.0,0.0,0.0,0.0,0.0,0.0,0.0,0.0,0.0,0.0,7376.45,73426.13,0.0,2026-10-04 05:05:21+00:00
10/04/2026 00:10:20,N,50.8179,0.0,0.0,0.0,0.0,0.0,0.0,0.0,0.0,0.0,0.0,0.0,0.0,0.0,0.0,6927.63,73113.01,0.0,2026-10-04 05:10:20+00:00
10/04/2026 00:15:20,N,47.5337,0.0,0.0,0.0,0.0,0.0,0.0,0.0,0.0,0.0,0.0,0.0,0.0,0.0,0.0,6802.94,72759.47,0.0,2026-10-04 05:15:20+00:00
10/04/2026 00:20:19,N,47.3099,0.0,0.0,0.0,0.0,0.0,0.0,0.0,0.0,0.0,0.0,0.0,0.0,0.0,0.0,6722.68,72260.06,0.0,2026-10-04 05:20:19+00:00
10/04/2026 00:25:22,N,48.0057,0.0,0.0,0.0,0.0,0.0,0.0,0.0,0.0,0.0,0.0,0.0,0.0,0.0,0.0,6667.82,72171.26,0.0,2026-10-04 05:25:22+00:00
10/04/2026 00:30:19,N,46.1499,0.0,0.0,0.0,0.0,0.0,0.0,0.0,0.0,0.0,0.0,0.0,0.0,0.0,0.0,6511.78,72173.06,0.0,2026-10-04 05:30:19+00:00
10/04/2026 00:35:18,N,49.2863,0.0,0.0,0.0,0.0,0.0,0.0,0.0,0.0,0.0,0.0,0.0,0.0,0.0,0.0,6311.08,72145.13,0.0,2026-10-04 05:35:18+00:00
10/04/2026 00:40:19,N,48.4986,0.0,0.0,0.0,0.0,0.0,0.0,0.0,0.0,0.0,0.0,0.0,0.0,0.0,0.0,6211.25,71939.47,0.0,2026-10-04 05:40:19+00:00
10/04/2026 00:45:20,N,54.8242,0.0,0.0,0.0,0.0,0.0,0.0,0.0,0.0,0.0,0.0,0.0,0.0,0.0,0.0,6170.7,71782.3,0.0,2026-10-04 05:45:20+00:00
10/04/2026 00:50:18,N,55.0095,0.0,0.0,0.0,0.0,0.0,0.0,0.0,0.0,0.0,0.0,0.0,0.0,0.0,0.0,6229.31,71480.26,0.0,2026-10-04 05:50:18+00:00
10/04/2026 00:55:18,N,54.5942,0.0,0.0,0.0,0.0,0.0,0.0,0.0,0.0,0.0,0.0,0.0,0.0,0.0,0.0,6142.69,71509.84,0.0,2026-10-04 05:55:18+00:00
10/04/2026 01:00:25,N,69.3608,0.0,0.0,0.0,0.0,0.0,0.0,0.0,0.0,0.0,0.0,0.0,0.0,0.0,0.0,6216.59,71310.16,0.0,2026-10-04 06:00:25+00:00
10/04/2026 01:05:18,N,76.3908,0.0,0.0,0.0,0.0,0.0,0.0,0.0,0.0,0.0,0.0,0.0,0.0,0.0,0.0,6083.18,71526.92,0.0,2026-10-04 06:05:18+00:00
10/04/2026 01:10:18,N,72.4806,0.0,0.0,0.0,0.0,0.0,0.0,0.0,0.0,0.0,0.0,0.0,0.0,0.0,0.0,6029.28,71479.41,0.0,2026-10-04 06:10:18+00:00
10/04/2026 01:15:23,N,70.9628,0.0,0.0,0.0,0.0,0.0,0.0,0.0,0.0,0.0,0.0,0.0,0.0,0.0,0.0,6013.17,71455.61,0.0,2026-10-04 06:15:23+00:00
10/04/2026 01:20:19,N,61.399,0.0,0.0,0.0,0.0,0.0,0.0,0.0,0.0,0.0,0.0,0.0,0.0,0.0,0.0,6077.81,71500.9,0.0,2026-10-04 06:20:19+00:00
10/04/2026 01:25:19,N,51.9524,0.0,0.0,0.0,0.0,0.0,0.0,0.0,0.0,0.0,0.0,0.0,0.0,0.0,0.0,6126.13,71538.6,0.0,2026-10-04 06:25:19+00:00
10/04/2026 01:30:19,N,51.5618,0.0,0.0,0.0,0.0,0.0,0.0,0.0,0.0,0.0,0.0,0.0,0.0,0.0,0.0,6099.69,71576.34,0.0,2026-10-04 06:30:19+00:00
10/04/2026 01:35:19,N,52.4956,0.0,0.0,0.0,0.0,0.0,0.0,0.0,0.0,0.0,0.0,0.0,0.0,0.0,0.0,6096.17,71588.48,0.0,2026-10-04 06:35:19+00:00
10/04/2026 01:40:20,N,51.6018,0.0,0.0,0.0,0.0,0.0,0.0,0.0,0.0,0.0,0.0,0.0,0.0,0.0,0.0,6112.01,71533.27,0.0,2026-10-04 06:40:20+00:00
10/04/2026 01:45:19,N,52.4257,0.0,0.0,0.0,0.0,0.0,0.0,0.0,0.0,0.0,0.0,0.0,0.0,0.0,0.0,6157.1,71304.45,0.0,2026-10-04 06:45:19+00:00
10/04/2026 01:50:17,N,51.0999,0.0,0.0,0.0,0.0,0.0,0.0,0.0,0.0,0.0,0.0,0.0,0.0,0.0,0.0,6190.0,71127.66,0.0,2026-10-04 06:50:17+00:00
10/04/2026 01:55:22,N,50.7239,0.0,0.0,0.0,0.0,0.0,0.0,0.0,0.0,0.0,0.0,0.0,0.0,0.0,0.0,6225.6,70885.66,0.0,2026-10-04 06:55:22+00:00
10/04/2026 02:00:21,N,69.0951,0.0,0.0,0.0,0.0,0.0,0.0,0.0,0.0,0.0,0.0,0.0,0.0,0.0,0.0,6256.6,70919.55,0.0,2026-10-04 07:00:21+00:00
10/04/2026 02:05:19,N,68.7659,0.0,0.0,0.0,0.0,0.0,0.0,0.0,0.0,0.0,0.0,0.0,0.0,0.0,0.0,6271.59,70988.7,0.0,2026-10-04 07:05:19+00:00
10/04/2026 02:10:20,N,69.8091,0.0,0.0,0.0,0.0,0.0,0.0,0.0,0.0,0.0,0.0,0.0,0.0,0.0,0.0,6260.06,70956.92,0.0,2026-10-04 07:10:20+00:00
10/04/2026 02:15:19,N,64.748,0.0,0.0,0.0,0.0,0.0,0.0,0.0,0.0,0.0,0.0,0.0,0.0,0.0,0.0,6274.23,70946.76,0.0,2026-10-04 07:15:19+00:00
10/04/2026 02:20:18,N,51.6507,0.0,0.0,0.0,0.0,0.0,0.0,0.0,0.0,0.0,0.0,0.0,0.0,0.0,0.0,6301.37,70825.45,0.0,2026-10-04 07:20:18+00:00
10/04/2026 02:25:19,N,43.7241,0.0,0.0,0.0,0.0,0.0,0.0,0.0,0.0,0.0,0.0,0.0,0.0,0.0,0.0,6335.11,70873.19,0.0,2026-10-04 07:25:19+00:00
10/04/2026 02:30:19,N,48.8546,0.0,0.0,0.0,0.0,0.0,0.0,0.0,0.0,0.0,0.0,0.0,0.0,0.0,0.0,6354.04,70967.17,0.0,2026-10-04 07:30:19+00:00
10/04/2026 02:35:19,N,48.6802,0.0,0.0,0.0,0.0,0.0,0.0,0.0,0.0,0.0,0.0,0.0,0.0,0.0,0.0,6350.74,70985.56,0.0,2026-10-04 07:35:19+00:00
10/04/2026 02:40:21,N,54.2106,0.0,0.0,0.0,0.0,0.0,0.0,0.0,0.0,0.0,0.0,0.0,0.0,0.0,0.0,6305.89,70764.12,0.0,2026-10-04 07:40:21+00:00
10/04/2026 02:45:19,N,48.7005,0.0,0.0,0.0,0.0,0.0,0.0,0.0,0.0,0.0,0.0,0.0,0.0,0.0,0.0,6293.31,70707.95,0.0,2026-10-04 07:45:19+00:00
10/04/2026 02:50:18,N,52.2031,0.0,0.0,0.0,0.0,0.0,0.0,0.0,0.0,0.0,0.0,0.0,0.0,0.0,0.0,6257.44,70634.38,0.0,2026-10-04 07:50:18+00:00
10/04/2026 02:55:22,N,46.5513,0.0,0.0,0.0,0.0,0.0,0.0,0.0,0.0,0.0,0.0,0.0,0.0,0.0,0.0,6246.64,70496.0,0.0,2026-10-04 07:55:22+00:00
10/04/2026 03:00:19,N,65.1406,0.0,0.0,0.0,0.0,0.0,0.0,0.0,0.0,0.0,0.0,0.0,0.0,0.0,0.0,6092.1,70415.73,0.0,2026-10-04 08:00:19+00:00
10/04/2026 03:05:19,N,70.8998,0.0,0.0,0.0,0.0,0.0,0.0,0.0,0.0,0.0,0.0,0.0,0.0,0.0,0.0,5993.79,70346.41,0.0,2026-10-04 08:05:19+00:00
10/04/2026 03:10:19,N,71.2168,0.0,0.0,0.0,0.0,0.0,0.0,0.0,0.0,0.0,0.0,0.0,0.0,0.0,0.0,5996.96,70268.69,0.0,2026-10-04 08:10:19+00:00
10/04/2026 03:15:21,N,71.3321,0.0,0.0,0.0,0.0,0.0,0.0,0.0,0.0,0.0,0.0,0.0,0.0,0.0,0.0,5997.25,70283.98,0.0,2026-10-04 08:15:21+00:00
10/04/2026 03:20:18,N,49.9572,0.0,0.0,0.0,0.0,0.0,0.0,0.0,0.0,0.0,0.0,0.0,0.0,0.0,0.0,6075.58,70356.48,0.0,2026-10-04 08:20:18+00:00
10/04/2026 03:25:19,N,43.0319,0.0,0.0,0.0,0.0,0.0,0.0,0.0,0.0,0.0,0.0,0.0,0.0,0.0,0.0,6169.57,70747.66,0.0,2026-10-04 08:25:19+00:00
10/04/2026 03:30:17,N,40.6141,0.0,0.0,0.0,0.0,0.0,0.0,0.0,0.0,0.0,0.0,0.0,0.0,0.0,0.0,6186.68,70880.29,0.0,2026-10-04 08:30:17+00:00
10/04/2026 03:35:18,N,40.5435,0.0,0.0,0.0,0.0,0.0,0.0,0.0,0.0,0.0,0.0,0.0,0.0,0.0,0.0,6214.25,71053.98,0.0,2026-10-04 08:35:18+00:00
10/04/2026 03:40:19,N,40.6685,0.0,0.0,0.0,0.0,0.0,0.0,0.0,0.0,0.0,0.0,0.0,0.0,0.0,0.0,6240.81,71018.1,0.0,2026-10-04 08:40:19+00:00
10/04/2026 03:45:23,N,41.2734,0.0,0.0,0.0,0.0,0.0,0.0,0.0,0.0,0.0,0.0,0.0,0.0,0.0,0.0,6244.74,71069.9,0.0,2026-10-04 08:45:23+00:00
10/04/2026 03:50:20,N,39.669,0.0,0.0,0.0,0.0,0.0,0.0,0.0,0.0,0.0,0.0,0.0,0.0,0.0,0.0,6225.79,71065.63,0.0,2026-10-04 08:50:20+00:00
10/04/2026 03:55:22,N,39.1828,0.0,0.0,0.0,0.0,0.0,0.0,0.0,0.0,0.0,0.0,0.0,0.0,0.0,0.0,6288.13,71126.88,0.0,2026-10-04 08:55:22+00:00
10/04/2026 04:00:26,N,39.4287,0.0,0.0,0.0,0.0,0.0,0.0,0.0,0.0,0.0,0.0,0.0,0.0,0.0,0.0,6017.03,71293.41,0.0,2026-10-04 09:00:26+00:00
10/04/2026 04:05:20,N,39.017,0.0,0.0,0.0,0.0,0.0,0.0,0.0,0.0,0.0,0.0,0.0,0.0,0.0,0.0,5813.51,71335.88,0.0,2026-10-04 09:05:20+00:00
10/04/2026 04:10:18,N,61.5023,0.0,0.0,0.0,0.0,0.0,0.0,0.0,0.0,0.0,0.0,0.0,0.0,0.0,0.0,5480.82,71284.41,0.0,2026-10-04 09:10:18+00:00
10/04/2026 04:15:20,N,42.1211,0.0,0.0,0.0,0.0,0.0,0.0,0.0,0.0,0.0,0.0,0.0,0.0,0.0,0.0,5354.14,71043.71,0.0,2026-10-04 09:15:20+00:00
10/04/2026 04:20:17,N,42.5216,0.0,0.0,0.0,0.0,0.0,0.0,0.0,0.0,0.0,0.0,0.0,0.0,0.0,0.0,5288.72,70966.3,0.0,2026-10-04 09:20:17+00:00
10/04/2026 04:25:20,N,43.662,0.0,0.0,0.0,0.0,0.0,0.0,0.0,0.0,0.0,0.0,0.0,0.0,0.0,0.0,5206.99,70643.77,0.0,2026-10-04 09:25:20+00:00
10/04/2026 04:30:18,N,43.0732,0.0,0.0,0.0,0.0,0.0,0.0,0.0,0.0,0.0,0.0,0.0,0.0,0.0,0.0,5218.21,70746.58,0.0,2026-10-04 09:30:18+00:00
10/04/2026 04:35:16,N,40.9776,0.0,0.0,0.0,0.0,0.0,0.0,0.0,0.0,0.0,0.0,0.0,0.0,0.0,0.0,5211.6,70841.16,0.0,2026-10-04 09:35:16+00:00
10/04/2026 04:40:19,N,40.4784,0.0,0.0,0.0,0.0,0.0,0.0,0.0,0.0,0.0,0.0,0.0,0.0,0.0,0.0,5233.26,70851.16,0.0,2026-10-04 09:40:19+00:00
10/04/2026 04:45:17,N,39.7459,0.0,0.0,0.0,0.0,0.0,0.0,0.0,0.0,0.0,0.0,0.0,0.0,0.0,0.0,5253.85,70940.2,0.0,2026-10-04 09:45:17+00:00
10/04/2026 04:50:19,N,38.4435,0.0,0.0,0.0,0.0,0.0,0.0,0.0,0.0,0.0,0.0,0.0,0.0,0.0,0.0,5270.4,71003.25,0.0,2026-10-04 09:50:19+00:00
10/04/2026 04:55:18,N,37.2993,0.0,0.0,0.0,0.0,0.0,0.0,0.0,0.0,0.0,0.0,0.0,0.0,0.0,0.0,5252.33,71060.03,0.0,2026-10-04 09:55:18+00:00
10/04/2026 05:00:22,N,37.5194,0.0,0.0,0.0,0.0,0.0,0.0,0.0,0.0,0.0,0.0,0.0,0.0,0.0,0.0,5256.31,71126.79,0.0,2026-10-04 10:00:22+00:00
10/04/2026 05:05:19,N,37.511,0.0,0.0,0.0,0.0,0.0,0.0,0.0,0.0,0.0,0.0,0.0,0.0,0.0,0.0,5188.29,71285.46,0.0,2026-10-04 10:05:19+00:00
10/04/2026 05:10:19,N,46.1721,0.0,0.0,0.0,0.0,0.0,0.0,0.0,0.0,0.0,0.0,0.0,0.0,0.0,0.0,4971.41,70996.04,0.0,2026-10-04 10:10:19+00:00
10/04/2026 05:15:21,N,40.8564,0.0,0.0,0.0,0.0,0.0,0.0,0.0,0.0,0.0,0.0,0.0,0.0,0.0,0.0,4879.98,70975.12,0.0,2026-10-04 10:15:21+00:00
10/04/2026 05:20:18,N,40.9291,0.0,0.0,0.0,0.0,0.0,0.0,0.0,0.0,0.0,0.0,0.0,0.0,0.0,0.0,4874.53,70996.05,0.0,2026-10-04 10:20:18+00:00
10/04/2026 05:25:17,N,39.5688,0.0,0.0,0.0,0.0,0.0,0.0,0.0,0.0,0.0,0.0,0.0,0.0,0.0,0.0,4820.37,71051.98,0.0,2026-10-04 10:25:17+00:00
10/04/2026 05:30:18,N,39.7495,0.0,0.0,0.0,0.0,0.0,0.0,0.0,0.0,0.0,0.0,0.0,0.0,0.0,0.0,4823.46,70813.79,0.0,2026-10-04 10:30:18+00:00
10/04/2026 05:35:17,N,41.6327,0.0,0.0,0.0,0.0,0.0,0.0,0.0,0.0,0.0,0.0,0.0,0.0,0.0,0.0,4830.21,70797.87,0.0,2026-10-04 10:35:17+00:00
10/04/2026 05:40:19,N,38.3862,0.0,0.0,0.0,0.0,0.0,0.0,0.0,0.0,0.0,0.0,0.0,0.0,0.0,0.0,4825.76,70936.76,0.0,2026-10-04 10:40:19+00:00
10/04/2026 05:45:17,N,37.831,0.0,0.0,0.0,0.0,0.0,0.0,0.0,0.0,0.0,0.0,0.0,0.0,0.0,0.0,4841.34,70982.34,0.0,2026-10-04 10:45:17+00:00
10/04/2026 05:50:17,N,37.9958,0.0,0.0,0.0,0.0,0.0,0.0,0.0,0.0,0.0,0.0,0.0,0.0,0.0,0.0,4732.86,70999.99,0.0,2026-10-04 10:50:17+00:00
10/04/2026 05:55:19,N,36.891,0.0,0.0,0.0,0.0,0.0,0.0,0.0,0.0,0.0,0.0,0.0,0.0,0.0,0.0,4790.79,71077.2,0.0,2026-10-04 10:55:19+00:00
10/04/2026 06:00:22,N,39.2327,0.0,0.0,0.0,0.0,0.0,0.0,0.0,0.0,0.0,0.0,0.0,0.0,0.0,0.0,4789.87,71141.09,0.0,2026-10-04 11:00:22+00:00
10/04/2026 06:05:22,N,33.6097,0.0,0.0,0.0,0.0,0.0,0.0,0.0,0.0,0.0,0.0,0.0,0.0,0.0,0.0,4741.92,71166.15,0.0,2026-10-04 11:05:22+00:00
10/04/2026 06:10:19,N,37.0804,0.0,0.0,0.0,0.0,0.0,0.0,0.0,0.0,0.0,0.0,0.0,0.0,0.0,0.0,4718.23,71352.15,0.0,2026-10-04 11:10:19+00:00
10/04/2026 06:15:19,N,36.0089,0.0,0.0,0.0,0.0,0.0,0.0,0.0,0.0,0.0,0.0,0.0,0.0,0.0,0.0,4727.15,71521.65,0.0,2026-10-04 11:15:19+00:00
10/04/2026 06:20:18,N,44.5254,0.0,0.0,0.0,0.0,0.0,0.0,0.0,0.0,0.0,0.0,0.0,0.0,0.0,0.0,4707.49,71677.28,0.0,2026-10-04 11:20:18+00:00
10/04/2026 06:25:18,N,31.8598,0.0,0.0,0.0,0.0,0.0,0.0,0.0,0.0,0.0,0.0,0.0,0.0,0.0,0.0,4700.6,71870.83,0.0,2026-10-04 11:25:18+00:00
10/04/2026 06:30:18,N,30.6734,0.0,0.0,0.0,0.0,0.0,0.0,0.0,0.0,0.0,0.0,0.0,0.0,0.0,0.0,4581.17,72023.58,0.0,2026-10-04 11:30:18+00:00
10/04/2026 06:35:20,N,32.2482,0.0,0.0,0.0,0.0,0.0,0.0,0.0,0.0,0.0,0.0,0.0,0.0,0.0,0.0,4502.9,71856.27,0.0,2026-10-04 11:35:20+00:00
10/04/2026 06:40:19,N,30.9833,0.0,0.0,0.0,0.0,0.0,0.0,0.0,0.0,0.0,0.0,0.0,0.0,0.0,0.0,4492.1,71848.99,0.0,2026-10-04 11:40:19+00:00
10/04/2026 06:45:20,N,33.4541,0.0,0.0,0.0,0.0,0.0,0.0,0.0,0.0,0.0,0.0,0.0,0.0,0.0,0.0,4470.11,71920.05,0.0,2026-10-04 11:45:20+00:00
10/04/2026 06:50:19,N,32.5939,0.0,0.0,0.0,0.0,0.0,0.0,0.0,0.0,0.0,0.0,0.0,0.0,0.0,0.0,4497.88,71920.38,0.0,2026-10-04 11:50:19+00:00
10/04/2026 06:55:19,N,33.6772,0.0,0.0,0.0,0.0,0.0,0.0,0.0,0.0,0.0,0.0,0.0,0.0,0.0,0.0,4447.32,71929.87,0.0,2026-10-04 11:55:19+00:00
10/04/2026 07:00:20,N,35.7667,0.0,0.0,0.0,0.0,0.0,0.0,0.0,0.0,0.0,0.0,0.0,0.0,0.0,0.0,4199.45,72159.41,0.0,2026-10-04 12:00:20+00:00
10/04/2026 07:05:19,N,52.0701,0.0,0.0,0.0,0.0,0.0,0.0,0.0,0.0,0.0,0.0,0.0,0.0,0.0,0.0,4191.99,72145.4,0.0,2026-10-04 12:05:19+00:00
10/04/2026 07:10:19,N,34.9675,0.0,0.0,0.0,0.0,0.0,0.0,0.0,0.0,0.0,0.0,0.0,0.0,0.0,0.0,4164.68,72067.6,0.0,2026-10-04 12:10:19+00:00
10/04/2026 07:15:18,N,36.1659,0.0,0.0,0.0,0.0,0.0,0.0,0.0,0.0,0.0,0.0,0.0,0.0,0.0,0.0,4165.06,72031.09,0.0,2026-10-04 12:15:18+00:00
10/04/2026 07:20:17,N,35.3627,0.0,0.0,0.0,0.0,0.0,0.0,0.0,0.0,0.0,0.0,0.0,0.0,0.0,0.0,4165.7,72126.06,0.0,2026-10-04 12:20:17+00:00
10/04/2026 07:25:20,N,33.3778,0.0,0.0,0.0,0.0,0.0,0.0,0.0,0.0,0.0,0.0,0.0,0.0,0.0,0.0,4165.31,72176.32,0.0,2026-10-04 12:25:20+00:00
10/04/2026 07:30:22,N,32.981,0.0,0.0,0.0,0.0,0.0,0.0,0.0,0.0,0.0,0.0,0.0,0.0,0.0,0.0,4152.32,72247.16,0.0,2026-10-04 12:30:22+00:00
10/04/2026 07:35:17,N,34.2034,0.0,0.0,0.0,0.0,0.0,0.0,0.0,0.0,0.0,0.0,0.0,0.0,0.0,0.0,4190.58,72272.04,0.0,2026-10-04 12:35:17+00:00
10/04/2026 07:40:17,N,35.1472,0.0,0.0,0.0,0.0,0.0,0.0,0.0,0.0,0.0,0.0,0.0,0.0,0.0,0.0,4173.01,72265.0,0.0,2026-10-04 12:40:17+00:00
10/04/2026 07:45:17,N,34.272,0.0,0.0,0.0,0.0,0.0,0.0,0.0,0.0,0.0,0.0,0.0,0.0,0.0,0.0,4159.2,72252.99,0.0,2026-10-04 12:45:17+00:00
10/04/2026 07:50:18,N,35.745,0.0,0.0,0.0,0.0,0.0,0.0,0.0,0.0,0.0,0.0,0.0,0.0,0.0,0.0,4159.08,72257.65,0.0,2026-10-04 12:50:18+00:00
10/04/2026 07:55:18,N,32.0195,0.0,0.0,0.0,0.0,0.0,0.0,0.0,0.0,0.0,0.0,0.0,0.0,0.0,0.0,4162.23,72303.65,0.0,2026-10-04 12:55:18+00:00
10/04/2026 08:00:21,N,33.6562,0.0,0.0,0.0,0.0,0.0,0.0,0.0,0.0,0.0,0.0,0.0,0.0,0.0,0.0,4104.9,72000.73,0.0,2026-10-04 13:00:21+00:00
10/04/2026 08:05:18,N,31.8437,0.0,0.0,0.0,0.0,0.0,0.0,0.0,0.0,0.0,0.0,0.0,0.0,0.0,0.0,4056.84,72402.77,0.0,2026-10-04 13:05:18+00:00
10/04/2026 08:10:19,N,33.413,0.0,0.0,0.0,0.0,0.0,0.0,0.0,0.0,0.0,0.0,0.0,0.0,0.0,0.0,3907.09,72955.92,0.0,2026-10-04 13:10:19+00:00
10/04/2026 08:15:20,N,31.9683,0.0,0.0,0.0,0.0,0.0,0.0,0.0,0.0,0.0,0.0,0.0,0.0,0.0,0.0,3824.35,73195.94,0.0,2026-10-04 13:15:20+00:00
10/04/2026 08:20:17,N,28.1931,0.0,0.0,0.0,0.0,0.0,0.0,0.0,0.0,0.0,0.0,0.0,0.0,0.0,0.0,3775.37,73640.05,0.0,2026-10-04 13:20:17+00:00
10/04/2026 08:25:17,N,27.2197,0.0,0.0,0.0,0.0,0.0,0.0,0.0,0.0,0.0,0.0,0.0,0.0,0.0,0.0,3737.32,74201.0,0.0,2026-10-04 13:25:17+00:00
10/04/2026 08:30:18,N,26.9372,0.0,0.0,0.0,0.0,0.0,0.0,0.0,0.0,0.0,0.0,0.0,0.0,0.0,0.0,3701.05,74703.62,0.0,2026-10-04 13:30:18+00:00
10/04/2026 08:35:17,N,26.9118,0.0,0.0,0.0,0.0,0.0,0.0,0.0,0.0,0.0,0.0,0.0,0.0,0.0,0.0,3547.39,74760.58,0.0,2026-10-04 13:35:17+00:00
10/04/2026 08:40:18,N,25.4171,0.0,0.0,0.0,0.0,0.0,0.0,0.0,0.0,0.0,0.0,0.0,0.0,0.0,0.0,3531.75,75352.06,0.0,2026-10-04 13:40:18+00:00
10/04/2026 08:45:18,N,23.8802,0.0,0.0,0.0,0.0,0.0,0.0,0.0,0.0,0.0,0.0,0.0,0.0,0.0,0.0,3449.83,75536.46,0.0,2026-10-04 13:45:18+00:00
10/04/2026 08:50:18,N,24.18,0.0,0.0,0.0,0.0,0.0,0.0,0.0,0.0,0.0,0.0,0.0,0.0,0.0,0.0,3389.73,76200.2,0.0,2026-10-04 13:50:18+00:00
10/04/2026 08:55:18,N,24.9854,0.0,0.0,0.0,0.0,0.0,0.0,0.0,0.0,0.0,0.0,0.0,0.0,0.0,0.0,3324.0,76769.37,0.0,2026-10-04 13:55:18+00:00
10/04/2026 09:00:20,N,29.7008,0.0,0.0,0.0,0.0,0.0,0.0,0.0,0.0,0.0,0.0,0.0,0.0,0.0,0.0,3162.09,77122.09,0.0,2026-10-04 14:00:20+00:00
10/04/2026 09:05:17,N,29.9504,0.0,0.0,0.0,0.0,0.0,0.0,0.0,0.0,0.0,0.0,0.0,0.0,0.0,0.0,3564.8,77291.27,0.0,2026-10-04 14:05:17+00:00
10/04/2026 09:10:18,N,29.6418,0.0,0.0,0.0,0.0,0.0,0.0,0.0,0.0,0.0,0.0,0.0,0.0,0.0,0.0,3577.35,77497.9,0.0,2026-10-04 14:10:18+00:00
10/04/2026 09:15:18,N,29.5641,0.0,0.0,0.0,0.0,0.0,0.0,0.0,0.0,0.0,0.0,0.0,0.0,0.0,0.0,3576.89,77759.74,0.0,2026-10-04 14:15:18+00:00
10/04/2026 09:20:17,N,30.131,0.0,0.0,0.0,0.0,0.0,0.0,0.0,0.0,0.0,0.0,0.0,0.0,0.0,0.0,3564.96,78058.3,0.0,2026-10-04 14:20:17+00:00
10/04/2026 09:25:16,N,30.4554,0.0,0.0,0.0,0.0,0.0,0.0,0.0,0.0,0.0,0.0,0.0,0.0,0.0,0.0,3577.5,78297.64,0.0,2026-10-04 14:25:16+00:00
10/04/2026 09:30:19,N,30.4633,0.0,0.0,0.0,0.0,0.0,0.0,0.0,0.0,0.0,0.0,0.0,0.0,0.0,0.0,3574.49,78699.23,0.0,2026-10-04 14:30:19+00:00
10/04/2026 09:35:16,N,30.4577,0.0,0.0,0.0,0.0,0.0,0.0,0.0,0.0,0.0,0.0,0.0,0.0,0.0,0.0,3561.38,78944.87,0.0,2026-10-04 14:35:16+00:00
10/04/2026 09:40:16,N,30.2241,0.0,0.0,0.0,0.0,0.0,0.0,0.0,0.0,0.0,0.0,0.0,0.0,0.0,0.0,3566.94,79226.63,0.0,2026-10-04 14:40:16+00:00
10/04/2026 09:45:17,N,30.7365,0.0,0.0,0.0,0.0,0.0,0.0,0.0,0.0,0.0,0.0,0.0,0.0,0.0,0.0,3575.78,79705.49,0.0,2026-10-04 14:45:17+00:00
10/04/2026 09:50:16,N,30.2642,0.0,0.0,0.0,0.0,0.0,0.0,0.0,0.0,0.0,0.0,0.0,0.0,0.0,0.0,3581.37,80070.55,0.0,2026-10-04 14:50:16+00:00
10/04/2026 09:55:17,N,30.0086,0.0,0.0,0.0,0.0,0.0,0.0,0.0,0.0,0.0,0.0,0.0,0.0,0.0,0.0,3573.72,80490.19,0.0,2026-10-04 14:55:17+00:00
10/04/2026 10:00:19,N,34.9935,0.0,0.0,0.0,0.0,0.0,0.0,0.0,0.0,0.0,0.0,0.0,0.0,0.0,0.0,3570.72,81020.33,0.0,2026-10-04 15:00:19+00:00
10/04/2026 10:05:20,N,35.0016,0.0,0.0,0.0,0.0,0.0,0.0,0.0,0.0,0.0,0.0,0.0,0.0,0.0,0.0,3010.28,81355.1,0.0,2026-10-04 15:05:20+00:00
10/04/2026 10:10:17,N,33.3338,0.0,0.0,0.0,0.0,0.0,0.0,0.0,0.0,0.0,0.0,0.0,0.0,0.0,0.0,3021.16,81940.65,0.0,2026-10-04 15:10:17+00:00
10/04/2026 10:15:17,N,31.7954,0.0,0.0,0.0,0.0,0.0,0.0,0.0,0.0,0.0,0.0,0.0,0.0,0.0,0.0,3024.19,82324.82,0.0,2026-10-04 15:15:17+00:00
10/04/2026 10:20:17,N,30.2689,0.0,0.0,0.0,0.0,0.0,0.0,0.0,0.0,0.0,0.0,0.0,0.0,0.0,0.0,3034.38,82994.88,0.0,2026-10-04 15:20:17+00:00
10/04/2026 10:25:15,N,29.0286,0.0,0.0,0.0,0.0,0.0,0.0,0.0,0.0,0.0,0.0,0.0,0.0,0.0,0.0,3032.43,83381.93,0.0,2026-10-04 15:25:15+00:00
10/04/2026 10:30:17,N,28.4238,0.0,0.0,0.0,0.0,0.0,0.0,0.0,0.0,0.0,0.0,0.0,0.0,0.0,0.0,3054.48,84029.21,0.0,2026-10-04 15:30:17+00:00
10/04/2026 10:35:15,N,26.2144,0.0,0.0,0.0,0.0,0.0,0.0,0.0,0.0,0.0,0.0,0.0,0.0,0.0,0.0,3110.79,84489.25,0.0,2026-10-04 15:35:15+00:00
10/04/2026 10:40:16,N,25.7059,0.0,0.0,0.0,0.0,0.0,0.0,0.0,0.0,0.0,0.0,0.0,0.0,0.0,0.0,3097.91,84865.3,0.0,2026-10-04 15:40:16+00:00
10/04/2026 10:45:16,N,27.1936,0.0,0.0,0.0,0.0,0.0,0.0,0.0,0.0,0.0,0.0,0.0,0.0,0.0,0.0,3081.52,85375.07,0.0,2026-10-04 15:45:16+00:00
10/04/2026 10:50:16,N,25.0973,0.0,0.0,0.0,0.0,0.0,0.0,0.0,0.0,0.0,0.0,0.0,0.0,0.0,0.0,3091.13,85905.97,0.0,2026-10-04 15:50:16+00:00
10/04/2026 10:55:18,N,24.1815,0.0,0.0,0.0,0.0,0.0,0.0,0.0,0.0,0.0,0.0,0.0,0.0,0.0,0.0,3097.1,86352.0,0.0,2026-10-04 15:55:18+00:00
10/04/2026 11:00:18,N,26.242,0.0,0.0,0.0,0.0,0.0,0.0,0.0,0.0,0.0,0.0,0.0,0.0,0.0,0.0,3104.19,86808.49,0.0,2026-10-04 16:00:18+00:00
10/04/2026 11:05:16,N,26.3035,0.0,0.0,0.0,0.0,0.0,0.0,0.0,0.0,0.0,0.0,0.0,0.0,0.0,0.0,3113.76,87181.8,0.0,2026-10-04 16:05:16+00:00
10/04/2026 11:10:17,N,25.7847,0.0,0.0,0.0,0.0,0.0,0.0,0.0,0.0,0.0,0.0,0.0,0.0,0.0,0.0,3102.11,87563.35,0.0,2026-10-04 16:10:17+00:00
10/04/2026 11:15:17,N,26.2679,0.0,0.0,0.0,0.0,0.0,0.0,0.0,0.0,0.0,0.0,0.0,0.0,0.0,0.0,3124.11,87609.97,0.0,2026-10-04 16:15:17+00:00
10/04/2026 11:20:16,N,26.5714,0.0,0.0,0.0,0.0,0.0,0.0,0.0,0.0,0.0,0.0,0.0,0.0,0.0,0.0,3173.6,87565.62,0.0,2026-10-04 16:20:16+00:00
10/04/2026 11:25:17,N,26.2316,0.0,0.0,0.0,0.0,0.0,0.0,0.0,0.0,0.0,0.0,0.0,0.0,0.0,0.0,3171.66,87862.09,0.0,2026-10-04 16:25:17+00:00
10/04/2026 11:30:18,N,27.8354,0.0,0.0,0.0,0.0,0.0,0.0,0.0,0.0,0.0,0.0,0.0,0.0,0.0,0.0,3197.55,87829.17,0.0,2026-10-04 16:30:18+00:00
10/04/2026 11:35:18,N,28.16,0.0,0.0,0.0,0.0,0.0,0.0,0.0,0.0,0.0,0.0,0.0,0.0,0.0,0.0,3201.3,87417.88,0.0,2026-10-04 16:35:18+00:00
10/04/2026 11:40:18,N,28.9526,0.0,0.0,0.0,0.0,0.0,0.0,0.0,0.0,0.0,0.0,0.0,0.0,0.0,0.0,3153.83,86956.95,0.0,2026-10-04 16:40:18+00:00
10/04/2026 11:45:16,N,30.1591,0.0,0.0,0.0,0.0,0.0,0.0,0.0,0.0,0.0,0.0,0.0,0.0,0.0,0.0,3141.89,86560.13,0.0,2026-10-04 16:45:16+00:00
10/04/2026 11:50:16,N,30.0011,0.0,0.0,0.0,0.0,0.0,0.0,0.0,0.0,0.0,0.0,0.0,0.0,0.0,0.0,3193.74,86479.08,0.0,2026-10-04 16:50:16+00:00
10/04/2026 11:55:17,N,31.1857,0.0,0.0,0.0,0.0,0.0,0.0,0.0,0.0,0.0,0.0,0.0,0.0,0.0,0.0,3265.61,86449.02,0.0,2026-10-04 16:55:17+00:00
10/04/2026 12:00:18,N,33.1204,0.0,0.0,0.0,0.0,0.0,0.0,0.0,0.0,0.0,0.0,0.0,0.0,0.0,0.0,3397.85,86078.7,0.0,2026-10-04 17:00:18+00:00
10/04/2026 12:05:16,N,35.1303,0.0,0.0,0.0,0.0,0.0,0.0,0.0,0.0,0.0,0.0,0.0,0.0,0.0,0.0,3432.58,86169.43,0.0,2026-10-04 17:05:16+00:00
10/04/2026 12:10:16,N,31.8089,0.0,0.0,0.0,0.0,0.0,0.0,0.0,0.0,0.0,0.0,0.0,0.0,0.0,0.0,3458.49,86301.94,0.0,2026-10-04 17:10:16+00:00
10/04/2026 12:15:17,N,34.9923,0.0,0.0,0.0,0.0,0.0,0.0,0.0,0.0,0.0,0.0,0.0,0.0,0.0,0.0,3664.84,85992.62,0.0,2026-10-04 17:15:17+00:00
10/04/2026 12:20:17,N,34.479,0.0,0.0,0.0,0.0,0.0,0.0,0.0,0.0,0.0,0.0,0.0,0.0,0.0,0.0,3756.04,85828.82,0.0,2026-10-04 17:20:17+00:00
10/04/2026 12:25:15,N,34.5002,0.0,0.0,0.0,0.0,0.0,0.0,0.0,0.0,0.0,0.0,0.0,0.0,0.0,0.0,3757.39,86025.3,0.0,2026-10-04 17:25:15+00:00
10/04/2026 12:30:18,N,34.5005,0.0,0.0,0.0,0.0,0.0,0.0,0.0,0.0,0.0,0.0,0.0,0.0,0.0,0.0,3795.3,86118.2,0.0,2026-10-04 17:30:18+00:00
10/04/2026 12:35:14,N,33.7532,0.0,0.0,0.0,0.0,0.0,0.0,0.0,0.0,0.0,0.0,0.0,0.0,0.0,0.0,3792.81,86221.51,0.0,2026-10-04 17:35:14+00:00
10/04/2026 12:40:16,N,31.6353,0.0,0.0,0.0,0.0,0.0,0.0,0.0,0.0,0.0,0.0,0.0,0.0,0.0,0.0,3807.56,86512.88,0.0,2026-10-04 17:40:16+00:00
10/04/2026 12:45:17,N,32.2061,0.0,0.0,0.0,0.0,0.0,0.0,0.0,0.0,0.0,0.0,0.0,0.0,0.0,0.0,3905.16,86631.68,0.0,2026-10-04 17:45:17+00:00
10/04/2026 12:50:16,N,34.5004,0.0,0.0,0.0,0.0,0.0,0.0,0.0,0.0,0.0,0.0,0.0,0.0,0.0,0.0,3958.22,86434.12,0.0,2026-10-04 17:50:16+00:00
10/04/2026 12:55:16,N,31.6542,0.0,0.0,0.0,0.0,0.0,0.0,0.0,0.0,0.0,0.0,0.0,0.0,0.0,0.0,4128.03,86464.52,0.0,2026-10-04 17:55:16+00:00
10/04/2026 13:00:18,N,29.5654,0.0,0.0,0.0,0.0,0.0,0.0,0.0,0.0,0.0,0.0,0.0,0.0,0.0,0.0,4316.65,86561.02,0.0,2026-10-04 18:00:18+00:00
10/04/2026 13:05:17,N,32.3652,0.0,0.0,0.0,0.0,0.0,0.0,0.0,0.0,0.0,0.0,0.0,0.0,0.0,0.0,4467.8,86270.58,0.0,2026-10-04 18:05:17+00:00
10/04/2026 13:10:16,N,33.7227,0.0,0.0,0.0,0.0,0.0,0.0,0.0,0.0,0.0,0.0,0.0,0.0,0.0,0.0,4519.23,86085.5,0.0,2026-10-04 18:10:16+00:00
10/04/2026 13:15:15,N,30.2362,0.0,0.0,0.0,0.0,0.0,0.0,0.0,0.0,0.0,0.0,0.0,0.0,0.0,0.0,4551.18,86392.8,0.0,2026-10-04 18:15:15+00:00
10/04/2026 13:20:16,N,30.0515,0.0,0.0,0.0,0.0,0.0,0.0,0.0,0.0,0.0,0.0,0.0,0.0,0.0,0.0,4541.84,86568.48,0.0,2026-10-04 18:20:16+00:00
10/04/2026 13:25:16,N,29.4904,0.0,0.0,0.0,0.0,0.0,0.0,0.0,0.0,0.0,0.0,0.0,0.0,0.0,0.0,4774.63,86968.91,0.0,2026-10-04 18:25:16+00:00
10/04/2026 13:30:15,N,29.9993,0.0,0.0,0.0,0.0,0.0,0.0,0.0,0.0,0.0,0.0,0.0,0.0,0.0,0.0,5001.92,87151.5,0.0,2026-10-04 18:30:15+00:00
10/04/2026 13:35:15,N,29.383,0.0,0.0,0.0,0.0,0.0,0.0,0.0,0.0,0.0,0.0,0.0,0.0,0.0,0.0,5079.87,87181.6,0.0,2026-10-04 18:35:15+00:00
10/04/2026 13:40:15,N,30.0092,0.0,0.0,0.0,0.0,0.0,0.0,0.0,0.0,0.0,0.0,0.0,0.0,0.0,0.0,5136.01,86982.42,0.0,2026-10-04 18:40:15+00:00
10/04/2026 13:45:15,N,29.4622,0.0,0.0,0.0,0.0,0.0,0.0,0.0,0.0,0.0,0.0,0.0,0.0,0.0,0.0,5289.29,87167.73,0.0,2026-10-04 18:45:15+00:00
10/04/2026 13:50:15,N,29.922,0.0,0.0,0.0,0.0,0.0,0.0,0.0,0.0,0.0,0.0,0.0,0.0,0.0,0.0,5296.0,87060.91,0.0,2026-10-04 18:50:15+00:00
10/04/2026 13:55:16,N,28.116,0.0,0.0,0.0,0.0,0.0,0.0,0.0,0.0,0.0,0.0,0.0,0.0,0.0,0.0,5456.3,87191.41,0.0,2026-10-04 18:55:16+00:00
10/04/2026 14:00:17,N,28.4292,0.0,0.0,0.0,0.0,0.0,0.0,0.0,0.0,0.0,0.0,0.0,0.0,0.0,0.0,5665.35,87069.39,0.0,2026-10-04 19:00:17+00:00
10/04/2026 14:05:19,N,26.2505,0.0,0.0,0.0,0.0,0.0,0.0,0.0,0.0,0.0,0.0,0.0,0.0,0.0,0.0,5803.62,87293.09,0.0,2026-10-04 19:05:19+00:00
10/04/2026 14:10:17,N,27.5831,0.0,0.0,0.0,0.0,0.0,0.0,0.0,0.0,0.0,0.0,0.0,0.0,0.0,0.0,5814.73,86897.89,0.0,2026-10-04 19:10:17+00:00
10/04/2026 14:15:16,N,26.2505,0.0,0.0,0.0,0.0,0.0,0.0,0.0,0.0,0.0,0.0,0.0,0.0,0.0,0.0,5960.41,86833.27,0.0,2026-10-04 19:15:16+00:00
10/04/2026 14:20:16,N,26.4613,0.0,0.0,0.0,0.0,0.0,0.0,0.0,0.0,0.0,0.0,0.0,0.0,0.0,0.0,6140.57,86884.32,0.0,2026-10-04 19:20:16+00:00
10/04/2026 14:25:15,N,26.1096,0.0,0.0,0.0,0.0,0.0,0.0,0.0,0.0,0.0,0.0,0.0,0.0,0.0,0.0,6023.87,87082.99,0.0,2026-10-04 19:25:15+00:00
10/04/2026 14:30:15,N,25.162,0.0,0.0,0.0,0.0,0.0,0.0,0.0,0.0,0.0,0.0,0.0,0.0,0.0,0.0,6120.89,87070.77,0.0,2026-10-04 19:30:15+00:00
10/04/2026 14:35:15,N,26.492,0.0,0.0,0.0,0.0,0.0,0.0,0.0,0.0,0.0,0.0,0.0,0.0,0.0,0.0,6116.88,86474.26,0.0,2026-10-04 19:35:15+00:00
10/04/2026 14:40:16,N,26.0501,0.0,0.0,0.0,0.0,0.0,0.0,0.0,0.0,0.0,0.0,0.0,0.0,0.0,0.0,6287.29,86365.04,0.0,2026-10-04 19:40:16+00:00
10/04/2026 14:45:16,N,25.5308,0.0,0.0,0.0,0.0,0.0,0.0,0.0,0.0,0.0,0.0,0.0,0.0,0.0,0.0,6364.53,86568.05,0.0,2026-10-04 19:45:16+00:00
10/04/2026 14:50:16,N,25.9194,0.0,0.0,0.0,0.0,0.0,0.0,0.0,0.0,0.0,0.0,0.0,0.0,0.0,0.0,6468.56,86678.27,0.0,2026-10-04 19:50:16+00:00
10/04/2026 14:55:15,N,25.711,0.0,0.0,0.0,0.0,0.0,0.0,0.0,0.0,0.0,0.0,0.0,0.0,0.0,0.0,6507.51,87053.27,0.0,2026-10-04 19:55:15+00:00
10/04/2026 15:00:19,N,27.0602,0.0,0.0,0.0,0.0,0.0,0.0,0.0,0.0,0.0,0.0,0.0,0.0,0.0,0.0,6520.32,86303.41,0.0,2026-10-04 20:00:19+00:00
10/04/2026 15:05:16,N,26.8302,0.0,0.0,0.0,0.0,0.0,0.0,0.0,0.0,0.0,0.0,0.0,0.0,0.0,0.0,6627.42,85966.08,0.0,2026-10-04 20:05:16+00:00
10/04/2026 15:10:16,N,24.9226,0.0,0.0,0.0,0.0,0.0,0.0,0.0,0.0,0.0,0.0,0.0,0.0,0.0,0.0,6913.36,86090.62,0.0,2026-10-04 20:10:16+00:00
10/04/2026 15:15:16,N,26.1154,0.0,0.0,0.0,0.0,0.0,0.0,0.0,0.0,0.0,0.0,0.0,0.0,0.0,0.0,6785.25,85668.27,0.0,2026-10-04 20:15:16+00:00
10/04/2026 15:20:16,N,26.5189,0.0,0.0,0.0,0.0,0.0,0.0,0.0,0.0,0.0,0.0,0.0,0.0,0.0,0.0,6875.35,85792.88,0.0,2026-10-04 20:20:16+00:00
10/04/2026 15:25:15,N,27.2751,0.0,0.0,0.0,0.0,0.0,0.0,0.0,0.0,0.0,0.0,0.0,0.0,0.0,0.0,7019.86,86134.95,0.0,2026-10-04 20:25:15+00:00
10/04/2026 15:30:16,N,26.979,0.0,0.0,0.0,0.0,0.0,0.0,0.0,0.0,0.0,0.0,0.0,0.0,0.0,0.0,7054.97,86119.05,0.0,2026-10-04 20:30:16+00:00
10/04/2026 15:35:14,N,26.6755,0.0,0.0,0.0,0.0,0.0,0.0,0.0,0.0,0.0,0.0,0.0,0.0,0.0,0.0,7195.15,86182.09,0.0,2026-10-04 20:35:14+00:00
10/04/2026 15:40:15,N,26.7133,0.0,0.0,0.0,0.0,0.0,0.0,0.0,0.0,0.0,0.0,0.0,0.0,0.0,0.0,7285.45,85858.95,0.0,2026-10-04 20:40:15+00:00
10/04/2026 15:45:16,N,32.9901,0.0,0.0,0.0,0.0,0.0,0.0,0.0,0.0,0.0,0.0,0.0,0.0,0.0,0.0,7201.85,85396.71,0.0,2026-10-04 20:45:16+00:00
10/04/2026 15:50:18,N,31.2153,0.0,0.0,0.0,0.0,0.0,0.0,0.0,0.0,0.0,0.0,0.0,0.0,0.0,0.0,7416.11,85323.7,0.0,2026-10-04 20:50:18+00:00
10/04/2026 15:55:15,N,30.3304,0.0,0.0,0.0,0.0,0.0,0.0,0.0,0.0,0.0,0.0,0.0,0.0,0.0,0.0,7558.01,85089.3,0.0,2026-10-04 20:55:15+00:00
10/04/2026 16:00:18,N,27.456,0.0,0.0,0.0,0.0,0.0,0.0,0.0,0.0,0.0,0.0,0.0,0.0,0.0,0.0,7867.1,84627.38,0.0,2026-10-04 21:00:18+00:00
10/04/2026 16:05:16,N,28.2299,0.0,0.0,0.0,0.0,0.0,0.0,0.0,0.0,0.0,0.0,0.0,0.0,0.0,0.0,8057.96,84711.5,0.0,2026-10-04 21:05:16+00:00
10/04/2026 16:10:16,N,30.4069,0.0,0.0,0.0,0.0,0.0,0.0,0.0,0.0,0.0,0.0,0.0,0.0,0.0,0.0,8056.22,84357.44,0.0,2026-10-04 21:10:16+00:00
10/04/2026 16:15:13,N,29.1054,0.0,0.0,0.0,0.0,0.0,0.0,0.0,0.0,0.0,0.0,0.0,0.0,0.0,0.0,8128.51,84388.97,0.0,2026-10-04 21:15:13+00:00
10/04/2026 16:20:14,N,28.7308,0.0,0.0,0.0,0.0,0.0,0.0,0.0,0.0,0.0,0.0,0.0,0.0,0.0,0.0,8142.75,84690.02,0.0,2026-10-04 21:20:14+00:00
10/04/2026 16:25:14,N,30.9292,0.0,0.0,0.0,0.0,0.0,0.0,0.0,0.0,0.0,0.0,0.0,0.0,0.0,0.0,8063.64,84229.06,0.0,2026-10-04 21:25:14+00:00
10/04/2026 16:30:13,N,34.5004,0.0,0.0,0.0,0.0,0.0,0.0,0.0,0.0,0.0,0.0,0.0,0.0,0.0,0.0,8074.34,84003.13,0.0,2026-10-04 21:30:13+00:00
10/04/2026 16:35:13,N,31.2157,0.0,0.0,0.0,0.0,0.0,0.0,0.0,0.0,0.0,0.0,0.0,0.0,0.0,0.0,8234.24,84477.55,0.0,2026-10-04 21:35:13+00:00
10/04/2026 16:40:14,N,34.9777,0.0,0.0,0.0,0.0,0.0,0.0,0.0,0.0,0.0,0.0,0.0,0.0,0.0,0.0,8269.99,84090.54,0.0,2026-10-04 21:40:14+00:00
10/04/2026 16:45:14,N,33.7436,0.0,0.0,0.0,0.0,0.0,0.0,0.0,0.0,0.0,0.0,0.0,0.0,0.0,0.0,8421.48,84273.98,0.0,2026-10-04 21:45:14+00:00
10/04/2026 16:50:13,N,37.2967,0.0,0.0,0.0,0.0,0.0,0.0,0.0,0.0,0.0,0.0,0.0,0.0,0.0,0.0,8440.73,83969.34,0.0,2026-10-04 21:50:13+00:00
10/04/2026 16:55:13,N,35.7294,0.0,0.0,0.0,0.0,0.0,0.0,0.0,0.0,0.0,0.0,0.0,0.0,0.0,0.0,8587.2,83961.36,0.0,2026-10-04 21:55:13+00:00
10/04/2026 17:00:16,N,35.9699,0.0,0.0,0.0,0.0,0.0,0.0,0.0,0.0,0.0,0.0,0.0,0.0,0.0,0.0,8880.33,83849.48,0.0,2026-10-04 22:00:16+00:00
10/04/2026 17:05:15,N,34.5003,0.0,0.0,0.0,0.0,0.0,0.0,0.0,0.0,0.0,0.0,0.0,0.0,0.0,0.0,8815.9,83495.14,0.0,2026-10-04 22:05:15+00:00
10/04/2026 17:10:16,N,36.5532,0.0,0.0,0.0,0.0,0.0,0.0,0.0,0.0,0.0,0.0,0.0,0.0,0.0,0.0,8749.39,83324.77,0.0,2026-10-04 22:10:16+00:00
10/04/2026 17:15:18,N,34.5025,0.0,0.0,0.0,0.0,0.0,0.0,0.0,0.0,0.0,0.0,0.0,0.0,0.0,0.0,8774.83,83429.73,0.0,2026-10-04 22:15:18+00:00
10/04/2026 17:20:18,N,33.9248,0.0,0.0,0.0,0.0,0.0,0.0,0.0,0.0,0.0,0.0,0.0,0.0,0.0,0.0,8896.43,83486.0,0.0,2026-10-04 22:20:18+00:00
10/04/2026 17:25:15,N,29.8571,0.0,0.0,0.0,0.0,0.0,0.0,0.0,0.0,0.0,0.0,0.0,0.0,0.0,0.0,9043.75,83922.7,0.0,2026-10-04 22:25:15+00:00
10/04/2026 17:30:17,N,29.1706,0.0,0.0,0.0,0.0,0.0,0.0,0.0,0.0,0.0,0.0,0.0,0.0,0.0,0.0,9179.33,84119.45,0.0,2026-10-04 22:30:17+00:00
10/04/2026 17:35:16,N,34.572,0.0,0.0,0.0,0.0,0.0,0.0,0.0,0.0,0.0,0.0,0.0,0.0,0.0,0.0,9267.26,83230.44,0.0,2026-10-04 22:35:16+00:00
10/04/2026 17:40:17,N,43.9216,0.0,0.0,0.0,0.0,0.0,0.0,0.0,0.0,0.0,0.0,0.0,0.0,0.0,0.0,9363.01,82739.42,0.0,2026-10-04 22:40:17+00:00
10/04/2026 17:45:18,N,44.7297,0.0,0.0,0.0,0.0,0.0,0.0,0.0,0.0,0.0,0.0,0.0,0.0,0.0,0.0,9379.47,82442.83,0.0,2026-10-04 22:45:18+00:00
10/04/2026 17:50:18,N,50.2676,0.0,0.0,0.0,0.0,0.0,0.0,0.0,0.0,0.0,0.0,0.0,0.0,0.0,0.0,9359.24,81758.07,0.0,2026-10-04 22:50:18+00:00
10/04/2026 17:55:19,N,49.9052,0.0,0.0,0.0,0.0,0.0,0.0,0.0,0.0,0.0,0.0,0.0,0.0,0.0,0.0,9225.61,81439.35,0.0,2026-10-04 22:55:19+00:00
10/04/2026 18:00:19,N,45.2556,0.0,0.0,0.0,0.0,0.0,0.0,0.0,0.0,0.0,0.0,0.0,0.0,0.0,0.0,9248.1,81246.19,0.0,2026-10-04 23:00:19+00:00
10/04/2026 18:05:20,N,50.0018,0.0,0.0,0.0,0.0,0.0,0.0,0.0,0.0,0.0,0.0,0.0,0.0,0.0,0.0,9267.85,80773.34,0.0,2026-10-04 23:05:20+00:00
10/04/2026 18:10:21,N,50.004,0.0,0.0,0.0,0.0,0.0,0.0,0.0,0.0,0.0,0.0,0.0,0.0,0.0,0.0,9234.82,80400.72,0.0,2026-10-04 23:10:21+00:00
10/04/2026 18:15:19,N,50.0899,0.0,0.0,0.0,0.0,0.0,0.0,0.0,0.0,0.0,0.0,0.0,0.0,0.0,0.0,9188.58,80190.12,0.0,2026-10-04 23:15:19+00:00
10/04/2026 18:20:22,N,54.0045,0.0,0.0,0.0,0.0,0.0,0.0,0.0,0.0,0.0,0.0,0.0,0.0,0.0,0.0,9468.97,79641.59,0.0,2026-10-04 23:20:22+00:00
10/04/2026 18:25:19,N,52.1895,0.0,0.0,0.0,0.0,0.0,0.0,0.0,0.0,0.0,0.0,0.0,0.0,0.0,0.0,9528.74,79181.44,0.0,2026-10-04 23:25:19+00:00
10/04/2026 18:30:18,N,55.8512,0.0,0.0,0.0,0.0,0.0,0.0,0.0,0.0,0.0,0.0,0.0,0.0,0.0,0.0,9634.12,78885.35,0.0,2026-10-04 23:30:18+00:00
10/04/2026 18:35:21,N,54.1401,0.0,0.0,0.0,0.0,0.0,0.0,0.0,0.0,0.0,0.0,0.0,0.0,0.0,0.0,10014.14,78764.65,0.0,2026-10-04 23:35:21+00:00
10/04/2026 18:40:19,N,54.9182,0.0,0.0,0.0,0.0,0.0,0.0,0.0,0.0,0.0,0.0,0.0,0.0,0.0,0.0,9940.82,78348.52,0.0,2026-10-04 23:40:19+00:00
10/04/2026 18:45:18,N,54.3385,0.0,0.0,0.0,0.0,0.0,0.0,0.0,0.0,0.0,0.0,0.0,0.0,0.0,0.0,9953.01,78038.14,0.0,2026-10-04 23:45:18+00:00
10/04/2026 18:50:21,N,53.8568,0.0,0.0,0.0,0.0,0.0,0.0,0.0,0.0,0.0,0.0,0.0,0.0,0.0,0.0,9968.59,77542.5,0.0,2026-10-04 23:50:21+00:00
10/04/2026 18:55:21,N,57.4325,0.0,0.0,0.0,0.0,0.0,0.0,0.0,0.0,0.0,0.0,0.0,0.0,0.0,0.0,9781.77,77239.4,0.0,2026-10-04 23:55:21+00:00
10/04/2026 19:00:27,N,55.8492,0.0,0.0,0.0,0.0,0.0,0.0,0.0,0.0,0.0,0.0,0.0,0.0,0.0,0.0,9638.79,77240.47,0.0,2026-10-05 00:00:27+00:00
10/04/2026 19:05:20,N,52.0262,0.0,0.0,0.0,0.0,0.0,0.0,0.0,0.0,0.0,0.0,0.0,0.0,0.0,0.0,9008.08,77013.83,0.0,2026-10-05 00:05:20+00:00
10/04/2026 19:10:18,N,52.4787,0.0,0.0,0.0,0.0,0.0,0.0,0.0,0.0,0.0,0.0,0.0,0.0,0.0,0.0,8677.32,76959.69,0.0,2026-10-05 00:10:18+00:00
10/04/2026 19:15:24,N,55.1055,0.0,0.0,0.0,0.0,0.0,0.0,0.0,0.0,0.0,0.0,0.0,0.0,0.0,0.0,8597.85,76797.67,0.0,2026-10-05 00:15:24+00:00
10/04/2026 19:20:23,N,55.2387,0.0,0.0,0.0,0.0,0.0,0.0,0.0,0.0,0.0,0.0,0.0,0.0,0.0,0.0,8442.92,76701.17,0.0,2026-10-05 00:20:23+00:00
10/04/2026 19:25:24,N,55.8832,0.0,0.0,0.0,0.0,0.0,0.0,0.0,0.0,0.0,0.0,0.0,0.0,0.0,0.0,8545.77,76656.45,0.0,2026-10-05 00:25:24+00:00
10/04/2026 19:30:20,N,56.0147,0.0,0.0,0.0,0.0,0.0,0.0,0.0,0.0,0.0,0.0,0.0,0.0,0.0,0.0,8548.08,76623.52,0.0,2026-10-05 00:30:20+00:00
10/04/2026 19:35:18,N,55.4695,0.0,0.0,0.0,0.0,0.0,0.0,0.0,0.0,0.0,0.0,0.0,0.0,0.0,0.0,8520.13,76707.46,0.0,2026-10-05 00:35:18+00:00
10/04/2026 19:40:21,N,55.0419,0.0,0.0,0.0,0.0,0.0,0.0,0.0,0.0,0.0,0.0,0.0,0.0,0.0,0.0,8494.1,76720.75,0.0,2026-10-05 00:40:21+00:00
10/04/2026 19:45:19,N,53.4412,0.0,0.0,0.0,0.0,0.0,0.0,0.0,0.0,0.0,0.0,0.0,0.0,0.0,0.0,8420.73,76770.0,0.0,2026-10-05 00:45:19+00:00
10/04/2026 19:50:21,N,53.4662,0.0,0.0,0.0,0.0,0.0,0.0,0.0,0.0,0.0,0.0,0.0,0.0,0.0,0.0,8403.68,76804.09,0.0,2026-10-05 00:50:21+00:00
10/04/2026 19:55:20,N,53.4355,0.0,0.0,0.0,0.0,0.0,0.0,0.0,0.0,0.0,0.0,0.0,0.0,0.0,0.0,8404.13,76821.99,0.0,2026-10-05 00:55:20+00:00
10/04/2026 20:00:23,N,51.2027,0.0,0.0,0.0,0.0,0.0,0.0,0.0,0.0,0.0,0.0,0.0,0.0,0.0,0.0,8410.1,76855.16,0.0,2026-10-05 01:00:23+00:00
10/04/2026 20:05:20,N,51.3582,0.0,0.0,0.0,0.0,0.0,0.0,0.0,0.0,0.0,0.0,0.0,0.0,0.0,0.0,8245.35,76881.89,0.0,2026-10-05 01:05:20+00:00
10/04/2026 20:10:23,N,51.9346,0.0,0.0,0.0,0.0,0.0,0.0,0.0,0.0,0.0,0.0,0.0,0.0,0.0,0.0,7866.32,76882.64,0.0,2026-10-05 01:10:23+00:00
10/04/2026 20:15:21,N,48.7464,0.0,0.0,0.0,0.0,0.0,0.0,0.0,0.0,0.0,0.0,0.0,0.0,0.0,0.0,7845.95,76842.83,0.0,2026-10-05 01:15:21+00:00
10/04/2026 20:20:19,N,48.3693,0.0,0.0,0.0,0.0,0.0,0.0,0.0,0.0,0.0,0.0,0.0,0.0,0.0,0.0,7843.64,76877.03,0.0,2026-10-05 01:20:19+00:00
10/04/2026 20:25:22,N,48.4911,0.0,0.0,0.0,0.0,0.0,0.0,0.0,0.0,0.0,0.0,0.0,0.0,0.0,0.0,7839.49,76932.06,0.0,2026-10-05 01:25:22+00:00
10/04/2026 20:30:19,N,47.3542,0.0,0.0,0.0,0.0,0.0,0.0,0.0,0.0,0.0,0.0,0.0,0.0,0.0,0.0,7836.11,76995.04,0.0,2026-10-05 01:30:19+00:00
10/04/2026 20:35:19,N,47.1992,0.0,0.0,0.0,0.0,0.0,0.0,0.0,0.0,0.0,0.0,0.0,0.0,0.0,0.0,7828.94,77069.42,0.0,2026-10-05 01:35:19+00:00
10/04/2026 20:40:21,N,47.2687,0.0,0.0,0.0,0.0,0.0,0.0,0.0,0.0,0.0,0.0,0.0,0.0,0.0,0.0,7813.3,77033.46,0.0,2026-10-05 01:40:21+00:00
10/04/2026 20:45:19,N,46.0977,0.0,0.0,0.0,0.0,0.0,0.0,0.0,0.0,0.0,0.0,0.0,0.0,0.0,0.0,7810.3,76939.55,0.0,2026-10-05 01:45:19+00:00
10/04/2026 20:50:18,N,45.6501,0.0,0.0,0.0,0.0,0.0,0.0,0.0,0.0,0.0,0.0,0.0,0.0,0.0,0.0,7812.62,76877.48,0.0,2026-10-05 01:50:18+00:00
10/04/2026 20:55:20,N,45.5029,0.0,0.0,0.0,0.0,0.0,0.0,0.0,0.0,0.0,0.0,0.0,0.0,0.0,0.0,7812.2,76719.62,0.0,2026-10-05 01:55:20+00:00
10/04/2026 21:00:24,N,45.9986,0.0,0.0,0.0,0.0,0.0,0.0,0.0,0.0,0.0,0.0,0.0,0.0,0.0,0.0,7786.74,76627.8,0.0,2026-10-05 02:00:24+00:00
10/04/2026 21:05:21,N,46.5848,0.0,0.0,0.0,0.0,0.0,0.0,0.0,0.0,0.0,0.0,0.0,0.0,0.0,0.0,7764.22,76333.84,0.0,2026-10-05 02:05:21+00:00
10/04/2026 21:10:20,N,48.9331,0.0,0.0,0.0,0.0,0.0,0.0,0.0,0.0,0.0,0.0,0.0,0.0,0.0,0.0,7724.89,76390.2,0.0,2026-10-05 02:10:20+00:00
10/04/2026 21:15:19,N,48.7364,0.0,0.0,0.0,0.0,0.0,0.0,0.0,0.0,0.0,0.0,0.0,0.0,0.0,0.0,7606.31,76346.8,0.0,2026-10-05 02:15:19+00:00
10/04/2026 21:20:20,N,46.9078,0.0,0.0,0.0,0.0,0.0,0.0,0.0,0.0,0.0,0.0,0.0,0.0,0.0,0.0,7600.77,76335.87,0.0,2026-10-05 02:20:20+00:00
10/04/2026 21:25:18,N,47.3091,0.0,0.0,0.0,0.0,0.0,0.0,0.0,0.0,0.0,0.0,0.0,0.0,0.0,0.0,7588.02,76343.54,0.0,2026-10-05 02:25:18+00:00
10/04/2026 21:30:20,N,48.7654,0.0,0.0,0.0,0.0,0.0,0.0,0.0,0.0,0.0,0.0,0.0,0.0,0.0,0.0,7595.46,76148.05,0.0,2026-10-05 02:30:20+00:00
10/04/2026 21:35:20,N,48.2398,0.0,0.0,0.0,0.0,0.0,0.0,0.0,0.0,0.0,0.0,0.0,0.0,0.0,0.0,7596.82,76071.77,0.0,2026-10-05 02:35:20+00:00
10/04/2026 21:40:19,N,49.389,0.0,0.0,0.0,0.0,0.0,0.0,0.0,0.0,0.0,0.0,0.0,0.0,0.0,0.0,7597.21,76019.34,0.0,2026-10-05 02:40:19+00:00
10/04/2026 21:45:19,N,50.0562,0.0,0.0,0.0,0.0,0.0,0.0,0.0,0.0,0.0,0.0,0.0,0.0,0.0,0.0,7593.33,75949.55,0.0,2026-10-05 02:45:19+00:00
10/04/2026 21:50:19,N,49.4117,0.0,0.0,0.0,0.0,0.0,0.0,0.0,0.0,0.0,0.0,0.0,0.0,0.0,0.0,7585.76,75840.66,0.0,2026-10-05 02:50:19+00:00
10/04/2026 21:55:20,N,50.0543,0.0,0.0,0.0,0.0,0.0,0.0,0.0,0.0,0.0,0.0,0.0,0.0,0.0,0.0,7599.79,75742.84,0.0,2026-10-05 02:55:20+00:00
10/04/2026 22:00:22,N,51.0075,0.0,0.0,0.0,0.0,0.0,0.0,0.0,0.0,0.0,0.0,0.0,0.0,0.0,0.0,7603.41,75617.1,0.0,2026-10-05 03:00:22+00:00
10/04/2026 22:05:20,N,49.9649,0.0,0.0,0.0,0.0,0.0,0.0,0.0,0.0,0.0,0.0,0.0,0.0,0.0,0.0,7678.51,75423.77,0.0,2026-10-05 03:05:20+00:00
10/04/2026 22:10:22,N,50.7009,0.0,0.0,0.0,0.0,0.0,0.0,0.0,0.0,0.0,0.0,0.0,0.0,0.0,0.0,7669.26,75329.75,0.0,2026-10-05 03:10:22+00:00
10/04/2026 22:15:22,N,46.5384,0.0,0.0,0.0,0.0,0.0,0.0,0.0,0.0,0.0,0.0,0.0,0.0,0.0,0.0,7624.01,75377.85,0.0,2026-10-05 03:15:22+00:00
10/04/2026 22:20:19,N,45.7892,0.0,0.0,0.0,0.0,0.0,0.0,0.0,0.0,0.0,0.0,0.0,0.0,0.0,0.0,7621.26,75404.68,0.0,2026-10-05 03:20:19+00:00
10/04/2026 22:25:21,N,44.5464,0.0,0.0,0.0,0.0,0.0,0.0,0.0,0.0,0.0,0.0,0.0,0.0,0.0,0.0,7619.22,75333.03,0.0,2026-10-05 03:25:21+00:00
10/04/2026 22:30:21,N,42.0587,0.0,0.0,0.0,0.0,0.0,0.0,0.0,0.0,0.0,0.0,0.0,0.0,0.0,0.0,7626.72,75320.2,0.0,2026-10-05 03:30:21+00:00
10/04/2026 22:35:19,N,41.8148,0.0,0.0,0.0,0.0,0.0,0.0,0.0,0.0,0.0,0.0,0.0,0.0,0.0,0.0,7635.26,75236.9,0.0,2026-10-05 03:35:19+00:00
10/04/2026 22:40:19,N,40.8756,0.0,0.0,0.0,0.0,0.0,0.0,0.0,0.0,0.0,0.0,0.0,0.0,0.0,0.0,7627.94,75188.65,0.0,2026-10-05 03:40:19+00:00
10/04/2026 22:45:20,N,37.6297,0.0,0.0,0.0,0.0,0.0,0.0,0.0,0.0,0.0,0.0,0.0,0.0,0.0,0.0,7715.48,75102.62,0.0,2026-10-05 03:45:20+00:00
10/04/2026 22:50:19,N,39.5836,0.0,0.0,0.0,0.0,0.0,0.0,0.0,0.0,0.0,0.0,0.0,0.0,0.0,0.0,7702.12,75149.75,0.0,2026-10-05 03:50:19+00:00
10/04/2026 22:55:21,N,39.7661,0.0,0.0,0.0,0.0,0.0,0.0,0.0,0.0,0.0,0.0,0.0,0.0,0.0,0.0,7682.39,75077.73,0.0,2026-10-05 03:55:21+00:00
10/04/2026 23:00:19,N,41.075,0.0,0.0,0.0,0.0,0.0,0.0,0.0,0.0,0.0,0.0,0.0,0.0,0.0,0.0,7729.99,75109.91,0.0,2026-10-05 04:00:19+00:00
10/04/2026 23:05:19,N,40.6804,0.0,0.0,0.0,0.0,0.0,0.0,0.0,0.0,0.0,0.0,0.0,0.0,0.0,0.0,7485.69,75171.67,0.0,2026-10-05 04:05:19+00:00
10/04/2026 23:10:18,N,41.067,0.0,0.0,0.0,0.0,0.0,0.0,0.0,0.0,0.0,0.0,0.0,0.0,0.0,0.0,7363.2,75117.8,0.0,2026-10-05 04:10:18+00:00
10/04/2026 23:15:19,N,41.1885,0.0,0.0,0.0,0.0,0.0,0.0,0.0,0.0,0.0,0.0,0.0,0.0,0.0,0.0,7371.05,74747.16,0.0,2026-10-05 04:15:19+00:00
10/04/2026 23:20:18,N,41.197,0.0,0.0,0.0,0.0,0.0,0.0,0.0,0.0,0.0,0.0,0.0,0.0,0.0,0.0,7388.23,74698.96,0.0,2026-10-05 04:20:18+00:00
10/04/2026 23:25:16,N,41.19,0.0,0.0,0.0,0.0,0.0,0.0,0.0,0.0,0.0,0.0,0.0,0.0,0.0,0.0,7365.4,74574.01,0.0,2026-10-05 04:25:16+00:00
10/04/2026 23:30:17,N,39.8518,0.0,0.0,0.0,0.0,0.0,0.0,0.0,0.0,0.0,0.0,0.0,0.0,0.0,0.0,7370.36,74468.51,0.0,2026-10-05 04:30:17+00:00
10/04/2026 23:35:17,N,41.7386,0.0,0.0,0.0,0.0,0.0,0.0,0.0,0.0,0.0,0.0,0.0,0.0,0.0,0.0,7378.2,74354.55,0.0,2026-10-05 04:35:17+00:00
10/04/2026 23:40:16,N,43.7881,0.0,0.0,0.0,0.0,0.0,0.0,0.0,0.0,0.0,0.0,0.0,0.0,0.0,0.0,7389.92,74273.09,0.0,2026-10-05 04:40:16+00:00
10/04/2026 23:45:16,N,43.7334,0.0,0.0,0.0,0.0,0.0,0.0,0.0,0.0,0.0,0.0,0.0,0.0,0.0,0.0,7392.43,74257.55,0.0,2026-10-05 04:45:16+00:00
10/04/2026 23:50:16,N,40.6725,0.0,0.0,0.0,0.0,0.0,0.0,0.0,0.0,0.0,0.0,0.0,0.0,0.0,0.0,7395.85,74349.73,0.0,2026-10-05 04:50:16+00:00
10/04/2026 23:55:19,N,39.5985,0.0,0.0,0.0,0.0,0.0,0.0,0.0,0.0,0.0,0.0,0.0,0.0,0.0,0.0,7392.83,74298.13,0.0,2026-10-05 04:55:19+00:00
10/05/2026 00:00:20,N,40.0043,0.0,0.0,0.0,0.0,0.0,0.0,0.0,0.0,0.0,0.0,0.0,0.0,0.0,0.0,7364.89,74012.43,0.0,2026-10-05 05:00:20+00:00
10/05/2026 00:05:20,N,40.6113,0.0,0.0,0.0,0.0,0.0,0.0,0.0,0.0,0.0,0.0,0.0,0.0,0.0,0.0,7239.29,74151.3,0.0,2026-10-05 05:05:20+00:00
10/05/2026 00:10:19,N,42.3819,0.0,0.0,0.0,0.0,0.0,0.0,0.0,0.0,0.0,0.0,0.0,0.0,0.0,0.0,7092.68,74141.21,0.0,2026-10-05 05:10:19+00:00
10/05/2026 00:15:18,N,41.9755,0.0,0.0,0.0,0.0,0.0,0.0,0.0,0.0,0.0,0.0,0.0,0.0,0.0,0.0,6945.47,73867.2,0.0,2026-10-05 05:15:18+00:00
10/05/2026 00:20:18,N,40.6223,0.0,0.0,0.0,0.0,0.0,0.0,0.0,0.0,0.0,0.0,0.0,0.0,0.0,0.0,6929.14,73554.18,0.0,2026-10-05 05:20:18+00:00
10/05/2026 00:25:17,N,39.7444,0.0,0.0,0.0,0.0,0.0,0.0,0.0,0.0,0.0,0.0,0.0,0.0,0.0,0.0,6924.19,73516.05,0.0,2026-10-05 05:25:17+00:00
10/05/2026 00:30:20,N,38.1512,0.0,0.0,0.0,0.0,0.0,0.0,0.0,0.0,0.0,0.0,0.0,0.0,0.0,0.0,6918.75,73393.35,0.0,2026-10-05 05:30:20+00:00
10/05/2026 00:35:17,N,40.9006,0.0,0.0,0.0,0.0,0.0,0.0,0.0,0.0,0.0,0.0,0.0,0.0,0.0,0.0,6858.68,73363.66,0.0,2026-10-05 05:35:17+00:00
10/05/2026 00:40:19,N,42.2947,0.0,0.0,0.0,0.0,0.0,0.0,0.0,0.0,0.0,0.0,0.0,0.0,0.0,0.0,6883.03,73344.44,0.0,2026-10-05 05:40:19+00:00
10/05/2026 00:45:19,N,42.1325,0.0,0.0,0.0,0.0,0.0,0.0,0.0,0.0,0.0,0.0,0.0,0.0,0.0,0.0,6869.64,73292.7,0.0,2026-10-05 05:45:19+00:00
10/05/2026 00:50:18,N,41.6702,0.0,0.0,0.0,0.0,0.0,0.0,0.0,0.0,0.0,0.0,0.0,0.0,0.0,0.0,7037.18,73220.83,0.0,2026-10-05 05:50:18+00:00
10/05/2026 00:55:20,N,41.6247,0.0,0.0,0.0,0.0,0.0,0.0,0.0,0.0,0.0,0.0,0.0,0.0,0.0,0.0,7051.33,73176.27,0.0,2026-10-05 05:55:20+00:00
10/05/2026 01:00:20,N,45.9944,0.0,0.0,0.0,0.0,0.0,0.0,0.0,0.0,0.0,0.0,0.0,0.0,0.0,0.0,7068.17,73179.11,0.0,2026-10-05 06:00:20+00:00
10/05/2026 01:05:19,N,44.2181,0.0,0.0,0.0,0.0,0.0,0.0,0.0,0.0,0.0,0.0,0.0,0.0,0.0,0.0,7049.36,73185.28,0.0,2026-10-05 06:05:19+00:00
10/05/2026 01:10:21,N,41.4869,0.0,0.0,0.0,0.0,0.0,0.0,0.0,0.0,0.0,0.0,0.0,0.0,0.0,0.0,7019.43,73217.66,0.0,2026-10-05 06:10:21+00:00
10/05/2026 01:15:19,N,41.1937,0.0,0.0,0.0,0.0,0.0,0.0,0.0,0.0,0.0,0.0,0.0,0.0,0.0,0.0,6988.8,73259.14,0.0,2026-10-05 06:15:19+00:00
10/05/2026 01:20:18,N,40.8527,0.0,0.0,0.0,0.0,0.0,0.0,0.0,0.0,0.0,0.0,0.0,0.0,0.0,0.0,6743.38,73251.92,0.0,2026-10-05 06:20:18+00:00
10/05/2026 01:25:17,N,39.7846,0.0,0.0,0.0,0.0,0.0,0.0,0.0,0.0,0.0,0.0,0.0,0.0,0.0,0.0,6615.13,73230.5,0.0,2026-10-05 06:25:17+00:00
10/05/2026 01:30:21,N,35.9655,0.0,0.0,0.0,0.0,0.0,0.0,0.0,0.0,0.0,0.0,0.0,0.0,0.0,0.0,6594.19,73260.32,0.0,2026-10-05 06:30:21+00:00
10/05/2026 01:35:18,N,35.9509,0.0,0.0,0.0,0.0,0.0,0.0,0.0,0.0,0.0,0.0,0.0,0.0,0.0,0.0,6400.26,73291.88,0.0,2026-10-05 06:35:18+00:00
10/05/2026 01:40:22,N,36.3966,0.0,0.0,0.0,0.0,0.0,0.0,0.0,0.0,0.0,0.0,0.0,0.0,0.0,0.0,6223.49,73187.99,0.0,2026-10-05 06:40:22+00:00
10/05/2026 01:45:22,N,35.9112,0.0,0.0,0.0,0.0,0.0,0.0,0.0,0.0,0.0,0.0,0.0,0.0,0.0,0.0,6088.97,73119.94,0.0,2026-10-05 06:45:22+00:00
10/05/2026 01:50:19,N,35.7371,0.0,0.0,0.0,0.0,0.0,0.0,0.0,0.0,0.0,0.0,0.0,0.0,0.0,0.0,5918.78,72902.04,0.0,2026-10-05 06:50:19+00:00
10/05/2026 01:55:22,N,35.2277,0.0,0.0,0.0,0.0,0.0,0.0,0.0,0.0,0.0,0.0,0.0,0.0,0.0,0.0,5883.94,72888.27,0.0,2026-10-05 06:55:22+00:00
10/05/2026 02:00:19,N,36.9516,0.0,0.0,0.0,0.0,0.0,0.0,0.0,0.0,0.0,0.0,0.0,0.0,0.0,0.0,5605.0,72758.91,0.0,2026-10-05 07:00:19+00:00
10/05/2026 02:05:23,N,38.226,0.0,0.0,0.0,0.0,0.0,0.0,0.0,0.0,0.0,0.0,0.0,0.0,0.0,0.0,5498.7,72585.48,0.0,2026-10-05 07:05:23+00:00
10/05/2026 02:10:20,N,35.525,0.0,0.0,0.0,0.0,0.0,0.0,0.0,0.0,0.0,0.0,0.0,0.0,0.0,0.0,5464.53,72389.02,0.0,2026-10-05 07:10:20+00:00
10/05/2026 02:15:20,N,38.178,0.0,0.0,0.0,0.0,0.0,0.0,0.0,0.0,0.0,0.0,0.0,0.0,0.0,0.0,4984.86,72366.45,0.0,2026-10-05 07:15:20+00:00
10/05/2026 02:20:17,N,37.9317,0.0,0.0,0.0,0.0,0.0,0.0,0.0,0.0,0.0,0.0,0.0,0.0,0.0,0.0,4983.77,72378.34,0.0,2026-10-05 07:20:17+00:00
10/05/2026 02:25:18,N,38.9003,0.0,0.0,0.0,0.0,0.0,0.0,0.0,0.0,0.0,0.0,0.0,0.0,0.0,0.0,4914.62,72160.95,0.0,2026-10-05 07:25:18+00:00
10/05/2026 02:30:20,N,37.7863,0.0,0.0,0.0,0.0,0.0,0.0,0.0,0.0,0.0,0.0,0.0,0.0,0.0,0.0,4916.67,72071.91,0.0,2026-10-05 07:30:20+00:00
10/05/2026 02:35:20,N,37.7816,0.0,0.0,0.0,0.0,0.0,0.0,0.0,0.0,0.0,0.0,0.0,0.0,0.0,0.0,4910.83,72085.27,0.0,2026-10-05 07:35:20+00:00
10/05/2026 02:40:19,N,37.9019,0.0,0.0,0.0,0.0,0.0,0.0,0.0,0.0,0.0,0.0,0.0,0.0,0.0,0.0,4845.14,72090.1,0.0,2026-10-05 07:40:19+00:00
10/05/2026 02:45:18,N,37.1358,0.0,0.0,0.0,0.0,0.0,0.0,0.0,0.0,0.0,0.0,0.0,0.0,0.0,0.0,4838.91,72053.63,0.0,2026-10-05 07:45:18+00:00
10/05/2026 02:50:21,N,37.4973,0.0,0.0,0.0,0.0,0.0,0.0,0.0,0.0,0.0,0.0,0.0,0.0,0.0,0.0,4870.08,71916.38,0.0,2026-10-05 07:50:21+00:00
10/05/2026 02:55:18,N,37.6791,0.0,0.0,0.0,0.0,0.0,0.0,0.0,0.0,0.0,0.0,0.0,0.0,0.0,0.0,4904.41,71871.01,0.0,2026-10-05 07:55:18+00:00
10/05/2026 03:00:20,N,42.4363,0.0,0.0,0.0,0.0,0.0,0.0,0.0,0.0,0.0,0.0,0.0,0.0,0.0,0.0,4935.41,71851.59,0.0,2026-10-05 08:00:20+00:00
10/05/2026 03:05:18,N,43.7607,0.0,0.0,0.0,0.0,0.0,0.0,0.0,0.0,0.0,0.0,0.0,0.0,0.0,0.0,4937.21,71797.42,0.0,2026-10-05 08:05:18+00:00
10/05/2026 03:10:20,N,40.9486,0.0,0.0,0.0,0.0,0.0,0.0,0.0,0.0,0.0,0.0,0.0,0.0,0.0,0.0,4924.85,71801.89,0.0,2026-10-05 08:10:20+00:00
10/05/2026 03:15:19,N,43.0889,0.0,0.0,0.0,0.0,0.0,0.0,0.0,0.0,0.0,0.0,0.0,0.0,0.0,0.0,4879.94,71733.95,0.0,2026-10-05 08:15:19+00:00
10/05/2026 03:20:18,N,41.6201,0.0,0.0,0.0,0.0,0.0,0.0,0.0,0.0,0.0,0.0,0.0,0.0,0.0,0.0,4883.81,71783.4,0.0,2026-10-05 08:20:18+00:00
10/05/2026 03:25:18,N,40.4916,0.0,0.0,0.0,0.0,0.0,0.0,0.0,0.0,0.0,0.0,0.0,0.0,0.0,0.0,4896.06,71892.88,0.0,2026-10-05 08:25:18+00:00
10/05/2026 03:30:22,N,38.0585,0.0,0.0,0.0,0.0,0.0,0.0,0.0,0.0,0.0,0.0,0.0,0.0,0.0,0.0,4906.58,71895.94,0.0,2026-10-05 08:30:22+00:00
10/05/2026 03:35:18,N,39.091,0.0,0.0,0.0,0.0,0.0,0.0,0.0,0.0,0.0,0.0,0.0,0.0,0.0,0.0,4917.22,71954.73,0.0,2026-10-05 08:35:18+00:00
10/05/2026 03:40:18,N,39.4489,0.0,0.0,0.0,0.0,0.0,0.0,0.0,0.0,0.0,0.0,0.0,0.0,0.0,0.0,4899.3,71963.85,0.0,2026-10-05 08:40:18+00:00
10/05/2026 03:45:19,N,39.0553,0.0,0.0,0.0,0.0,0.0,0.0,0.0,0.0,0.0,0.0,0.0,0.0,0.0,0.0,4905.51,71908.05,0.0,2026-10-05 08:45:19+00:00
10/05/2026 03:50:18,N,39.5363,0.0,0.0,0.0,0.0,0.0,0.0,0.0,0.0,0.0,0.0,0.0,0.0,0.0,0.0,4919.74,71975.2,0.0,2026-10-05 08:50:18+00:00
10/05/2026 03:55:19,N,37.1535,0.0,0.0,0.0,0.0,0.0,0.0,0.0,0.0,0.0,0.0,0.0,0.0,0.0,0.0,4944.35,72031.29,0.0,2026-10-05 08:55:19+00:00
10/05/2026 04:00:21,N,34.6973,0.0,0.0,0.0,0.0,0.0,0.0,0.0,0.0,0.0,0.0,0.0,0.0,0.0,0.0,4927.36,72025.94,0.0,2026-10-05 09:00:21+00:00
10/05/2026 04:05:19,N,35.7558,0.0,0.0,0.0,0.0,0.0,0.0,0.0,0.0,0.0,0.0,0.0,0.0,0.0,0.0,4803.61,72056.21,0.0,2026-10-05 09:05:19+00:00
10/05/2026 04:10:18,N,36.0372,0.0,0.0,0.0,0.0,0.0,0.0,0.0,0.0,0.0,0.0,0.0,0.0,0.0,0.0,4793.21,72160.13,0.0,2026-10-05 09:10:18+00:00
10/05/2026 04:15:18,N,35.9704,0.0,0.0,0.0,0.0,0.0,0.0,0.0,0.0,0.0,0.0,0.0,0.0,0.0,0.0,4792.51,71920.08,0.0,2026-10-05 09:15:18+00:00
10/05/2026 04:20:18,N,36.3621,0.0,0.0,0.0,0.0,0.0,0.0,0.0,0.0,0.0,0.0,0.0,0.0,0.0,0.0,4803.59,72093.52,0.0,2026-10-05 09:20:18+00:00
10/05/2026 04:25:18,N,35.5389,0.0,0.0,0.0,0.0,0.0,0.0,0.0,0.0,0.0,0.0,0.0,0.0,0.0,0.0,4806.61,72129.03,0.0,2026-10-05 09:25:18+00:00
10/05/2026 04:30:18,N,35.8035,0.0,0.0,0.0,0.0,0.0,0.0,0.0,0.0,0.0,0.0,0.0,0.0,0.0,0.0,4809.99,72128.54,0.0,2026-10-05 09:30:18+00:00
10/05/2026 04:35:19,N,36.1104,0.0,0.0,0.0,0.0,0.0,0.0,0.0,0.0,0.0,0.0,0.0,0.0,0.0,0.0,4836.63,72045.48,0.0,2026-10-05 09:35:19+00:00
10/05/2026 04:40:18,N,36.7561,0.0,0.0,0.0,0.0,0.0,0.0,0.0,0.0,0.0,0.0,0.0,0.0,0.0,0.0,4846.39,71968.52,0.0,2026-10-05 09:40:18+00:00
10/05/2026 04:45:18,N,36.9027,0.0,0.0,0.0,0.0,0.0,0.0,0.0,0.0,0.0,0.0,0.0,0.0,0.0,0.0,4862.73,71998.15,0.0,2026-10-05 09:45:18+00:00
10/05/2026 04:50:19,N,36.8597,0.0,0.0,0.0,0.0,0.0,0.0,0.0,0.0,0.0,0.0,0.0,0.0,0.0,0.0,4886.02,72085.01,0.0,2026-10-05 09:50:19+00:00
10/05/2026 04:55:18,N,38.421,0.0,0.0,0.0,0.0,0.0,0.0,0.0,0.0,0.0,0.0,0.0,0.0,0.0,0.0,4901.53,72074.13,0.0,2026-10-05 09:55:18+00:00
10/05/2026 05:00:19,N,38.003,0.0,0.0,0.0,0.0,0.0,0.0,0.0,0.0,0.0,0.0,0.0,0.0,0.0,0.0,4896.68,71904.8,0.0,2026-10-05 10:00:19+00:00
10/05/2026 05:05:19,N,39.8884,0.0,0.0,0.0,0.0,0.0,0.0,0.0,0.0,0.0,0.0,0.0,0.0,0.0,0.0,4889.71,71749.59,0.0,2026-10-05 10:05:19+00:00
10/05/2026 05:10:20,N,40.8861,0.0,0.0,0.0,0.0,0.0,0.0,0.0,0.0,0.0,0.0,0.0,0.0,0.0,0.0,4834.82,71793.84,0.0,2026-10-05 10:10:20+00:00
10/05/2026 05:15:18,N,40.4745,0.0,0.0,0.0,0.0,0.0,0.0,0.0,0.0,0.0,0.0,0.0,0.0,0.0,0.0,4929.75,71723.7,0.0,2026-10-05 10:15:18+00:00
10/05/2026 05:20:20,N,40.8893,0.0,0.0,0.0,0.0,0.0,0.0,0.0,0.0,0.0,0.0,0.0,0.0,0.0,0.0,5039.14,71710.91,0.0,2026-10-05 10:20:20+00:00
10/05/2026 05:25:19,N,43.0092,0.0,0.0,0.0,0.0,0.0,0.0,0.0,0.0,0.0,0.0,0.0,0.0,0.0,0.0,4951.19,71745.49,0.0,2026-10-05 10:25:19+00:00
10/05/2026 05:30:18,N,44.5864,0.0,0.0,0.0,0.0,0.0,0.0,0.0,0.0,0.0,0.0,0.0,0.0,0.0,0.0,5022.39,71888.12,0.0,2026-10-05 10:30:18+00:00
10/05/2026 05:35:19,N,44.3036,0.0,0.0,0.0,0.0,0.0,0.0,0.0,0.0,0.0,0.0,0.0,0.0,0.0,0.0,5093.37,71967.93,0.0,2026-10-05 10:35:19+00:00
10/05/2026 05:40:19,N,47.0121,0.0,0.0,0.0,0.0,0.0,0.0,0.0,0.0,0.0,0.0,0.0,0.0,0.0,0.0,5040.56,71931.98,0.0,2026-10-05 10:40:19+00:00
10/05/2026 05:45:19,N,49.1258,0.0,0.0,0.0,0.0,0.0,0.0,0.0,0.0,0.0,0.0,0.0,0.0,0.0,0.0,5078.06,71978.5,0.0,2026-10-05 10:45:19+00:00
10/05/2026 05:50:24,N,46.6533,0.0,0.0,0.0,0.0,0.0,0.0,0.0,0.0,0.0,0.0,0.0,0.0,0.0,0.0,5069.31,71872.48,0.0,2026-10-05 10:50:24+00:00
10/05/2026 05:55:20,N,49.1607,0.0,0.0,0.0,0.0,0.0,0.0,0.0,0.0,0.0,0.0,0.0,0.0,0.0,0.0,5054.94,71796.18,0.0,2026-10-05 10:55:20+00:00
10/05/2026 06:00:21,N,63.6129,0.0,0.0,0.0,0.0,0.0,0.0,0.0,0.0,0.0,0.0,0.0,0.0,0.0,0.0,5054.36,71747.28,0.0,2026-10-05 11:00:21+00:00
10/05/2026 06:05:19,N,74.5008,0.0,0.0,0.0,0.0,0.0,0.0,0.0,0.0,0.0,0.0,0.0,0.0,0.0,0.0,4975.12,71687.55,0.0,2026-10-05 11:05:19+00:00
10/05/2026 06:10:20,N,79.9303,0.0,0.0,0.0,0.0,0.0,0.0,0.0,0.0,0.0,0.0,0.0,0.0,0.0,0.0,5017.22,71597.31,0.0,2026-10-05 11:10:20+00:00
10/05/2026 06:15:19,N,73.5353,0.0,0.0,0.0,0.0,0.0,0.0,0.0,0.0,0.0,0.0,0.0,0.0,0.0,0.0,5073.35,71532.91,0.0,2026-10-05 11:15:19+00:00
10/05/2026 06:20:18,N,62.747,0.0,0.0,0.0,0.0,0.0,0.0,0.0,0.0,0.0,0.0,0.0,0.0,0.0,0.0,5148.07,71381.52,0.0,2026-10-05 11:20:18+00:00
10/05/2026 06:25:19,N,71.9164,0.0,0.0,0.0,0.0,0.0,0.0,0.0,0.0,0.0,0.0,0.0,0.0,0.0,0.0,5156.01,71317.93,0.0,2026-10-05 11:25:19+00:00
10/05/2026 06:30:18,N,79.3275,0.0,0.0,0.0,0.0,0.0,0.0,0.0,0.0,0.0,0.0,0.0,0.0,0.0,0.0,5174.6,71181.87,0.0,2026-10-05 11:30:18+00:00
10/05/2026 06:35:18,N,90.5935,0.0,0.0,0.0,0.0,0.0,0.0,0.0,0.0,0.0,0.0,0.0,0.0,0.0,0.0,5200.68,71120.52,0.0,2026-10-05 11:35:18+00:00
10/05/2026 06:40:17,N,89.9331,0.0,0.0,0.0,0.0,0.0,0.0,0.0,0.0,0.0,0.0,0.0,0.0,0.0,0.0,5530.07,71109.44,0.0,2026-10-05 11:40:17+00:00
10/05/2026 06:45:17,N,78.3431,0.0,0.0,0.0,0.0,0.0,0.0,0.0,0.0,0.0,0.0,0.0,0.0,0.0,0.0,5654.49,71253.83,0.0,2026-10-05 11:45:17+00:00
10/05/2026 06:50:17,N,96.4276,0.0,0.0,0.0,0.0,0.0,0.0,0.0,0.0,0.0,0.0,0.0,0.0,0.0,0.0,5818.01,71478.99,0.0,2026-10-05 11:50:17+00:00
10/05/2026 06:55:19,N,66.4473,0.0,0.0,0.0,0.0,0.0,0.0,0.0,0.0,0.0,0.0,0.0,0.0,0.0,0.0,5833.62,71407.48,0.0,2026-10-05 11:55:19+00:00
10/05/2026 07:00:22,N,59.8974,0.0,0.0,0.0,0.0,0.0,0.0,0.0,0.0,0.0,0.0,0.0,0.0,0.0,0.0,5825.43,71327.38,0.0,2026-10-05 12:00:22+00:00
10/05/2026 07:05:20,N,77.6768,0.0,0.0,0.0,0.0,0.0,0.0,0.0,0.0,0.0,0.0,0.0,0.0,0.0,0.0,5889.85,71212.11,0.0,2026-10-05 12:05:20+00:00
10/05/2026 07:10:19,N,85.7388,0.0,0.0,0.0,0.0,0.0,0.0,0.0,0.0,0.0,0.0,0.0,0.0,0.0,0.0,5879.3,71157.73,0.0,2026-10-05 12:10:19+00:00
10/05/2026 07:15:19,N,64.7648,0.0,0.0,0.0,0.0,0.0,0.0,0.0,0.0,0.0,0.0,0.0,0.0,0.0,0.0,5832.41,71187.51,0.0,2026-10-05 12:15:19+00:00
10/05/2026 07:20:19,N,59.9174,0.0,0.0,0.0,0.0,0.0,0.0,0.0,0.0,0.0,0.0,0.0,0.0,0.0,0.0,5721.84,71320.57,0.0,2026-10-05 12:20:19+00:00
10/05/2026 07:25:19,N,59.0925,0.0,0.0,0.0,0.0,0.0,0.0,0.0,0.0,0.0,0.0,0.0,0.0,0.0,0.0,5848.95,71524.59,0.0,2026-10-05 12:25:19+00:00
10/05/2026 07:30:19,N,52.7442,0.0,0.0,0.0,0.0,0.0,0.0,0.0,0.0,0.0,0.0,0.0,0.0,0.0,0.0,5769.53,71441.25,0.0,2026-10-05 12:30:19+00:00
10/05/2026 07:35:24,N,51.8459,0.0,0.0,0.0,0.0,0.0,0.0,0.0,0.0,0.0,0.0,0.0,0.0,0.0,0.0,5682.45,71457.43,0.0,2026-10-05 12:35:24+00:00
10/05/2026 07:40:19,N,58.2314,0.0,0.0,0.0,0.0,0.0,0.0,0.0,0.0,0.0,0.0,0.0,0.0,0.0,0.0,5281.5,71513.81,0.0,2026-10-05 12:40:19+00:00
10/05/2026 07:45:18,N,55.91,0.0,0.0,0.0,0.0,0.0,0.0,0.0,0.0,0.0,0.0,0.0,0.0,0.0,0.0,5303.82,71890.65,0.0,2026-10-05 12:45:18+00:00
10/05/2026 07:50:19,N,51.407,0.0,0.0,0.0,0.0,0.0,0.0,0.0,0.0,0.0,0.0,0.0,0.0,0.0,0.0,5274.99,72152.16,0.0,2026-10-05 12:50:19+00:00
10/05/2026 07:55:19,N,47.5396,0.0,0.0,0.0,0.0,0.0,0.0,0.0,0.0,0.0,0.0,0.0,0.0,0.0,0.0,5238.26,72718.93,0.0,2026-10-05 12:55:19+00:00
10/05/2026 08:00:21,N,46.8367,0.0,0.0,0.0,0.0,0.0,0.0,0.0,0.0,0.0,0.0,0.0,0.0,0.0,0.0,5326.11,72959.41,0.0,2026-10-05 13:00:21+00:00
10/05/2026 08:05:19,N,41.4569,0.0,0.0,0.0,0.0,0.0,0.0,0.0,0.0,0.0,0.0,0.0,0.0,0.0,0.0,5372.64,73587.26,0.0,2026-10-05 13:05:19+00:00
10/05/2026 08:10:19,N,53.0197,0.0,0.0,0.0,0.0,0.0,0.0,0.0,0.0,0.0,0.0,0.0,0.0,0.0,0.0,5178.39,74365.65,0.0,2026-10-05 13:10:19+00:00
10/05/2026 08:13:39,N,41.1471,0.0,0.0,0.0,0.0,0.0,0.0,0.0,0.0,0.0,0.0,0.0,0.0,0.0,0.0,5237.17,74991.97,0.0,2026-10-05 13:13:39+00:00
10/05/2026 08:15:19,N,40.2106,0.0,0.0,0.0,0.0,0.0,0.0,0.0,0.0,0.0,0.0,0.0,0.0,0.0,0.0,5012.25,74995.19,0.0,2026-10-05 13:15:19+00:00
10/05/2026 08:20:18,N,30.9484,0.0,0.0,0.0,0.0,0.0,0.0,0.0,0.0,0.0,0.0,0.0,0.0,0.0,0.0,4953.03,76076.36,0.0,2026-10-05 13:20:18+00:00
10/05/2026 08:25:19,N,31.6578,0.0,0.0,0.0,0.0,0.0,0.0,0.0,0.0,0.0,0.0,0.0,0.0,0.0,0.0,4581.77,77159.41,0.0,2026-10-05 13:25:19+00:00
10/05/2026 08:30:19,N,30.6534,0.0,0.0,0.0,0.0,0.0,0.0,0.0,0.0,0.0,0.0,0.0,0.0,0.0,0.0,4559.76,78381.98,0.0,2026-10-05 13:30:19+00:00
10/05/2026 08:35:18,N,29.3194,0.0,0.0,0.0,0.0,0.0,0.0,0.0,0.0,0.0,0.0,0.0,0.0,0.0,0.0,4562.47,79448.76,0.0,2026-10-05 13:35:18+00:00
10/05/2026 08:40:18,N,39.4131,0.0,0.0,0.0,0.0,0.0,0.0,0.0,0.0,0.0,0.0,0.0,0.0,0.0,0.0,4560.56,80363.23,0.0,2026-10-05 13:40:18+00:00
10/05/2026 08:45:18,N,34.0189,0.0,0.0,0.0,0.0,0.0,0.0,0.0,0.0,0.0,0.0,0.0,0.0,0.0,0.0,4530.61,81531.81,0.0,2026-10-05 13:45:18+00:00
10/05/2026 08:50:18,N,25.0744,0.0,0.0,0.0,0.0,0.0,0.0,0.0,0.0,0.0,0.0,0.0,0.0,0.0,0.0,4467.16,82938.84,0.0,2026-10-05 13:50:18+00:00
10/05/2026 08:55:18,N,25.7124,0.0,0.0,0.0,0.0,0.0,0.0,0.0,0.0,0.0,0.0,0.0,0.0,0.0,0.0,4151.76,83950.38,0.0,2026-10-05 13:55:18+00:00
10/05/2026 09:00:20,N,32.8149,0.0,0.0,0.0,0.0,0.0,0.0,0.0,0.0,0.0,0.0,0.0,0.0,0.0,0.0,4414.91,84873.05,0.0,2026-10-05 14:00:20+00:00
10/05/2026 09:05:18,N,36.9684,0.0,0.0,0.0,0.0,0.0,0.0,0.0,0.0,0.0,0.0,0.0,0.0,0.0,0.0,3876.99,85210.86,0.0,2026-10-05 14:05:18+00:00
10/05/2026 09:10:18,N,29.9192,0.0,0.0,0.0,0.0,0.0,0.0,0.0,0.0,0.0,0.0,0.0,0.0,0.0,0.0,3622.96,85936.53,0.0,2026-10-05 14:10:18+00:00
10/05/2026 09:15:19,N,24.7664,0.0,0.0,0.0,0.0,0.0,0.0,0.0,0.0,0.0,0.0,0.0,0.0,0.0,0.0,3484.95,87200.56,0.0,2026-10-05 14:15:19+00:00
10/05/2026 09:20:17,N,24.2367,0.0,0.0,0.0,0.0,0.0,0.0,0.0,0.0,0.0,0.0,0.0,0.0,0.0,0.0,3588.57,87098.34,0.0,2026-10-05 14:20:17+00:00
10/05/2026 09:25:16,N,26.388,0.0,0.0,0.0,0.0,0.0,0.0,0.0,0.0,0.0,0.0,0.0,0.0,0.0,0.0,3787.15,87588.11,0.0,2026-10-05 14:25:16+00:00
10/05/2026 09:30:17,N,25.4169,0.0,0.0,0.0,0.0,0.0,0.0,0.0,0.0,0.0,0.0,0.0,0.0,0.0,0.0,3656.38,88413.86,0.0,2026-10-05 14:30:17+00:00
10/05/2026 09:35:16,N,24.6817,0.0,0.0,0.0,0.0,0.0,0.0,0.0,0.0,0.0,0.0,0.0,0.0,0.0,0.0,3693.53,88890.4,0.0,2026-10-05 14:35:16+00:00
10/05/2026 09:40:17,N,24.1761,0.0,0.0,0.0,0.0,0.0,0.0,0.0,0.0,0.0,0.0,0.0,0.0,0.0,0.0,3739.52,89375.27,0.0,2026-10-05 14:40:17+00:00
10/05/2026 09:45:17,N,26.1123,0.0,0.0,0.0,0.0,0.0,0.0,0.0,0.0,0.0,0.0,0.0,0.0,0.0,0.0,3786.63,89811.19,0.0,2026-10-05 14:45:17+00:00
10/05/2026 09:50:17,N,25.9207,0.0,0.0,0.0,0.0,0.0,0.0,0.0,0.0,0.0,0.0,0.0,0.0,0.0,0.0,3878.05,90233.7,0.0,2026-10-05 14:50:17+00:00
10/05/2026 09:55:17,N,27.3781,0.0,0.0,0.0,0.0,0.0,0.0,0.0,0.0,0.0,0.0,0.0,0.0,0.0,0.0,3928.8,90807.77,0.0,2026-10-05 14:55:17+00:00
10/05/2026 10:00:20,N,28.2975,0.0,0.0,0.0,0.0,0.0,0.0,0.0,0.0,0.0,0.0,0.0,0.0,0.0,0.0,3988.74,91104.37,0.0,2026-10-05 15:00:20+00:00
10/05/2026 10:05:18,N,27.5186,0.0,0.0,0.0,0.0,0.0,0.0,0.0,0.0,0.0,0.0,0.0,0.0,0.0,0.0,4374.31,91483.96,0.0,2026-10-05 15:05:18+00:00
10/05/2026 10:10:18,N,26.2614,0.0,0.0,0.0,0.0,0.0,0.0,0.0,0.0,0.0,0.0,0.0,0.0,0.0,0.0,4630.28,91980.88,0.0,2026-10-05 15:10:18+00:00
10/05/2026 10:15:18,N,25.6178,0.0,0.0,0.0,0.0,0.0,0.0,0.0,0.0,0.0,0.0,0.0,0.0,0.0,0.0,4631.04,92342.65,0.0,2026-10-05 15:15:18+00:00
10/05/2026 10:20:17,N,25.022,0.0,0.0,0.0,0.0,0.0,0.0,0.0,0.0,0.0,0.0,0.0,0.0,0.0,0.0,4741.03,92574.36,0.0,2026-10-05 15:20:17+00:00
10/05/2026 10:25:17,N,24.4413,0.0,0.0,0.0,0.0,0.0,0.0,0.0,0.0,0.0,0.0,0.0,0.0,0.0,0.0,4836.43,93192.91,0.0,2026-10-05 15:25:17+00:00
10/05/2026 10:30:17,N,24.052,0.0,0.0,0.0,0.0,0.0,0.0,0.0,0.0,0.0,0.0,0.0,0.0,0.0,0.0,5055.24,93547.59,0.0,2026-10-05 15:30:17+00:00
10/05/2026 10:35:17,N,23.9528,0.0,0.0,0.0,0.0,0.0,0.0,0.0,0.0,0.0,0.0,0.0,0.0,0.0,0.0,5019.54,93778.01,0.0,2026-10-05 15:35:17+00:00
10/05/2026 10:40:17,N,24.4718,0.0,0.0,0.0,0.0,0.0,0.0,0.0,0.0,0.0,0.0,0.0,0.0,0.0,0.0,4812.26,93922.13,0.0,2026-10-05 15:40:17+00:00
10/05/2026 10:45:17,N,24.3759,0.0,0.0,0.0,0.0,0.0,0.0,0.0,0.0,0.0,0.0,0.0,0.0,0.0,0.0,4923.96,93741.05,0.0,2026-10-05 15:45:17+00:00
10/05/2026 10:50:18,N,24.093,0.0,0.0,0.0,0.0,0.0,0.0,0.0,0.0,0.0,0.0,0.0,0.0,0.0,0.0,5036.33,94215.47,0.0,2026-10-05 15:50:18+00:00
10/05/2026 10:55:18,N,24.3575,0.0,0.0,0.0,0.0,0.0,0.0,0.0,0.0,0.0,0.0,0.0,0.0,0.0,0.0,5153.17,94555.33,0.0,2026-10-05 15:55:18+00:00
10/05/2026 11:00:19,N,23.9922,0.0,0.0,0.0,0.0,0.0,0.0,0.0,0.0,0.0,0.0,0.0,0.0,0.0,0.0,5611.95,94335.23,0.0,2026-10-05 16:00:19+00:00
10/05/2026 11:05:19,N,24.4041,0.0,0.0,0.0,0.0,0.0,0.0,0.0,0.0,0.0,0.0,0.0,0.0,0.0,0.0,5709.1,94503.92,0.0,2026-10-05 16:05:19+00:00
10/05/2026 11:10:24,N,24.6676,0.0,0.0,0.0,0.0,0.0,0.0,0.0,0.0,0.0,0.0,0.0,0.0,0.0,0.0,5708.4,94889.41,0.0,2026-10-05 16:10:24+00:00
10/05/2026 11:15:18,N,25.0871,0.0,0.0,0.0,0.0,0.0,0.0,0.0,0.0,0.0,0.0,0.0,0.0,0.0,0.0,5786.49,94982.88,0.0,2026-10-05 16:15:18+00:00
10/05/2026 11:20:17,N,25.0726,0.0,0.0,0.0,0.0,0.0,0.0,0.0,0.0,0.0,0.0,0.0,0.0,0.0,0.0,5928.07,94535.29,0.0,2026-10-05 16:20:17+00:00
10/05/2026 11:25:18,N,25.1521,0.0,0.0,0.0,0.0,0.0,0.0,0.0,0.0,0.0,0.0,0.0,0.0,0.0,0.0,6037.25,94900.66,0.0,2026-10-05 16:25:18+00:00
10/05/2026 11:30:21,N,26.3763,0.0,0.0,0.0,0.0,0.0,0.0,0.0,0.0,0.0,0.0,0.0,0.0,0.0,0.0,5737.69,95018.12,0.0,2026-10-05 16:30:21+00:00
10/05/2026 11:35:17,N,26.0986,0.0,0.0,0.0,0.0,0.0,0.0,0.0,0.0,0.0,0.0,0.0,0.0,0.0,0.0,5772.23,94995.63,0.0,2026-10-05 16:35:17+00:00
10/05/2026 11:40:18,N,25.2233,0.0,0.0,0.0,0.0,0.0,0.0,0.0,0.0,0.0,0.0,0.0,0.0,0.0,0.0,5819.51,94882.36,0.0,2026-10-05 16:40:18+00:00
10/05/2026 11:45:18,N,26.8038,0.0,0.0,0.0,0.0,0.0,0.0,0.0,0.0,0.0,0.0,0.0,0.0,0.0,0.0,5795.26,94818.04,0.0,2026-10-05 16:45:18+00:00
10/05/2026 11:50:21,N,27.0105,0.0,0.0,0.0,0.0,0.0,0.0,0.0,0.0,0.0,0.0,0.0,0.0,0.0,0.0,5843.83,94875.41,0.0,2026-10-05 16:50:21+00:00
10/05/2026 11:55:17,N,26.8888,0.0,0.0,0.0,0.0,0.0,0.0,0.0,0.0,0.0,0.0,0.0,0.0,0.0,0.0,5751.77,95161.71,0.0,2026-10-05 16:55:17+00:00
10/05/2026 12:00:18,N,26.8808,0.0,0.0,0.0,0.0,0.0,0.0,0.0,0.0,0.0,0.0,0.0,0.0,0.0,0.0,5664.48,95113.63,0.0,2026-10-05 17:00:18+00:00
10/05/2026 12:05:17,N,29.3045,0.0,0.0,0.0,0.0,0.0,0.0,0.0,0.0,0.0,0.0,0.0,0.0,0.0,0.0,5881.09,94951.7,0.0,2026-10-05 17:05:17+00:00
10/05/2026 12:10:19,N,29.484,0.0,0.0,0.0,0.0,0.0,0.0,0.0,0.0,0.0,0.0,0.0,0.0,0.0,0.0,6046.36,95013.67,0.0,2026-10-05 17:10:19+00:00
10/05/2026 12:15:19,N,29.6659,0.0,0.0,0.0,0.0,0.0,0.0,0.0,0.0,0.0,0.0,0.0,0.0,0.0,0.0,6083.62,95040.38,0.0,2026-10-05 17:15:19+00:00
10/05/2026 12:20:17,N,31.2073,0.0,0.0,0.0,0.0,0.0,0.0,0.0,0.0,0.0,0.0,0.0,0.0,0.0,0.0,6193.53,94684.7,0.0,2026-10-05 17:20:17+00:00
10/05/2026 12:25:17,N,29.9738,0.0,0.0,0.0,0.0,0.0,0.0,0.0,0.0,0.0,0.0,0.0,0.0,0.0,0.0,6341.25,94778.51,0.0,2026-10-05 17:25:17+00:00
10/05/2026 12:30:18,N,30.45,0.0,0.0,0.0,0.0,0.0,0.0,0.0,0.0,0.0,0.0,0.0,0.0,0.0,0.0,6485.89,94918.8,0.0,2026-10-05 17:30:18+00:00
10/05/2026 12:35:17,N,34.0151,0.0,0.0,0.0,0.0,0.0,0.0,0.0,0.0,0.0,0.0,0.0,0.0,0.0,0.0,6545.78,95000.15,0.0,2026-10-05 17:35:17+00:00
10/05/2026 12:40:17,N,30.4128,0.0,0.0,0.0,0.0,0.0,0.0,0.0,0.0,0.0,0.0,0.0,0.0,0.0,0.0,6498.76,95244.19,0.0,2026-10-05 17:40:17+00:00
10/05/2026 12:45:19,N,31.8474,0.0,0.0,0.0,0.0,0.0,0.0,0.0,0.0,0.0,0.0,0.0,0.0,0.0,0.0,6687.39,95048.0,0.0,2026-10-05 17:45:19+00:00
10/05/2026 12:50:19,N,31.1257,0.0,0.0,0.0,0.0,0.0,0.0,0.0,0.0,0.0,0.0,0.0,0.0,0.0,0.0,6883.9,95662.9,0.0,2026-10-05 17:50:19+00:00
10/05/2026 12:55:18,N,31.1246,0.0,0.0,0.0,0.0,0.0,0.0,0.0,0.0,0.0,0.0,0.0,0.0,0.0,0.0,7043.81,95538.95,0.0,2026-10-05 17:55:18+00:00
10/05/2026 13:00:21,N,44.3769,0.0,0.0,0.0,0.0,0.0,0.0,0.0,0.0,0.0,0.0,0.0,0.0,0.0,0.0,7107.17,95929.44,0.0,2026-10-05 18:00:21+00:00
10/05/2026 13:05:19,N,42.82,0.0,0.0,0.0,0.0,0.0,0.0,0.0,0.0,0.0,0.0,0.0,0.0,0.0,0.0,7192.33,95964.5,0.0,2026-10-05 18:05:19+00:00
10/05/2026 13:10:17,N,40.4163,0.0,0.0,0.0,0.0,0.0,0.0,0.0,0.0,0.0,0.0,0.0,0.0,0.0,0.0,7153.74,96031.23,0.0,2026-10-05 18:10:17+00:00
10/05/2026 13:15:17,N,45.2398,0.0,0.0,0.0,0.0,0.0,0.0,0.0,0.0,0.0,0.0,0.0,0.0,0.0,0.0,7532.66,96392.77,0.0,2026-10-05 18:15:17+00:00
10/05/2026 13:20:18,N,46.9502,0.0,0.0,0.0,0.0,0.0,0.0,0.0,0.0,0.0,0.0,0.0,0.0,0.0,0.0,7570.09,96529.76,0.0,2026-10-05 18:20:18+00:00
10/05/2026 13:25:18,N,47.1112,0.0,0.0,0.0,0.0,0.0,0.0,0.0,0.0,0.0,0.0,0.0,0.0,0.0,0.0,7881.63,96670.46,0.0,2026-10-05 18:25:18+00:00
10/05/2026 13:30:18,N,47.0639,0.0,0.0,0.0,0.0,0.0,0.0,0.0,0.0,0.0,0.0,0.0,0.0,0.0,0.0,8092.37,96721.98,0.0,2026-10-05 18:30:18+00:00
10/05/2026 13:35:17,N,43.934,0.0,0.0,0.0,0.0,0.0,0.0,0.0,0.0,0.0,0.0,0.0,0.0,0.0,0.0,8046.13,96680.66,0.0,2026-10-05 18:35:17+00:00
10/05/2026 13:40:17,N,43.205,0.0,0.0,0.0,0.0,0.0,0.0,0.0,0.0,0.0,0.0,0.0,0.0,0.0,0.0,8047.51,96669.55,0.0,2026-10-05 18:40:17+00:00
10/05/2026 13:45:17,N,39.8429,0.0,0.0,0.0,0.0,0.0,0.0,0.0,0.0,0.0,0.0,0.0,0.0,0.0,0.0,8122.3,96441.3,0.0,2026-10-05 18:45:17+00:00
10/05/2026 13:50:17,N,39.0605,0.0,0.0,0.0,0.0,0.0,0.0,0.0,0.0,0.0,0.0,0.0,0.0,0.0,0.0,8183.97,96440.18,0.0,2026-10-05 18:50:17+00:00
10/05/2026 13:55:19,N,38.3253,0.0,0.0,0.0,0.0,0.0,0.0,0.0,0.0,0.0,0.0,0.0,0.0,0.0,0.0,8257.92,96580.91,0.0,2026-10-05 18:55:19+00:00
10/05/2026 14:00:20,N,48.8804,0.0,0.0,0.0,0.0,0.0,0.0,0.0,0.0,0.0,0.0,0.0,0.0,0.0,0.0,8198.25,96230.62,0.0,2026-10-05 19:00:20+00:00
10/05/2026 14:01:37,N,51.2787,0.0,0.0,0.0,0.0,0.0,0.0,0.0,0.0,0.0,0.0,0.0,0.0,0.0,0.0,8136.72,95723.91,0.0,2026-10-05 19:01:37+00:00
10/05/2026 14:05:18,N,45.6989,0.0,0.0,0.0,0.0,0.0,0.0,0.0,0.0,0.0,0.0,0.0,0.0,0.0,0.0,8086.53,95975.79,0.0,2026-10-05 19:05:18+00:00
10/05/2026 14:10:19,N,38.4954,0.0,0.0,0.0,0.0,0.0,0.0,0.0,0.0,0.0,0.0,0.0,0.0,0.0,0.0,8193.47,96552.0,0.0,2026-10-05 19:10:19+00:00
10/05/2026 14:15:18,N,41.1123,0.0,0.0,0.0,0.0,0.0,0.0,0.0,0.0,0.0,0.0,0.0,0.0,0.0,0.0,8324.71,96528.04,0.0,2026-10-05 19:15:18+00:00
10/05/2026 14:20:18,N,48.1834,0.0,0.0,0.0,0.0,0.0,0.0,0.0,0.0,0.0,0.0,0.0,0.0,0.0,0.0,8277.54,96252.18,0.0,2026-10-05 19:20:18+00:00
10/05/2026 14:25:19,N,46.2836,0.0,0.0,0.0,0.0,0.0,0.0,0.0,0.0,0.0,0.0,0.0,0.0,0.0,0.0,8371.98,96482.15,0.0,2026-10-05 19:25:19+00:00
10/05/2026 14:30:17,N,43.8677,0.0,0.0,0.0,0.0,0.0,0.0,0.0,0.0,0.0,0.0,0.0,0.0,0.0,0.0,8430.5,96828.38,0.0,2026-10-05 19:30:17+00:00
10/05/2026 14:35:18,N,52.687,0.0,0.0,0.0,0.0,0.0,0.0,0.0,0.0,0.0,0.0,0.0,0.0,0.0,0.0,8554.62,96309.75,0.0,2026-10-05 19:35:18+00:00
10/05/2026 14:40:18,N,46.7758,0.0,0.0,0.0,0.0,0.0,0.0,0.0,0.0,0.0,0.0,0.0,0.0,0.0,0.0,8673.86,96820.52,0.0,2026-10-05 19:40:18+00:00
10/05/2026 14:45:18,N,43.148,0.0,0.0,0.0,0.0,0.0,0.0,0.0,0.0,0.0,0.0,0.0,0.0,0.0,0.0,8814.96,96932.88,0.0,2026-10-05 19:45:18+00:00
10/05/2026 14:50:18,N,47.5177,0.0,0.0,0.0,0.0,0.0,0.0,0.0,0.0,0.0,0.0,0.0,0.0,0.0,0.0,8833.42,96815.38,0.0,2026-10-05 19:50:18+00:00
10/05/2026 14:55:17,N,49.3562,0.0,0.0,0.0,0.0,0.0,0.0,0.0,0.0,0.0,0.0,0.0,0.0,0.0,0.0,8778.39,96530.51,0.0,2026-10-05 19:55:17+00:00
10/05/2026 15:00:21,N,54.2957,0.0,0.0,0.0,0.0,0.0,0.0,0.0,0.0,0.0,0.0,0.0,0.0,0.0,0.0,8789.05,96091.45,0.0,2026-10-05 20:00:21+00:00
10/05/2026 15:05:18,N,58.8794,0.0,0.0,0.0,0.0,0.0,0.0,0.0,0.0,0.0,0.0,0.0,0.0,0.0,0.0,8841.54,96740.58,0.0,2026-10-05 20:05:18+00:00
10/05/2026 15:10:18,N,54.0547,0.0,0.0,0.0,0.0,0.0,0.0,0.0,0.0,0.0,0.0,0.0,0.0,0.0,0.0,9036.78,97177.33,0.0,2026-10-05 20:10:18+00:00
10/05/2026 15:15:19,N,54.7545,0.0,0.0,0.0,0.0,0.0,0.0,0.0,0.0,0.0,0.0,0.0,0.0,0.0,0.0,9053.67,96934.34,0.0,2026-10-05 20:15:19+00:00
10/05/2026 15:20:19,N,57.9715,0.0,0.0,0.0,0.0,0.0,0.0,0.0,0.0,0.0,0.0,0.0,0.0,0.0,0.0,9230.45,97293.93,0.0,2026-10-05 20:20:19+00:00
10/05/2026 15:25:18,N,54.8362,0.0,0.0,0.0,0.0,0.0,0.0,0.0,0.0,0.0,0.0,0.0,0.0,0.0,0.0,9199.02,97309.86,0.0,2026-10-05 20:25:18+00:00
10/05/2026 15:30:21,N,54.3297,0.0,0.0,0.0,0.0,0.0,0.0,0.0,0.0,0.0,0.0,0.0,0.0,0.0,0.0,9268.78,97642.92,0.0,2026-10-05 20:30:21+00:00
10/05/2026 15:35:18,N,53.6909,0.0,0.0,0.0,0.0,0.0,0.0,0.0,0.0,0.0,0.0,0.0,0.0,0.0,0.0,9550.58,97539.26,0.0,2026-10-05 20:35:18+00:00
10/05/2026 15:40:19,N,59.723,0.0,0.0,0.0,0.0,0.0,0.0,0.0,0.0,0.0,0.0,0.0,0.0,0.0,0.0,9645.96,97351.51,0.0,2026-10-05 20:40:19+00:00
10/05/2026 15:45:20,N,45.3213,0.0,0.0,0.0,0.0,0.0,0.0,0.0,0.0,0.0,0.0,0.0,0.0,0.0,0.0,9944.14,97807.59,0.0,2026-10-05 20:45:20+00:00
10/05/2026 15:50:18,N,52.7232,0.0,0.0,0.0,0.0,0.0,0.0,0.0,0.0,0.0,0.0,0.0,0.0,0.0,0.0,10069.35,97546.38,0.0,2026-10-05 20:50:18+00:00
10/05/2026 15:55:20,N,57.4171,0.0,0.0,0.0,0.0,0.0,0.0,0.0,0.0,0.0,0.0,0.0,0.0,0.0,0.0,10109.96,97301.38,0.0,2026-10-05 20:55:20+00:00
10/05/2026 16:00:22,N,50.1473,0.0,0.0,0.0,0.0,0.0,0.0,0.0,0.0,0.0,0.0,0.0,0.0,0.0,0.0,10304.27,97253.35,0.0,2026-10-05 21:00:22+00:00
10/05/2026 16:05:20,N,63.9987,0.0,0.0,0.0,0.0,0.0,0.0,40.0,0.0,0.0,0.0,0.0,0.0,0.0,0.0,10325.72,96913.63,0.0,2026-10-05 21:05:20+00:00
10/05/2026 16:10:21,N,75.4578,0.0,0.0,0.0,0.0,0.0,0.0,40.0,0.0,0.0,0.0,0.0,0.0,0.0,0.0,10155.26,96517.88,0.0,2026-10-05 21:10:21+00:00
10/05/2026 16:15:18,N,67.2626,0.0,0.0,0.0,0.0,0.0,0.0,40.0,0.0,0.0,0.0,0.0,0.0,0.0,0.0,10244.56,97118.02,0.0,2026-10-05 21:15:18+00:00
10/05/2026 16:20:20,N,64.4335,0.44,0.0,0.0,0.0,0.0,0.0,40.0,0.0,0.0,0.0,0.0,0.0,0.0,0.0,10562.44,97572.42,0.0,2026-10-05 21:20:20+00:00
10/05/2026 16:25:19,N,75.4369,0.0,0.0,0.0,0.0,0.0,0.0,40.0,0.0,0.0,0.0,0.0,0.0,0.0,0.0,10677.84,97788.0,0.0,2026-10-05 21:25:19+00:00
10/05/2026 16:30:21,N,79.9381,0.0,0.0,0.0,0.0,0.0,0.0,40.0,0.0,0.0,0.0,0.0,0.0,0.0,0.0,10649.68,97726.6,0.0,2026-10-05 21:30:21+00:00
10/05/2026 16:35:19,N,69.0465,0.0,0.0,0.0,0.0,0.0,0.0,40.0,0.0,0.0,0.0,0.0,0.0,0.0,0.0,10664.99,97612.08,0.0,2026-10-05 21:35:19+00:00
10/05/2026 16:40:21,N,75.7707,0.0,0.0,0.0,0.0,0.0,0.0,40.0,0.0,0.0,0.0,0.0,0.0,0.0,0.0,10818.85,97686.62,0.0,2026-10-05 21:40:21+00:00
10/05/2026 16:45:21,N,61.4093,0.17,0.0,0.0,0.0,0.0,0.0,40.0,0.0,0.0,0.0,0.0,0.0,0.0,0.0,11222.93,98047.63,0.0,2026-10-05 21:45:21+00:00
10/05/2026 16:50:20,N,57.8109,0.41,0.0,0.0,0.0,0.0,0.0,40.0,0.0,0.0,0.0,0.0,0.0,0.0,0.0,11548.62,97992.26,0.0,2026-10-05 21:50:20+00:00
10/05/2026 16:55:20,N,63.0949,3.51,0.0,0.0,0.0,0.0,0.0,40.0,0.0,0.0,0.0,0.0,0.0,0.0,0.0,11750.45,97410.46,0.0,2026-10-05 21:55:20+00:00
10/05/2026 17:00:22,N,46.9437,0.0,0.0,0.0,0.0,0.0,0.0,40.0,0.0,0.0,0.0,0.0,0.0,0.0,0.0,12091.94,97150.87,0.0,2026-10-05 22:00:22+00:00
10/05/2026 17:05:18,N,45.7684,0.0,0.0,0.0,0.0,0.0,0.0,40.0,0.0,0.0,0.0,0.0,0.0,0.0,0.0,12162.13,97114.58,0.0,2026-10-05 22:05:18+00:00
10/05/2026 17:10:19,N,69.0084,0.0,0.0,0.13,0.0,0.0,0.0,40.0,0.0,0.0,0.0,0.0,0.0,0.0,0.0,11859.46,96492.75,0.0,2026-10-05 22:10:19+00:00
10/05/2026 17:12:52,N,71.6855,0.0,0.0,0.0,0.0,0.0,0.0,40.0,0.0,0.0,0.0,0.0,0.0,0.0,0.0,11702.96,96231.35,0.0,2026-10-05 22:12:52+00:00
10/05/2026 17:15:19,N,88.4297,0.0,0.0,0.0,0.0,0.0,0.0,40.0,0.0,0.0,0.0,0.0,0.0,0.0,0.0,11775.78,95866.85,0.0,2026-10-05 22:15:19+00:00
10/05/2026 17:20:19,N,94.3422,0.0,0.0,0.0,0.0,0.0,0.0,40.0,0.0,0.0,0.0,0.0,0.0,0.0,0.0,11856.05,95183.07,0.0,2026-10-05 22:20:19+00:00
10/05/2026 17:25:21,N,99.952,0.0,0.0,0.0,0.0,0.0,0.0,40.0,0.0,0.0,0.0,0.0,0.0,0.0,0.0,11820.15,94859.84,0.0,2026-10-05 22:25:21+00:00
10/05/2026 17:30:21,N,114.2817,0.0,0.0,0.0,0.0,0.0,0.0,40.0,0.0,0.0,0.0,0.0,0.0,0.0,0.0,12094.33,94284.43,0.0,2026-10-05 22:30:21+00:00
10/05/2026 17:35:20,N,108.5785,0.0,0.0,0.04,0.0,0.0,0.0,40.0,0.0,0.0,0.0,0.0,0.0,0.0,0.0,12464.35,93512.87,0.0,2026-10-05 22:35:20+00:00
10/05/2026 17:40:19,N,112.7862,0.0,0.0,0.0,0.0,0.0,0.0,40.0,0.0,0.0,0.0,0.0,0.0,0.0,0.0,12491.48,92584.02,0.0,2026-10-05 22:40:19+00:00
10/05/2026 17:45:25,N,112.0274,0.0,0.0,0.07,0.0,0.0,0.0,40.0,0.0,0.0,0.0,0.0,0.0,0.0,0.0,12255.01,91541.76,0.0,2026-10-05 22:45:25+00:00
10/05/2026 17:50:23,N,108.7928,0.0,0.0,2.11,0.0,0.0,0.0,40.0,0.0,0.0,0.0,0.0,0.0,0.0,0.0,12196.08,90474.9,0.0,2026-10-05 22:50:23+00:00
10/05/2026 17:55:23,N,119.9728,0.0,0.0,1.59,0.0,0.0,0.01,40.0,0.0,0.0,0.0,0.0,0.0,0.0,0.0,12145.61,89630.88,0.0,2026-10-05 22:55:23+00:00
10/05/2026 18:00:21,N,82.5184,0.0,0.0,0.0,0.0,0.0,0.01,40.0,0.0,0.0,0.0,0.0,0.0,0.0,0.0,12405.98,89161.2,0.0,2026-10-05 23:00:21+00:00
10/05/2026 18:05:20,N,89.757,0.0,0.0,0.0,0.0,0.0,0.0,63.0,0.0,0.0,0.0,0.0,0.0,0.0,0.0,11989.47,88217.45,0.0,2026-10-05 23:05:20+00:00
10/05/2026 18:10:21,N,93.4111,0.0,0.0,0.0,0.02,0.04,0.15,63.0,0.0,0.0,0.0,0.0,0.0,0.0,0.0,11793.35,86912.64,0.0,2026-10-05 23:10:21+00:00
10/05/2026 18:15:26,N,96.826,0.0,0.0,0.0,0.05,0.1,0.42,63.0,0.0,0.0,0.0,0.0,0.0,0.0,0.0,11629.0,85593.59,0.0,2026-10-05 23:15:26+00:00
10/05/2026 18:20:19,N,104.9196,0.0,0.0,0.0,0.05,0.1,0.4,63.0,0.0,0.0,0.0,0.0,0.0,0.0,0.0,11224.01,84330.33,0.0,2026-10-05 23:20:19+00:00
10/05/2026 18:25:23,N,112.1448,0.0,0.0,0.0,0.05,0.1,0.41,63.0,0.0,0.0,0.0,0.0,0.0,0.0,0.0,10903.53,83239.45,0.0,2026-10-05 23:25:23+00:00
10/05/2026 18:30:20,N,105.6615,0.0,0.04,0.0,0.05,0.11,0.43,63.0,0.0,0.0,0.0,0.0,0.0,0.0,0.0,10552.89,81874.68,0.0,2026-10-05 23:30:20+00:00
10/05/2026 18:35:21,N,119.2854,0.0,0.0,0.0,0.04,0.09,0.36,63.0,0.0,0.0,0.0,0.0,0.0,0.0,0.0,10370.03,80642.9,0.0,2026-10-05 23:35:21+00:00
10/05/2026 18:39:07,N,119.792,0.0,0.0,0.0,0.06,0.11,0.45,63.0,0.0,0.0,0.0,0.0,0.0,0.0,0.0,10266.83,79729.32,0.0,2026-10-05 23:39:07+00:00
10/05/2026 18:40:20,N,119.4945,0.0,0.0,0.0,0.06,0.12,0.46,63.0,0.0,0.0,0.0,0.0,0.0,0.0,0.0,10162.64,79447.7,0.0,2026-10-05 23:40:20+00:00
10/05/2026 18:45:21,N,144.425,0.0,0.19,0.0,0.02,0.04,0.19,63.0,0.0,0.0,0.0,0.0,0.0,0.0,0.0,9828.46,78297.77,0.0,2026-10-05 23:45:21+00:00
10/05/2026 18:50:21,N,150.5512,0.0,0.19,0.0,0.09,0.22,0.99,63.0,0.0,0.0,0.0,0.0,0.0,0.0,0.0,9563.16,77451.38,0.0,2026-10-05 23:50:21+00:00
10/05/2026 18:55:21,N,145.5889,0.0,0.03,0.0,0.0,0.01,0.03,63.0,0.0,0.0,0.0,0.0,0.0,0.0,0.0,9379.6,76689.15,0.0,2026-10-05 23:55:21+00:00
10/05/2026 19:00:25,N,117.2568,0.0,0.29,0.0,0.29,0.41,0.83,63.0,0.0,0.0,0.0,0.0,0.0,0.0,0.0,9157.74,76266.64,0.0,2026-10-06 00:00:25+00:00
10/05/2026 19:05:24,N,123.4671,0.0,0.23,0.0,0.07,0.23,1.17,63.0,0.0,0.0,0.0,0.0,0.0,0.0,0.0,9005.28,75867.38,0.0,2026-10-06 00:05:24+00:00
10/05/2026 19:10:31,N,137.7909,0.14,0.17,0.0,0.17,0.33,1.33,63.0,0.0,0.0,0.0,0.0,0.0,0.0,0.0,8810.64,75563.26,0.0,2026-10-06 00:10:31+00:00
10/05/2026 19:15:23,N,142.2712,0.0,0.14,0.0,0.14,0.29,1.15,63.0,0.0,0.0,0.0,0.0,0.0,0.0,0.0,8711.0,75357.16,0.0,2026-10-06 00:15:23+00:00
10/05/2026 19:20:23,N,130.6935,0.94,0.28,0.0,0.28,0.55,2.2,63.0,0.0,0.0,0.0,0.0,0.0,0.0,0.0,8649.92,75253.03,0.0,2026-10-06 00:20:23+00:00
10/05/2026 19:25:24,N,133.2758,1.98,0.22,0.0,0.22,0.43,1.72,63.0,0.0,0.0,0.0,0.0,0.0,0.0,0.0,8910.82,75279.84,0.0,2026-10-06 00:25:24+00:00
10/05/2026 19:28:11,N,132.9433,3.73,0.18,0.0,0.18,0.37,1.47,63.0,0.0,0.0,0.0,0.0,0.0,0.0,0.0,8917.03,75292.56,0.0,2026-10-06 00:28:11+00:00
10/05/2026 19:30:23,N,131.9398,2.73,0.29,0.0,0.29,0.58,2.31,63.0,0.0,0.0,0.0,0.0,0.0,0.0,0.0,8930.18,75297.02,0.0,2026-10-06 00:30:23+00:00
10/05/2026 19:35:23,N,125.715,2.49,0.16,0.0,0.16,0.31,1.26,63.0,0.0,0.0,0.0,0.0,0.0,0.0,0.0,8907.02,75340.9,0.0,2026-10-06 00:35:23+00:00
10/05/2026 19:40:23,N,128.2827,2.04,0.3,0.0,0.3,0.6,2.4,63.0,0.0,0.0,0.0,0.0,0.0,0.0,0.0,8890.09,75292.16,0.0,2026-10-06 00:40:23+00:00
10/05/2026 19:45:23,N,131.1814,0.73,0.0,0.0,0.0,0.0,0.0,63.0,0.0,0.0,0.0,0.0,0.0,0.0,0.0,8881.04,75208.3,0.0,2026-10-06 00:45:23+00:00
10/05/2026 19:50:23,N,135.2063,0.65,0.45,0.0,0.45,0.9,3.61,63.0,0.0,0.0,0.0,0.0,0.0,0.0,0.0,8921.56,75295.3,0.0,2026-10-06 00:50:23+00:00
10/05/2026 19:55:22,N,142.6072,0.0,0.09,0.0,0.09,0.18,0.73,63.0,0.0,0.0,0.0,0.0,0.0,0.0,0.0,8966.49,75372.18,0.0,2026-10-06 00:55:22+00:00
10/05/2026 20:00:26,N,172.9657,0.0,0.0,0.0,0.0,0.0,0.01,63.0,0.0,0.0,0.0,0.0,0.0,0.0,0.0,9007.96,75448.78,0.0,2026-10-06 01:00:26+00:00
10/05/2026 20:05:26,N,193.7313,0.0,0.0,0.0,0.0,0.0,0.0,63.0,0.0,0.0,0.0,0.0,0.0,0.0,0.0,9250.74,75490.09,0.0,2026-10-06 01:05:26+00:00
10/05/2026 20:10:24,N,190.6199,0.0,0.0,0.0,0.0,0.0,0.0,63.0,0.0,0.0,0.0,0.0,0.0,0.0,0.0,9439.93,75681.46,0.0,2026-10-06 01:10:24+00:00
10/05/2026 20:15:25,N,218.8175,0.0,0.0,0.0,0.0,0.0,0.0,63.0,0.0,0.0,0.0,0.0,0.0,0.0,0.0,9126.54,75756.38,0.0,2026-10-06 01:15:25+00:00
10/05/2026 20:20:22,N,192.0885,0.0,0.21,0.0,0.21,0.38,1.38,64.9,0.0,0.0,0.0,0.0,0.0,0.0,0.0,9267.26,75554.26,0.0,2026-10-06 01:20:22+00:00
10/05/2026 20:25:23,N,226.8138,0.0,0.0,0.0,0.0,0.0,0.0,72.8,0.0,0.0,0.0,0.0,0.0,0.0,0.0,9145.5,75736.23,0.0,2026-10-06 01:25:23+00:00
10/05/2026 20:30:22,N,247.5875,0.0,0.51,0.0,0.51,0.98,3.8,76.2,0.0,0.0,0.0,0.0,0.0,0.0,0.0,9223.74,75214.5,0.0,2026-10-06 01:30:22+00:00
10/05/2026 20:35:22,N,268.3707,0.0,0.0,0.0,0.0,0.0,0.0,76.9,0.0,0.0,0.0,0.0,0.0,0.0,0.0,9086.76,75120.56,0.0,2026-10-06 01:35:22+00:00
10/05/2026 20:40:22,N,250.9262,0.0,0.0,0.0,0.0,0.0,0.0,76.3,0.0,0.0,0.0,0.0,0.0,0.0,0.0,9241.92,74960.88,0.0,2026-10-06 01:40:22+00:00
10/05/2026 20:45:22,N,228.4895,1.98,0.19,0.0,0.37,0.73,1.52,76.5,0.0,0.0,0.0,0.0,0.0,0.0,0.0,9097.53,74928.27,0.0,2026-10-06 01:45:22+00:00
10/05/2026 20:50:22,N,198.4009,8.8,0.0,0.0,0.0,0.0,0.0,76.8,0.0,0.0,0.0,0.0,0.0,0.0,0.0,9250.09,74573.55,0.0,2026-10-06 01:50:22+00:00
10/05/2026 20:55:23,N,231.3759,5.16,0.0,0.0,0.0,0.0,0.0,76.7,0.0,0.0,0.0,0.0,0.0,0.0,0.0,9106.23,74604.42,0.0,2026-10-06 01:55:23+00:00
10/05/2026 21:00:26,N,323.0326,0.0,1.11,0.0,1.06,2.12,5.93,76.8,0.0,0.0,0.0,0.0,0.0,0.0,0.0,9054.67,74279.76,0.0,2026-10-06 02:00:26+00:00
10/05/2026 21:05:25,N,332.4667,2.63,2.33,0.0,1.68,3.35,6.43,76.7,0.0,0.0,0.0,0.0,0.0,0.0,0.0,8998.93,73750.7,0.0,2026-10-06 02:05:25+00:00
10/05/2026 21:10:24,N,396.9958,11.04,3.24,0.0,3.23,6.47,20.07,76.4,0.0,0.0,0.0,0.0,0.0,0.0,0.0,8974.53,73801.73,0.0,2026-10-06 02:10:24+00:00
10/05/2026 21:15:24,N,436.9532,0.0,0.67,0.0,0.67,1.34,5.35,76.7,0.0,0.0,0.0,0.0,0.0,0.0,0.0,8973.43,73616.16,0.0,2026-10-06 02:15:24+00:00
10/05/2026 21:20:25,N,469.3661,0.0,0.0,0.0,0.0,0.0,0.0,78.5,0.0,0.0,0.0,0.0,0.0,0.0,0.0,8949.31,73569.47,0.0,2026-10-06 02:20:25+00:00
10/05/2026 21:25:23,N,363.8153,54.48,1.89,0.0,1.89,3.78,15.1,87.9,0.0,0.0,0.0,0.0,0.0,0.0,0.0,9020.5,74035.76,0.0,2026-10-06 02:25:23+00:00
10/05/2026 21:30:23,N,260.3851,35.06,0.0,0.0,0.0,0.0,0.0,87.0,0.0,0.0,0.0,0.0,0.0,0.0,0.0,9089.87,74412.76,0.0,2026-10-06 02:30:23+00:00
10/05/2026 21:35:24,N,237.0002,10.77,0.64,0.0,0.64,1.27,4.76,76.8,0.0,0.0,0.0,0.0,0.0,0.0,0.0,9130.64,74384.04,0.0,2026-10-06 02:35:24+00:00
10/05/2026 21:40:24,N,216.0632,6.09,4.3,0.0,4.5,8.6,1.98,76.5,0.0,0.0,0.0,0.0,0.0,0.0,0.0,9150.28,74397.82,0.0,2026-10-06 02:40:24+00:00
10/05/2026 21:45:24,N,130.1456,0.0,0.0,0.0,0.0,0.0,0.0,70.4,0.0,0.0,0.0,0.0,0.0,0.0,0.0,9155.52,74375.39,0.0,2026-10-06 02:45:24+00:00
10/05/2026 21:50:23,N,130.6556,0.0,0.0,0.0,0.0,0.0,0.0,63.0,0.0,0.0,0.0,0.0,0.0,0.0,0.0,9130.44,74271.38,0.0,2026-10-06 02:50:23+00:00
10/05/2026 21:55:24,N,130.9598,0.0,0.0,0.0,0.0,0.0,0.0,63.0,0.0,0.0,0.0,0.0,0.0,0.0,0.0,9195.17,74225.74,0.0,2026-10-06 02:55:24+00:00
10/05/2026 22:00:26,N,120.8356,9.28,0.0,0.0,0.0,0.0,0.0,40.0,0.0,0.0,0.0,0.0,0.0,0.0,0.0,9230.93,74422.63,0.0,2026-10-06 03:00:26+00:00
10/05/2026 22:05:24,N,107.2934,10.14,0.0,0.0,0.0,0.0,0.8,40.0,0.0,0.0,0.0,0.0,0.0,0.0,0.0,9361.85,74259.27,0.0,2026-10-06 03:05:24+00:00
10/05/2026 22:10:23,N,101.1215,5.99,0.0,0.0,0.0,0.0,1.18,40.0,0.0,0.0,0.0,0.0,0.0,0.0,0.0,9354.78,74431.98,0.0,2026-10-06 03:10:23+00:00
10/05/2026 22:15:23,N,78.824,4.82,0.0,0.0,0.0,0.0,0.0,40.0,0.0,0.0,0.0,0.0,0.0,0.0,0.0,9406.5,74252.74,0.0,2026-10-06 03:15:23+00:00
10/05/2026 22:20:23,N,73.8063,4.61,0.0,0.0,0.0,0.0,0.0,40.0,0.0,0.0,0.0,0.0,0.0,0.0,0.0,9594.7,74075.38,0.0,2026-10-06 03:20:23+00:00
10/05/2026 22:25:22,N,76.017,1.43,0.0,0.0,0.0,0.0,0.0,40.0,0.0,0.0,0.0,0.0,0.0,0.0,0.0,9619.4,74119.69,0.0,2026-10-06 03:25:22+00:00
10/05/2026 22:30:27,N,66.2498,1.75,0.0,0.0,0.0,0.0,0.0,40.0,0.0,0.0,0.0,0.0,0.0,0.0,0.0,9501.22,74052.79,0.0,2026-10-06 03:30:27+00:00
10/05/2026 22:35:24,N,59.5095,2.54,0.0,0.0,0.0,0.0,0.0,40.0,0.0,0.0,0.0,0.0,0.0,0.0,0.0,9443.43,74153.89,0.0,2026-10-06 03:35:24+00:00
10/05/2026 22:40:22,N,56.9375,4.8,0.25,0.0,0.24,0.52,2.2,40.0,0.0,0.0,0.0,0.0,0.0,0.0,0.0,9261.11,74480.37,0.0,2026-10-06 03:40:22+00:00
10/05/2026 22:45:23,N,55.0456,0.44,0.0,0.0,0.0,0.0,0.0,40.0,0.0,0.0,0.0,0.0,0.0,0.0,0.0,9257.09,74603.53,0.0,2026-10-06 03:45:23+00:00
10/05/2026 22:50:24,N,58.6519,0.88,0.08,0.0,0.02,0.04,0.18,40.0,0.0,0.0,0.0,0.0,0.0,0.0,0.0,9267.04,74520.37,0.0,2026-10-06 03:50:24+00:00
10/05/2026 22:55:21,N,49.4449,5.11,0.45,0.0,0.45,0.9,3.6,40.0,0.0,0.0,0.0,0.0,0.0,0.0,0.0,9250.84,74233.72,0.0,2026-10-06 03:55:21+00:00
10/05/2026 23:00:23,N,57.2381,1.53,0.13,0.0,0.13,0.27,1.08,40.0,0.0,0.0,0.0,0.0,0.0,0.0,0.0,9264.62,74620.05,0.0,2026-10-06 04:00:23+00:00
10/05/2026 23:05:21,N,57.7004,3.17,0.36,0.0,0.36,0.72,2.89,40.0,0.0,0.0,0.0,0.0,0.0,0.0,0.0,9157.79,74466.31,0.0,2026-10-06 04:05:21+00:00
10/05/2026 23:10:22,N,59.1398,2.15,0.22,0.0,0.22,0.43,1.72,40.0,0.0,0.0,0.0,0.0,0.0,0.0,0.0,8526.23,74251.81,0.0,2026-10-06 04:10:22+00:00
10/05/2026 23:15:22,N,60.6772,1.62,0.16,0.0,0.16,0.32,1.29,40.0,0.0,0.0,0.0,0.0,0.0,0.0,0.0,8293.7,73758.43,0.0,2026-10-06 04:15:22+00:00
10/05/2026 23:20:21,N,57.0332,2.37,0.13,0.0,0.13,0.25,1.01,40.0,0.0,0.0,0.0,0.0,0.0,0.0,0.0,8209.65,73480.16,0.0,2026-10-06 04:20:21+00:00
10/05/2026 23:25:23,N,55.7026,1.43,0.11,0.0,0.11,0.23,0.92,40.0,0.0,0.0,0.0,0.0,0.0,0.0,0.0,8140.7,73352.93,0.0,2026-10-06 04:25:23+00:00
10/05/2026 23:30:22,N,52.9348,1.82,0.0,0.0,0.0,0.0,0.0,40.0,0.0,0.0,0.0,0.0,0.0,0.0,0.0,8107.71,73311.52,0.0,2026-10-06 04:30:22+00:00
10/05/2026 23:35:21,N,50.3642,4.71,0.09,0.0,0.09,0.17,0.69,40.0,0.0,0.0,0.0,0.0,0.0,0.0,0.0,8065.69,73300.34,0.0,2026-10-06 04:35:21+00:00
10/05/2026 23:40:22,N,55.0478,2.78,0.0,0.0,0.0,0.0,0.0,40.0,0.0,0.0,0.0,0.0,0.0,0.0,0.0,8021.45,73393.61,0.0,2026-10-06 04:40:22+00:00
10/05/2026 23:45:21,N,53.1984,3.54,0.42,0.0,0.03,0.06,0.25,40.0,0.0,0.0,0.0,0.0,0.0,0.0,0.0,7967.42,73274.77,0.0,2026-10-06 04:45:21+00:00
10/05/2026 23:50:20,N,47.4569,6.79,0.61,0.0,0.61,1.22,4.9,40.0,0.0,0.0,0.0,0.0,0.0,0.0,0.0,7968.17,73439.84,0.0,2026-10-06 04:50:20+00:00
10/05/2026 23:55:20,N,46.1207,5.53,0.0,0.0,0.51,0.96,4.06,40.0,0.0,0.0,0.0,0.0,0.0,0.0,0.0,7983.65,73643.75,0.0,2026-10-06 04:55:20+00:00
10/06/2026 00:00:23,N,45.7743,0.0,0.0,0.0,0.0,0.0,0.0,0.0,0.0,0.0,0.0,0.0,0.0,0.0,0.0,7611.04,73715.66,0.0,2026-10-06 05:00:23+00:00
10/06/2026 00:05:21,N,57.0258,0.0,0.0,0.0,0.0,0.0,0.0,0.0,0.0,0.0,0.0,0.0,0.0,0.0,0.0,7153.78,73973.95,0.0,2026-10-06 05:05:21+00:00
10/06/2026 00:10:22,N,57.8411,0.0,0.0,0.0,0.0,0.0,0.0,0.0,0.0,0.0,0.0,0.0,0.0,0.0,0.0,7002.79,73653.63,0.0,2026-10-06 05:10:22+00:00
10/06/2026 00:15:20,N,54.1026,0.0,0.0,0.0,0.0,0.0,0.0,0.0,0.0,0.0,0.0,0.0,0.0,0.0,0.0,6926.47,73250.99,0.0,2026-10-06 05:15:20+00:00
10/06/2026 00:20:21,N,54.8319,0.0,0.0,0.0,0.0,0.0,0.0,0.0,0.0,0.0,0.0,0.0,0.0,0.0,0.0,6841.97,72810.12,0.0,2026-10-06 05:20:21+00:00
10/06/2026 00:25:21,N,57.0871,0.0,0.0,0.0,0.0,0.0,0.0,0.0,0.0,0.0,0.0,0.0,0.0,0.0,0.0,6731.68,72557.11,0.0,2026-10-06 05:25:21+00:00
10/06/2026 00:30:21,N,54.1271,0.0,0.0,0.0,0.0,0.0,0.0,0.0,0.0,0.0,0.0,0.0,0.0,0.0,0.0,6596.83,72194.1,0.0,2026-10-06 05:30:21+00:00
10/06/2026 00:35:18,N,56.4658,0.0,0.0,0.0,0.0,0.0,0.0,0.0,0.0,0.0,0.0,0.0,0.0,0.0,0.0,6547.27,72199.93,0.0,2026-10-06 05:35:18+00:00
10/06/2026 00:40:21,N,51.1279,0.0,0.0,0.0,0.0,0.0,0.0,0.0,0.0,0.0,0.0,0.0,0.0,0.0,0.0,6514.57,72261.79,0.0,2026-10-06 05:40:21+00:00
10/06/2026 00:45:20,N,51.0984,0.0,0.0,0.0,0.0,0.0,0.0,0.0,0.0,0.0,0.0,0.0,0.0,0.0,0.0,6421.85,72220.84,0.0,2026-10-06 05:45:20+00:00
10/06/2026 00:50:19,N,45.5239,0.0,0.0,0.0,0.0,0.0,0.0,0.0,0.0,0.0,0.0,0.0,0.0,0.0,0.0,6154.03,72212.47,0.0,2026-10-06 05:50:19+00:00
10/06/2026 00:55:20,N,46.6397,0.0,0.0,0.0,0.0,0.0,0.0,0.0,0.0,0.0,0.0,0.0,0.0,0.0,0.0,5868.57,72150.21,0.0,2026-10-06 05:55:20+00:00
10/06/2026 01:00:22,N,45.8205,0.0,0.0,0.0,0.0,0.0,0.0,0.0,0.0,0.0,0.0,0.0,0.0,0.0,0.0,5892.24,71993.33,0.0,2026-10-06 06:00:22+00:00
10/06/2026 01:05:21,N,50.2616,0.0,0.0,0.0,0.0,0.0,0.0,0.0,0.0,0.0,0.0,0.0,0.0,0.0,0.0,5908.92,71948.13,0.0,2026-10-06 06:05:21+00:00
10/06/2026 01:10:20,N,47.0609,0.0,0.0,0.0,0.0,0.0,0.0,0.0,0.0,0.0,0.0,0.0,0.0,0.0,0.0,5885.55,72062.43,0.0,2026-10-06 06:10:20+00:00
10/06/2026 01:15:20,N,45.7965,0.0,0.0,0.0,0.0,0.0,0.0,0.0,0.0,0.0,0.0,0.0,0.0,0.0,0.0,5489.11,72039.81,0.0,2026-10-06 06:15:20+00:00
10/06/2026 01:20:19,N,45.98,0.0,0.0,0.0,0.0,0.0,0.0,0.0,0.0,0.0,0.0,0.0,0.0,0.0,0.0,5407.78,71921.58,0.0,2026-10-06 06:20:19+00:00
10/06/2026 01:25:19,N,47.421,0.0,0.0,0.0,0.0,0.0,0.0,0.0,0.0,0.0,0.0,0.0,0.0,0.0,0.0,5477.27,71614.2,0.0,2026-10-06 06:25:19+00:00
10/06/2026 01:30:20,N,49.6481,0.0,0.0,0.0,0.0,0.0,0.0,0.0,0.0,0.0,0.0,0.0,0.0,0.0,0.0,5365.5,71653.23,0.0,2026-10-06 06:30:20+00:00
10/06/2026 01:35:18,N,45.5173,0.0,0.0,0.0,0.0,0.0,0.0,0.0,0.0,0.0,0.0,0.0,0.0,0.0,0.0,5350.94,71583.3,0.0,2026-10-06 06:35:18+00:00
10/06/2026 01:40:19,N,45.7096,0.0,0.0,0.0,0.0,0.0,0.0,0.0,0.0,0.0,0.0,0.0,0.0,0.0,0.0,5171.57,71412.18,0.0,2026-10-06 06:40:19+00:00
10/06/2026 01:45:20,N,43.3896,0.0,0.0,0.0,0.0,0.0,0.0,0.0,0.0,0.0,0.0,0.0,0.0,0.0,0.0,5116.72,71519.24,0.0,2026-10-06 06:45:20+00:00
10/06/2026 01:50:18,N,47.0151,0.0,0.0,0.0,0.0,0.0,0.0,0.0,0.0,0.0,0.0,0.0,0.0,0.0,0.0,5045.39,71357.62,0.0,2026-10-06 06:50:18+00:00
10/06/2026 01:55:19,N,47.0227,0.0,0.0,0.0,0.0,0.0,0.0,0.0,0.0,0.0,0.0,0.0,0.0,0.0,0.0,5069.03,71349.86,0.0,2026-10-06 06:55:19+00:00
10/06/2026 02:00:21,N,42.6374,0.0,0.0,0.0,0.0,0.0,0.0,0.0,0.0,0.0,0.0,0.0,0.0,0.0,0.0,5021.97,71151.23,0.0,2026-10-06 07:00:21+00:00
10/06/2026 02:05:21,N,47.8852,0.0,0.0,0.0,0.0,0.0,0.0,0.0,0.0,0.0,0.0,0.0,0.0,0.0,0.0,5028.27,71012.31,0.0,2026-10-06 07:05:21+00:00
10/06/2026 02:10:25,N,47.4579,0.0,0.0,0.0,0.0,0.0,0.0,0.0,0.0,0.0,0.0,0.0,0.0,0.0,0.0,5029.89,70973.23,0.0,2026-10-06 07:10:25+00:00
10/06/2026 02:15:21,N,46.4901,0.0,0.0,0.0,0.0,0.0,0.0,0.0,0.0,0.0,0.0,0.0,0.0,0.0,0.0,5018.19,71076.77,0.0,2026-10-06 07:15:21+00:00
10/06/2026 02:20:19,N,46.58,0.0,0.0,0.0,0.0,0.0,0.0,0.0,0.0,0.0,0.0,0.0,0.0,0.0,0.0,5045.05,71162.26,0.0,2026-10-06 07:20:19+00:00
10/06/2026 02:25:19,N,47.4519,0.0,0.0,0.0,0.0,0.0,0.0,0.0,0.0,0.0,0.0,0.0,0.0,0.0,0.0,5032.4,71177.97,0.0,2026-10-06 07:25:19+00:00
10/06/2026 02:30:19,N,52.2761,0.0,0.0,0.0,0.0,0.0,0.0,0.0,0.0,0.0,0.0,0.0,0.0,0.0,0.0,5043.86,71018.48,0.0,2026-10-06 07:30:19+00:00
10/06/2026 02:35:21,N,47.6945,0.0,0.0,0.0,0.0,0.0,0.0,0.0,0.0,0.0,0.0,0.0,0.0,0.0,0.0,5053.45,70958.42,0.0,2026-10-06 07:35:21+00:00
10/06/2026 02:40:19,N,46.5008,0.0,0.0,0.0,0.0,0.0,0.0,0.0,0.0,0.0,0.0,0.0,0.0,0.0,0.0,5072.02,70887.85,0.0,2026-10-06 07:40:19+00:00
10/06/2026 02:45:19,N,46.414,0.0,0.0,0.0,0.0,0.0,0.0,0.0,0.0,0.0,0.0,0.0,0.0,0.0,0.0,5078.15,70888.66,0.0,2026-10-06 07:45:19+00:00
10/06/2026 02:50:19,N,42.9473,0.0,0.0,0.0,0.0,0.0,0.0,0.0,0.0,0.0,0.0,0.0,0.0,0.0,0.0,5149.17,71032.88,0.0,2026-10-06 07:50:19+00:00
10/06/2026 02:55:21,N,42.9997,0.0,0.0,0.0,0.0,0.0,0.0,0.0,0.0,0.0,0.0,0.0,0.0,0.0,0.0,5155.28,71084.57,0.0,2026-10-06 07:55:21+00:00
10/06/2026 03:00:21,N,48.4071,0.0,0.0,0.0,0.0,0.0,0.0,0.0,0.0,0.0,0.0,0.0,0.0,0.0,0.0,5240.95,71229.23,0.0,2026-10-06 08:00:21+00:00
10/06/2026 03:05:19,N,51.2489,0.0,0.0,0.0,0.0,0.0,0.0,0.0,0.0,0.0,0.0,0.0,0.0,0.0,0.0,5248.09,71312.22,0.0,2026-10-06 08:05:19+00:00
10/06/2026 03:10:20,N,45.3046,0.0,0.0,0.0,0.0,0.0,0.0,0.0,0.0,0.0,0.0,0.0,0.0,0.0,0.0,5266.79,71365.35,0.0,2026-10-06 08:10:20+00:00
10/06/2026 03:15:20,N,54.2573,0.0,0.0,0.0,0.0,0.0,0.0,0.0,0.0,0.0,0.0,0.0,0.0,0.0,0.0,5257.58,71365.07,0.0,2026-10-06 08:15:20+00:00
10/06/2026 03:20:19,N,52.5056,0.0,0.0,0.0,0.0,0.0,0.0,0.0,0.0,0.0,0.0,0.0,0.0,0.0,0.0,5284.71,71396.7,0.0,2026-10-06 08:20:19+00:00
10/06/2026 03:25:17,N,50.0178,0.0,0.0,0.0,0.0,0.0,0.0,0.0,0.0,0.0,0.0,0.0,0.0,0.0,0.0,5280.64,71302.88,0.0,2026-10-06 08:25:17+00:00
10/06/2026 03:30:18,N,49.8964,0.0,0.0,0.0,0.0,0.0,0.0,0.0,0.0,0.0,0.0,0.0,0.0,0.0,0.0,5294.52,71294.14,0.0,2026-10-06 08:30:18+00:00
10/06/2026 03:35:17,N,49.5374,0.0,0.0,0.0,0.0,0.0,0.0,0.0,0.0,0.0,0.0,0.0,0.0,0.0,0.0,5281.53,71164.64,0.0,2026-10-06 08:35:17+00:00
10/06/2026 03:40:19,N,49.8001,0.0,0.0,0.0,0.0,0.0,0.0,0.0,0.0,0.0,0.0,0.0,0.0,0.0,0.0,5272.82,71146.09,0.0,2026-10-06 08:40:19+00:00
10/06/2026 03:45:23,N,43.9788,0.0,0.0,0.0,0.0,0.0,0.0,0.0,0.0,0.0,0.0,0.0,0.0,0.0,0.0,5280.37,71115.64,0.0,2026-10-06 08:45:23+00:00
10/06/2026 03:50:20,N,44.5145,0.0,0.0,0.0,0.0,0.0,0.0,0.0,0.0,0.0,0.0,0.0,0.0,0.0,0.0,5319.62,71048.33,0.0,2026-10-06 08:50:20+00:00
10/06/2026 03:55:21,N,37.7951,0.0,0.0,0.0,0.0,0.0,0.0,0.0,0.0,0.0,0.0,0.0,0.0,0.0,0.0,5418.03,71040.77,0.0,2026-10-06 08:55:21+00:00
10/06/2026 04:00:23,N,39.8686,0.0,0.0,0.0,0.0,0.0,0.0,0.0,0.0,0.0,0.0,0.0,0.0,0.0,0.0,5462.68,71056.07,0.0,2026-10-06 09:00:23+00:00
10/06/2026 04:05:21,N,42.3516,0.0,0.0,0.0,0.0,0.0,0.0,0.0,0.0,0.0,0.0,0.0,0.0,0.0,0.0,5401.87,70988.47,0.0,2026-10-06 09:05:21+00:00
10/06/2026 04:10:19,N,41.8214,0.0,0.0,0.0,0.0,0.0,0.0,0.0,0.0,0.0,0.0,0.0,0.0,0.0,0.0,5411.83,71042.61,0.0,2026-10-06 09:10:19+00:00
10/06/2026 04:15:19,N,40.1283,0.0,0.0,0.0,0.0,0.0,0.0,0.0,0.0,0.0,0.0,0.0,0.0,0.0,0.0,5444.27,71299.22,0.0,2026-10-06 09:15:19+00:00
10/06/2026 04:20:17,N,41.2812,0.0,0.0,0.0,0.0,0.0,0.0,0.0,0.0,0.0,0.0,0.0,0.0,0.0,0.0,5353.26,71358.77,0.0,2026-10-06 09:20:17+00:00
10/06/2026 04:25:17,N,42.7016,0.0,0.0,0.0,0.0,0.0,0.0,0.0,0.0,0.0,0.0,0.0,0.0,0.0,0.0,5245.48,71122.55,0.0,2026-10-06 09:25:17+00:00
10/06/2026 04:30:21,N,41.8115,0.0,0.0,0.0,0.0,0.0,0.0,0.0,0.0,0.0,0.0,0.0,0.0,0.0,0.0,5272.89,70916.12,0.0,2026-10-06 09:30:21+00:00
10/06/2026 04:35:17,N,41.8492,0.0,0.0,0.0,0.0,0.0,0.0,0.0,0.0,0.0,0.0,0.0,0.0,0.0,0.0,5326.67,70998.2,0.0,2026-10-06 09:35:17+00:00
10/06/2026 04:40:17,N,43.7238,0.0,0.0,0.0,0.0,0.0,0.0,0.0,0.0,0.0,0.0,0.0,0.0,0.0,0.0,5338.67,71006.83,0.0,2026-10-06 09:40:17+00:00
10/06/2026 04:45:17,N,42.5043,0.0,0.0,0.0,0.0,0.0,0.0,0.0,0.0,0.0,0.0,0.0,0.0,0.0,0.0,5361.03,71035.49,0.0,2026-10-06 09:45:17+00:00
10/06/2026 04:50:17,N,43.0967,0.0,0.0,0.0,0.0,0.0,0.0,0.0,0.0,0.0,0.0,0.0,0.0,0.0,0.0,5414.11,71013.24,0.0,2026-10-06 09:50:17+00:00
10/06/2026 04:55:18,N,42.7411,0.0,0.0,0.0,0.0,0.0,0.0,0.0,0.0,0.0,0.0,0.0,0.0,0.0,0.0,5511.15,70987.86,0.0,2026-10-06 09:55:18+00:00
10/06/2026 05:00:18,N,47.2752,0.0,0.0,0.0,0.0,0.0,0.0,0.0,0.0,0.0,0.0,0.0,0.0,0.0,0.0,5479.35,71010.95,0.0,2026-10-06 10:00:18+00:00
10/06/2026 05:05:17,N,49.9349,0.0,0.0,0.0,0.0,0.0,0.0,0.0,0.0,0.0,0.0,0.0,0.0,0.0,0.0,5385.04,70880.01,0.0,2026-10-06 10:05:17+00:00
10/06/2026 05:10:18,N,49.0973,0.0,0.0,0.0,0.0,0.0,0.0,0.0,0.0,0.0,0.0,0.0,0.0,0.0,0.0,5294.45,70964.71,0.0,2026-10-06 10:10:18+00:00
10/06/2026 05:15:17,N,46.0281,0.0,0.0,0.0,0.0,0.0,0.0,0.0,0.0,0.0,0.0,0.0,0.0,0.0,0.0,5272.69,70976.19,0.0,2026-10-06 10:15:17+00:00
10/06/2026 05:20:17,N,46.3934,0.0,0.0,0.0,0.0,0.0,0.0,0.0,0.0,0.0,0.0,0.0,0.0,0.0,0.0,5278.38,70717.6,0.0,2026-10-06 10:20:17+00:00
10/06/2026 05:25:16,N,45.6605,0.0,0.0,0.0,0.0,0.0,0.0,0.0,0.0,0.0,0.0,0.0,0.0,0.0,0.0,5275.37,70677.79,0.0,2026-10-06 10:25:16+00:00
10/06/2026 05:30:17,N,44.2005,0.0,0.0,0.0,0.0,0.0,0.0,0.0,0.0,0.0,0.0,0.0,0.0,0.0,0.0,5271.74,70714.55,0.0,2026-10-06 10:30:17+00:00
10/06/2026 05:35:16,N,44.2103,0.0,0.0,0.0,0.0,0.0,0.0,0.0,0.0,0.0,0.0,0.0,0.0,0.0,0.0,5316.24,70794.14,0.0,2026-10-06 10:35:16+00:00
10/06/2026 05:40:16,N,50.8933,0.0,0.0,0.0,0.0,0.0,0.0,0.0,0.0,0.0,0.0,0.0,0.0,0.0,0.0,5310.45,70749.0,0.0,2026-10-06 10:40:16+00:00
10/06/2026 05:45:16,N,44.9296,0.0,0.0,0.0,0.0,0.0,0.0,0.0,0.0,0.0,0.0,0.0,0.0,0.0,0.0,5290.17,70722.73,0.0,2026-10-06 10:45:16+00:00
10/06/2026 05:50:16,N,46.1587,0.0,0.0,0.0,0.0,0.0,0.0,0.0,0.0,0.0,0.0,0.0,0.0,0.0,0.0,5250.94,70728.36,0.0,2026-10-06 10:50:16+00:00
10/06/2026 05:55:17,N,44.3711,0.0,0.0,0.0,0.0,0.0,0.0,0.0,0.0,0.0,0.0,0.0,0.0,0.0,0.0,5223.49,70686.4,0.0,2026-10-06 10:55:17+00:00
10/06/2026 06:00:19,N,42.8895,0.0,0.0,0.0,0.0,0.0,0.0,0.0,0.0,0.0,0.0,0.0,0.0,0.0,0.0,5231.7,70676.84,0.0,2026-10-06 11:00:19+00:00
10/06/2026 06:05:18,N,48.495,0.0,0.0,0.0,0.0,0.0,0.0,0.0,0.0,0.0,0.0,0.0,0.0,0.0,0.0,5201.7,70636.59,0.0,2026-10-06 11:05:18+00:00
10/06/2026 06:10:18,N,46.433,0.0,0.0,0.0,0.0,0.0,0.0,0.0,0.0,0.0,0.0,0.0,0.0,0.0,0.0,5225.85,70692.51,0.0,2026-10-06 11:10:18+00:00
10/06/2026 06:15:18,N,50.8073,0.0,0.0,0.0,0.0,0.0,0.0,0.0,0.0,0.0,0.0,0.0,0.0,0.0,0.0,5122.73,70669.98,0.0,2026-10-06 11:15:18+00:00
10/06/2026 06:20:17,N,47.5369,0.0,0.0,0.0,0.0,0.0,0.0,0.0,0.0,0.0,0.0,0.0,0.0,0.0,0.0,4943.87,70365.14,0.0,2026-10-06 11:20:17+00:00
10/06/2026 06:25:18,N,47.9431,0.0,0.0,0.0,0.0,0.0,0.0,0.0,0.0,0.0,0.0,0.0,0.0,0.0,0.0,4932.96,70317.46,0.0,2026-10-06 11:25:18+00:00
10/06/2026 06:30:18,N,45.3905,0.0,0.0,0.0,0.0,0.0,0.0,0.0,0.0,0.0,0.0,0.0,0.0,0.0,0.0,4926.57,70282.45,0.0,2026-10-06 11:30:18+00:00
10/06/2026 06:35:17,N,46.6411,0.0,0.0,0.0,0.0,0.0,0.0,0.0,0.0,0.0,0.0,0.0,0.0,0.0,0.0,4855.44,70250.8,0.0,2026-10-06 11:35:17+00:00
10/06/2026 06:40:17,N,50.1697,0.0,0.0,0.0,0.0,0.0,0.0,0.0,0.0,0.0,0.0,0.0,0.0,0.0,0.0,4799.49,70179.73,0.0,2026-10-06 11:40:17+00:00
10/06/2026 06:45:17,N,48.2257,0.0,0.0,0.0,0.0,0.0,0.0,0.0,0.0,0.0,0.0,0.0,0.0,0.0,0.0,4785.22,70090.58,0.0,2026-10-06 11:45:17+00:00
10/06/2026 06:50:19,N,47.7636,0.0,0.0,0.0,0.0,0.0,0.0,0.0,0.0,0.0,0.0,0.0,0.0,0.0,0.0,4769.71,70011.86,0.0,2026-10-06 11:50:19+00:00
10/06/2026 06:55:19,N,48.4781,0.0,0.0,0.0,0.0,0.0,0.0,0.0,0.0,0.0,0.0,0.0,0.0,0.0,0.0,4926.47,70145.44,0.0,2026-10-06 11:55:19+00:00
10/06/2026 07:00:20,N,57.9275,0.0,0.0,0.0,0.0,0.0,0.0,0.0,0.0,0.0,0.0,0.0,0.0,0.0,0.0,4923.15,70173.88,0.0,2026-10-06 12:00:20+00:00
10/06/2026 07:05:20,N,54.4176,0.0,0.0,0.0,0.0,0.0,0.0,0.0,0.0,0.0,0.0,0.0,0.0,0.0,0.0,4923.95,70126.57,0.0,2026-10-06 12:05:20+00:00
10/06/2026 07:10:19,N,55.5951,0.0,0.0,0.0,0.0,0.0,0.0,0.0,0.0,0.0,0.0,0.0,0.0,0.0,0.0,5077.4,70224.51,0.0,2026-10-06 12:10:19+00:00
10/06/2026 07:15:20,N,54.4407,0.0,0.0,0.0,0.0,0.0,0.0,0.0,0.0,0.0,0.0,0.0,0.0,0.0,0.0,5080.94,70056.11,0.0,2026-10-06 12:15:20+00:00
10/06/2026 07:20:18,N,50.0225,0.0,0.0,0.0,0.0,0.0,0.0,0.0,0.0,0.0,0.0,0.0,0.0,0.0,0.0,5118.99,70016.23,0.0,2026-10-06 12:20:18+00:00
10/06/2026 07:25:18,N,46.6189,0.0,0.0,0.0,0.0,0.0,0.0,0.0,0.0,0.0,0.0,0.0,0.0,0.0,0.0,5110.08,70003.71,0.0,2026-10-06 12:25:18+00:00
10/06/2026 07:30:18,N,47.7938,0.0,0.0,0.0,0.0,0.0,0.0,0.0,0.0,0.0,0.0,0.0,0.0,0.0,0.0,5082.49,70042.0,0.0,2026-10-06 12:30:18+00:00
10/06/2026 07:35:19,N,51.3418,0.0,0.0,0.0,0.0,0.0,0.0,0.0,0.0,0.0,0.0,0.0,0.0,0.0,0.0,5068.81,69968.39,0.0,2026-10-06 12:35:19+00:00
10/06/2026 07:40:18,N,50.1854,0.0,0.0,0.0,0.0,0.0,0.0,0.0,0.0,0.0,0.0,0.0,0.0,0.0,0.0,5031.31,70156.2,0.0,2026-10-06 12:40:18+00:00
10/06/2026 07:45:19,N,44.3021,0.0,0.0,0.0,0.0,0.0,0.0,0.0,0.0,0.0,0.0,0.0,0.0,0.0,0.0,5016.47,70492.73,0.0,2026-10-06 12:45:19+00:00
10/06/2026 07:50:18,N,37.6414,0.0,0.0,0.0,0.0,0.0,0.0,0.0,0.0,0.0,0.0,0.0,0.0,0.0,0.0,5023.4,71044.45,0.0,2026-10-06 12:50:18+00:00
10/06/2026 07:55:18,N,35.466,0.0,0.0,0.0,0.0,0.0,0.0,0.0,0.0,0.0,0.0,0.0,0.0,0.0,0.0,4738.05,71797.56,0.0,2026-10-06 12:55:18+00:00
10/06/2026 08:00:20,N,34.7133,0.0,0.0,0.0,0.0,0.0,0.0,0.0,0.0,0.0,0.0,0.0,0.0,0.0,0.0,4635.92,72177.48,0.0,2026-10-06 13:00:20+00:00
10/06/2026 08:05:20,N,36.8853,0.0,0.0,0.0,0.0,0.0,0.0,0.0,0.0,0.0,0.0,0.0,0.0,0.0,0.0,4429.04,73130.35,0.0,2026-10-06 13:05:20+00:00
10/06/2026 08:10:21,N,29.8398,0.0,0.0,0.0,0.0,0.0,0.0,0.0,0.0,0.0,0.0,0.0,0.0,0.0,0.0,4154.99,74373.52,0.0,2026-10-06 13:10:21+00:00
10/06/2026 08:15:21,N,28.1873,0.0,0.0,0.0,0.0,0.0,0.0,0.0,0.0,0.0,0.0,0.0,0.0,0.0,0.0,4041.89,75629.21,0.0,2026-10-06 13:15:21+00:00
10/06/2026 08:20:18,N,25.8488,0.0,0.0,0.0,0.0,0.0,0.0,0.0,0.0,0.0,0.0,0.0,0.0,0.0,0.0,3995.5,77194.51,0.0,2026-10-06 13:20:18+00:00
10/06/2026 08:25:19,N,23.0234,0.0,0.0,0.0,0.0,0.0,0.0,0.0,0.0,0.0,0.0,0.0,0.0,0.0,0.0,3680.84,78365.57,0.0,2026-10-06 13:25:19+00:00
10/06/2026 08:30:18,N,22.0255,0.0,0.0,0.0,0.0,0.0,0.0,0.0,0.0,0.0,0.0,0.0,0.0,0.0,0.0,3656.12,79824.75,0.0,2026-10-06 13:30:18+00:00
10/06/2026 08:35:17,N,20.5245,0.0,0.0,0.0,0.0,0.0,0.0,0.0,0.0,0.0,0.0,0.0,0.0,0.0,0.0,3640.83,81401.45,0.0,2026-10-06 13:35:17+00:00
10/06/2026 08:40:18,N,20.2831,0.0,0.0,0.0,0.0,0.0,0.0,0.0,0.0,0.0,0.0,0.0,0.0,0.0,0.0,3611.24,83026.91,0.0,2026-10-06 13:40:18+00:00
10/06/2026 08:45:18,N,18.7414,0.0,0.0,0.0,0.0,0.0,0.0,0.0,0.0,0.0,0.0,0.0,0.0,0.0,0.0,3614.82,84713.82,0.0,2026-10-06 13:45:18+00:00
10/06/2026 08:50:20,N,17.2651,0.0,0.0,0.0,0.0,0.0,0.0,0.0,0.0,0.0,0.0,0.0,0.0,0.0,0.0,3623.57,86550.46,0.0,2026-10-06 13:50:20+00:00
10/06/2026 08:55:21,N,17.0074,0.0,0.0,0.0,0.0,0.0,0.0,0.0,0.0,0.0,0.0,0.0,0.0,0.0,0.0,3566.84,88193.28,0.0,2026-10-06 13:55:21+00:00
10/06/2026 09:00:20,N,18.696,0.0,0.0,0.0,0.0,0.0,0.0,0.0,0.0,0.0,0.0,0.0,0.0,0.0,0.0,3487.87,89381.31,0.0,2026-10-06 14:00:20+00:00
10/06/2026 09:05:18,N,20.029,0.0,0.0,0.0,0.0,0.0,0.0,0.0,0.0,0.0,0.0,0.0,0.0,0.0,0.0,3457.21,91026.35,0.0,2026-10-06 14:05:18+00:00
10/06/2026 09:10:17,N,18.1984,0.0,0.0,0.0,0.0,0.0,0.0,0.0,0.0,0.0,0.0,0.0,0.0,0.0,0.0,3439.44,92305.06,0.0,2026-10-06 14:10:17+00:00
10/06/2026 09:15:19,N,16.6833,0.0,0.0,0.0,0.0,0.0,0.0,0.0,0.0,0.0,0.0,0.0,0.0,0.0,0.0,3563.19,93598.99,0.0,2026-10-06 14:15:19+00:00
10/06/2026 09:18:52,N,16.7898,0.0,0.0,0.0,0.0,0.0,0.0,0.0,0.0,0.0,0.0,0.0,0.0,0.0,0.0,3516.44,94220.88,0.0,2026-10-06 14:18:52+00:00
10/06/2026 09:20:17,N,16.6122,0.0,0.0,0.0,0.0,0.0,0.0,0.0,0.0,0.0,0.0,0.0,0.0,0.0,0.0,3540.08,94456.56,0.0,2026-10-06 14:20:17+00:00
10/06/2026 09:25:17,N,15.5169,0.0,0.0,0.0,0.0,0.0,0.0,0.0,0.0,0.0,0.0,0.0,0.0,0.0,0.0,3560.95,95231.58,0.0,2026-10-06 14:25:17+00:00
10/06/2026 09:30:17,N,14.4684,0.0,0.0,0.0,0.0,0.0,0.0,0.0,0.0,0.0,0.0,0.0,0.0,0.0,0.0,3560.32,95844.16,0.0,2026-10-06 14:30:17+00:00
10/06/2026 09:35:17,N,15.1809,0.0,0.0,0.0,0.0,0.0,0.0,0.0,0.0,0.0,0.0,0.0,0.0,0.0,0.0,3542.96,95991.24,0.0,2026-10-06 14:35:17+00:00
10/06/2026 09:40:18,N,15.6082,0.0,0.0,0.0,0.0,0.0,0.0,0.0,0.0,0.0,0.0,0.0,0.0,0.0,0.0,3489.13,96331.16,0.0,2026-10-06 14:40:18+00:00
10/06/2026 09:45:18,N,16.187,0.0,0.0,0.0,0.0,0.0,0.0,0.0,0.0,0.0,0.0,0.0,0.0,0.0,0.0,3519.22,96540.84,0.0,2026-10-06 14:45:18+00:00
10/06/2026 09:50:17,N,16.4307,0.0,0.0,0.0,0.0,0.0,0.0,0.0,0.0,0.0,0.0,0.0,0.0,0.0,0.0,3540.94,96585.47,0.0,2026-10-06 14:50:17+00:00
10/06/2026 09:55:17,N,17.1765,0.0,0.0,0.0,0.0,0.0,0.0,0.0,0.0,0.0,0.0,0.0,0.0,0.0,0.0,3038.55,96767.8,0.0,2026-10-06 14:55:17+00:00
10/06/2026 10:00:21,N,16.2714,0.0,0.0,0.0,0.0,0.0,0.0,0.0,0.0,0.0,0.0,0.0,0.0,0.0,0.0,3039.86,97105.05,0.0,2026-10-06 15:00:21+00:00
10/06/2026 10:05:19,N,16.3107,0.0,0.0,0.0,0.0,0.0,0.0,0.0,0.0,0.0,0.0,0.0,0.0,0.0,0.0,3228.2,97384.24,0.0,2026-10-06 15:05:19+00:00
10/06/2026 10:10:17,N,16.625,0.0,0.0,0.0,0.0,0.0,0.0,0.0,0.0,0.0,0.0,0.0,0.0,0.0,0.0,3366.37,97529.53,0.0,2026-10-06 15:10:17+00:00
10/06/2026 10:15:18,N,15.9053,0.0,0.0,0.0,0.0,0.0,0.0,0.0,0.0,0.0,0.0,0.0,0.0,0.0,0.0,3573.85,97278.3,0.0,2026-10-06 15:15:18+00:00
10/06/2026 10:20:18,N,15.3105,0.0,0.0,0.0,0.0,0.0,0.0,0.0,0.0,0.0,0.0,0.0,0.0,0.0,0.0,3773.47,97743.28,0.0,2026-10-06 15:20:18+00:00
10/06/2026 10:25:17,N,15.3482,0.0,0.0,0.0,0.0,0.0,0.0,0.0,0.0,0.0,0.0,0.0,0.0,0.0,0.0,3922.5,97848.5,0.0,2026-10-06 15:25:17+00:00
10/06/2026 10:30:17,N,16.4259,0.0,0.0,0.0,0.0,0.0,0.0,0.0,0.0,0.0,0.0,0.0,0.0,0.0,0.0,3978.31,97841.69,0.0,2026-10-06 15:30:17+00:00
10/06/2026 10:35:18,N,17.1306,0.0,0.0,0.0,0.0,0.0,0.0,0.0,0.0,0.0,0.0,0.0,0.0,0.0,0.0,3906.79,97885.95,0.0,2026-10-06 15:35:18+00:00
10/06/2026 10:40:17,N,16.4515,0.0,0.0,0.0,0.0,0.0,0.0,0.0,0.0,0.0,0.0,0.0,0.0,0.0,0.0,3969.7,98095.84,0.0,2026-10-06 15:40:17+00:00
10/06/2026 10:45:18,N,15.3125,0.0,0.0,0.0,0.0,0.0,0.0,0.0,0.0,0.0,0.0,0.0,0.0,0.0,0.0,3963.22,98108.63,0.0,2026-10-06 15:45:18+00:00
10/06/2026 10:50:18,N,15.6642,0.0,0.0,0.0,0.0,0.0,0.0,0.0,0.0,0.0,0.0,0.0,0.0,0.0,0.0,4113.75,98029.06,0.0,2026-10-06 15:50:18+00:00
10/06/2026 10:55:18,N,16.0048,0.0,0.0,0.0,0.0,0.0,0.0,0.0,0.0,0.0,0.0,0.0,0.0,0.0,0.0,4225.84,98214.46,0.0,2026-10-06 15:55:18+00:00
10/06/2026 11:00:22,N,9.9333,0.0,0.0,0.0,0.0,0.0,0.0,0.0,0.0,0.0,0.0,0.0,0.0,0.0,0.0,4689.13,97994.6,0.0,2026-10-06 16:00:22+00:00
10/06/2026 11:05:18,N,10.5785,0.0,0.0,0.0,0.0,0.0,0.0,0.0,0.0,0.0,0.0,0.0,0.0,0.0,0.0,4845.98,97981.12,0.0,2026-10-06 16:05:18+00:00
10/06/2026 11:10:19,N,11.8281,0.0,0.0,0.0,0.0,0.0,0.0,0.0,0.0,0.0,0.0,0.0,0.0,0.0,0.0,5085.26,98051.23,0.0,2026-10-06 16:10:19+00:00
10/06/2026 11:15:19,N,29.1411,0.0,0.0,0.0,0.0,0.0,0.0,0.0,0.0,0.0,0.0,0.0,0.0,0.0,0.0,5313.73,97998.36,0.0,2026-10-06 16:15:19+00:00
10/06/2026 11:20:19,N,29.6737,0.0,0.0,0.0,0.0,0.0,0.0,0.0,0.0,0.0,0.0,0.0,0.0,0.0,0.0,5345.47,98111.55,0.0,2026-10-06 16:20:19+00:00
10/06/2026 11:25:17,N,29.5013,0.0,0.0,0.0,0.0,0.0,0.0,0.0,0.0,0.0,0.0,0.0,0.0,0.0,0.0,5492.48,98358.48,0.0,2026-10-06 16:25:17+00:00
10/06/2026 11:30:18,N,32.6027,0.0,0.0,0.0,0.0,0.0,0.0,0.0,0.0,0.0,0.0,0.0,0.0,0.0,0.0,5450.18,98382.34,0.0,2026-10-06 16:30:18+00:00
10/06/2026 11:35:18,N,31.6162,0.0,0.0,0.0,0.0,0.0,0.0,0.0,0.0,0.0,0.0,0.0,0.0,0.0,0.0,5644.41,98346.66,0.0,2026-10-06 16:35:18+00:00
10/06/2026 11:40:21,N,29.7246,0.0,0.0,0.0,0.0,0.0,0.0,0.0,0.0,0.0,0.0,0.0,0.0,0.0,0.0,6051.16,98309.51,0.0,2026-10-06 16:40:21+00:00
10/06/2026 11:45:17,N,30.5465,0.0,0.0,0.0,0.0,0.0,0.0,0.0,0.0,0.0,0.0,0.0,0.0,0.0,0.0,6333.24,98440.91,0.0,2026-10-06 16:45:17+00:00
10/06/2026 11:50:18,N,32.3762,0.0,0.0,0.0,0.0,0.0,0.0,0.0,0.0,0.0,0.0,0.0,0.0,0.0,0.0,6473.27,98446.25,0.0,2026-10-06 16:50:18+00:00
10/06/2026 11:55:19,N,31.2205,0.0,0.0,0.0,0.0,0.0,0.0,0.0,0.0,0.0,0.0,0.0,0.0,0.0,0.0,6673.48,98421.06,0.0,2026-10-06 16:55:19+00:00
10/06/2026 12:00:19,N,27.1901,0.0,0.0,0.0,0.0,0.0,0.0,0.0,0.0,0.0,0.0,0.0,0.0,0.0,0.0,6740.36,98302.98,0.0,2026-10-06 17:00:19+00:00
10/06/2026 12:05:17,N,30.0384,0.0,0.0,0.0,0.0,0.0,0.0,0.0,0.0,0.0,0.0,0.0,0.0,0.0,0.0,7005.68,97903.51,0.0,2026-10-06 17:05:17+00:00
10/06/2026 12:10:19,N,30.6572,0.0,0.0,0.0,0.0,0.0,0.0,0.0,0.0,0.0,0.0,0.0,0.0,0.0,0.0,7126.22,97976.55,0.0,2026-10-06 17:10:19+00:00
10/06/2026 12:15:19,N,30.6736,0.0,0.0,0.0,0.0,0.0,0.0,0.0,0.0,0.0,0.0,0.0,0.0,0.0,0.0,7170.68,97950.63,0.0,2026-10-06 17:15:19+00:00
10/06/2026 12:20:17,N,32.3652,0.0,0.0,0.0,0.0,0.0,0.0,0.0,0.0,0.0,0.0,0.0,0.0,0.0,0.0,6987.0,98001.21,0.0,2026-10-06 17:20:17+00:00
10/06/2026 12:25:17,N,17.87,0.0,0.0,0.0,0.0,0.0,0.0,0.0,0.0,0.0,0.0,0.0,0.0,0.0,0.0,7022.23,97871.2,0.0,2026-10-06 17:25:17+00:00
10/06/2026 12:30:18,N,18.0051,0.0,0.0,0.0,0.0,0.0,0.0,0.0,0.0,0.0,0.0,0.0,0.0,0.0,0.0,7133.89,97342.16,0.0,2026-10-06 17:30:18+00:00
10/06/2026 12:35:18,N,19.8268,0.0,0.0,0.0,0.0,0.0,0.0,0.0,0.0,0.0,0.0,0.0,0.0,0.0,0.0,7171.47,97302.08,0.0,2026-10-06 17:35:18+00:00
10/06/2026 12:40:17,N,21.2442,0.0,0.0,0.0,0.0,0.0,0.0,0.0,0.0,0.0,0.0,0.0,0.0,0.0,0.0,7077.8,97169.96,0.0,2026-10-06 17:40:17+00:00
10/06/2026 12:45:18,N,21.5951,0.0,0.0,0.0,0.0,0.0,0.0,0.0,0.0,0.0,0.0,0.0,0.0,0.0,0.0,7171.44,97089.03,0.0,2026-10-06 17:45:18+00:00
10/06/2026 12:50:17,N,40.1104,0.0,0.0,0.0,0.0,0.0,0.0,0.0,0.0,0.0,0.0,0.0,0.0,0.0,0.0,7149.01,97264.58,0.0,2026-10-06 17:50:17+00:00
10/06/2026 12:55:19,N,39.6321,0.0,0.0,0.0,0.0,0.0,0.0,0.0,0.0,0.0,0.0,0.0,0.0,0.0,0.0,7203.21,97184.22,0.0,2026-10-06 17:55:19+00:00
10/06/2026 13:00:21,N,23.5157,0.0,0.0,0.0,0.0,0.0,0.0,0.0,0.0,0.0,0.0,0.0,0.0,0.0,0.0,7397.76,97158.07,0.0,2026-10-06 18:00:21+00:00
10/06/2026 13:05:20,N,41.9927,0.0,0.0,0.0,0.0,0.0,0.0,0.0,0.0,0.0,0.0,0.0,0.0,0.0,0.0,7652.43,96784.23,0.0,2026-10-06 18:05:20+00:00
10/06/2026 13:10:21,N,42.232,0.0,0.0,0.0,0.0,0.0,0.0,0.0,0.0,0.0,0.0,0.0,0.0,0.0,0.0,7659.67,96743.84,0.0,2026-10-06 18:10:21+00:00
10/06/2026 13:15:21,N,37.5941,0.0,0.0,0.0,0.0,0.0,0.0,0.0,0.0,0.0,0.0,0.0,0.0,0.0,0.0,7784.77,96887.15,0.0,2026-10-06 18:15:21+00:00
10/06/2026 13:20:19,N,38.6086,0.0,0.0,0.0,0.0,0.0,0.0,0.0,0.0,0.0,0.0,0.0,0.0,0.0,0.0,7609.03,97071.29,0.0,2026-10-06 18:20:19+00:00
10/06/2026 13:25:19,N,41.1589,0.0,0.0,0.0,0.0,0.0,0.0,0.0,0.0,0.0,0.0,0.0,0.0,0.0,0.0,7806.85,96816.02,0.0,2026-10-06 18:25:19+00:00
10/06/2026 13:30:18,N,43.7863,0.0,0.0,0.0,0.0,0.0,0.0,0.0,0.0,0.0,0.0,0.0,0.0,0.0,0.0,7736.95,96556.63,0.0,2026-10-06 18:30:18+00:00
10/06/2026 13:35:17,N,28.126,0.0,0.0,0.0,0.0,0.0,0.0,0.0,0.0,0.0,0.0,0.0,0.0,0.0,0.0,7808.0,96765.88,0.0,2026-10-06 18:35:17+00:00
10/06/2026 13:40:18,N,44.4458,0.0,0.0,0.0,0.0,0.0,0.0,0.0,0.0,0.0,0.0,0.0,0.0,0.0,0.0,7595.1,96762.08,0.0,2026-10-06 18:40:18+00:00
10/06/2026 13:45:18,N,32.9453,0.0,0.0,0.0,0.0,0.0,0.0,0.0,0.0,0.0,0.0,0.0,0.0,0.0,0.0,7482.59,96425.98,0.0,2026-10-06 18:45:18+00:00
10/06/2026 13:50:18,N,43.7631,0.0,0.0,0.0,0.0,0.0,0.0,0.0,0.0,0.0,0.0,0.0,0.0,0.0,0.0,7451.34,96271.86,0.0,2026-10-06 18:50:18+00:00
10/06/2026 13:55:18,N,37.6019,0.0,0.0,0.0,0.0,0.0,0.0,0.0,0.0,0.0,0.0,0.0,0.0,0.0,0.0,7536.94,96587.66,0.0,2026-10-06 18:55:18+00:00
10/06/2026 14:00:21,N,46.2364,0.0,0.0,0.0,0.0,0.0,0.0,0.0,0.0,0.0,0.0,0.0,0.0,0.0,0.0,7588.62,96424.13,0.0,2026-10-06 19:00:21+00:00
10/06/2026 14:05:19,N,46.2413,0.0,0.0,0.0,0.0,0.0,0.0,0.0,0.0,0.0,0.0,0.0,0.0,0.0,0.0,7613.42,96434.46,0.0,2026-10-06 19:05:19+00:00
10/06/2026 14:10:21,N,46.7693,0.0,0.0,0.0,0.0,0.0,0.0,0.0,0.0,0.0,0.0,0.0,0.0,0.0,0.0,7776.47,96323.16,0.0,2026-10-06 19:10:21+00:00
10/06/2026 14:15:18,N,59.6183,0.0,0.0,0.0,0.0,0.0,0.0,0.0,0.0,0.0,0.0,0.0,0.0,0.0,0.0,7741.16,96818.4,0.0,2026-10-06 19:15:18+00:00
10/06/2026 14:19:04,N,63.111,0.0,0.0,0.0,0.0,0.0,0.0,0.0,0.0,0.0,0.0,0.0,0.0,0.0,0.0,7651.71,97097.9,0.0,2026-10-06 19:19:04+00:00
10/06/2026 14:20:19,N,67.178,0.0,0.0,0.0,0.0,0.0,0.0,0.0,0.0,0.0,0.0,0.0,0.0,0.0,0.0,7670.33,97230.81,0.0,2026-10-06 19:20:19+00:00
10/06/2026 14:25:18,N,59.1306,0.0,0.0,0.0,0.0,0.0,0.0,0.0,0.0,0.0,0.0,0.0,0.0,0.0,0.0,7764.04,97141.6,0.0,2026-10-06 19:25:18+00:00
10/06/2026 14:30:20,N,61.8179,0.0,0.0,0.0,0.0,0.0,0.0,0.0,0.0,0.0,0.0,0.0,0.0,0.0,0.0,7795.74,97279.84,0.0,2026-10-06 19:30:20+00:00
10/06/2026 14:35:17,N,61.8843,0.0,0.0,0.0,0.0,0.0,0.0,0.0,0.0,0.0,0.0,0.0,0.0,0.0,0.0,7952.67,97352.61,0.0,2026-10-06 19:35:17+00:00
10/06/2026 14:40:20,N,58.3629,0.0,0.0,0.0,0.0,0.0,0.0,0.0,0.0,0.0,0.0,0.0,0.0,0.0,0.0,7940.78,97639.77,0.0,2026-10-06 19:40:20+00:00
10/06/2026 14:45:18,N,52.8612,0.0,0.0,0.0,0.0,0.0,0.0,0.0,0.0,0.0,0.0,0.0,0.0,0.0,0.0,7992.61,97286.55,0.0,2026-10-06 19:45:18+00:00
10/06/2026 14:50:18,N,54.5739,0.0,0.0,0.0,0.0,0.0,0.0,0.0,0.0,0.0,0.0,0.0,0.0,0.0,0.0,8065.67,97481.1,0.0,2026-10-06 19:50:18+00:00
10/06/2026 14:55:18,N,56.0219,0.0,0.0,0.0,0.0,0.0,0.0,0.0,0.0,0.0,0.0,0.0,0.0,0.0,0.0,8119.34,97890.67,0.0,2026-10-06 19:55:18+00:00
10/06/2026 15:00:22,N,52.4044,0.0,0.0,0.0,0.0,0.0,0.0,0.0,0.0,0.0,0.0,0.0,0.0,0.0,0.0,8459.46,97404.95,0.0,2026-10-06 20:00:22+00:00
10/06/2026 15:05:20,N,56.9323,0.0,0.0,0.0,0.0,0.0,0.0,0.0,0.0,0.0,0.0,0.0,0.0,0.0,0.0,8798.36,97885.7,0.0,2026-10-06 20:05:20+00:00
10/06/2026 15:10:19,N,56.4613,0.0,0.0,0.0,0.0,0.0,0.0,0.0,0.0,0.0,0.0,0.0,0.0,0.0,0.0,9011.85,97981.4,0.0,2026-10-06 20:10:19+00:00
10/06/2026 15:15:19,N,59.8872,0.0,0.0,0.0,0.0,0.0,0.0,0.0,0.0,0.0,0.0,0.0,0.0,0.0,0.0,8817.28,98270.24,0.0,2026-10-06 20:15:19+00:00
10/06/2026 15:20:18,N,50.5789,0.0,0.0,0.0,0.0,0.0,0.0,0.0,0.0,0.0,0.0,0.0,0.0,0.0,0.0,8807.2,98501.11,0.0,2026-10-06 20:20:18+00:00
10/06/2026 15:25:19,N,52.0586,0.0,0.0,0.0,0.0,0.0,0.0,0.0,0.0,0.0,0.0,0.0,0.0,0.0,0.0,8912.43,98553.88,0.0,2026-10-06 20:25:19+00:00
10/06/2026 15:30:19,N,79.3188,0.0,0.0,0.0,0.0,0.0,0.0,0.0,0.0,0.0,0.0,0.0,0.0,0.0,0.0,8929.0,97826.35,0.0,2026-10-06 20:30:19+00:00
10/06/2026 15:35:18,N,49.009,0.0,0.0,0.0,0.0,0.0,0.0,0.0,0.0,0.0,0.0,0.0,0.0,0.0,0.0,9074.1,98361.03,0.0,2026-10-06 20:35:18+00:00
10/06/2026 15:40:20,N,56.1781,0.0,0.0,0.0,0.0,0.0,0.0,0.0,0.0,0.0,0.0,0.0,0.0,0.0,0.0,9482.53,98911.11,0.0,2026-10-06 20:40:20+00:00
10/06/2026 15:45:21,N,51.3119,0.0,0.0,0.0,0.0,0.0,0.0,0.0,0.0,0.0,0.0,0.0,0.0,0.0,0.0,9545.24,99075.56,0.0,2026-10-06 20:45:21+00:00
10/06/2026 15:50:19,N,65.3005,0.0,0.0,0.0,0.0,0.0,0.0,0.0,0.0,0.0,0.0,0.0,0.0,0.0,0.0,9571.62,99068.24,0.0,2026-10-06 20:50:19+00:00
10/06/2026 15:55:21,N,58.6697,0.0,0.0,0.0,0.0,0.0,0.0,0.0,0.0,0.0,0.0,0.0,0.0,0.0,0.0,9801.26,99249.04,0.0,2026-10-06 20:55:21+00:00
10/06/2026 16:00:23,N,43.1199,0.0,0.0,0.0,0.0,0.0,0.0,0.0,0.0,0.0,0.0,0.0,0.0,0.0,0.0,10003.36,99772.11,0.0,2026-10-06 21:00:23+00:00
10/06/2026 16:05:21,N,40.5374,0.0,0.0,0.0,0.0,0.0,0.0,65.0,0.0,0.0,0.0,0.0,0.0,0.0,0.0,10328.79,100347.22,0.0,2026-10-06 21:05:21+00:00
10/06/2026 16:10:22,N,43.4726,0.0,0.0,0.0,0.0,0.0,0.0,65.0,0.0,0.0,0.0,0.0,0.0,0.0,0.0,10328.72,99954.23,0.0,2026-10-06 21:10:22+00:00
10/06/2026 16:15:20,N,57.9601,0.0,0.0,0.0,0.0,0.0,0.0,65.0,0.0,0.0,0.0,0.0,0.0,0.0,0.0,10329.79,100148.55,0.0,2026-10-06 21:15:20+00:00
10/06/2026 16:20:20,N,51.3814,0.0,0.0,0.0,0.0,0.0,0.0,65.0,0.0,0.0,0.0,0.0,0.0,0.0,0.0,10447.63,100208.76,0.0,2026-10-06 21:20:20+00:00
10/06/2026 16:25:20,N,59.672,0.0,0.0,0.0,0.0,0.0,0.0,65.0,0.0,0.0,0.0,0.0,0.0,0.0,0.0,10389.18,99707.59,0.0,2026-10-06 21:25:20+00:00
10/06/2026 16:30:20,N,51.6172,0.0,0.0,0.0,0.0,0.0,0.0,65.0,0.0,0.0,0.0,0.0,0.0,0.0,0.0,10416.67,99664.2,0.0,2026-10-06 21:30:20+00:00
10/06/2026 16:35:19,N,52.1173,0.0,0.0,0.0,0.0,0.0,0.0,65.0,0.0,0.0,0.0,0.0,0.0,0.0,0.0,10477.55,99484.68,0.0,2026-10-06 21:35:19+00:00
10/06/2026 16:40:19,N,46.4364,0.0,0.0,0.0,0.0,0.0,0.0,65.0,0.0,0.0,0.0,0.0,0.0,0.0,0.0,10649.22,99887.27,0.0,2026-10-06 21:40:19+00:00
10/06/2026 16:45:21,N,42.7175,0.05,0.0,0.0,0.0,0.0,0.0,65.0,0.0,0.0,0.0,0.0,0.0,0.0,0.0,10861.2,99926.62,0.0,2026-10-06 21:45:21+00:00
10/06/2026 16:50:21,N,47.4958,0.0,0.0,0.0,0.0,0.0,0.0,65.0,0.0,0.0,0.0,0.0,0.0,0.0,0.0,11121.52,99857.18,0.0,2026-10-06 21:50:21+00:00
10/06/2026 16:55:19,N,58.6188,0.0,0.0,0.0,0.0,0.0,0.0,65.0,0.0,0.0,0.0,0.0,0.0,0.0,0.0,11285.72,100006.14,0.0,2026-10-06 21:55:19+00:00
10/06/2026 17:00:22,N,47.6697,2.64,0.0,0.0,0.0,0.0,0.0,65.0,0.0,0.0,0.0,0.0,0.0,0.0,0.0,11757.07,100093.23,0.0,2026-10-06 22:00:22+00:00
10/06/2026 17:05:21,N,50.3024,0.77,0.0,0.0,0.0,0.0,0.0,65.0,0.0,0.0,0.0,0.0,0.0,0.0,0.0,11538.47,99722.73,0.0,2026-10-06 22:05:21+00:00
10/06/2026 17:10:22,N,60.5693,0.0,0.0,0.0,0.0,0.0,0.0,65.0,0.0,0.0,0.0,0.0,0.0,0.0,0.0,11637.85,98954.04,0.0,2026-10-06 22:10:22+00:00
10/06/2026 17:15:19,N,81.1637,0.0,0.0,0.08,0.0,0.0,0.0,65.0,0.0,0.0,0.0,0.0,0.0,0.0,0.0,11552.74,98234.25,0.0,2026-10-06 22:15:19+00:00
10/06/2026 17:20:20,N,72.1475,0.0,0.0,0.08,0.0,0.0,0.0,65.0,0.0,0.0,0.0,0.0,0.0,0.0,0.0,11588.88,98025.54,0.0,2026-10-06 22:20:20+00:00
10/06/2026 17:25:20,N,82.5288,0.0,0.0,0.0,0.0,0.0,0.0,65.0,0.0,0.0,0.0,0.0,0.0,0.0,0.0,11674.39,97190.77,0.0,2026-10-06 22:25:20+00:00
10/06/2026 17:30:20,N,106.8968,0.0,0.0,0.0,0.0,0.0,0.0,65.0,0.0,0.0,0.0,0.0,0.0,0.0,0.0,11659.73,96223.91,0.0,2026-10-06 22:30:20+00:00
10/06/2026 17:35:19,N,98.9012,0.0,0.0,0.0,0.0,0.0,0.0,65.0,0.0,0.0,0.0,0.0,0.0,0.0,0.0,11927.69,95263.66,0.0,2026-10-06 22:35:19+00:00
10/06/2026 17:40:21,N,116.666,0.0,0.0,0.0,0.0,0.0,0.0,65.0,0.0,0.0,0.0,0.0,0.0,0.0,0.0,12051.11,94570.29,0.0,2026-10-06 22:40:21+00:00
10/06/2026 17:45:23,N,131.8907,0.0,0.0,0.0,0.0,0.0,0.0,65.0,0.0,0.0,0.0,0.0,0.0,0.0,0.0,12011.0,93680.41,0.0,2026-10-06 22:45:23+00:00
10/06/2026 17:50:21,N,104.9051,0.0,0.0,0.0,0.0,0.0,0.0,65.0,0.0,0.0,0.0,0.0,0.0,0.0,0.0,11979.34,92527.21,0.0,2026-10-06 22:50:21+00:00
10/06/2026 17:55:22,N,116.692,0.0,0.0,0.0,0.0,0.0,0.0,65.0,0.0,0.0,0.0,0.0,0.0,0.0,0.0,11713.71,91339.29,0.0,2026-10-06 22:55:22+00:00
10/06/2026 18:00:25,N,89.1633,0.0,0.0,0.0,0.04,0.08,0.31,65.0,0.0,0.0,0.0,0.0,0.0,0.0,0.0,11351.34,89649.23,0.0,2026-10-06 23:00:25+00:00
10/06/2026 18:05:22,N,119.8834,0.0,0.0,0.0,0.04,0.08,0.34,88.0,0.0,0.0,0.0,0.0,0.0,0.0,0.0,10609.52,88428.46,0.0,2026-10-06 23:05:22+00:00
10/06/2026 18:10:22,N,123.5561,0.0,0.0,0.0,0.0,0.0,0.0,88.0,0.0,0.0,0.0,0.0,0.0,0.0,0.0,10003.4,87238.83,0.0,2026-10-06 23:10:22+00:00
10/06/2026 18:15:30,N,129.2114,0.0,0.0,0.0,0.0,0.0,0.0,88.0,0.0,0.0,0.0,0.0,0.0,0.0,0.0,10048.11,85963.19,0.0,2026-10-06 23:15:30+00:00
10/06/2026 18:20:26,N,139.8424,0.0,0.0,0.0,0.0,0.0,0.0,88.0,0.0,0.0,0.0,0.0,0.0,0.0,0.0,10248.76,84797.73,0.0,2026-10-06 23:20:26+00:00
10/06/2026 18:25:21,N,140.0996,0.0,0.0,0.0,0.0,0.0,0.0,88.0,0.0,0.0,0.0,0.0,0.0,0.0,0.0,10119.87,83393.98,0.0,2026-10-06 23:25:21+00:00
10/06/2026 18:30:23,N,137.4283,0.0,0.0,0.0,0.0,0.0,0.0,88.0,0.0,0.0,0.0,0.0,0.0,0.0,0.0,10285.15,82443.02,0.0,2026-10-06 23:30:23+00:00
10/06/2026 18:35:22,N,143.5428,0.0,0.12,0.0,0.01,0.03,0.12,88.0,0.0,0.0,0.0,0.0,0.0,0.0,0.0,10393.28,81396.11,0.0,2026-10-06 23:35:22+00:00
10/06/2026 18:40:26,N,163.4682,0.0,0.42,0.0,0.05,0.1,0.42,88.0,0.0,0.0,0.0,0.0,0.0,0.0,0.0,10315.8,80133.78,0.0,2026-10-06 23:40:26+00:00
10/06/2026 18:45:32,N,183.4443,0.0,0.67,0.0,0.08,0.17,0.67,88.0,0.0,0.0,0.0,0.0,0.0,0.0,0.0,10238.29,79274.46,0.0,2026-10-06 23:45:32+00:00
10/06/2026 18:50:23,N,190.1944,0.0,0.13,0.0,0.11,0.22,0.87,88.0,0.0,0.0,0.0,0.0,0.0,0.0,0.0,10169.87,78328.8,0.0,2026-10-06 23:50:23+00:00
10/06/2026 18:55:30,N,164.524,0.0,1.5,0.0,0.19,0.38,1.5,88.0,0.0,0.0,0.0,0.0,0.0,0.0,0.0,10041.7,77381.06,0.0,2026-10-06 23:55:30+00:00
10/06/2026 19:00:26,N,140.4317,3.77,0.33,0.0,0.03,0.02,0.0,88.0,0.0,0.0,0.0,0.0,0.0,0.0,0.0,9910.49,76886.02,0.0,2026-10-07 00:00:26+00:00
10/06/2026 19:05:24,N,157.797,0.0,0.15,0.0,0.32,0.65,2.59,88.0,0.0,0.0,0.0,0.0,0.0,0.0,0.0,9503.86,76719.87,0.0,2026-10-07 00:05:24+00:00
10/06/2026 19:10:23,N,134.9828,0.0,0.5,0.0,0.81,1.62,6.48,88.0,0.0,0.0,0.0,0.0,0.0,0.0,0.0,9538.16,76604.73,0.0,2026-10-07 00:10:23+00:00
10/06/2026 19:15:23,N,130.5795,0.0,0.34,0.0,0.5,0.99,3.97,88.0,0.0,0.0,0.0,0.0,0.0,0.0,0.0,9491.98,76474.66,0.0,2026-10-07 00:15:23+00:00
10/06/2026 19:20:23,N,125.4797,0.0,0.6,0.0,0.6,1.2,4.81,91.6,0.0,0.0,0.0,0.0,0.0,0.0,0.0,9441.36,76394.64,0.0,2026-10-07 00:20:23+00:00
10/06/2026 19:25:22,N,119.899,0.17,0.21,0.0,0.35,0.69,2.77,107.3,0.0,0.0,0.0,0.0,0.0,0.0,0.0,9726.87,76491.0,0.0,2026-10-07 00:25:22+00:00
10/06/2026 19:30:22,N,110.9812,0.75,0.14,0.0,0.14,0.29,1.15,129.8,0.0,0.0,0.0,0.0,0.0,0.0,0.0,9610.11,76433.32,0.0,2026-10-07 00:30:22+00:00
10/06/2026 19:35:31,N,110.3162,1.53,0.27,0.0,0.27,0.54,2.16,129.1,0.0,0.0,0.0,0.0,0.0,0.0,0.0,9603.67,76534.01,0.0,2026-10-07 00:35:31+00:00
10/06/2026 19:40:24,N,108.7305,1.01,0.11,0.0,0.11,0.22,0.88,128.9,0.0,0.0,0.0,0.0,0.0,0.0,0.0,9568.9,76469.45,0.0,2026-10-07 00:40:24+00:00
10/06/2026 19:45:22,N,104.4078,0.3,0.11,0.0,0.11,0.22,0.86,152.0,0.0,0.0,0.0,0.0,0.0,0.0,0.0,9542.21,76451.06,0.0,2026-10-07 00:45:22+00:00
10/06/2026 19:50:24,N,102.6705,0.0,0.01,0.0,0.03,0.04,0.07,174.0,0.0,0.0,0.0,0.0,0.0,0.0,0.0,9696.87,76776.68,0.0,2026-10-07 00:50:24+00:00
10/06/2026 19:55:22,N,108.3736,0.0,0.0,0.0,0.0,0.0,0.0,199.1,0.0,0.0,0.0,0.0,0.0,0.0,0.0,9801.66,77256.73,0.0,2026-10-07 00:55:22+00:00
10/06/2026 20:00:25,N,107.4194,0.77,0.0,0.0,0.0,0.0,0.0,215.5,0.0,0.0,0.0,0.0,0.0,0.0,0.0,10010.39,77310.94,0.0,2026-10-07 01:00:25+00:00
10/06/2026 20:05:24,N,104.7229,0.0,0.0,0.0,0.0,0.0,0.0,211.3,0.0,0.0,0.0,0.0,0.0,0.0,0.0,9923.32,77348.56,0.0,2026-10-07 01:05:24+00:00
10/06/2026 20:10:23,N,101.9647,1.02,0.0,0.0,0.0,0.0,0.0,196.5,0.0,0.0,0.0,0.0,0.0,0.0,0.0,9753.36,77756.13,0.0,2026-10-07 01:10:23+00:00
10/06/2026 20:15:23,N,95.7786,0.23,0.0,0.0,0.0,0.0,0.0,174.9,0.0,0.0,0.0,0.0,0.0,0.0,0.0,9950.87,77650.91,0.0,2026-10-07 01:15:23+00:00
10/06/2026 20:20:25,N,90.4379,0.0,0.0,0.0,0.0,0.0,0.0,154.3,0.0,0.0,0.0,0.0,0.0,0.0,0.0,9984.23,77671.52,0.0,2026-10-07 01:20:25+00:00
10/06/2026 20:25:21,N,83.3916,0.77,0.0,0.0,0.0,0.0,0.0,134.2,0.0,0.0,0.0,0.0,0.0,0.0,0.0,9960.74,77952.17,0.0,2026-10-07 01:25:21+00:00
10/06/2026 20:30:23,N,80.3315,0.0,0.0,0.0,0.0,0.0,0.0,108.5,0.0,0.0,0.0,0.0,0.0,0.0,0.0,9942.64,78172.62,0.0,2026-10-07 01:30:23+00:00
10/06/2026 20:35:22,N,74.1284,0.53,0.0,0.0,0.0,0.0,0.0,93.1,0.0,0.0,0.0,0.0,0.0,0.0,0.0,9903.37,78338.69,0.0,2026-10-07 01:35:22+00:00
10/06/2026 20:40:22,N,71.7714,0.0,0.0,0.0,0.0,0.0,0.0,88.0,0.0,0.0,0.0,0.0,0.0,0.0,0.0,9857.38,78488.91,0.0,2026-10-07 01:40:22+00:00
10/06/2026 20:45:25,N,64.4892,0.0,0.0,0.0,0.0,0.0,0.0,88.0,0.0,0.0,0.0,0.0,0.0,0.0,0.0,9769.68,78577.41,0.0,2026-10-07 01:45:25+00:00
10/06/2026 20:50:21,N,63.7169,0.22,0.0,0.0,0.0,0.0,0.0,88.0,0.0,0.0,0.0,0.0,0.0,0.0,0.0,9555.0,78672.03,0.0,2026-10-07 01:50:21+00:00
10/06/2026 20:55:21,N,63.4696,0.33,0.04,0.0,0.04,0.08,0.32,88.0,0.0,0.56,0.0,0.0,0.0,0.0,0.0,9413.73,78423.23,0.0,2026-10-07 01:55:21+00:00
10/06/2026 21:00:23,N,60.8923,0.0,0.49,0.0,0.49,0.97,3.89,88.0,0.0,1.23,0.0,0.0,0.0,0.0,0.0,9573.67,78447.52,0.0,2026-10-07 02:00:23+00:00
10/06/2026 21:05:22,N,56.7934,0.52,0.12,0.0,0.12,0.25,0.98,88.0,0.0,1.91,0.0,0.0,0.0,0.0,0.0,9311.73,78546.27,0.0,2026-10-07 02:05:22+00:00
10/06/2026 21:10:23,N,55.9309,0.03,0.03,0.0,0.03,0.06,0.24,88.0,0.0,2.58,0.0,0.0,0.0,0.0,0.0,9279.73,78715.39,0.0,2026-10-07 02:10:23+00:00
10/06/2026 21:15:23,N,52.5487,0.41,0.05,0.0,0.05,0.1,0.42,88.0,0.0,3.74,0.0,0.0,0.0,0.0,0.0,9275.73,78918.13,0.0,2026-10-07 02:15:23+00:00
10/06/2026 21:20:22,N,50.4641,0.07,0.0,0.0,0.0,0.0,0.0,88.0,0.0,5.01,0.0,0.0,0.0,0.0,0.0,9282.22,79157.18,0.0,2026-10-07 02:20:22+00:00
10/06/2026 21:25:21,N,48.6448,0.0,0.0,0.0,0.0,0.0,0.0,88.0,0.0,5.71,0.0,0.0,0.0,0.0,0.0,9314.65,79240.77,0.0,2026-10-07 02:25:21+00:00
10/06/2026 21:30:22,N,47.9567,0.88,0.06,0.0,0.06,0.12,0.49,88.0,0.0,6.3,0.0,0.0,0.0,0.0,0.0,9327.87,79370.72,0.0,2026-10-07 02:30:22+00:00
10/06/2026 21:35:22,N,46.376,1.21,0.14,0.0,0.14,0.27,1.09,88.0,0.0,8.42,0.0,0.0,0.0,0.0,0.0,9315.32,79366.73,0.0,2026-10-07 02:35:22+00:00
10/06/2026 21:40:26,N,43.5587,1.0,0.14,0.0,0.14,0.27,1.1,88.0,0.0,10.84,0.0,0.0,0.0,0.0,0.0,9348.11,79604.35,0.0,2026-10-07 02:40:26+00:00
10/06/2026 21:45:24,N,42.8177,0.58,0.04,0.0,0.04,0.07,0.3,88.0,0.0,12.78,0.0,0.0,0.0,0.0,0.0,9321.43,79675.63,0.0,2026-10-07 02:45:24+00:00
10/06/2026 21:50:27,N,41.135,1.06,0.0,0.0,0.0,0.0,0.0,88.0,0.0,14.62,0.0,0.0,0.0,0.0,0.0,9270.49,79672.08,0.0,2026-10-07 02:50:27+00:00
10/06/2026 21:55:23,N,39.8004,1.71,0.03,0.0,0.03,0.06,0.24,88.0,0.0,16.46,0.0,0.0,0.0,0.0,0.0,9265.3,79551.62,0.0,2026-10-07 02:55:23+00:00
10/06/2026 22:00:27,N,54.4131,0.0,0.0,0.0,0.0,0.0,0.0,65.0,0.0,18.29,0.0,0.0,0.0,0.0,0.0,9261.93,79229.62,0.0,2026-10-07 03:00:27+00:00
10/06/2026 22:05:24,N,39.8821,1.26,0.13,0.0,0.13,0.26,1.04,65.0,0.0,14.51,0.0,0.0,0.0,0.0,0.0,9244.61,79264.96,0.0,2026-10-07 03:05:24+00:00
10/06/2026 22:10:23,N,45.3105,0.0,0.0,0.0,0.0,0.0,0.0,65.0,0.0,14.26,0.0,0.0,0.0,0.0,0.0,9047.0,79266.88,0.0,2026-10-07 03:10:23+00:00
10/06/2026 22:15:23,N,40.5731,0.32,0.09,0.0,0.11,0.22,0.88,65.0,0.0,14.45,0.0,0.0,0.0,0.0,0.0,8922.73,78894.73,0.0,2026-10-07 03:15:23+00:00
10/06/2026 22:20:22,N,41.7841,0.06,0.01,0.0,0.01,0.02,0.08,65.0,0.0,3.18,0.0,0.0,0.0,0.0,0.0,8759.46,78757.78,0.0,2026-10-07 03:20:22+00:00
10/06/2026 22:25:22,N,40.1585,0.61,0.07,0.0,0.07,0.22,0.54,65.0,0.0,0.0,0.0,0.0,0.0,0.0,0.0,8684.21,78707.09,0.0,2026-10-07 03:25:22+00:00
10/06/2026 22:30:23,N,40.6597,0.37,0.09,0.0,0.09,0.17,0.7,65.0,0.0,0.0,0.0,0.0,0.0,0.0,0.0,8677.45,78473.3,0.0,2026-10-07 03:30:23+00:00
10/06/2026 22:35:22,N,36.1349,0.7,0.1,0.0,0.1,0.19,0.77,65.0,0.0,0.0,0.0,0.0,0.0,0.0,0.0,8558.63,78476.19,0.0,2026-10-07 03:35:22+00:00
10/06/2026 22:40:20,N,36.4505,0.28,0.05,0.0,0.05,0.18,0.36,65.0,0.0,0.0,0.0,0.0,0.0,0.0,0.0,8473.65,78430.77,0.0,2026-10-07 03:40:20+00:00
10/06/2026 22:45:21,N,37.5318,0.49,0.05,0.0,0.05,0.11,0.42,65.0,0.0,0.0,0.0,0.0,0.0,0.0,0.0,8324.87,78436.64,0.0,2026-10-07 03:45:21+00:00
10/06/2026 22:50:21,N,35.8046,0.07,0.01,0.0,0.01,0.02,0.1,65.0,0.0,0.0,0.0,0.0,0.0,0.0,0.0,8166.31,78488.48,0.0,2026-10-07 03:50:21+00:00
10/06/2026 22:55:20,N,34.9407,0.26,0.03,0.0,0.03,0.05,0.22,65.0,0.0,0.0,0.0,0.0,0.0,0.0,0.0,7997.07,78104.38,0.0,2026-10-07 03:55:20+00:00
10/06/2026 23:00:23,N,34.1392,6.39,0.57,0.0,0.57,1.13,4.53,65.0,0.0,0.0,0.0,0.0,0.0,0.0,0.0,7779.71,77757.62,0.0,2026-10-07 04:00:23+00:00
10/06/2026 23:05:21,N,42.1045,3.87,0.51,0.0,0.51,1.01,4.06,65.0,0.0,0.0,0.0,0.0,0.0,0.0,0.0,7039.21,77537.32,0.0,2026-10-07 04:05:21+00:00
10/06/2026 23:10:21,N,41.5666,3.77,0.57,0.0,0.36,0.71,2.85,65.0,0.0,0.0,0.0,0.0,0.0,0.0,0.0,6623.35,77180.21,0.0,2026-10-07 04:10:21+00:00
10/06/2026 23:15:24,N,39.3786,5.11,0.41,0.0,0.2,0.39,1.57,65.0,0.0,0.0,0.0,0.0,0.0,0.0,0.0,6216.69,75953.48,0.0,2026-10-07 04:15:24+00:00
10/06/2026 23:20:21,N,42.4049,2.08,0.34,0.0,0.12,0.24,0.96,65.0,0.0,0.0,0.0,0.0,0.0,0.0,0.0,5799.49,75868.11,0.0,2026-10-07 04:20:21+00:00
10/06/2026 23:25:19,N,42.4956,2.02,0.29,0.0,0.07,0.15,0.59,65.0,0.0,0.0,0.0,0.0,0.0,0.0,0.0,5689.79,75745.33,0.0,2026-10-07 04:25:19+00:00
10/06/2026 23:30:18,N,40.4953,3.75,0.27,0.0,0.06,0.11,0.46,65.0,0.0,0.0,0.0,0.0,0.0,0.0,0.0,5612.77,75388.42,0.0,2026-10-07 04:30:18+00:00
10/06/2026 23:35:18,N,39.7183,4.13,0.25,0.0,0.04,0.08,0.3,65.0,0.0,0.0,0.0,0.0,0.0,0.0,0.0,5530.64,74949.5,0.0,2026-10-07 04:35:18+00:00
10/06/2026 23:40:18,N,38.6793,4.83,0.22,0.0,0.03,0.05,0.22,65.0,0.0,0.0,0.0,0.0,0.0,0.0,0.0,5477.83,74656.84,0.0,2026-10-07 04:40:18+00:00
10/06/2026 23:45:18,N,39.2795,3.12,0.03,0.0,0.03,0.07,0.28,65.0,0.0,0.0,0.0,0.0,0.0,0.0,0.0,5451.47,74677.71,0.0,2026-10-07 04:45:18+00:00
10/06/2026 23:50:19,N,35.8441,4.63,0.02,0.0,0.02,0.05,0.2,65.0,0.0,0.0,0.0,0.0,0.0,0.0,0.0,5445.03,74509.02,0.0,2026-10-07 04:50:19+00:00
10/06/2026 23:55:19,N,37.8344,2.64,0.03,0.0,0.03,0.06,0.24,65.0,0.0,0.0,0.0,0.0,0.0,0.0,0.0,5456.08,74510.42,0.0,2026-10-07 04:55:19+00:00
10/07/2026 00:00:20,N,36.2569,0.0,0.0,0.0,0.0,0.0,0.0,0.0,0.0,0.0,0.0,0.0,0.0,0.0,0.0,5410.31,74536.72,0.0,2026-10-07 05:00:20+00:00
10/07/2026 00:05:21,N,37.3385,0.0,0.0,0.0,0.0,0.0,0.0,0.0,0.0,0.0,0.0,0.0,0.0,0.0,0.0,5186.28,74945.09,0.0,2026-10-07 05:05:21+00:00
10/07/2026 00:10:19,N,35.9257,0.0,0.0,0.0,0.0,0.0,0.0,0.0,0.0,0.0,0.0,0.0,0.0,0.0,0.0,5220.9,74945.13,0.0,2026-10-07 05:10:19+00:00
10/07/2026 00:15:19,N,37.3365,0.0,0.0,0.0,0.0,0.0,0.0,0.0,0.0,0.0,0.0,0.0,0.0,0.0,0.0,5217.38,74792.68,0.0,2026-10-07 05:15:19+00:00
10/07/2026 00:20:19,N,35.5047,0.0,0.0,0.0,0.0,0.0,0.0,0.0,0.0,0.0,0.0,0.0,0.0,0.0,0.0,5214.42,74743.7,0.0,2026-10-07 05:20:19+00:00
10/07/2026 00:25:17,N,33.3765,0.0,0.0,0.0,0.0,0.0,0.0,0.0,0.0,0.0,0.0,0.0,0.0,0.0,0.0,5194.69,74390.02,0.0,2026-10-07 05:25:17+00:00
10/07/2026 00:30:18,N,33.9359,0.0,0.0,0.0,0.0,0.0,0.0,0.0,0.0,0.0,0.0,0.0,0.0,0.0,0.0,5036.66,74445.91,0.0,2026-10-07 05:30:18+00:00
10/07/2026 00:35:17,N,33.7886,0.0,0.0,0.0,0.0,0.0,0.0,0.0,0.0,0.0,0.0,0.0,0.0,0.0,0.0,4874.1,74292.0,0.0,2026-10-07 05:35:17+00:00
10/07/2026 00:40:18,N,33.6282,0.0,0.0,0.0,0.0,0.0,0.0,0.0,0.0,0.0,0.0,0.0,0.0,0.0,0.0,4756.79,74367.6,0.0,2026-10-07 05:40:18+00:00
10/07/2026 00:45:18,N,32.6395,0.0,0.0,0.0,0.0,0.0,0.0,0.0,0.0,0.0,0.0,0.0,0.0,0.0,0.0,4759.81,74430.34,0.0,2026-10-07 05:45:18+00:00
10/07/2026 00:50:19,N,31.3619,0.0,0.0,0.0,0.0,0.0,0.0,0.0,0.0,0.0,0.0,0.0,0.0,0.0,0.0,4759.9,74295.7,0.0,2026-10-07 05:50:19+00:00
10/07/2026 00:55:19,N,31.6119,0.0,0.0,0.0,0.0,0.0,0.0,0.0,0.0,0.0,0.0,0.0,0.0,0.0,0.0,4970.46,74260.27,0.0,2026-10-07 05:55:19+00:00
10/07/2026 01:00:20,N,32.8196,0.0,0.0,0.0,0.0,0.0,0.0,0.0,0.0,0.0,0.0,0.0,0.0,0.0,0.0,4731.23,74497.63,0.0,2026-10-07 06:00:20+00:00
10/07/2026 01:05:19,N,31.8575,0.0,0.0,0.0,0.0,0.0,0.0,0.0,0.0,0.0,0.0,0.0,0.0,0.0,0.0,4693.59,74630.6,0.0,2026-10-07 06:05:19+00:00
10/07/2026 01:10:21,N,32.0422,0.0,0.0,0.0,0.0,0.0,0.0,0.0,0.0,0.0,0.0,0.0,0.0,0.0,0.0,4621.8,74888.76,0.0,2026-10-07 06:10:21+00:00
10/07/2026 01:15:21,N,32.121,0.0,0.0,0.0,0.0,0.0,0.0,0.0,0.0,0.0,0.0,0.0,0.0,0.0,0.0,4532.48,75048.35,0.0,2026-10-07 06:15:21+00:00
10/07/2026 01:20:19,N,31.5465,0.0,0.0,0.0,0.0,0.0,0.0,0.0,0.0,0.0,0.0,0.0,0.0,0.0,0.0,4526.28,75126.27,0.0,2026-10-07 06:20:19+00:00
10/07/2026 01:25:17,N,31.2879,0.0,0.0,0.0,0.0,0.0,0.0,0.0,0.0,0.0,0.0,0.0,0.0,0.0,0.0,4525.23,75069.86,0.0,2026-10-07 06:25:17+00:00
10/07/2026 01:30:19,N,30.9358,0.0,0.0,0.0,0.0,0.0,0.0,0.0,0.0,0.0,0.0,0.0,0.0,0.0,0.0,4516.09,75160.2,0.0,2026-10-07 06:30:19+00:00
10/07/2026 01:35:17,N,30.4167,0.0,0.0,0.0,0.0,0.0,0.0,0.0,0.0,0.0,0.0,0.0,0.0,0.0,0.0,4520.94,75279.66,0.0,2026-10-07 06:35:17+00:00
10/07/2026 01:40:17,N,30.3509,0.0,0.0,0.0,0.0,0.0,0.0,0.0,0.0,0.0,0.0,0.0,0.0,0.0,0.0,4539.99,75417.96,0.0,2026-10-07 06:40:17+00:00
10/07/2026 01:45:17,N,29.6658,0.0,0.0,0.0,0.0,0.0,0.0,0.0,0.0,0.0,0.0,0.0,0.0,0.0,0.0,4549.38,75481.82,0.0,2026-10-07 06:45:17+00:00
10/07/2026 01:50:19,N,31.1883,0.0,0.0,0.0,0.0,0.0,0.0,0.0,0.0,0.0,0.0,0.0,0.0,0.0,0.0,4535.31,75519.52,0.0,2026-10-07 06:50:19+00:00
10/07/2026 01:55:19,N,30.5766,0.0,0.0,0.0,0.0,0.0,0.0,0.0,0.0,0.0,0.0,0.0,0.0,0.0,0.0,4513.76,75577.47,0.0,2026-10-07 06:55:19+00:00
10/07/2026 02:00:23,N,29.7256,0.0,0.0,0.0,0.0,0.0,0.0,0.0,0.0,0.0,0.0,0.0,0.0,0.0,0.0,4566.35,75511.2,0.0,2026-10-07 07:00:23+00:00
10/07/2026 02:05:19,N,29.2845,0.0,0.0,0.0,0.0,0.0,0.0,0.0,0.0,0.0,0.0,0.0,0.0,0.0,0.0,4581.67,75512.13,0.0,2026-10-07 07:05:19+00:00
10/07/2026 02:10:20,N,29.5208,0.0,0.0,0.0,0.0,0.0,0.0,0.0,0.0,0.0,0.0,0.0,0.0,0.0,0.0,4550.29,75673.07,0.0,2026-10-07 07:10:20+00:00
10/07/2026 02:15:19,N,29.3833,0.0,0.0,0.0,0.0,0.0,0.0,0.0,0.0,0.0,0.0,0.0,0.0,0.0,0.0,4550.22,75649.81,0.0,2026-10-07 07:15:19+00:00
10/07/2026 02:20:17,N,29.3574,0.0,0.0,0.0,0.0,0.0,0.0,0.0,0.0,0.0,0.0,0.0,0.0,0.0,0.0,4598.87,75617.67,0.0,2026-10-07 07:20:17+00:00
10/07/2026 02:25:19,N,29.6699,0.0,0.0,0.0,0.0,0.0,0.0,0.0,0.0,0.0,0.0,0.0,0.0,0.0,0.0,4603.5,75526.27,0.0,2026-10-07 07:25:19+00:00
10/07/2026 02:30:18,N,29.4926,0.0,0.0,0.0,0.0,0.0,0.0,0.0,0.0,0.0,0.0,0.0,0.0,0.0,0.0,4635.63,75484.38,0.0,2026-10-07 07:30:18+00:00
10/07/2026 02:35:19,N,29.4521,0.0,0.0,0.0,0.0,0.0,0.0,0.0,0.0,0.0,0.0,0.0,0.0,0.0,0.0,4642.92,75478.46,0.0,2026-10-07 07:35:19+00:00
10/07/2026 02:40:18,N,29.5697,0.0,0.0,0.0,0.0,0.0,0.0,0.0,0.0,0.0,0.0,0.0,0.0,0.0,0.0,4650.99,75473.49,0.0,2026-10-07 07:40:18+00:00
10/07/2026 02:45:19,N,29.0466,0.0,0.0,0.0,0.0,0.0,0.0,0.0,0.0,0.0,0.0,0.0,0.0,0.0,0.0,4664.22,75454.97,0.0,2026-10-07 07:45:19+00:00
10/07/2026 02:50:18,N,29.0711,0.0,0.0,0.0,0.0,0.0,0.0,0.0,0.0,0.0,0.0,0.0,0.0,0.0,0.0,4677.1,75435.42,0.0,2026-10-07 07:50:18+00:00
10/07/2026 02:55:17,N,28.788,0.0,0.0,0.0,0.0,0.0,0.0,0.0,0.0,0.0,0.0,0.0,0.0,0.0,0.0,4812.31,75542.16,0.0,2026-10-07 07:55:17+00:00
10/07/2026 03:00:19,N,31.4426,0.0,0.0,0.0,0.0,0.0,0.0,0.0,0.0,0.0,0.0,0.0,0.0,0.0,0.0,4898.77,75574.16,0.0,2026-10-07 08:00:19+00:00
10/07/2026 03:05:20,N,29.8691,0.0,0.0,0.0,0.0,0.0,0.0,0.0,0.0,0.0,0.0,0.0,0.0,0.0,0.0,4992.15,75616.64,0.0,2026-10-07 08:05:20+00:00
10/07/2026 03:10:17,N,28.6317,0.0,0.0,0.0,0.0,0.0,0.0,0.0,0.0,0.0,0.0,0.0,0.0,0.0,0.0,5008.49,75650.35,0.0,2026-10-07 08:10:17+00:00
10/07/2026 03:15:19,N,28.03,0.0,0.0,0.0,0.0,0.0,0.0,0.0,0.0,0.0,0.0,0.0,0.0,0.0,0.0,4834.03,75755.98,0.0,2026-10-07 08:15:19+00:00
10/07/2026 03:20:17,N,28.1379,0.0,0.0,0.0,0.0,0.0,0.0,0.0,0.0,0.0,0.0,0.0,0.0,0.0,0.0,4942.95,75771.74,0.0,2026-10-07 08:20:17+00:00
10/07/2026 03:25:17,N,28.3439,0.0,0.0,0.0,0.0,0.0,0.0,0.0,0.0,0.0,0.0,0.0,0.0,0.0,0.0,4968.48,75802.05,0.0,2026-10-07 08:25:17+00:00
10/07/2026 03:30:17,N,27.6163,0.0,0.0,0.0,0.0,0.0,0.0,0.0,0.0,0.0,0.0,0.0,0.0,0.0,0.0,5000.04,75671.55,0.0,2026-10-07 08:30:17+00:00
10/07/2026 03:35:16,N,26.5392,0.0,0.0,0.0,0.0,0.0,0.0,0.0,0.0,0.0,0.0,0.0,0.0,0.0,0.0,5083.49,75774.88,0.0,2026-10-07 08:35:16+00:00
10/07/2026 03:40:21,N,26.506,0.0,0.0,0.0,0.0,0.0,0.0,0.0,0.0,0.0,0.0,0.0,0.0,0.0,0.0,5189.27,75788.95,0.0,2026-10-07 08:40:21+00:00
10/07/2026 03:45:21,N,26.5435,0.0,0.0,0.0,0.0,0.0,0.0,0.0,0.0,0.0,0.0,0.0,0.0,0.0,0.0,5309.56,75805.91,0.0,2026-10-07 08:45:21+00:00
10/07/2026 03:50:21,N,25.5888,0.0,0.0,0.0,0.0,0.0,0.0,0.0,0.0,0.0,0.0,0.0,0.0,0.0,0.0,5687.12,75745.94,0.0,2026-10-07 08:50:21+00:00
10/07/2026 03:55:21,N,25.0879,0.0,0.0,0.0,0.0,0.0,0.0,0.0,0.0,0.0,0.0,0.0,0.0,0.0,0.0,5763.74,75701.31,0.0,2026-10-07 08:55:21+00:00
10/07/2026 04:00:26,N,24.0677,0.0,0.0,0.0,0.0,0.0,0.0,0.0,0.0,0.0,0.0,0.0,0.0,0.0,0.0,5757.74,75715.09,0.0,2026-10-07 09:00:26+00:00
10/07/2026 04:05:20,N,25.4458,0.0,0.0,0.0,0.0,0.0,0.0,0.0,0.0,0.0,0.0,0.0,0.0,0.0,0.0,5569.12,75451.26,0.0,2026-10-07 09:05:20+00:00
10/07/2026 04:10:19,N,27.3298,0.0,0.0,0.0,0.0,0.0,0.0,0.0,0.0,0.0,0.0,0.0,0.0,0.0,0.0,5552.21,75214.88,0.0,2026-10-07 09:10:19+00:00
10/07/2026 04:15:22,N,31.1046,0.0,0.0,0.0,0.0,0.0,0.0,0.0,0.0,0.0,0.0,0.0,0.0,0.0,0.0,5580.0,75085.17,0.0,2026-10-07 09:15:22+00:00
10/07/2026 04:20:16,N,29.9416,0.0,0.0,0.0,0.0,0.0,0.0,0.0,0.0,0.0,0.0,0.0,0.0,0.0,0.0,5586.49,75049.01,0.0,2026-10-07 09:20:16+00:00
10/07/2026 04:25:16,N,29.1087,0.0,0.0,0.0,0.0,0.0,0.0,0.0,0.0,0.0,0.0,0.0,0.0,0.0,0.0,5675.83,75110.05,0.0,2026-10-07 09:25:16+00:00
10/07/2026 04:30:20,N,29.027,0.0,0.0,0.0,0.0,0.0,0.0,0.0,0.0,0.0,0.0,0.0,0.0,0.0,0.0,5775.07,75024.46,0.0,2026-10-07 09:30:20+00:00
10/07/2026 04:35:16,N,27.9651,0.0,0.0,0.0,0.0,0.0,0.0,0.0,0.0,0.0,0.0,0.0,0.0,0.0,0.0,5846.0,74940.02,0.0,2026-10-07 09:35:16+00:00
10/07/2026 04:40:18,N,27.504,0.0,0.0,0.0,0.0,0.0,0.0,0.0,0.0,0.0,0.0,0.0,0.0,0.0,0.0,5930.06,74835.66,0.0,2026-10-07 09:40:18+00:00
10/07/2026 04:45:18,N,27.3051,0.0,0.0,0.0,0.0,0.0,0.0,0.0,0.0,0.0,0.0,0.0,0.0,0.0,0.0,5952.9,74744.48,0.0,2026-10-07 09:45:18+00:00
10/07/2026 04:50:17,N,27.3916,0.0,0.0,0.0,0.0,0.0,0.0,0.0,0.0,0.0,0.0,0.0,0.0,0.0,0.0,5965.56,74638.22,0.0,2026-10-07 09:50:17+00:00
10/07/2026 04:55:18,N,26.4632,0.0,0.0,0.0,0.0,0.0,0.0,0.0,0.0,0.0,0.0,0.0,0.0,0.0,0.0,5999.96,74501.06,0.0,2026-10-07 09:55:18+00:00
10/07/2026 05:00:21,N,23.4116,0.0,0.0,0.0,0.0,0.0,0.0,0.0,0.0,0.0,0.0,0.0,0.0,0.0,0.0,6065.32,74270.11,0.0,2026-10-07 10:00:21+00:00
10/07/2026 05:05:18,N,25.3877,0.0,0.0,0.0,0.0,0.0,0.0,0.0,0.0,0.0,0.0,0.0,0.0,0.0,0.0,6095.99,74235.66,0.0,2026-10-07 10:05:18+00:00
10/07/2026 05:10:17,N,26.2105,0.0,0.0,0.0,0.0,0.0,0.0,0.0,0.0,0.0,0.0,0.0,0.0,0.0,0.0,6160.03,74142.21,0.0,2026-10-07 10:10:17+00:00
10/07/2026 05:15:17,N,26.9539,0.0,0.0,0.0,0.0,0.0,0.0,0.0,0.0,0.0,0.0,0.0,0.0,0.0,0.0,6088.56,74153.55,0.0,2026-10-07 10:15:17+00:00
10/07/2026 05:20:19,N,27.5954,0.0,0.0,0.0,0.0,0.0,0.0,0.0,0.0,0.0,0.0,0.0,0.0,0.0,0.0,5977.11,73920.84,0.0,2026-10-07 10:20:19+00:00
10/07/2026 05:25:15,N,27.7259,0.0,0.0,0.0,0.0,0.0,0.0,0.0,0.0,0.0,0.0,0.0,0.0,0.0,0.0,5980.89,73762.48,0.0,2026-10-07 10:25:15+00:00
10/07/2026 05:30:17,N,27.8649,0.0,0.0,0.0,0.0,0.0,0.0,0.0,0.0,0.0,0.0,0.0,0.0,0.0,0.0,5977.97,73557.16,0.0,2026-10-07 10:30:17+00:00
10/07/2026 05:35:17,N,32.0138,0.0,0.0,0.0,0.0,0.0,0.0,0.0,0.0,0.0,0.0,0.0,0.0,0.0,0.0,5967.28,73305.16,0.0,2026-10-07 10:35:17+00:00
10/07/2026 05:40:16,N,36.5721,0.0,0.0,0.0,0.0,0.0,0.0,0.0,0.0,0.0,0.0,0.0,0.0,0.0,0.0,5963.92,73133.46,0.0,2026-10-07 10:40:16+00:00
10/07/2026 05:45:18,N,37.5173,0.0,0.0,0.0,0.0,0.0,0.0,0.0,0.0,0.0,0.0,0.0,0.0,0.0,0.0,6071.16,73075.73,0.0,2026-10-07 10:45:18+00:00
10/07/2026 05:50:17,N,40.7717,0.0,0.0,0.0,0.0,0.0,0.0,0.0,0.0,0.0,0.0,0.0,0.0,0.0,0.0,5975.27,72912.02,0.0,2026-10-07 10:50:17+00:00
10/07/2026 05:55:18,N,38.8498,0.0,0.0,0.0,0.0,0.0,0.0,0.0,0.0,0.0,0.0,0.0,0.0,0.0,0.0,5989.35,72869.9,0.0,2026-10-07 10:55:18+00:00
10/07/2026 06:00:19,N,35.0004,0.0,0.0,0.0,0.0,0.0,0.0,0.0,0.0,0.0,0.0,0.0,0.0,0.0,0.0,6050.4,72892.52,0.0,2026-10-07 11:00:19+00:00
10/07/2026 06:05:17,N,38.691,0.0,0.0,0.0,0.0,0.0,0.0,0.0,0.0,0.0,0.0,0.0,0.0,0.0,0.0,6113.39,72745.45,0.0,2026-10-07 11:05:17+00:00
10/07/2026 06:10:17,N,38.0168,0.0,0.0,0.0,0.0,0.0,0.0,0.0,0.0,0.0,0.0,0.0,0.0,0.0,0.0,5591.89,72614.09,0.0,2026-10-07 11:10:17+00:00
10/07/2026 06:15:18,N,38.0139,0.0,0.0,0.0,0.0,0.0,0.0,0.0,0.0,0.0,0.0,0.0,0.0,0.0,0.0,5078.73,72461.87,0.0,2026-10-07 11:15:18+00:00
10/07/2026 06:20:16,N,38.6135,0.0,0.0,0.0,0.0,0.0,0.0,0.0,0.0,0.0,0.0,0.0,0.0,0.0,0.0,4943.97,72384.34,0.0,2026-10-07 11:20:16+00:00
10/07/2026 06:25:16,N,38.4739,0.0,0.0,0.0,0.0,0.0,0.0,0.0,0.0,0.0,0.0,0.0,0.0,0.0,0.0,4899.53,72218.73,0.0,2026-10-07 11:25:16+00:00
10/07/2026 06:30:18,N,38.0168,0.0,0.0,0.0,0.0,0.0,0.0,0.0,0.0,0.0,0.0,0.0,0.0,0.0,0.0,5004.11,72188.73,0.0,2026-10-07 11:30:18+00:00
10/07/2026 06:35:17,N,37.7467,0.0,0.0,0.0,0.0,0.0,0.0,0.0,0.0,0.0,0.0,0.0,0.0,0.0,0.0,4986.93,72158.33,0.0,2026-10-07 11:35:17+00:00
10/07/2026 06:40:17,N,35.9183,0.0,0.0,0.0,0.0,0.0,0.0,0.0,0.0,0.0,0.0,0.0,0.0,0.0,0.0,4984.34,72160.04,0.0,2026-10-07 11:40:17+00:00
10/07/2026 06:45:17,N,35.2164,0.0,0.0,0.0,0.0,0.0,0.0,0.0,0.0,0.0,0.0,0.0,0.0,0.0,0.0,4937.35,72169.86,0.0,2026-10-07 11:45:17+00:00
10/07/2026 06:50:17,N,36.2758,0.0,0.0,0.0,0.0,0.0,0.0,0.0,0.0,0.0,0.0,0.0,0.0,0.0,0.0,4881.1,72071.61,0.0,2026-10-07 11:50:17+00:00
10/07/2026 06:55:17,N,36.8673,0.0,0.0,0.0,0.0,0.0,0.0,0.0,0.0,0.0,0.0,0.0,0.0,0.0,0.0,4750.45,72003.47,0.0,2026-10-07 11:55:17+00:00
10/07/2026 07:00:20,N,31.5029,0.0,0.0,0.0,0.0,0.0,0.0,0.0,0.0,0.0,0.0,0.0,0.0,0.0,0.0,4736.48,72001.59,0.0,2026-10-07 12:00:20+00:00
10/07/2026 07:04:22,N,34.3385,0.0,0.0,0.0,0.0,0.0,0.0,0.0,0.0,0.0,0.0,0.0,0.0,0.0,0.0,4671.29,71921.8,0.0,2026-10-07 12:04:22+00:00
10/07/2026 07:05:19,N,34.4771,0.0,0.0,0.0,0.0,0.0,0.0,0.0,0.0,0.0,0.0,0.0,0.0,0.0,0.0,4657.53,71914.24,0.0,2026-10-07 12:05:19+00:00
10/07/2026 07:10:26,N,35.2481,0.0,0.0,0.0,0.0,0.0,0.0,0.0,0.0,0.0,0.0,0.0,0.0,0.0,0.0,4355.74,71388.6,0.0,2026-10-07 12:10:26+00:00
10/07/2026 07:15:19,N,33.6385,0.0,0.0,0.0,0.0,0.0,0.0,0.0,0.0,0.0,0.0,0.0,0.0,0.0,0.0,4368.06,71258.35,0.0,2026-10-07 12:15:19+00:00
10/07/2026 07:20:24,N,34.9323,0.0,0.0,0.0,0.0,0.0,0.0,0.0,0.0,0.0,0.0,0.0,0.0,0.0,0.0,4369.91,71241.0,0.0,2026-10-07 12:20:24+00:00
10/07/2026 07:25:24,N,37.3913,0.0,0.0,0.0,0.0,0.0,0.0,0.0,0.0,0.0,0.0,0.0,0.0,0.0,0.0,4353.75,70964.95,0.0,2026-10-07 12:25:24+00:00
10/07/2026 07:30:20,N,36.5069,0.0,0.0,0.0,0.0,0.0,0.0,0.0,0.0,0.0,0.0,0.0,0.0,0.0,0.0,4452.94,70857.66,0.0,2026-10-07 12:30:20+00:00
10/07/2026 07:35:19,N,37.3754,0.0,0.0,0.0,0.0,0.0,0.0,0.0,0.0,0.0,0.0,0.0,0.0,0.0,0.0,4438.7,70821.9,0.0,2026-10-07 12:35:19+00:00
10/07/2026 07:40:17,N,36.0497,0.0,0.0,0.0,0.0,0.0,0.0,0.0,0.0,0.0,0.0,0.0,0.0,0.0,0.0,4438.93,70800.44,0.0,2026-10-07 12:40:17+00:00
10/07/2026 07:45:18,N,34.9104,0.0,0.0,0.0,0.0,0.0,0.0,0.0,0.0,0.0,0.0,0.0,0.0,0.0,0.0,4377.45,71228.05,0.0,2026-10-07 12:45:18+00:00
10/07/2026 07:50:17,N,31.8052,0.0,0.0,0.0,0.0,0.0,0.0,0.0,0.0,0.0,0.0,0.0,0.0,0.0,0.0,4361.15,71759.43,0.0,2026-10-07 12:50:17+00:00
10/07/2026 07:55:18,N,30.6043,0.0,0.0,0.0,0.0,0.0,0.0,0.0,0.0,0.0,0.0,0.0,0.0,0.0,0.0,4339.49,72548.88,0.0,2026-10-07 12:55:18+00:00
10/07/2026 08:00:19,N,34.9059,0.0,0.0,0.0,0.0,0.0,0.0,0.0,0.0,0.0,0.0,0.0,0.0,0.0,0.0,4114.11,73330.83,0.0,2026-10-07 13:00:19+00:00
10/07/2026 08:05:18,N,31.2833,0.0,0.0,0.0,0.0,0.0,0.0,0.0,0.0,0.0,0.0,0.0,0.0,0.0,0.0,4043.68,74162.96,0.0,2026-10-07 13:05:18+00:00
10/07/2026 08:10:17,N,28.9992,0.0,0.0,0.0,0.0,0.0,0.0,0.0,0.0,0.0,0.0,0.0,0.0,0.0,0.0,3634.79,74995.52,0.0,2026-10-07 13:10:17+00:00
10/07/2026 08:15:18,N,26.9461,0.0,0.0,0.0,0.0,0.0,0.0,0.0,0.0,0.0,0.0,0.0,0.0,0.0,0.0,3516.91,76398.95,0.0,2026-10-07 13:15:18+00:00
10/07/2026 08:20:18,N,23.2937,0.0,0.0,0.0,0.0,0.0,0.0,0.0,0.0,0.0,0.0,0.0,0.0,0.0,0.0,3414.4,77515.81,0.0,2026-10-07 13:20:18+00:00
10/07/2026 08:25:15,N,20.6212,0.0,0.0,0.0,0.0,0.0,0.0,0.0,0.0,0.0,0.0,0.0,0.0,0.0,0.0,3370.55,78784.62,0.0,2026-10-07 13:25:15+00:00
10/07/2026 08:30:16,N,18.5957,0.0,0.0,0.0,0.0,0.0,0.0,0.0,0.0,0.0,0.0,0.0,0.0,0.0,0.0,3332.25,80166.89,0.0,2026-10-07 13:30:16+00:00
10/07/2026 08:35:15,N,18.8232,0.0,0.0,0.0,0.0,0.0,0.0,0.0,0.0,0.0,0.0,0.0,0.0,0.0,0.0,3171.24,81689.44,0.0,2026-10-07 13:35:15+00:00
10/07/2026 08:40:17,N,18.5913,0.0,0.0,0.0,0.0,0.0,0.0,0.0,0.0,0.0,0.0,0.0,0.0,0.0,0.0,3143.73,83300.81,0.0,2026-10-07 13:40:17+00:00
10/07/2026 08:45:17,N,16.8613,0.0,0.0,0.0,0.0,0.0,0.0,0.0,0.0,0.0,0.0,0.0,0.0,0.0,0.0,3146.68,84827.14,0.0,2026-10-07 13:45:17+00:00
10/07/2026 08:50:16,N,16.0755,0.0,0.0,0.0,0.0,0.0,0.0,0.0,0.0,0.0,0.0,0.0,0.0,0.0,0.0,3153.08,86541.18,0.0,2026-10-07 13:50:16+00:00
10/07/2026 08:55:18,N,15.8792,0.0,0.0,0.0,0.0,0.0,0.0,0.0,0.0,0.0,0.0,0.0,0.0,0.0,0.0,3184.63,88092.4,0.0,2026-10-07 13:55:18+00:00
10/07/2026 09:00:18,N,16.659,0.0,0.0,0.0,0.0,0.0,0.0,0.0,0.0,0.0,0.0,0.0,0.0,0.0,0.0,3191.85,89533.11,0.0,2026-10-07 14:00:18+00:00
10/07/2026 09:05:17,N,16.2759,0.0,0.0,0.0,0.0,0.0,0.0,0.0,0.0,0.0,0.0,0.0,0.0,0.0,0.0,3228.36,90960.15,0.0,2026-10-07 14:05:17+00:00
10/07/2026 09:10:16,N,15.5307,0.0,0.0,0.0,0.0,0.0,0.0,0.0,0.0,0.0,0.0,0.0,0.0,0.0,0.0,3151.81,91950.59,0.0,2026-10-07 14:10:16+00:00
10/07/2026 09:15:17,N,15.1904,0.0,0.0,0.0,0.0,0.0,0.0,0.0,0.0,0.0,0.0,0.0,0.0,0.0,0.0,3221.55,92615.76,0.0,2026-10-07 14:15:17+00:00
10/07/2026 09:20:17,N,15.3049,0.0,0.0,0.0,0.0,0.0,0.0,0.0,0.0,0.0,0.0,0.0,0.0,0.0,0.0,3062.23,93267.45,0.0,2026-10-07 14:20:17+00:00
10/07/2026 09:25:16,N,15.732,0.0,0.0,0.0,0.0,0.0,0.0,0.0,0.0,0.0,0.0,0.0,0.0,0.0,0.0,2819.09,93176.88,0.0,2026-10-07 14:25:16+00:00
10/07/2026 09:30:18,N,15.8567,0.0,0.0,0.0,0.0,0.0,0.0,0.0,0.0,0.0,0.0,0.0,0.0,0.0,0.0,2821.66,93500.83,0.0,2026-10-07 14:30:18+00:00
10/07/2026 09:35:17,N,16.1152,0.0,0.0,0.0,0.0,0.0,0.0,0.0,0.0,0.0,0.0,0.0,0.0,0.0,0.0,2747.16,93756.38,0.0,2026-10-07 14:35:17+00:00
10/07/2026 09:40:17,N,16.3724,0.0,0.0,0.0,0.0,0.0,0.0,0.0,0.0,0.0,0.0,0.0,0.0,0.0,0.0,2887.62,94341.8,0.0,2026-10-07 14:40:17+00:00
10/07/2026 09:45:19,N,17.1667,0.0,0.0,0.0,0.0,0.0,0.0,0.0,0.0,0.0,0.0,0.0,0.0,0.0,0.0,2818.05,93975.5,0.0,2026-10-07 14:45:19+00:00
10/07/2026 09:50:16,N,17.4967,0.0,0.0,0.0,0.0,0.0,0.0,0.0,0.0,0.0,0.0,0.0,0.0,0.0,0.0,2851.45,94089.31,0.0,2026-10-07 14:50:16+00:00
10/07/2026 09:55:17,N,19.7533,0.0,0.0,0.0,0.0,0.0,0.0,0.0,0.0,0.0,0.0,0.0,0.0,0.0,0.0,2887.94,94277.43,0.0,2026-10-07 14:55:17+00:00
10/07/2026 10:00:19,N,18.7117,0.0,0.0,0.0,0.0,0.0,0.0,0.0,0.0,0.0,0.0,0.0,0.0,0.0,0.0,3125.47,94346.57,0.0,2026-10-07 15:00:19+00:00
10/07/2026 10:05:18,N,20.3711,0.0,0.0,0.0,0.0,0.0,0.0,0.0,0.0,0.0,0.0,0.0,0.0,0.0,0.0,2938.63,94539.06,0.0,2026-10-07 15:05:18+00:00
10/07/2026 10:10:20,N,18.9577,0.0,0.0,0.0,0.0,0.0,0.0,0.0,0.0,0.0,0.0,0.0,0.0,0.0,0.0,3000.55,94719.52,0.0,2026-10-07 15:10:20+00:00
10/07/2026 10:15:19,N,19.2765,0.0,0.0,0.0,0.0,0.0,0.0,0.0,0.0,0.0,0.0,0.0,0.0,0.0,0.0,3033.26,94795.68,0.0,2026-10-07 15:15:19+00:00
10/07/2026 10:20:18,N,20.5614,0.0,0.0,0.0,0.0,0.0,0.0,0.0,0.0,0.0,0.0,0.0,0.0,0.0,0.0,3029.81,95108.28,0.0,2026-10-07 15:20:18+00:00
10/07/2026 10:25:18,N,19.5174,0.0,0.0,0.0,0.0,0.0,0.0,0.0,0.0,0.0,0.0,0.0,0.0,0.0,0.0,3174.1,95400.28,0.0,2026-10-07 15:25:18+00:00
10/07/2026 10:30:20,N,20.8173,0.0,0.0,0.0,0.0,0.0,0.0,0.0,0.0,0.0,0.0,0.0,0.0,0.0,0.0,3218.41,95330.64,0.0,2026-10-07 15:30:20+00:00
10/07/2026 10:35:19,N,21.3614,0.0,0.0,0.0,0.0,0.0,0.0,0.0,0.0,0.0,0.0,0.0,0.0,0.0,0.0,3458.75,94775.84,0.0,2026-10-07 15:35:19+00:00
10/07/2026 10:40:18,N,20.3435,0.0,0.0,0.0,0.0,0.0,0.0,0.0,0.0,0.0,0.0,0.0,0.0,0.0,0.0,3553.04,94888.63,0.0,2026-10-07 15:40:18+00:00
10/07/2026 10:45:20,N,21.0821,0.0,0.0,0.0,0.0,0.0,0.0,0.0,0.0,0.0,0.0,0.0,0.0,0.0,0.0,4112.14,94521.74,0.0,2026-10-07 15:45:20+00:00
10/07/2026 10:50:20,N,21.4754,0.0,0.0,0.0,0.0,0.0,0.0,0.0,0.0,0.0,0.0,0.0,0.0,0.0,0.0,4202.0,94717.35,0.0,2026-10-07 15:50:20+00:00
10/07/2026 10:55:19,N,21.2099,0.0,0.0,0.0,0.0,0.0,0.0,0.0,0.0,0.0,0.0,0.0,0.0,0.0,0.0,4602.32,95062.3,0.0,2026-10-07 15:55:19+00:00
10/07/2026 11:00:21,N,20.4866,0.0,0.0,0.0,0.0,0.0,0.0,0.0,0.0,0.0,0.0,0.0,0.0,0.0,0.0,4979.49,95448.86,0.0,2026-10-07 16:00:21+00:00
10/07/2026 11:05:26,N,25.7843,0.0,0.0,0.0,0.0,0.0,0.0,0.0,0.0,0.0,0.0,0.0,0.0,0.0,0.0,5142.47,94476.18,0.0,2026-10-07 16:05:26+00:00
10/07/2026 11:10:20,N,25.7558,0.0,0.0,0.0,0.0,0.0,0.0,0.0,0.0,0.0,0.0,0.0,0.0,0.0,0.0,5098.84,94564.37,0.0,2026-10-07 16:10:20+00:00
10/07/2026 11:15:21,N,27.4571,0.0,0.0,0.0,0.0,0.0,0.0,0.0,0.0,0.0,0.0,0.0,0.0,0.0,0.0,5170.16,94799.24,0.0,2026-10-07 16:15:21+00:00
10/07/2026 11:20:20,N,28.596,0.0,0.0,0.0,0.0,0.0,0.0,0.0,0.0,0.0,0.0,0.0,0.0,0.0,0.0,5247.6,95147.32,0.0,2026-10-07 16:20:20+00:00
10/07/2026 11:25:20,N,27.286,0.0,0.0,0.0,0.0,0.0,0.0,0.0,0.0,0.0,0.0,0.0,0.0,0.0,0.0,5322.0,95069.98,0.0,2026-10-07 16:25:20+00:00
10/07/2026 11:30:19,N,29.1602,0.0,0.0,0.0,0.0,0.0,0.0,0.0,0.0,0.0,0.0,0.0,0.0,0.0,0.0,5374.43,94860.55,0.0,2026-10-07 16:30:19+00:00
10/07/2026 11:35:19,N,33.1084,0.0,0.0,0.0,0.0,0.0,0.0,0.0,0.0,0.0,0.0,0.0,0.0,0.0,0.0,5364.16,94812.2,0.0,2026-10-07 16:35:19+00:00
10/07/2026 11:40:19,N,30.5495,0.0,0.0,0.0,0.0,0.0,0.0,0.0,0.0,0.0,0.0,0.0,0.0,0.0,0.0,5432.07,94993.27,0.0,2026-10-07 16:40:19+00:00
10/07/2026 11:45:24,N,29.7701,0.0,0.0,0.0,0.0,0.0,0.0,0.0,0.0,0.0,0.0,0.0,0.0,0.0,0.0,5316.66,94288.38,0.0,2026-10-07 16:45:24+00:00
10/07/2026 11:50:22,N,32.6325,0.0,0.0,0.0,0.0,0.0,0.0,0.0,0.0,0.0,0.0,0.0,0.0,0.0,0.0,5525.9,94133.43,0.0,2026-10-07 16:50:22+00:00
10/07/2026 11:55:19,N,28.4117,0.0,0.0,0.0,0.0,0.0,0.0,0.0,0.0,0.0,0.0,0.0,0.0,0.0,0.0,5783.47,94247.31,0.0,2026-10-07 16:55:19+00:00
10/07/2026 12:00:21,N,25.5748,0.0,0.0,0.0,0.0,0.0,0.0,0.0,0.0,0.0,0.0,0.0,0.0,0.0,0.0,6296.83,94137.91,0.0,2026-10-07 17:00:21+00:00
10/07/2026 12:05:20,N,29.9221,0.0,0.0,0.0,0.0,0.0,0.0,0.0,0.0,0.0,0.0,0.0,0.0,0.0,0.0,6648.14,94025.72,0.0,2026-10-07 17:05:20+00:00
10/07/2026 12:10:20,N,27.9311,0.0,0.0,0.0,0.0,0.0,0.0,0.0,0.0,0.0,0.0,0.0,0.0,0.0,0.0,6809.18,93964.49,0.0,2026-10-07 17:10:20+00:00
10/07/2026 12:15:21,N,24.5078,0.0,0.0,0.0,0.0,0.0,0.0,0.0,0.0,0.0,0.0,0.0,0.0,0.0,0.0,6991.45,93902.52,0.0,2026-10-07 17:15:21+00:00
10/07/2026 12:20:18,N,24.6877,0.0,0.0,0.0,0.0,0.0,0.0,0.0,0.0,0.0,0.0,0.0,0.0,0.0,0.0,7032.39,93964.38,0.0,2026-10-07 17:20:18+00:00
10/07/2026 12:24:01,N,30.8252,0.0,0.0,0.0,0.0,0.0,0.0,0.0,0.0,0.0,0.0,0.0,0.0,0.0,0.0,7086.93,93933.02,0.0,2026-10-07 17:24:01+00:00
10/07/2026 12:25:17,N,30.9684,0.0,0.0,0.0,0.0,0.0,0.0,0.0,0.0,0.0,0.0,0.0,0.0,0.0,0.0,7077.14,93902.98,0.0,2026-10-07 17:25:17+00:00
10/07/2026 12:30:18,N,36.6083,0.0,0.0,0.0,0.0,0.0,0.0,0.0,0.0,0.0,0.0,0.0,0.0,0.0,0.0,7273.9,93669.8,0.0,2026-10-07 17:30:18+00:00
10/07/2026 12:35:19,N,30.8772,0.0,0.0,0.0,0.0,0.0,0.0,0.0,0.0,0.0,0.0,0.0,0.0,0.0,0.0,7258.58,94489.55,0.0,2026-10-07 17:35:19+00:00
10/07/2026 12:40:19,N,33.4433,0.0,0.0,0.0,0.0,0.0,0.0,0.0,0.0,0.0,0.0,0.0,0.0,0.0,0.0,7368.08,94689.5,0.0,2026-10-07 17:40:19+00:00
10/07/2026 12:45:18,N,33.5678,0.0,0.0,0.0,0.0,0.0,0.0,0.0,0.0,0.0,0.0,0.0,0.0,0.0,0.0,7236.19,94657.41,0.0,2026-10-07 17:45:18+00:00
10/07/2026 12:50:19,N,39.1592,0.0,0.0,0.0,0.0,0.0,0.0,0.0,0.0,0.0,0.0,0.0,0.0,0.0,0.0,7235.02,94159.88,0.0,2026-10-07 17:50:19+00:00
10/07/2026 12:55:17,N,40.5263,0.0,0.0,0.0,0.0,0.0,0.0,0.0,0.0,0.0,0.0,0.0,0.0,0.0,0.0,7301.74,94316.35,0.0,2026-10-07 17:55:17+00:00
10/07/2026 13:00:21,N,38.493,0.0,0.0,0.0,0.0,0.0,0.0,0.0,0.0,0.0,0.0,0.0,0.0,0.0,0.0,7440.92,94438.34,0.0,2026-10-07 18:00:21+00:00
10/07/2026 13:05:20,N,39.9589,0.0,0.0,0.0,0.0,0.0,0.0,0.0,0.0,0.0,0.0,0.0,0.0,0.0,0.0,7484.51,94560.76,0.0,2026-10-07 18:05:20+00:00
10/07/2026 13:10:21,N,38.7641,0.0,0.0,0.0,0.0,0.0,0.0,0.0,0.0,0.0,0.0,0.0,0.0,0.0,0.0,7706.18,94814.38,0.0,2026-10-07 18:10:21+00:00
10/07/2026 13:15:18,N,41.3274,0.0,0.0,0.0,0.0,0.0,0.0,0.0,0.0,0.0,0.0,0.0,0.0,0.0,0.0,7726.34,94875.05,0.0,2026-10-07 18:15:18+00:00
10/07/2026 13:20:17,N,37.1974,0.0,0.0,0.0,0.0,0.0,0.0,0.0,0.0,0.0,0.0,0.0,0.0,0.0,0.0,7740.44,95290.8,0.0,2026-10-07 18:20:17+00:00
10/07/2026 13:25:18,N,38.5686,0.0,0.0,0.0,0.0,0.0,0.0,0.0,0.0,0.0,0.0,0.0,0.0,0.0,0.0,7890.28,95554.59,0.0,2026-10-07 18:25:18+00:00
10/07/2026 13:30:19,N,42.0215,0.0,0.0,0.0,0.0,0.0,0.0,0.0,0.0,0.0,0.0,0.0,0.0,0.0,0.0,8038.89,95676.88,0.0,2026-10-07 18:30:19+00:00
10/07/2026 13:35:18,N,36.3836,0.0,0.0,0.0,0.0,0.0,0.0,0.0,0.0,0.0,0.0,0.0,0.0,0.0,0.0,8245.43,96109.38,0.0,2026-10-07 18:35:18+00:00
10/07/2026 13:40:20,N,34.4597,0.0,0.0,0.0,0.0,0.0,0.0,0.0,0.0,0.0,0.0,0.0,0.0,0.0,0.0,8416.75,96115.68,0.0,2026-10-07 18:40:20+00:00
10/07/2026 13:45:19,N,33.6968,0.0,0.0,0.0,0.0,0.0,0.0,0.0,0.0,0.0,0.0,0.0,0.0,0.0,0.0,8479.55,96316.42,0.0,2026-10-07 18:45:19+00:00
10/07/2026 13:50:18,N,36.7434,0.0,0.0,0.0,0.0,0.0,0.0,0.0,0.0,0.0,0.0,0.0,0.0,0.0,0.0,8476.6,96396.3,0.0,2026-10-07 18:50:18+00:00
10/07/2026 13:55:19,N,36.3968,0.0,0.0,0.0,0.0,0.0,0.0,0.0,0.0,0.0,0.0,0.0,0.0,0.0,0.0,8474.05,96585.23,0.0,2026-10-07 18:55:19+00:00
10/07/2026 13:58:45,N,41.0664,0.0,0.0,0.0,0.0,0.0,0.0,0.0,0.0,0.0,0.0,0.0,0.0,0.0,0.0,8470.03,96791.61,0.0,2026-10-07 18:58:45+00:00
10/07/2026 14:00:22,N,38.3163,0.0,0.0,0.0,0.0,0.0,0.0,0.0,0.0,0.0,0.0,0.0,0.0,0.0,0.0,8703.19,97102.99,0.0,2026-10-07 19:00:22+00:00
10/07/2026 14:05:19,N,39.5435,0.0,0.0,0.0,0.0,0.0,0.0,0.0,0.0,0.0,0.0,0.0,0.0,0.0,0.0,8782.21,97674.21,0.0,2026-10-07 19:05:19+00:00
10/07/2026 14:10:19,N,46.4165,0.0,0.0,0.0,0.0,0.0,0.0,0.0,0.0,0.0,0.0,0.0,0.0,0.0,0.0,8776.28,97234.71,0.0,2026-10-07 19:10:19+00:00
10/07/2026 14:15:20,N,44.8963,0.0,0.0,0.0,0.0,0.0,0.0,0.0,0.0,0.0,0.0,0.0,0.0,0.0,0.0,8953.2,97279.63,0.0,2026-10-07 19:15:20+00:00
10/07/2026 14:20:18,N,46.4022,0.0,0.0,0.0,0.0,0.0,0.0,0.0,0.0,0.0,0.0,0.0,0.0,0.0,0.0,8992.44,97851.34,0.0,2026-10-07 19:20:18+00:00
10/07/2026 14:25:19,N,41.5425,0.0,0.0,0.0,0.0,0.0,0.0,0.0,0.0,0.0,0.0,0.0,0.0,0.0,0.0,9046.38,98068.52,0.0,2026-10-07 19:25:19+00:00
10/07/2026 14:30:19,N,39.8595,0.0,0.0,0.0,0.0,0.0,0.0,0.0,0.0,0.0,0.0,0.0,0.0,0.0,0.0,9282.43,97981.29,0.0,2026-10-07 19:30:19+00:00
10/07/2026 14:35:19,N,41.7159,0.0,0.0,0.0,0.0,0.0,0.0,0.0,0.0,0.0,0.0,0.0,0.0,0.0,0.0,9373.97,98196.39,0.0,2026-10-07 19:35:19+00:00
10/07/2026 14:40:18,N,39.6956,0.0,0.0,0.0,0.0,0.0,0.0,0.0,0.0,0.0,0.0,0.0,0.0,0.0,0.0,9499.69,98470.98,0.0,2026-10-07 19:40:18+00:00
10/07/2026 14:45:19,N,40.1301,0.0,0.0,0.0,0.0,0.0,0.0,0.0,0.0,0.0,0.0,0.0,0.0,0.0,0.0,9548.14,98634.27,0.0,2026-10-07 19:45:19+00:00
10/07/2026 14:50:19,N,30.9321,0.0,0.0,0.0,0.0,0.0,0.0,0.0,0.0,0.0,0.0,0.0,0.0,0.0,0.0,9621.59,98814.06,0.0,2026-10-07 19:50:19+00:00
10/07/2026 14:55:19,N,34.9452,0.0,0.0,0.0,0.0,0.0,0.0,0.0,0.0,0.0,0.0,0.0,0.0,0.0,0.0,9725.89,98876.65,0.0,2026-10-07 19:55:19+00:00
10/07/2026 15:00:21,N,35.4733,0.0,0.0,0.0,0.0,0.0,0.0,0.0,0.0,0.0,0.0,0.0,0.0,0.0,0.0,9755.03,98971.39,0.0,2026-10-07 20:00:21+00:00
10/07/2026 15:05:18,N,36.1326,0.0,0.0,0.0,0.0,0.0,0.0,0.0,0.0,0.0,0.0,0.0,0.0,0.0,0.0,10270.09,99939.47,0.0,2026-10-07 20:05:18+00:00
10/07/2026 15:10:19,N,40.5252,0.0,0.0,0.0,0.0,0.0,0.0,0.0,0.0,0.0,0.0,0.0,0.0,0.0,0.0,10152.73,99480.41,0.0,2026-10-07 20:10:19+00:00
10/07/2026 15:15:19,N,33.054,0.0,0.0,0.0,0.0,0.0,0.0,0.0,0.0,0.0,0.0,0.0,0.0,0.0,0.0,10204.28,99928.88,0.0,2026-10-07 20:15:19+00:00
10/07/2026 15:20:19,N,31.7033,0.0,0.0,0.0,0.0,0.0,0.0,0.0,0.0,0.0,0.0,0.0,0.0,0.0,0.0,10271.63,100349.75,0.0,2026-10-07 20:20:19+00:00
10/07/2026 15:25:19,N,39.9179,0.0,0.0,0.0,0.0,0.0,0.0,0.0,0.0,0.0,0.0,0.0,0.0,0.0,0.0,10274.63,100191.92,0.0,2026-10-07 20:25:19+00:00
10/07/2026 15:30:19,N,38.3233,0.0,0.0,0.0,0.0,0.0,0.0,0.0,0.0,0.0,0.0,0.0,0.0,0.0,0.0,10302.28,100086.8,0.0,2026-10-07 20:30:19+00:00
10/07/2026 15:35:19,N,38.3505,0.0,0.0,0.0,0.0,0.0,0.0,0.0,0.0,0.0,0.0,0.0,0.0,0.0,0.0,10257.38,100383.15,0.0,2026-10-07 20:35:19+00:00
10/07/2026 15:40:19,N,28.768,0.0,0.0,0.0,0.0,0.0,0.0,0.0,0.0,0.0,0.0,0.0,0.0,0.0,0.0,10402.42,100430.41,0.0,2026-10-07 20:40:19+00:00
10/07/2026 15:45:19,N,29.5713,0.0,0.0,0.0,0.0,0.0,0.0,0.0,0.0,0.0,0.0,0.0,0.0,0.0,0.0,10671.27,100351.77,0.0,2026-10-07 20:45:19+00:00
10/07/2026 15:50:19,N,30.7902,0.0,0.0,0.0,0.0,0.0,0.0,0.0,0.0,0.0,0.0,0.0,0.0,0.0,0.0,10721.76,100032.18,0.0,2026-10-07 20:50:19+00:00
10/07/2026 15:55:19,N,29.252,0.0,0.0,0.0,0.0,0.0,0.0,0.0,0.0,0.0,0.0,0.0,0.0,0.0,0.0,10839.27,100040.52,0.0,2026-10-07 20:55:19+00:00
10/07/2026 16:00:22,N,32.0914,0.0,0.0,0.0,0.0,0.0,0.0,0.0,0.0,0.0,0.0,0.0,0.0,0.0,0.0,10883.86,99893.84,0.0,2026-10-07 21:00:22+00:00
10/07/2026 16:05:20,N,32.6661,0.0,0.0,0.0,0.0,0.0,0.0,0.0,0.0,0.0,0.0,0.0,0.0,0.0,0.0,10971.2,99840.24,0.0,2026-10-07 21:05:20+00:00
10/07/2026 16:10:19,N,29.7526,0.0,0.0,0.0,0.0,0.0,0.0,0.0,0.0,0.0,0.0,0.0,0.0,0.0,0.0,11012.46,100216.2,0.0,2026-10-07 21:10:19+00:00
10/07/2026 16:15:18,N,29.0444,0.0,0.0,0.0,0.0,0.0,0.0,0.0,0.0,0.0,0.0,0.0,0.0,0.0,0.0,11046.61,101062.59,0.0,2026-10-07 21:15:18+00:00
10/07/2026 16:20:19,N,29.2861,0.0,0.0,0.0,0.0,0.0,0.0,0.0,0.0,0.0,0.0,0.0,0.0,0.0,0.0,11207.35,101278.06,0.0,2026-10-07 21:20:19+00:00
10/07/2026 16:25:19,N,29.6998,0.0,0.0,0.0,0.0,0.0,0.0,0.0,0.0,0.0,0.0,0.0,0.0,0.0,0.0,11083.55,101068.98,0.0,2026-10-07 21:25:19+00:00
10/07/2026 16:30:18,N,35.6256,0.0,0.0,0.0,0.0,0.0,0.0,0.0,0.0,0.0,0.0,0.0,0.0,0.0,0.0,11173.3,100612.45,0.0,2026-10-07 21:30:18+00:00
10/07/2026 16:35:21,N,41.6602,0.0,0.0,0.0,0.0,0.0,0.0,0.0,0.0,0.0,0.0,0.0,0.0,0.0,0.0,11337.03,100090.14,0.0,2026-10-07 21:35:21+00:00
10/07/2026 16:40:19,N,47.17,0.0,0.0,0.0,0.0,0.0,0.0,0.0,0.0,0.0,0.0,0.0,0.0,0.0,0.0,11366.09,100059.49,0.0,2026-10-07 21:40:19+00:00
10/07/2026 16:45:18,N,39.583,0.0,0.0,0.0,0.0,0.0,0.0,0.0,0.0,0.0,0.0,0.0,0.0,0.0,0.0,11566.06,99841.8,0.0,2026-10-07 21:45:18+00:00
10/07/2026 16:50:18,N,36.086,0.0,0.0,0.0,0.0,0.0,0.0,0.0,0.0,0.0,0.0,0.0,0.0,0.0,0.0,11782.63,100071.58,0.0,2026-10-07 21:50:18+00:00
10/07/2026 16:55:18,N,37.9098,0.0,0.0,0.0,0.0,0.0,0.0,0.0,0.0,0.0,0.0,0.0,0.0,0.0,0.0,11918.85,99957.59,0.0,2026-10-07 21:55:18+00:00
10/07/2026 17:00:20,N,35.5915,0.0,0.0,0.0,0.0,0.0,0.0,0.0,0.0,0.0,0.0,0.0,0.0,0.0,0.0,12040.16,99701.65,0.0,2026-10-07 22:00:20+00:00
10/07/2026 17:05:19,N,42.8872,0.0,0.0,0.0,0.0,0.0,0.0,0.0,0.0,0.0,0.0,0.0,0.0,0.0,0.0,12119.48,99223.48,0.0,2026-10-07 22:05:19+00:00
10/07/2026 17:10:20,N,45.7921,0.0,0.0,0.0,0.0,0.0,0.0,0.0,0.0,0.0,0.0,0.0,0.0,0.0,0.0,12162.94,98979.18,0.0,2026-10-07 22:10:20+00:00
10/07/2026 17:15:18,N,39.2972,0.0,0.0,0.0,0.0,0.0,0.0,0.0,0.0,0.0,0.0,0.0,0.0,0.0,0.0,12666.99,98727.34,0.0,2026-10-07 22:15:18+00:00
10/07/2026 17:20:19,N,74.9191,0.0,0.0,0.0,0.0,0.0,0.0,0.0,0.0,0.0,0.0,0.0,0.0,0.0,0.0,12597.37,97667.11,0.0,2026-10-07 22:20:19+00:00
10/07/2026 17:25:18,N,76.5808,0.0,0.0,0.0,0.0,0.0,0.0,0.0,0.0,0.0,0.0,0.0,0.0,0.0,0.0,12580.61,97065.14,0.0,2026-10-07 22:25:18+00:00
10/07/2026 17:30:18,N,95.9742,0.0,0.0,0.0,0.0,0.0,0.0,0.0,0.0,0.0,0.0,0.0,0.0,0.0,0.0,12806.57,96140.61,0.0,2026-10-07 22:30:18+00:00
10/07/2026 17:35:18,N,107.7138,0.0,0.0,0.0,0.0,0.0,0.0,0.0,0.0,0.0,0.0,0.0,0.0,0.0,0.0,12848.89,94971.62,0.0,2026-10-07 22:35:18+00:00
10/07/2026 17:40:18,N,120.8335,0.0,0.0,0.0,0.0,0.0,0.0,0.0,0.0,0.0,0.0,0.0,0.0,0.0,0.0,12965.11,93951.83,0.0,2026-10-07 22:40:18+00:00
10/07/2026 17:45:20,N,148.8334,0.0,0.0,0.0,0.0,0.0,0.0,0.0,0.0,0.0,0.0,0.0,0.0,0.0,0.0,12796.17,92745.6,0.0,2026-10-07 22:45:20+00:00
10/07/2026 17:50:22,N,147.2242,0.0,0.0,0.0,0.0,0.0,0.0,0.0,0.0,0.0,0.0,0.0,0.0,0.0,0.0,12807.22,92336.6,0.0,2026-10-07 22:50:22+00:00
10/07/2026 17:55:21,N,156.8522,0.0,0.0,0.0,0.0,0.0,0.0,0.0,0.0,0.0,0.0,0.0,0.0,0.0,0.0,12703.81,90888.92,0.0,2026-10-07 22:55:21+00:00
10/07/2026 18:00:21,N,129.4169,0.0,0.0,0.0,0.0,0.0,0.0,0.0,0.0,0.0,0.0,0.0,0.0,0.0,0.0,12685.59,89309.59,0.0,2026-10-07 23:00:21+00:00
10/07/2026 18:05:21,N,127.4239,0.0,0.0,0.0,0.0,0.0,0.0,0.0,0.0,0.0,0.0,0.0,0.0,0.0,0.0,12116.32,87972.78,0.0,2026-10-07 23:05:21+00:00
10/07/2026 18:10:25,N,147.7299,0.0,0.0,0.0,0.0,0.0,0.0,0.0,0.0,0.0,0.0,0.0,0.0,0.0,0.0,11917.29,86541.28,0.0,2026-10-07 23:10:25+00:00
10/07/2026 18:15:27,N,156.8069,0.0,0.0,0.0,0.0,0.0,0.0,0.0,0.0,0.0,0.0,0.0,0.0,0.0,0.0,11659.27,84922.77,0.0,2026-10-07 23:15:27+00:00
10/07/2026 18:20:22,N,169.383,0.0,0.0,0.0,0.0,0.0,0.0,0.0,0.0,0.0,0.0,0.0,0.0,0.0,0.0,11268.9,83299.7,0.0,2026-10-07 23:20:22+00:00
10/07/2026 18:25:21,N,184.5204,0.0,0.0,0.0,0.0,0.0,0.0,0.0,0.0,0.0,0.0,0.0,0.0,0.0,0.0,11088.55,81675.23,0.0,2026-10-07 23:25:21+00:00
10/07/2026 18:30:22,N,212.4087,0.0,0.0,0.0,0.0,0.0,0.0,0.0,0.0,0.0,0.0,0.0,0.0,0.0,0.0,10863.59,80442.18,0.0,2026-10-07 23:30:22+00:00
10/07/2026 18:35:24,N,225.0049,0.0,0.0,0.0,0.0,0.0,0.0,0.0,0.0,0.0,0.0,0.0,0.0,0.0,0.0,10368.13,79339.03,0.0,2026-10-07 23:35:24+00:00
10/07/2026 18:40:25,N,275.7112,0.0,0.0,0.0,0.0,0.0,0.0,0.0,0.0,0.0,0.0,0.0,0.0,0.0,0.0,10018.4,78007.84,0.0,2026-10-07 23:40:25+00:00
10/07/2026 18:45:24,N,328.783,0.0,0.0,0.0,0.0,0.0,0.0,0.0,0.0,0.0,0.0,0.0,0.0,0.0,0.0,10157.98,77058.55,0.0,2026-10-07 23:45:24+00:00
10/07/2026 18:50:25,N,322.8831,0.0,0.0,0.0,0.0,0.0,0.0,0.0,0.0,0.0,0.0,0.0,0.0,0.0,0.0,9806.29,76209.92,0.0,2026-10-07 23:50:25+00:00
10/07/2026 18:55:27,N,289.5422,0.0,0.0,0.0,0.0,0.0,0.0,0.0,0.0,0.0,0.0,0.0,0.0,0.0,0.0,9739.72,75554.29,0.0,2026-10-07 23:55:27+00:00
10/07/2026 19:00:26,N,266.7172,0.0,0.0,0.0,0.0,0.0,0.0,0.0,0.0,0.0,0.0,0.0,0.0,0.0,0.0,9446.49,75119.77,0.0,2026-10-08 00:00:26+00:00
10/07/2026 19:05:25,N,280.7389,0.0,0.0,0.0,0.0,0.0,0.0,0.0,0.0,0.0,0.0,0.0,0.0,0.0,0.0,9369.64,74638.21,0.0,2026-10-08 00:05:25+00:00
10/07/2026 19:10:25,N,259.1355,0.0,0.0,0.0,0.0,0.0,0.0,0.0,0.0,0.0,0.0,0.0,0.0,0.0,0.0,9442.86,74530.49,0.0,2026-10-08 00:10:25+00:00
10/07/2026 19:15:24,N,264.179,0.0,0.0,0.0,0.0,0.0,0.0,0.0,0.0,0.0,0.0,0.0,0.0,0.0,0.0,9402.47,74514.94,0.0,2026-10-08 00:15:24+00:00
10/07/2026 19:20:23,N,265.9935,0.0,0.0,0.0,0.0,0.0,0.0,0.0,0.0,0.0,0.0,0.0,0.0,0.0,0.0,9367.33,74536.8,0.0,2026-10-08 00:20:23+00:00
10/07/2026 19:25:22,N,233.704,0.0,0.0,0.0,0.0,0.0,0.0,0.0,0.0,0.0,0.0,0.0,0.0,0.0,0.0,9330.95,74485.66,0.0,2026-10-08 00:25:22+00:00
10/07/2026 19:30:21,N,229.3678,0.0,0.0,0.0,0.0,0.0,0.0,0.0,0.0,0.0,0.0,0.0,0.0,0.0,0.0,9383.45,74770.03,0.0,2026-10-08 00:30:21+00:00
10/07/2026 19:35:22,N,227.2606,0.0,0.0,0.0,0.0,0.0,0.0,0.0,0.0,0.0,0.0,0.0,0.0,0.0,0.0,9360.93,74870.55,0.0,2026-10-08 00:35:22+00:00
10/07/2026 19:40:23,N,217.3119,0.0,0.0,0.0,0.0,0.0,0.0,0.0,0.0,0.0,0.0,0.0,0.0,0.0,0.0,9381.61,74833.11,0.0,2026-10-08 00:40:23+00:00
10/07/2026 19:45:22,N,198.8771,0.0,0.0,0.0,0.0,0.0,0.0,0.0,0.0,0.0,0.0,0.0,0.0,0.0,0.0,9445.48,74932.85,0.0,2026-10-08 00:45:22+00:00
10/07/2026 19:50:22,N,195.1485,0.0,0.0,0.0,0.0,0.0,0.0,0.0,0.0,0.0,0.0,0.0,0.0,0.0,0.0,9505.55,74949.3,0.0,2026-10-08 00:50:22+00:00
10/07/2026 19:55:21,N,204.2689,0.0,0.0,0.0,0.0,0.0,0.0,0.0,0.0,0.0,0.0,0.0,0.0,0.0,0.0,9514.13,74683.41,0.0,2026-10-08 00:55:21+00:00
10/07/2026 20:00:24,N,196.6998,0.0,0.0,0.0,0.0,0.0,0.0,0.0,0.0,0.0,0.0,0.0,0.0,0.0,0.0,9590.74,74793.91,0.0,2026-10-08 01:00:24+00:00
10/07/2026 20:05:22,N,194.4785,0.0,0.0,0.0,0.0,0.0,0.0,0.0,0.0,0.0,0.0,0.0,0.0,0.0,0.0,9601.6,74607.29,0.0,2026-10-08 01:05:22+00:00
10/07/2026 20:10:23,N,206.4064,0.0,0.0,0.0,0.0,0.0,0.0,0.0,0.0,0.0,0.0,0.0,0.0,0.0,0.0,9483.33,74904.34,0.0,2026-10-08 01:10:23+00:00
10/07/2026 20:15:22,N,221.9685,0.0,0.0,0.0,0.0,0.0,0.0,0.0,0.0,0.0,0.0,0.0,0.0,0.0,0.0,9540.0,74950.91,0.0,2026-10-08 01:15:22+00:00
10/07/2026 20:20:23,N,207.2667,0.0,0.0,0.0,0.0,0.0,0.0,0.0,0.0,0.0,0.0,0.0,0.0,0.0,0.0,9374.47,74910.05,0.0,2026-10-08 01:20:23+00:00
10/07/2026 20:25:21,N,207.2208,0.0,0.0,0.0,0.0,0.0,0.0,0.0,0.0,0.0,0.0,0.0,0.0,0.0,0.0,9502.42,74814.76,0.0,2026-10-08 01:25:21+00:00
10/07/2026 20:30:23,N,219.7524,0.0,0.0,0.0,0.0,0.0,0.0,0.0,0.0,0.0,0.0,0.0,0.0,0.0,0.0,9501.08,74938.16,0.0,2026-10-08 01:30:23+00:00
10/07/2026 20:35:21,N,214.5755,0.0,0.0,0.0,0.0,0.0,0.0,0.0,0.0,0.0,0.0,0.0,0.0,0.0,0.0,9501.77,75029.7,0.0,2026-10-08 01:35:21+00:00
10/07/2026 20:40:28,N,196.7826,0.0,0.0,0.0,0.0,0.0,0.0,0.0,0.0,0.0,0.0,0.0,0.0,0.0,0.0,9501.29,75244.42,0.0,2026-10-08 01:40:28+00:00
10/07/2026 20:45:21,N,199.6107,0.0,0.0,0.0,0.0,0.0,0.0,0.0,0.0,0.0,0.0,0.0,0.0,0.0,0.0,9338.67,75548.45,0.0,2026-10-08 01:45:21+00:00
10/07/2026 20:50:22,N,186.0253,0.0,0.0,0.0,0.0,0.0,0.0,0.0,0.0,0.0,0.0,0.0,0.0,0.0,0.0,9338.32,75670.45,0.0,2026-10-08 01:50:22+00:00
10/07/2026 20:55:22,N,184.4398,0.0,0.0,0.0,0.0,0.0,0.0,0.0,0.0,0.0,0.0,0.0,0.0,0.0,0.0,9332.07,75816.51,0.0,2026-10-08 01:55:22+00:00
10/07/2026 21:00:23,N,179.2744,0.0,0.0,0.0,0.0,0.0,0.0,0.0,0.0,0.0,0.0,0.0,0.0,0.0,0.0,9337.6,75770.06,0.0,2026-10-08 02:00:23+00:00
10/07/2026 21:05:22,N,155.8772,0.0,0.0,0.0,0.0,0.0,0.0,0.0,0.0,0.0,0.0,0.0,0.0,0.0,0.0,9377.87,75942.5,0.0,2026-10-08 02:05:22+00:00
10/07/2026 21:10:23,N,137.6433,0.0,0.0,0.0,0.0,0.0,0.0,0.0,0.0,0.0,0.0,0.0,0.0,0.0,0.0,9449.49,75971.18,0.0,2026-10-08 02:10:23+00:00
10/07/2026 21:15:22,N,118.8638,0.0,0.0,0.0,0.0,0.0,0.0,0.0,0.0,0.0,0.0,0.0,0.0,0.0,0.0,9408.87,76320.32,0.0,2026-10-08 02:15:22+00:00
10/07/2026 21:20:22,N,119.6202,0.0,0.0,0.0,0.0,0.0,0.0,0.0,0.0,0.0,0.0,0.0,0.0,0.0,0.0,9372.79,76235.27,0.0,2026-10-08 02:20:22+00:00
10/07/2026 21:25:22,N,108.2137,0.0,0.0,0.0,0.0,0.0,0.0,0.0,0.0,0.0,0.0,0.0,0.0,0.0,0.0,9359.34,76330.98,0.0,2026-10-08 02:25:22+00:00
10/07/2026 21:30:22,N,104.7843,0.0,0.0,0.0,0.0,0.0,0.0,0.0,0.0,0.0,0.0,0.0,0.0,0.0,0.0,9367.51,76264.88,0.0,2026-10-08 02:30:22+00:00
10/07/2026 21:35:20,N,99.0504,0.0,0.0,0.0,0.0,0.0,0.0,0.0,0.0,0.0,0.0,0.0,0.0,0.0,0.0,9363.21,76309.41,0.0,2026-10-08 02:35:20+00:00
10/07/2026 21:40:22,N,99.9681,0.0,0.0,0.0,0.0,0.0,0.0,0.0,0.0,0.0,0.0,0.0,0.0,0.0,0.0,9359.0,76253.72,0.0,2026-10-08 02:40:22+00:00
10/07/2026 21:45:21,N,95.7253,0.0,0.0,0.0,0.0,0.0,0.0,0.0,0.0,0.0,0.0,0.0,0.0,0.0,0.0,9301.91,76269.29,0.0,2026-10-08 02:45:21+00:00
10/07/2026 21:50:21,N,93.2601,0.0,0.0,0.0,0.0,0.0,0.0,0.0,0.0,0.0,0.0,0.0,0.0,0.0,0.0,9249.18,76063.69,0.0,2026-10-08 02:50:21+00:00
10/07/2026 21:55:25,N,89.8843,0.0,0.0,0.0,0.0,0.0,0.0,0.0,0.0,0.0,0.0,0.0,0.0,0.0,0.0,9255.3,75951.29,0.0,2026-10-08 02:55:25+00:00
10/07/2026 22:00:25,N,110.6764,0.0,0.0,0.0,0.0,0.0,0.0,0.0,0.0,0.0,0.0,0.0,0.0,0.0,0.0,9415.29,75583.96,0.0,2026-10-08 03:00:25+00:00
10/07/2026 22:05:21,N,83.7512,0.0,0.0,0.0,0.0,0.0,0.0,0.0,0.0,0.0,0.0,0.0,0.0,0.0,0.0,9434.46,75728.23,0.0,2026-10-08 03:05:21+00:00
10/07/2026 22:10:21,N,82.0299,0.0,0.0,0.0,0.0,0.0,0.0,0.0,0.0,0.0,0.0,0.0,0.0,0.0,0.0,9311.31,75659.44,0.0,2026-10-08 03:10:21+00:00
10/07/2026 22:15:22,N,77.8496,0.0,0.0,0.0,0.0,0.0,0.0,0.0,0.0,0.0,0.0,0.0,0.0,0.0,0.0,9225.33,75322.53,0.0,2026-10-08 03:15:22+00:00
10/07/2026 22:20:22,N,75.2766,0.0,0.0,0.0,0.0,0.0,0.0,0.0,0.0,0.0,0.0,0.0,0.0,0.0,0.0,9192.31,75356.8,0.0,2026-10-08 03:20:22+00:00
10/07/2026 22:25:21,N,66.1234,0.0,0.0,0.0,0.0,0.0,0.0,0.0,0.0,0.0,0.0,0.0,0.0,0.0,0.0,9204.2,75417.41,0.0,2026-10-08 03:25:21+00:00
10/07/2026 22:30:25,N,58.5964,0.0,0.0,0.0,0.0,0.0,0.0,0.0,0.0,0.0,0.0,0.0,0.0,0.0,0.0,9210.76,75628.31,0.0,2026-10-08 03:30:25+00:00
10/07/2026 22:35:21,N,59.4058,0.0,0.0,0.0,0.0,0.0,0.0,0.0,0.0,0.0,0.0,0.0,0.0,0.0,0.0,9202.1,75506.27,0.0,2026-10-08 03:35:21+00:00
10/07/2026 22:40:24,N,59.541,0.0,0.0,0.0,0.0,0.0,0.0,0.0,0.0,0.0,0.0,0.0,0.0,0.0,0.0,9122.64,75488.89,0.0,2026-10-08 03:40:24+00:00
10/07/2026 22:45:20,N,56.0786,0.0,0.0,0.0,0.0,0.0,0.0,0.0,0.0,0.0,0.0,0.0,0.0,0.0,0.0,9005.64,75617.63,0.0,2026-10-08 03:45:20+00:00
10/07/2026 22:50:20,N,51.4562,0.0,0.0,0.0,0.0,0.0,0.0,0.0,0.0,0.0,0.0,0.0,0.0,0.0,0.0,9025.53,75640.67,0.0,2026-10-08 03:50:20+00:00
10/07/2026 22:55:20,N,47.9057,0.0,0.0,0.0,0.0,0.0,0.0,0.0,0.0,0.0,0.0,0.0,0.0,0.0,0.0,9015.09,75652.65,0.0,2026-10-08 03:55:20+00:00
10/07/2026 23:00:22,N,52.2533,0.0,0.0,0.0,0.0,0.0,0.0,0.0,0.0,0.0,0.0,0.0,0.0,0.0,0.0,8839.02,75854.18,0.0,2026-10-08 04:00:22+00:00
10/07/2026 23:05:20,N,66.1859,0.0,0.0,0.0,0.0,0.0,0.0,0.0,0.0,0.0,0.0,0.0,0.0,0.0,0.0,8621.83,75628.91,0.0,2026-10-08 04:05:20+00:00
10/07/2026 23:08:33,N,53.9826,0.0,0.0,0.0,0.0,0.0,0.0,0.0,0.0,0.0,0.0,0.0,0.0,0.0,0.0,8493.09,75395.62,0.0,2026-10-08 04:08:33+00:00
10/07/2026 23:10:20,N,54.0332,0.0,0.0,0.0,0.0,0.0,0.0,0.0,0.0,0.0,0.0,0.0,0.0,0.0,0.0,8482.5,75273.01,0.0,2026-10-08 04:10:20+00:00
10/07/2026 23:15:25,N,53.0412,0.0,0.0,0.0,0.0,0.0,0.0,0.0,0.0,0.0,0.0,0.0,0.0,0.0,0.0,8409.28,74788.98,0.0,2026-10-08 04:15:25+00:00
10/07/2026 23:20:26,N,48.6426,0.0,0.0,0.0,0.0,0.0,0.0,0.0,0.0,0.0,0.0,0.0,0.0,0.0,0.0,8375.01,74946.91,0.0,2026-10-08 04:20:26+00:00
10/07/2026 23:25:20,N,50.9214,0.0,0.0,0.0,0.0,0.0,0.0,0.0,0.0,0.0,0.0,0.0,0.0,0.0,0.0,8332.62,75269.61,0.0,2026-10-08 04:25:20+00:00
10/07/2026 23:30:23,N,43.7726,0.0,0.0,0.0,0.0,0.0,0.0,0.0,0.0,0.0,0.0,0.0,0.0,0.0,0.0,8297.19,75284.67,0.0,2026-10-08 04:30:23+00:00
10/07/2026 23:35:19,N,47.6203,0.0,0.0,0.0,0.0,0.0,0.0,0.0,0.0,0.0,0.0,0.0,0.0,0.0,0.0,8203.81,75263.98,0.0,2026-10-08 04:35:19+00:00
10/07/2026 23:40:21,N,44.4538,0.0,0.0,0.0,0.0,0.0,0.0,0.0,0.0,0.0,0.0,0.0,0.0,0.0,0.0,8182.79,75247.98,0.0,2026-10-08 04:40:21+00:00
10/07/2026 23:45:20,N,45.8362,0.0,0.0,0.0,0.0,0.0,0.0,0.0,0.0,0.0,0.0,0.0,0.0,0.0,0.0,8093.17,75202.86,0.0,2026-10-08 04:45:20+00:00
10/07/2026 23:50:20,N,41.5506,0.0,0.0,0.0,0.0,0.0,0.0,0.0,0.0,0.0,0.0,0.0,0.0,0.0,0.0,8063.33,75232.0,0.0,2026-10-08 04:50:20+00:00
10/07/2026 23:55:21,N,45.5325,0.0,0.0,0.0,0.0,0.0,0.0,0.0,0.0,0.0,0.0,0.0,0.0,0.0,0.0,7898.08,75171.52,0.0,2026-10-08 04:55:21+00:00
10/08/2026 00:00:25,N,40.7206,0.0,0.0,0.0,0.0,0.0,0.0,0.0,0.0,0.0,0.0,0.0,0.0,0.0,0.0,7748.05,74971.61,0.0,2026-10-08 05:00:25+00:00
10/08/2026 00:05:23,N,46.7121,0.0,0.0,0.0,0.0,0.0,0.0,0.0,0.0,0.0,0.0,0.0,0.0,0.0,0.0,7581.7,74894.03,0.0,2026-10-08 05:05:23+00:00
10/08/2026 00:10:27,N,47.8025,0.0,0.0,0.0,0.0,0.0,0.0,0.0,0.0,0.0,0.0,0.0,0.0,0.0,0.0,6813.34,74407.84,0.0,2026-10-08 05:10:27+00:00
10/08/2026 00:15:25,N,47.3399,0.0,0.0,0.0,0.0,0.0,0.0,0.0,0.0,0.0,0.0,0.0,0.0,0.0,0.0,6552.15,74046.28,0.0,2026-10-08 05:15:25+00:00
10/08/2026 00:20:21,N,45.0528,0.0,0.0,0.0,0.0,0.0,0.0,0.0,0.0,0.0,0.0,0.0,0.0,0.0,0.0,6492.57,73737.47,0.0,2026-10-08 05:20:21+00:00
10/08/2026 00:25:19,N,45.9718,0.0,0.0,0.0,0.0,0.0,0.0,0.0,0.0,0.0,0.0,0.0,0.0,0.0,0.0,6397.84,73474.88,0.0,2026-10-08 05:25:19+00:00
10/08/2026 00:30:20,N,46.6078,0.0,0.0,0.0,0.0,0.0,0.0,0.0,0.0,0.0,0.0,0.0,0.0,0.0,0.0,6305.47,73165.41,0.0,2026-10-08 05:30:20+00:00
10/08/2026 00:35:17,N,46.2062,0.0,0.0,0.0,0.0,0.0,0.0,0.0,0.0,0.0,0.0,0.0,0.0,0.0,0.0,6288.46,73226.86,0.0,2026-10-08 05:35:17+00:00
10/08/2026 00:40:19,N,45.7266,0.0,0.0,0.0,0.0,0.0,0.0,0.0,0.0,0.0,0.0,0.0,0.0,0.0,0.0,6342.68,73196.58,0.0,2026-10-08 05:40:19+00:00
10/08/2026 00:45:18,N,46.3129,0.0,0.0,0.0,0.0,0.0,0.0,0.0,0.0,0.0,0.0,0.0,0.0,0.0,0.0,6249.88,73233.53,0.0,2026-10-08 05:45:18+00:00
10/08/2026 00:50:19,N,46.5501,0.0,0.0,0.0,0.0,0.0,0.0,0.0,0.0,0.0,0.0,0.0,0.0,0.0,0.0,6075.93,73179.91,0.0,2026-10-08 05:50:19+00:00
10/08/2026 00:55:19,N,45.861,0.0,0.0,0.0,0.0,0.0,0.0,0.0,0.0,0.0,0.0,0.0,0.0,0.0,0.0,5944.37,72895.05,0.0,2026-10-08 05:55:19+00:00
10/08/2026 01:00:23,N,54.3962,0.0,0.0,0.0,0.0,0.0,0.0,0.0,0.0,0.0,0.0,0.0,0.0,0.0,0.0,5763.14,72525.56,0.0,2026-10-08 06:00:23+00:00
10/08/2026 01:05:23,N,51.3451,0.0,0.0,0.0,0.0,0.0,0.0,0.0,0.0,0.0,0.0,0.0,0.0,0.0,0.0,5761.47,72486.34,0.0,2026-10-08 06:05:23+00:00
10/08/2026 01:10:19,N,49.4248,0.0,0.0,0.0,0.0,0.0,0.0,0.0,0.0,0.0,0.0,0.0,0.0,0.0,0.0,5836.05,72325.68,0.0,2026-10-08 06:10:19+00:00
10/08/2026 01:15:19,N,47.6096,0.0,0.0,0.0,0.0,0.0,0.0,0.0,0.0,0.0,0.0,0.0,0.0,0.0,0.0,5780.68,72202.4,0.0,2026-10-08 06:15:19+00:00
10/08/2026 01:20:19,N,46.4472,0.0,0.0,0.0,0.0,0.0,0.0,0.0,0.0,0.0,0.0,0.0,0.0,0.0,0.0,5796.58,72180.63,0.0,2026-10-08 06:20:19+00:00
10/08/2026 01:25:18,N,46.87,0.0,0.0,0.0,0.0,0.0,0.0,0.0,0.0,0.0,0.0,0.0,0.0,0.0,0.0,5811.25,72232.26,0.0,2026-10-08 06:25:18+00:00
10/08/2026 01:30:18,N,46.4619,0.0,0.0,0.0,0.0,0.0,0.0,0.0,0.0,0.0,0.0,0.0,0.0,0.0,0.0,5847.14,72292.75,0.0,2026-10-08 06:30:18+00:00
10/08/2026 01:35:19,N,47.305,0.0,0.0,0.0,0.0,0.0,0.0,0.0,0.0,0.0,0.0,0.0,0.0,0.0,0.0,5860.74,72341.43,0.0,2026-10-08 06:35:19+00:00
10/08/2026 01:40:18,N,45.3745,0.0,0.0,0.0,0.0,0.0,0.0,0.0,0.0,0.0,0.0,0.0,0.0,0.0,0.0,6037.46,72381.05,0.0,2026-10-08 06:40:18+00:00
10/08/2026 01:45:18,N,45.9142,0.0,0.0,0.0,0.0,0.0,0.0,0.0,0.0,0.0,0.0,0.0,0.0,0.0,0.0,6042.21,72363.6,0.0,2026-10-08 06:45:18+00:00
10/08/2026 01:50:19,N,46.4987,0.0,0.0,0.0,0.0,0.0,0.0,0.0,0.0,0.0,0.0,0.0,0.0,0.0,0.0,6042.08,72311.68,0.0,2026-10-08 06:50:19+00:00
10/08/2026 01:55:18,N,43.3043,0.0,0.0,0.0,0.0,0.0,0.0,0.0,0.0,0.0,0.0,0.0,0.0,0.0,0.0,6035.93,72276.0,0.0,2026-10-08 06:55:18+00:00
10/08/2026 02:00:21,N,41.9551,0.0,0.0,0.0,0.0,0.0,0.0,0.0,0.0,0.0,0.0,0.0,0.0,0.0,0.0,6045.84,72263.99,0.0,2026-10-08 07:00:21+00:00
10/08/2026 02:05:21,N,45.4324,0.0,0.0,0.0,0.0,0.0,0.0,0.0,0.0,0.0,0.0,0.0,0.0,0.0,0.0,6032.24,72415.69,0.0,2026-10-08 07:05:21+00:00
10/08/2026 02:10:23,N,43.1318,0.0,0.0,0.0,0.0,0.0,0.0,0.0,0.0,0.0,0.0,0.0,0.0,0.0,0.0,6030.04,72311.92,0.0,2026-10-08 07:10:23+00:00
10/08/2026 02:15:19,N,44.5719,0.0,0.0,0.0,0.0,0.0,0.0,0.0,0.0,0.0,0.0,0.0,0.0,0.0,0.0,6015.58,72204.77,0.0,2026-10-08 07:15:19+00:00
10/08/2026 02:20:18,N,42.8527,0.0,0.0,0.0,0.0,0.0,0.0,0.0,0.0,0.0,0.0,0.0,0.0,0.0,0.0,6018.71,72107.37,0.0,2026-10-08 07:20:18+00:00
10/08/2026 02:25:17,N,43.5456,0.0,0.0,0.0,0.0,0.0,0.0,0.0,0.0,0.0,0.0,0.0,0.0,0.0,0.0,6012.33,71956.23,0.0,2026-10-08 07:25:17+00:00
10/08/2026 02:30:21,N,41.7248,0.0,0.0,0.0,0.0,0.0,0.0,0.0,0.0,0.0,0.0,0.0,0.0,0.0,0.0,6018.26,71816.33,0.0,2026-10-08 07:30:21+00:00
10/08/2026 02:35:19,N,41.3853,0.0,0.0,0.0,0.0,0.0,0.0,0.0,0.0,0.0,0.0,0.0,0.0,0.0,0.0,6028.37,71867.52,0.0,2026-10-08 07:35:19+00:00
10/08/2026 02:40:19,N,41.8227,0.0,0.0,0.0,0.0,0.0,0.0,0.0,0.0,0.0,0.0,0.0,0.0,0.0,0.0,6110.55,71780.52,0.0,2026-10-08 07:40:19+00:00
10/08/2026 02:45:18,N,41.7404,0.0,0.0,0.0,0.0,0.0,0.0,0.0,0.0,0.0,0.0,0.0,0.0,0.0,0.0,6150.63,71640.22,0.0,2026-10-08 07:45:18+00:00
10/08/2026 02:50:19,N,42.0228,0.0,0.0,0.0,0.0,0.0,0.0,0.0,0.0,0.0,0.0,0.0,0.0,0.0,0.0,6152.09,71592.71,0.0,2026-10-08 07:50:19+00:00
10/08/2026 02:55:17,N,42.0995,0.0,0.0,0.0,0.0,0.0,0.0,0.0,0.0,0.0,0.0,0.0,0.0,0.0,0.0,6145.37,71497.23,0.0,2026-10-08 07:55:17+00:00
10/08/2026 03:00:20,N,40.8227,0.0,0.0,0.0,0.0,0.0,0.0,0.0,0.0,0.0,0.0,0.0,0.0,0.0,0.0,6144.16,71394.6,0.0,2026-10-08 08:00:20+00:00
10/08/2026 03:05:18,N,42.8295,0.0,0.0,0.0,0.0,0.0,0.0,0.0,0.0,0.0,0.0,0.0,0.0,0.0,0.0,6152.95,71378.55,0.0,2026-10-08 08:05:18+00:00
10/08/2026 03:10:22,N,40.0253,0.0,0.0,0.0,0.0,0.0,0.0,0.0,0.0,0.0,0.0,0.0,0.0,0.0,0.0,6142.31,71335.52,0.0,2026-10-08 08:10:22+00:00
10/08/2026 03:15:17,N,42.5981,0.0,0.0,0.0,0.0,0.0,0.0,0.0,0.0,0.0,0.0,0.0,0.0,0.0,0.0,6145.46,71250.03,0.0,2026-10-08 08:15:17+00:00
10/08/2026 03:20:19,N,40.9872,0.0,0.0,0.0,0.0,0.0,0.0,0.0,0.0,0.0,0.0,0.0,0.0,0.0,0.0,6151.39,71079.3,0.0,2026-10-08 08:20:19+00:00
10/08/2026 03:25:17,N,40.9105,0.0,0.0,0.0,0.0,0.0,0.0,0.0,0.0,0.0,0.0,0.0,0.0,0.0,0.0,6167.24,70937.87,0.0,2026-10-08 08:25:17+00:00
10/08/2026 03:30:17,N,40.8699,0.0,0.0,0.0,0.0,0.0,0.0,0.0,0.0,0.0,0.0,0.0,0.0,0.0,0.0,6188.41,70777.65,0.0,2026-10-08 08:30:17+00:00
10/08/2026 03:35:16,N,42.6859,0.0,0.0,0.0,0.0,0.0,0.0,0.0,0.0,0.0,0.0,0.0,0.0,0.0,0.0,6197.63,70647.98,0.0,2026-10-08 08:35:16+00:00
10/08/2026 03:40:20,N,43.6397,0.0,0.0,0.0,0.0,0.0,0.0,0.0,0.0,0.0,0.0,0.0,0.0,0.0,0.0,6207.58,70513.47,0.0,2026-10-08 08:40:20+00:00
10/08/2026 03:45:22,N,45.2721,0.0,0.0,0.0,0.0,0.0,0.0,0.0,0.0,0.0,0.0,0.0,0.0,0.0,0.0,6204.94,70421.7,0.0,2026-10-08 08:45:22+00:00
10/08/2026 03:50:24,N,45.4668,0.0,0.0,0.0,0.0,0.0,0.0,0.0,0.0,0.0,0.0,0.0,0.0,0.0,0.0,6212.2,70261.35,0.0,2026-10-08 08:50:24+00:00
10/08/2026 03:55:22,N,45.3941,0.0,0.0,0.0,0.0,0.0,0.0,0.0,0.0,0.0,0.0,0.0,0.0,0.0,0.0,6170.99,70147.24,0.0,2026-10-08 08:55:22+00:00
10/08/2026 04:00:24,N,43.7345,0.0,0.0,0.0,0.0,0.0,0.0,0.0,0.0,0.0,0.0,0.0,0.0,0.0,0.0,6169.37,70068.52,0.0,2026-10-08 09:00:24+00:00
10/08/2026 04:05:19,N,44.1238,0.0,0.0,0.0,0.0,0.0,0.0,0.0,0.0,0.0,0.0,0.0,0.0,0.0,0.0,6297.14,70059.06,0.0,2026-10-08 09:05:19+00:00
10/08/2026 04:10:19,N,43.1112,0.0,0.0,0.0,0.0,0.0,0.0,0.0,0.0,0.0,0.0,0.0,0.0,0.0,0.0,6292.9,69969.45,0.0,2026-10-08 09:10:19+00:00
10/08/2026 04:15:19,N,42.4878,0.0,0.0,0.0,0.0,0.0,0.0,0.0,0.0,0.0,0.0,0.0,0.0,0.0,0.0,6374.31,69997.48,0.0,2026-10-08 09:15:19+00:00
10/08/2026 04:20:18,N,45.5765,0.0,0.0,0.0,0.0,0.0,0.0,0.0,0.0,0.0,0.0,0.0,0.0,0.0,0.0,6373.9,69946.21,0.0,2026-10-08 09:20:18+00:00
10/08/2026 04:25:19,N,45.3119,0.0,0.0,0.0,0.0,0.0,0.0,0.0,0.0,0.0,0.0,0.0,0.0,0.0,0.0,6382.44,69899.82,0.0,2026-10-08 09:25:19+00:00
10/08/2026 04:30:20,N,44.9276,0.0,0.0,0.0,0.0,0.0,0.0,0.0,0.0,0.0,0.0,0.0,0.0,0.0,0.0,6381.96,69828.84,0.0,2026-10-08 09:30:20+00:00
10/08/2026 04:35:17,N,44.7045,0.0,0.0,0.0,0.0,0.0,0.0,0.0,0.0,0.0,0.0,0.0,0.0,0.0,0.0,6454.74,69871.64,0.0,2026-10-08 09:35:17+00:00
10/08/2026 04:40:19,N,45.554,0.0,0.0,0.0,0.0,0.0,0.0,0.0,0.0,0.0,0.0,0.0,0.0,0.0,0.0,6441.33,69772.85,0.0,2026-10-08 09:40:19+00:00
10/08/2026 04:45:19,N,45.5857,0.0,0.0,0.0,0.0,0.0,0.0,0.0,0.0,0.0,0.0,0.0,0.0,0.0,0.0,6447.44,69694.38,0.0,2026-10-08 09:45:19+00:00
10/08/2026 04:50:19,N,45.1813,0.0,0.0,0.0,0.0,0.0,0.0,0.0,0.0,0.0,0.0,0.0,0.0,0.0,0.0,6454.28,69614.26,0.0,2026-10-08 09:50:19+00:00
10/08/2026 04:55:19,N,44.6183,0.0,0.0,0.0,0.0,0.0,0.0,0.0,0.0,0.0,0.0,0.0,0.0,0.0,0.0,6541.14,69558.23,0.0,2026-10-08 09:55:19+00:00
10/08/2026 05:00:22,N,44.1725,0.0,0.0,0.0,0.0,0.0,0.0,0.0,0.0,0.0,0.0,0.0,0.0,0.0,0.0,6568.68,69470.68,0.0,2026-10-08 10:00:22+00:00
10/08/2026 05:04:03,N,47.0877,0.0,0.0,0.0,0.0,0.0,0.0,0.0,0.0,0.0,0.0,0.0,0.0,0.0,0.0,6610.0,69436.27,0.0,2026-10-08 10:04:03+00:00
10/08/2026 05:05:19,N,50.6225,0.0,0.0,0.0,0.0,0.0,0.0,0.0,0.0,0.0,0.0,0.0,0.0,0.0,0.0,6610.9,69412.59,0.0,2026-10-08 10:05:19+00:00
10/08/2026 05:10:18,N,50.7451,0.0,0.0,0.0,0.0,0.0,0.0,0.0,0.0,0.0,0.0,0.0,0.0,0.0,0.0,6597.75,69432.08,0.0,2026-10-08 10:10:18+00:00
10/08/2026 05:15:19,N,51.3123,0.0,0.0,0.0,0.0,0.0,0.0,0.0,0.0,0.0,0.0,0.0,0.0,0.0,0.0,6590.16,69321.27,0.0,2026-10-08 10:15:19+00:00
10/08/2026 05:20:21,N,48.4664,0.0,0.0,0.0,0.0,0.0,0.0,0.0,0.0,0.0,0.0,0.0,0.0,0.0,0.0,6631.02,69424.69,0.0,2026-10-08 10:20:21+00:00
10/08/2026 05:25:18,N,47.5383,0.0,0.0,0.0,0.0,0.0,0.0,0.0,0.0,0.0,0.0,0.0,0.0,0.0,0.0,6707.88,69309.07,0.0,2026-10-08 10:25:18+00:00
10/08/2026 05:30:19,N,49.9938,0.0,0.0,0.0,0.0,0.0,0.0,0.0,0.0,0.0,0.0,0.0,0.0,0.0,0.0,6480.25,69438.37,0.0,2026-10-08 10:30:19+00:00
10/08/2026 05:34:18,N,55.4586,0.0,0.0,0.0,0.0,0.0,0.0,0.0,0.0,0.0,0.0,0.0,0.0,0.0,0.0,6471.3,69359.8,0.0,2026-10-08 10:34:18+00:00
10/08/2026 05:35:19,N,55.6246,0.0,0.0,0.0,0.0,0.0,0.0,0.0,0.0,0.0,0.0,0.0,0.0,0.0,0.0,6469.44,69333.2,0.0,2026-10-08 10:35:19+00:00
10/08/2026 05:40:20,N,58.0303,0.0,0.0,0.0,0.0,0.0,0.0,0.0,0.0,0.0,0.0,0.0,0.0,0.0,0.0,6461.42,69324.12,0.0,2026-10-08 10:40:20+00:00
10/08/2026 05:45:19,N,54.5645,0.0,0.0,0.0,0.0,0.0,0.0,0.0,0.0,0.0,0.0,0.0,0.0,0.0,0.0,6536.47,69398.48,0.0,2026-10-08 10:45:19+00:00
10/08/2026 05:50:20,N,58.14,0.0,0.0,0.0,0.0,0.0,0.0,0.0,0.0,0.0,0.0,0.0,0.0,0.0,0.0,6430.8,69378.66,0.0,2026-10-08 10:50:20+00:00
10/08/2026 05:55:20,N,58.0605,0.0,0.0,0.0,0.0,0.0,0.0,0.0,0.0,0.0,0.0,0.0,0.0,0.0,0.0,6598.71,69315.22,0.0,2026-10-08 10:55:20+00:00
10/08/2026 06:00:20,N,48.9706,0.0,0.0,0.0,0.0,0.0,0.0,0.0,0.0,0.0,0.0,0.0,0.0,0.0,0.0,6450.15,69119.06,0.0,2026-10-08 11:00:20+00:00
10/08/2026 06:05:20,N,52.0498,0.0,0.0,0.0,0.0,0.0,0.0,0.0,0.0,0.0,0.0,0.0,0.0,0.0,0.0,6443.06,69013.27,0.0,2026-10-08 11:05:20+00:00
10/08/2026 06:10:20,N,57.1729,0.0,0.0,0.0,0.0,0.0,0.0,0.0,0.0,0.0,0.0,0.0,0.0,0.0,0.0,6298.02,68884.15,0.0,2026-10-08 11:10:20+00:00
10/08/2026 06:15:20,N,50.7332,0.0,0.0,0.0,0.0,0.0,0.0,0.0,0.0,0.0,0.0,0.0,0.0,0.0,0.0,6299.7,68867.95,0.0,2026-10-08 11:15:20+00:00
10/08/2026 06:20:22,N,53.457,0.0,0.0,0.0,0.0,0.0,0.0,0.0,0.0,0.0,0.0,0.0,0.0,0.0,0.0,6267.76,68732.44,0.0,2026-10-08 11:20:22+00:00
10/08/2026 06:25:19,N,52.5868,0.0,0.0,0.0,0.0,0.0,0.0,0.0,0.0,0.0,0.0,0.0,0.0,0.0,0.0,6253.43,68705.46,0.0,2026-10-08 11:25:19+00:00
10/08/2026 06:30:20,N,52.3397,0.0,0.0,0.0,0.0,0.0,0.0,0.0,0.0,0.0,0.0,0.0,0.0,0.0,0.0,6250.14,68588.4,0.0,2026-10-08 11:30:20+00:00
10/08/2026 06:35:26,N,53.8969,0.0,0.0,0.0,0.0,0.0,0.0,0.0,0.0,0.0,0.0,0.0,0.0,0.0,0.0,6232.3,68471.95,0.0,2026-10-08 11:35:26+00:00
10/08/2026 06:40:20,N,57.2988,0.0,0.0,0.0,0.0,0.0,0.0,0.0,0.0,0.0,0.0,0.0,0.0,0.0,0.0,6211.4,68374.41,0.0,2026-10-08 11:40:20+00:00
10/08/2026 06:45:22,N,55.045,0.0,0.0,0.0,0.0,0.0,0.0,0.0,0.0,0.0,0.0,0.0,0.0,0.0,0.0,6452.73,68676.56,0.0,2026-10-08 11:45:22+00:00
10/08/2026 06:50:20,N,55.7162,0.0,0.0,0.0,0.0,0.0,0.0,0.0,0.0,0.0,0.0,0.0,0.0,0.0,0.0,6256.62,68822.93,0.0,2026-10-08 11:50:20+00:00
10/08/2026 06:55:21,N,52.365,1.34,0.0,0.0,0.0,0.0,0.0,0.0,0.0,1.36,0.0,0.0,0.0,0.0,0.0,6253.28,68759.88,0.0,2026-10-08 11:55:21+00:00
10/08/2026 07:00:24,N,48.4689,1.02,0.0,0.0,0.0,0.0,0.0,0.0,0.0,4.68,0.0,0.0,0.0,0.0,0.0,6299.46,68693.19,0.0,2026-10-08 12:00:24+00:00
10/08/2026 07:05:21,N,51.1949,0.69,0.0,0.0,0.0,0.0,0.0,0.0,0.0,7.99,0.0,0.0,0.0,0.0,0.0,6491.3,68982.8,0.0,2026-10-08 12:05:21+00:00
10/08/2026 07:10:23,N,50.8717,0.7,0.0,0.0,0.0,0.0,0.0,0.0,0.0,11.31,0.0,0.0,0.0,0.0,0.0,6829.65,69226.12,0.0,2026-10-08 12:10:23+00:00
10/08/2026 07:15:23,N,49.866,0.27,0.0,0.0,0.0,0.0,0.0,0.0,0.0,14.63,0.0,0.0,0.0,0.0,0.0,7075.21,69434.15,0.0,2026-10-08 12:15:23+00:00
10/08/2026 07:20:23,N,48.3686,0.59,0.0,0.0,0.0,0.0,0.0,0.0,0.0,17.94,0.0,0.0,0.0,0.0,0.0,7132.83,69498.46,0.0,2026-10-08 12:20:23+00:00
10/08/2026 07:25:23,N,46.502,1.65,0.0,0.0,0.0,0.0,0.0,0.0,0.0,19.9,0.0,0.0,0.0,0.0,0.0,7139.03,69485.2,0.0,2026-10-08 12:25:23+00:00
10/08/2026 07:30:25,N,44.1444,1.8,0.0,0.0,0.0,0.0,0.0,0.0,0.0,19.9,0.0,0.0,0.0,0.0,0.0,7131.6,69576.91,0.0,2026-10-08 12:30:25+00:00
10/08/2026 07:35:24,N,44.4049,0.78,0.0,0.0,0.0,0.0,0.0,0.0,0.0,19.9,0.0,0.0,0.0,0.0,0.0,7129.64,69857.63,0.0,2026-10-08 12:35:24+00:00
10/08/2026 07:40:23,N,46.039,0.19,0.0,0.0,0.0,0.0,0.0,0.0,0.0,19.9,0.0,0.0,0.0,0.0,0.0,7107.71,69980.16,0.0,2026-10-08 12:40:23+00:00
10/08/2026 07:45:22,N,46.6279,0.87,0.0,0.0,0.0,0.0,0.0,0.0,0.0,19.9,0.0,0.0,0.0,0.0,0.0,7018.92,70088.77,0.0,2026-10-08 12:45:22+00:00
10/08/2026 07:50:22,N,44.203,1.4,0.0,0.0,0.0,0.0,0.0,0.0,0.0,19.9,0.0,0.0,0.0,0.0,0.0,7032.49,70602.66,0.0,2026-10-08 12:50:22+00:00
10/08/2026 07:55:21,N,45.2633,0.98,0.0,0.0,0.0,0.0,0.0,0.0,0.0,19.9,0.0,0.0,0.0,0.0,0.0,7010.66,71260.51,0.0,2026-10-08 12:55:21+00:00
10/08/2026 08:00:31,N,55.2463,0.0,0.0,0.0,0.0,0.0,0.0,0.0,0.0,0.0,0.0,0.0,0.0,0.0,0.0,6822.31,72136.88,0.0,2026-10-08 13:00:31+00:00
10/08/2026 08:05:23,N,46.7106,2.28,0.0,0.0,0.0,0.0,0.0,0.0,0.0,14.77,0.0,0.0,0.0,0.0,0.0,6593.31,72657.47,0.0,2026-10-08 13:05:23+00:00
10/08/2026 08:10:20,N,40.3269,1.86,0.0,0.0,0.0,0.0,0.0,0.0,0.0,14.94,0.0,0.0,0.0,0.0,0.0,6447.71,73859.45,0.0,2026-10-08 13:10:20+00:00
10/08/2026 08:15:21,N,39.5193,1.1,0.0,0.0,0.0,0.0,0.0,0.0,0.0,14.79,0.0,0.0,0.0,0.0,0.0,6299.59,75180.01,0.0,2026-10-08 13:15:21+00:00
10/08/2026 08:20:20,N,37.698,0.98,0.0,0.0,0.0,0.0,0.0,0.0,0.0,4.13,0.0,0.0,0.0,0.0,0.0,5939.53,76588.59,0.0,2026-10-08 13:20:20+00:00
10/08/2026 08:25:20,N,30.8416,0.0,0.0,0.0,0.0,0.0,0.0,0.0,0.0,0.0,0.0,0.0,0.0,0.0,0.0,6041.88,77983.69,0.0,2026-10-08 13:25:20+00:00
10/08/2026 08:30:19,N,29.1012,0.0,0.0,0.0,0.0,0.0,0.0,0.0,0.0,0.0,0.0,0.0,0.0,0.0,0.0,5859.52,79695.51,0.0,2026-10-08 13:30:19+00:00
10/08/2026 08:35:19,N,26.4372,0.0,0.0,0.0,0.0,0.0,0.0,0.0,0.0,0.0,0.0,0.0,0.0,0.0,0.0,5520.62,81043.95,0.0,2026-10-08 13:35:19+00:00
10/08/2026 08:40:19,N,26.5346,0.0,0.0,0.0,0.0,0.0,0.0,0.0,0.0,0.0,0.0,0.0,0.0,0.0,0.0,4874.91,82876.91,0.0,2026-10-08 13:40:19+00:00
10/08/2026 08:45:18,N,25.7045,0.0,0.0,0.0,0.0,0.0,0.0,0.0,0.0,0.0,0.0,0.0,0.0,0.0,0.0,4621.71,83669.51,0.0,2026-10-08 13:45:18+00:00
10/08/2026 08:50:18,N,25.1377,0.0,0.0,0.0,0.0,0.0,0.0,0.0,0.0,0.0,0.0,0.0,0.0,0.0,0.0,4341.96,85113.02,0.0,2026-10-08 13:50:18+00:00
10/08/2026 08:55:20,N,24.4479,0.0,0.0,0.0,0.0,0.0,0.0,0.0,0.0,0.0,0.0,0.0,0.0,0.0,0.0,4053.46,86466.1,0.0,2026-10-08 13:55:20+00:00
10/08/2026 09:00:21,N,27.2434,0.0,0.0,0.0,0.0,0.0,0.0,0.0,0.0,0.0,0.0,0.0,0.0,0.0,0.0,3644.35,87783.88,0.0,2026-10-08 14:00:21+00:00
10/08/2026 09:05:19,N,26.1406,0.0,0.0,0.0,0.0,0.0,0.0,0.0,0.0,0.0,0.0,0.0,0.0,0.0,0.0,3612.67,88783.3,0.0,2026-10-08 14:05:19+00:00
10/08/2026 09:10:19,N,25.3708,0.0,0.0,0.0,0.0,0.0,0.0,0.0,0.0,0.0,0.0,0.0,0.0,0.0,0.0,3699.5,89544.84,0.0,2026-10-08 14:10:19+00:00
10/08/2026 09:15:19,N,24.4033,0.0,0.0,0.0,0.0,0.0,0.0,0.0,0.0,0.0,0.0,0.0,0.0,0.0,0.0,3723.64,90806.93,0.0,2026-10-08 14:15:19+00:00
10/08/2026 09:20:22,N,25.1566,0.0,0.0,0.0,0.0,0.0,0.0,0.0,0.0,0.0,0.0,0.0,0.0,0.0,0.0,3781.42,91763.16,0.0,2026-10-08 14:20:22+00:00
10/08/2026 09:25:18,N,24.5602,0.0,0.0,0.0,0.0,0.0,0.0,0.0,0.0,0.0,0.0,0.0,0.0,0.0,0.0,3720.75,92409.73,0.0,2026-10-08 14:25:18+00:00
10/08/2026 09:30:19,N,24.837,0.0,0.0,0.0,0.0,0.0,0.0,0.0,0.0,0.0,0.0,0.0,0.0,0.0,0.0,3602.47,92983.15,0.0,2026-10-08 14:30:19+00:00
10/08/2026 09:35:18,N,25.5231,0.0,0.0,0.0,0.0,0.0,0.0,0.0,0.0,0.0,0.0,0.0,0.0,0.0,0.0,3607.21,93382.01,0.0,2026-10-08 14:35:18+00:00
10/08/2026 09:40:19,N,26.591,0.0,0.0,0.0,0.0,0.0,0.0,0.0,0.0,0.0,0.0,0.0,0.0,0.0,0.0,3650.06,93501.82,0.0,2026-10-08 14:40:19+00:00
10/08/2026 09:45:18,N,26.8818,0.0,0.0,0.0,0.0,0.0,0.0,0.0,0.0,0.0,0.0,0.0,0.0,0.0,0.0,3731.33,94006.05,0.0,2026-10-08 14:45:18+00:00
10/08/2026 09:50:18,N,26.2823,0.0,0.0,0.0,0.0,0.0,0.0,0.0,0.0,0.0,0.0,0.0,0.0,0.0,0.0,3829.05,94472.47,0.0,2026-10-08 14:50:18+00:00
10/08/2026 09:55:19,N,28.4319,0.0,0.0,0.0,0.0,0.0,0.0,0.0,0.0,0.0,0.0,0.0,0.0,0.0,0.0,3950.24,94829.24,0.0,2026-10-08 14:55:19+00:00
10/08/2026 10:00:22,N,26.9566,0.0,0.0,0.0,0.0,0.0,0.0,0.0,0.0,0.0,0.0,0.0,0.0,0.0,0.0,3997.84,95156.91,0.0,2026-10-08 15:00:22+00:00
10/08/2026 10:05:20,N,27.7791,0.0,0.0,0.0,0.0,0.0,0.0,0.0,0.0,0.0,0.0,0.0,0.0,0.0,0.0,4121.98,95505.26,0.0,2026-10-08 15:05:20+00:00
10/08/2026 10:10:19,N,27.0629,0.0,0.0,0.0,0.0,0.0,0.0,0.0,0.0,0.0,0.0,0.0,0.0,0.0,0.0,4170.6,95753.19,0.0,2026-10-08 15:10:19+00:00
10/08/2026 10:15:20,N,27.3287,0.0,0.0,0.0,0.0,0.0,0.0,0.0,0.0,0.0,0.0,0.0,0.0,0.0,0.0,4301.28,95907.45,0.0,2026-10-08 15:15:20+00:00
10/08/2026 10:20:18,N,28.5524,0.0,0.0,0.0,0.0,0.0,0.0,0.0,0.0,0.0,0.0,0.0,0.0,0.0,0.0,4302.94,96251.91,0.0,2026-10-08 15:20:18+00:00
10/08/2026 10:25:18,N,24.8583,0.0,0.0,0.0,0.0,0.0,0.0,0.0,0.0,0.0,0.0,0.0,0.0,0.0,0.0,4470.63,96292.69,0.0,2026-10-08 15:25:18+00:00
10/08/2026 10:30:20,N,24.1748,0.0,0.0,0.0,0.0,0.0,0.0,0.0,0.0,0.0,0.0,0.0,0.0,0.0,0.0,4390.59,96520.48,0.0,2026-10-08 15:30:20+00:00
10/08/2026 10:35:19,N,24.4632,0.0,0.0,0.0,0.0,0.0,0.0,0.0,0.0,0.0,0.0,0.0,0.0,0.0,0.0,4530.23,96735.76,0.0,2026-10-08 15:35:19+00:00
10/08/2026 10:40:18,N,24.7553,0.0,0.0,0.0,0.0,0.0,0.0,0.0,0.0,0.0,0.0,0.0,0.0,0.0,0.0,4599.61,96822.41,0.0,2026-10-08 15:40:18+00:00
10/08/2026 10:45:17,N,22.8583,0.0,0.0,0.0,0.0,0.0,0.0,0.0,0.0,0.0,0.0,0.0,0.0,0.0,0.0,4816.83,96831.23,0.0,2026-10-08 15:45:17+00:00
10/08/2026 10:50:18,N,22.6994,0.0,0.0,0.0,0.0,0.0,0.0,0.0,0.0,0.0,0.0,0.0,0.0,0.0,0.0,4847.75,96896.81,0.0,2026-10-08 15:50:18+00:00
10/08/2026 10:55:18,N,25.1896,0.0,0.0,0.0,0.0,0.0,0.0,0.0,0.0,0.0,0.0,0.0,0.0,0.0,0.0,4997.55,96909.72,0.0,2026-10-08 15:55:18+00:00
10/08/2026 11:00:22,N,22.099,0.0,0.0,0.0,0.0,0.0,0.0,0.0,0.0,0.0,0.0,0.0,0.0,0.0,0.0,5156.56,96798.03,0.0,2026-10-08 16:00:22+00:00
10/08/2026 11:05:19,N,21.9402,0.0,0.0,0.0,0.0,0.0,0.0,0.0,0.0,0.0,0.0,0.0,0.0,0.0,0.0,5323.04,96842.83,0.0,2026-10-08 16:05:19+00:00
10/08/2026 11:10:24,N,23.2963,0.0,0.0,0.0,0.0,0.0,0.0,0.0,0.0,0.0,0.0,0.0,0.0,0.0,0.0,5500.58,96732.0,0.0,2026-10-08 16:10:24+00:00
10/08/2026 11:15:20,N,22.4521,0.0,0.0,0.0,0.0,0.0,0.0,0.0,0.0,0.0,0.0,0.0,0.0,0.0,0.0,5707.52,96816.38,0.0,2026-10-08 16:15:20+00:00
10/08/2026 11:20:19,N,22.4291,0.0,0.0,0.0,0.0,0.0,0.0,0.0,0.0,0.0,0.0,0.0,0.0,0.0,0.0,5946.81,96656.09,0.0,2026-10-08 16:20:19+00:00
10/08/2026 11:25:20,N,22.0793,0.0,0.0,0.0,0.0,0.0,0.0,0.0,0.0,0.0,0.0,0.0,0.0,0.0,0.0,6233.41,96541.29,0.0,2026-10-08 16:25:20+00:00
10/08/2026 11:30:19,N,28.5791,0.0,0.0,0.0,0.0,0.0,0.0,0.0,0.0,0.0,0.0,0.0,0.0,0.0,0.0,6545.95,96381.84,0.0,2026-10-08 16:30:19+00:00
10/08/2026 11:35:18,N,27.8425,0.0,0.0,0.0,0.0,0.0,0.0,0.0,0.0,0.0,0.0,0.0,0.0,0.0,0.0,6779.65,96675.94,0.0,2026-10-08 16:35:18+00:00
10/08/2026 11:40:17,N,27.7663,0.0,0.0,0.0,0.0,0.0,0.0,0.0,0.0,0.0,0.0,0.0,0.0,0.0,0.0,6829.76,96498.09,0.0,2026-10-08 16:40:17+00:00
10/08/2026 11:45:19,N,27.4511,0.0,0.0,0.0,0.0,0.0,0.0,0.0,0.0,0.0,0.0,0.0,0.0,0.0,0.0,7143.05,96376.04,0.0,2026-10-08 16:45:19+00:00
10/08/2026 11:50:18,N,26.0466,0.0,0.0,0.0,0.0,0.0,0.0,0.0,0.0,0.0,0.0,0.0,0.0,0.0,0.0,7374.71,96176.91,0.0,2026-10-08 16:50:18+00:00
10/08/2026 11:55:19,N,25.837,0.0,0.0,0.0,0.0,0.0,0.0,0.0,0.0,0.0,0.0,0.0,0.0,0.0,0.0,7461.22,95943.8,0.0,2026-10-08 16:55:19+00:00
10/08/2026 12:00:20,N,21.3084,0.0,0.0,0.0,0.0,0.0,0.0,0.0,0.0,0.0,0.0,0.0,0.0,0.0,0.0,7541.3,95881.54,0.0,2026-10-08 17:00:20+00:00
10/08/2026 12:05:19,N,22.1194,0.0,0.0,0.0,0.0,0.0,0.0,0.0,0.0,0.0,0.0,0.0,0.0,0.0,0.0,7625.54,96052.67,0.0,2026-10-08 17:05:19+00:00
10/08/2026 12:10:19,N,23.1822,0.0,0.0,0.0,0.0,0.0,0.0,0.0,0.0,0.0,0.0,0.0,0.0,0.0,0.0,7942.96,96228.69,0.0,2026-10-08 17:10:19+00:00
10/08/2026 12:15:19,N,23.593,0.0,0.0,0.0,0.0,0.0,0.0,0.0,0.0,0.0,0.0,0.0,0.0,0.0,0.0,8010.54,96165.77,0.0,2026-10-08 17:15:19+00:00
10/08/2026 12:20:18,N,25.9112,0.0,0.0,0.0,0.0,0.0,0.0,0.0,0.0,0.0,0.0,0.0,0.0,0.0,0.0,7917.69,95407.24,0.0,2026-10-08 17:20:18+00:00
10/08/2026 12:25:18,N,26.3415,0.0,0.0,0.0,0.0,0.0,0.0,0.0,0.0,0.0,0.0,0.0,0.0,0.0,0.0,8004.26,95313.23,0.0,2026-10-08 17:25:18+00:00
10/08/2026 12:30:17,N,24.5802,0.0,0.0,0.0,0.0,0.0,0.0,0.0,0.0,0.0,0.0,0.0,0.0,0.0,0.0,8161.28,95646.43,0.0,2026-10-08 17:30:17+00:00
10/08/2026 12:35:17,N,26.3456,0.11,0.0,0.0,0.0,0.0,0.0,0.0,9.12,0.0,0.0,0.0,0.0,0.0,0.0,8402.32,95835.3,0.0,2026-10-08 17:35:17+00:00
10/08/2026 12:38:06,N,27.5746,0.0,0.0,0.0,0.0,0.0,0.0,0.0,11.63,0.0,0.0,0.0,0.0,0.0,0.0,8380.45,95861.94,0.0,2026-10-08 17:38:06+00:00
10/08/2026 12:40:18,N,31.1501,0.0,0.0,0.0,0.0,0.0,0.0,0.0,11.83,0.0,0.0,0.0,0.0,0.0,0.0,8340.3,95693.02,0.0,2026-10-08 17:40:18+00:00
10/08/2026 12:45:18,N,32.4324,0.0,0.0,0.0,0.0,0.0,0.0,0.0,12.15,0.0,0.0,0.0,0.0,0.0,0.0,8399.61,95854.34,0.0,2026-10-08 17:45:18+00:00
10/08/2026 12:50:18,N,39.8219,0.0,0.0,0.0,0.0,0.0,0.0,0.0,13.46,0.0,0.0,0.0,0.0,0.0,0.0,8403.65,95625.02,0.0,2026-10-08 17:50:18+00:00
10/08/2026 12:55:22,N,37.1734,0.0,0.0,0.0,0.0,0.0,0.0,0.0,13.86,0.0,0.0,0.0,0.0,0.0,0.0,8643.0,95735.66,0.0,2026-10-08 17:55:22+00:00
10/08/2026 13:00:22,N,39.7726,0.0,0.0,0.0,0.0,0.0,0.0,0.0,15.01,0.0,0.0,0.0,0.0,0.0,0.0,8727.05,95726.64,0.0,2026-10-08 18:00:22+00:00
10/08/2026 13:05:19,N,40.2275,0.0,0.0,0.0,0.0,0.0,0.0,0.0,15.97,0.0,0.0,0.0,0.0,0.0,0.0,8720.95,95714.85,0.0,2026-10-08 18:05:19+00:00
10/08/2026 13:10:18,N,39.3807,0.0,0.0,0.0,0.0,0.0,0.0,0.0,24.02,0.0,0.0,0.0,0.0,0.0,0.0,8948.86,96116.44,0.0,2026-10-08 18:10:18+00:00
10/08/2026 13:15:18,N,34.239,0.0,0.0,0.0,0.0,0.0,0.0,0.0,30.51,0.0,0.0,0.0,0.0,0.0,0.0,8877.26,96652.17,0.0,2026-10-08 18:15:18+00:00
10/08/2026 13:20:18,N,40.6371,0.0,0.0,0.0,0.0,0.0,0.0,0.0,33.02,0.0,0.0,0.0,0.0,0.0,0.0,8737.14,96177.09,0.0,2026-10-08 18:20:18+00:00
10/08/2026 13:25:18,N,47.1103,0.0,0.0,0.02,0.0,0.0,0.0,0.0,33.62,0.0,0.0,0.0,0.0,0.0,0.0,8848.92,96159.2,0.0,2026-10-08 18:25:18+00:00
10/08/2026 13:30:19,N,45.6719,0.0,0.0,0.0,0.0,0.0,0.0,0.0,36.25,0.0,0.0,0.0,0.0,0.0,0.0,8886.91,96336.77,0.0,2026-10-08 18:30:19+00:00
10/08/2026 13:35:19,N,52.5127,0.0,0.0,0.0,0.0,0.0,0.0,0.0,31.63,0.0,0.0,0.0,0.0,0.0,0.0,8878.58,96357.31,0.0,2026-10-08 18:35:19+00:00
10/08/2026 13:40:20,N,58.7434,0.0,0.0,0.04,0.0,0.0,0.0,0.0,40.91,0.0,0.0,0.0,0.0,0.0,0.0,8809.74,96492.77,0.0,2026-10-08 18:40:20+00:00
10/08/2026 13:45:18,N,49.6642,0.0,0.0,0.0,0.0,0.0,0.0,0.0,33.1,0.0,0.0,0.0,0.0,0.0,0.0,8945.48,96953.0,0.0,2026-10-08 18:45:18+00:00
10/08/2026 13:50:20,N,47.0233,0.0,0.0,0.0,0.0,0.0,0.0,0.0,35.1,0.0,0.0,0.0,0.0,0.0,0.0,9083.48,97415.05,0.0,2026-10-08 18:50:20+00:00
10/08/2026 13:55:19,N,45.3756,0.0,0.0,0.0,0.0,0.0,0.0,0.0,45.81,0.0,0.0,0.0,0.0,0.0,0.0,9152.68,97319.46,0.0,2026-10-08 18:55:19+00:00
10/08/2026 14:00:21,N,58.3623,0.0,0.0,1.75,0.0,0.0,0.0,0.0,61.07,0.0,0.0,0.0,0.0,0.0,0.0,9334.89,97292.08,0.0,2026-10-08 19:00:21+00:00
10/08/2026 14:05:19,N,52.7297,0.0,0.0,0.0,0.0,0.0,0.0,0.0,54.18,0.0,0.0,0.0,0.0,0.0,0.0,9408.37,97945.25,0.0,2026-10-08 19:05:19+00:00
10/08/2026 14:10:19,N,55.7477,0.0,0.0,0.0,0.0,0.0,0.0,0.0,66.33,0.0,0.0,0.0,0.0,0.0,0.0,9592.79,97901.4,0.0,2026-10-08 19:10:19+00:00
10/08/2026 14:15:19,N,60.9789,0.0,0.0,0.0,0.0,0.0,0.0,0.0,61.31,0.0,0.0,0.0,0.0,0.0,0.0,9569.73,97413.78,0.0,2026-10-08 19:15:19+00:00
10/08/2026 14:20:19,N,58.0723,0.0,0.0,0.0,0.0,0.0,0.0,0.0,70.0,0.0,0.0,0.0,0.0,0.0,0.0,9435.98,97628.13,0.0,2026-10-08 19:20:19+00:00
10/08/2026 14:25:18,N,56.9054,0.0,0.0,0.0,0.0,0.0,0.0,0.0,64.5,0.0,0.0,0.0,0.0,0.0,0.0,9385.53,98091.38,0.0,2026-10-08 19:25:18+00:00
10/08/2026 14:30:20,N,59.5582,0.0,0.0,0.0,0.0,0.0,0.0,0.0,70.0,0.0,0.0,0.0,0.0,0.0,0.0,9507.2,97924.88,0.0,2026-10-08 19:30:20+00:00
10/08/2026 14:35:18,N,50.9314,0.0,0.0,0.0,0.0,0.0,0.0,0.0,65.58,0.0,0.0,0.0,0.0,0.0,0.0,9820.92,98550.95,0.0,2026-10-08 19:35:18+00:00
10/08/2026 14:40:20,N,48.2871,0.05,0.0,0.0,0.0,0.0,0.0,0.0,66.89,0.0,0.0,0.0,0.0,0.0,0.0,10024.44,98795.67,0.0,2026-10-08 19:40:20+00:00
10/08/2026 14:45:19,N,58.0511,0.0,0.0,0.0,0.0,0.0,0.0,0.0,70.0,0.0,0.0,0.0,0.0,0.0,0.0,10010.04,98363.91,0.0,2026-10-08 19:45:19+00:00
10/08/2026 14:50:19,N,48.6012,0.0,0.0,0.0,0.0,0.0,0.0,0.0,66.89,0.0,0.0,0.0,0.0,0.0,0.0,10159.24,99079.74,0.0,2026-10-08 19:50:19+00:00
10/08/2026 14:55:18,N,44.3957,0.54,0.0,0.0,0.0,0.0,0.0,0.0,70.0,0.0,0.0,0.0,0.0,0.0,0.0,10295.4,99403.09,0.0,2026-10-08 19:55:18+00:00
10/08/2026 15:00:20,N,39.105,2.64,0.0,0.0,0.0,0.0,0.0,0.0,65.02,0.0,0.0,0.0,0.0,0.0,0.0,10303.96,99317.16,0.0,2026-10-08 20:00:20+00:00
10/08/2026 15:05:21,N,56.6172,0.0,0.0,0.0,0.0,0.0,0.0,0.0,67.97,0.0,0.0,0.0,0.0,0.0,0.0,10485.12,99442.01,0.0,2026-10-08 20:05:21+00:00
10/08/2026 15:10:20,N,42.9034,2.38,0.0,0.0,0.0,0.0,0.0,0.0,70.0,0.0,0.0,0.0,0.0,0.0,0.0,10642.53,99549.56,0.0,2026-10-08 20:10:20+00:00
10/08/2026 15:15:19,N,44.6907,2.46,0.0,0.0,0.0,0.0,0.0,0.0,65.5,0.0,0.0,0.0,0.0,0.0,0.0,10659.29,99594.55,0.0,2026-10-08 20:15:19+00:00
10/08/2026 15:20:19,N,45.6498,2.1,0.0,0.0,0.0,0.0,0.0,0.0,66.06,0.0,0.0,0.0,0.0,0.0,0.0,10699.05,99940.86,0.0,2026-10-08 20:20:19+00:00
10/08/2026 15:25:18,N,46.8609,2.96,0.0,0.0,0.0,0.0,0.0,0.0,66.49,0.0,0.0,0.0,0.0,0.0,0.0,10802.75,100271.33,0.0,2026-10-08 20:25:18+00:00
10/08/2026 15:30:19,N,51.9156,0.19,0.0,0.0,0.0,0.0,0.0,0.0,70.0,0.0,0.0,0.0,0.0,0.0,0.0,10754.84,100206.77,0.0,2026-10-08 20:30:19+00:00
10/08/2026 15:35:18,N,63.7919,0.0,0.0,0.0,0.0,0.0,0.0,0.0,70.0,0.0,0.0,0.0,0.0,0.0,0.0,10768.49,100143.73,0.0,2026-10-08 20:35:18+00:00
10/08/2026 15:50:22,N,72.9488,0.0,0.0,0.0,0.0,0.0,0.0,0.0,73.71,0.0,0.0,0.0,0.0,0.0,0.0,11147.39,100060.81,0.0,2026-10-08 20:50:22+00:00
10/08/2026 15:55:22,N,66.5248,0.76,0.0,0.18,0.0,0.0,0.0,0.0,70.0,0.0,0.0,0.0,0.0,0.0,0.0,11106.42,99761.2,0.0,2026-10-08 20:55:22+00:00
10/08/2026 16:00:22,N,59.6285,0.0,0.0,0.0,0.0,0.0,0.0,0.0,70.4,0.0,0.0,0.0,0.0,0.0,0.0,11072.41,99669.66,0.0,2026-10-08 21:00:22+00:00
10/08/2026 16:05:21,N,55.0448,0.0,0.0,0.0,0.0,0.0,0.0,0.0,70.0,0.0,0.0,0.0,0.0,0.0,0.0,11234.84,99711.16,0.0,2026-10-08 21:05:21+00:00
10/08/2026 16:10:21,N,60.9964,0.0,0.0,0.0,0.0,0.0,0.0,0.0,70.0,0.0,0.0,0.0,0.0,0.0,0.0,11578.12,99818.94,0.0,2026-10-08 21:10:21+00:00
10/08/2026 16:15:21,N,64.1104,0.0,0.0,0.0,0.0,0.0,0.0,0.0,70.0,0.0,0.0,0.0,0.0,0.0,0.0,11543.03,99923.05,0.0,2026-10-08 21:15:21+00:00
10/08/2026 16:20:21,N,63.895,0.03,0.0,0.0,0.0,0.0,0.0,0.0,70.0,0.0,0.0,0.0,0.0,0.0,0.0,11582.89,100248.28,0.0,2026-10-08 21:20:21+00:00
10/08/2026 16:25:19,N,46.2548,7.16,0.0,0.0,0.0,0.0,0.0,0.0,70.0,0.0,0.0,0.0,0.0,0.0,0.0,11652.92,100816.38,0.0,2026-10-08 21:25:19+00:00
10/08/2026 16:30:21,N,73.9905,0.0,0.0,0.0,0.0,0.0,0.0,0.0,70.0,0.0,0.0,0.0,0.0,0.0,0.0,11592.82,100199.17,0.0,2026-10-08 21:30:21+00:00
10/08/2026 16:35:20,N,62.7328,0.0,0.0,0.0,0.0,0.0,0.0,0.0,70.0,0.0,0.0,0.0,0.0,0.0,0.0,11676.19,99914.41,0.0,2026-10-08 21:35:20+00:00
10/08/2026 16:40:20,N,73.7811,0.0,0.0,0.0,0.0,0.0,0.0,0.0,70.0,0.0,0.0,0.0,0.0,0.0,0.0,11647.94,100143.95,0.0,2026-10-08 21:40:20+00:00
10/08/2026 16:45:24,N,74.3913,0.0,0.0,0.0,0.0,0.0,0.0,0.0,70.0,0.0,0.0,0.0,0.0,0.0,0.0,11867.48,99520.46,0.0,2026-10-08 21:45:24+00:00
10/08/2026 16:47:53,N,61.5938,0.0,0.0,0.0,0.0,0.0,0.0,0.0,70.0,0.0,0.0,0.0,0.0,0.0,0.0,11862.87,99305.26,0.0,2026-10-08 21:47:53+00:00
10/08/2026 16:50:25,N,68.9438,1.04,0.0,0.0,0.0,0.0,0.0,0.0,70.0,0.0,0.0,0.0,0.0,0.0,0.0,11903.45,99211.52,0.0,2026-10-08 21:50:25+00:00
10/08/2026 16:55:21,N,67.1317,0.4,0.0,0.0,0.0,0.0,0.0,0.0,70.0,0.0,0.0,0.0,0.0,0.0,0.0,12336.72,99124.98,0.0,2026-10-08 21:55:21+00:00
10/08/2026 17:00:22,N,55.2535,1.25,0.0,0.0,0.0,0.0,0.0,0.0,70.0,0.0,0.0,0.0,0.0,0.0,0.0,12516.79,98790.6,0.0,2026-10-08 22:00:22+00:00
10/08/2026 17:05:22,N,66.1773,2.82,0.0,0.0,0.0,0.0,0.01,0.0,70.0,0.0,0.0,0.0,0.0,0.0,0.0,12626.91,98686.51,0.0,2026-10-08 22:05:22+00:00
10/08/2026 17:10:22,N,79.6261,0.0,0.0,0.0,0.0,0.0,0.01,0.0,70.0,0.0,0.0,0.0,0.0,0.0,0.0,12847.1,98347.09,0.0,2026-10-08 22:10:22+00:00
10/08/2026 17:15:25,N,98.7122,0.0,0.0,0.0,0.0,0.0,0.0,0.0,70.0,0.0,0.0,0.0,0.0,0.0,0.0,12836.8,97665.92,0.0,2026-10-08 22:15:25+00:00
10/08/2026 17:20:22,N,114.3655,0.0,0.0,0.0,0.0,0.0,0.0,0.0,70.0,0.0,0.0,0.0,0.0,0.0,0.0,12991.48,97356.06,0.0,2026-10-08 22:20:22+00:00
10/08/2026 17:25:22,N,115.5043,0.0,0.0,0.0,0.0,0.0,0.0,0.0,70.0,0.0,0.0,0.0,0.0,0.0,0.0,12850.44,96727.56,0.0,2026-10-08 22:25:22+00:00
10/08/2026 17:30:27,N,155.6522,0.0,0.0,0.0,0.0,0.0,0.0,0.0,70.0,0.0,0.0,0.0,0.0,0.0,0.0,12869.26,95814.9,0.0,2026-10-08 22:30:27+00:00
10/08/2026 17:35:22,N,159.7413,0.0,0.0,0.0,0.0,0.0,0.0,0.0,70.0,0.0,0.0,0.0,0.0,0.0,0.0,12792.69,94854.77,0.0,2026-10-08 22:35:22+00:00
10/08/2026 17:40:22,N,171.1469,0.0,0.0,0.0,0.0,0.0,0.0,0.0,70.0,0.0,0.0,0.0,0.0,0.0,0.0,12848.95,93778.72,0.0,2026-10-08 22:40:22+00:00
10/08/2026 17:45:23,N,186.1604,0.0,0.0,0.19,0.0,0.0,0.0,0.0,70.0,0.0,0.0,0.0,0.0,0.0,0.0,12976.4,92935.45,0.0,2026-10-08 22:45:23+00:00
10/08/2026 17:50:22,N,193.8802,0.0,0.01,0.0,0.0,0.0,0.01,0.0,70.0,0.0,0.0,0.0,0.0,0.0,0.0,12610.35,91373.11,0.0,2026-10-08 22:50:22+00:00
10/08/2026 17:55:22,N,203.6615,0.0,0.0,0.0,0.0,0.0,0.0,0.0,70.0,0.0,0.0,0.0,0.0,0.0,0.0,12285.39,90181.24,0.0,2026-10-08 22:55:22+00:00
10/08/2026 18:00:28,N,142.3862,0.0,0.03,0.0,0.0,0.0,0.03,0.0,70.0,0.0,0.0,0.0,0.0,0.0,0.0,11905.85,88865.29,0.0,2026-10-08 23:00:28+00:00
10/08/2026 18:05:24,N,153.0652,0.0,0.0,0.0,0.01,0.01,0.04,0.0,70.0,0.0,0.0,0.0,0.0,0.0,0.0,11327.44,87495.8,0.0,2026-10-08 23:05:24+00:00
10/08/2026 18:10:23,N,163.2245,0.0,0.0,0.0,0.0,0.0,0.01,0.0,70.0,0.0,0.0,0.0,0.0,0.0,0.0,11381.47,86401.87,0.0,2026-10-08 23:10:23+00:00
10/08/2026 18:15:23,N,195.8026,0.0,0.0,0.0,0.0,0.0,0.0,0.0,70.0,0.0,0.0,0.0,0.0,0.0,0.0,11308.83,84807.67,0.0,2026-10-08 23:15:23+00:00
10/08/2026 18:20:23,N,202.1354,0.0,0.25,0.0,0.03,0.03,0.25,0.0,70.0,0.0,0.0,0.0,0.0,0.0,0.0,11089.04,83552.52,0.0,2026-10-08 23:20:23+00:00
10/08/2026 18:25:23,N,218.2892,0.0,0.0,0.0,0.0,0.0,0.0,0.0,70.0,0.0,0.0,0.0,0.0,0.0,0.0,10875.93,82192.66,0.0,2026-10-08 23:25:23+00:00
10/08/2026 18:30:24,N,213.5813,0.32,0.05,0.0,0.05,0.07,0.21,0.0,70.0,0.0,0.0,0.0,0.0,0.0,0.0,10735.42,81007.56,0.0,2026-10-08 23:30:24+00:00
10/08/2026 18:35:24,N,228.3663,0.0,0.03,0.0,0.03,0.03,0.24,0.0,70.0,0.0,0.0,0.0,0.0,0.0,0.0,10500.47,80070.31,0.0,2026-10-08 23:35:24+00:00
10/08/2026 18:40:26,N,263.5805,2.38,0.13,0.0,0.08,0.13,0.52,0.0,70.0,0.0,0.0,0.0,0.0,0.0,0.0,10225.54,78658.87,0.0,2026-10-08 23:40:26+00:00
10/08/2026 18:43:02,N,292.6163,0.11,0.53,0.0,0.28,0.16,0.0,0.0,70.0,0.0,0.0,0.0,0.0,0.0,0.0,10144.35,78137.41,0.0,2026-10-08 23:43:02+00:00
10/08/2026 18:45:25,N,280.9128,3.07,1.1,0.0,0.26,0.27,1.1,0.0,70.0,0.0,0.0,0.0,0.0,0.0,0.0,10071.13,77794.69,0.0,2026-10-08 23:45:25+00:00
10/08/2026 18:50:37,N,292.4025,2.73,0.89,0.0,0.22,0.21,0.84,0.0,70.0,0.0,0.0,0.0,0.0,0.0,0.0,9888.06,77618.69,0.0,2026-10-08 23:50:37+00:00
10/08/2026 18:55:25,N,265.8319,1.92,0.17,0.0,0.24,0.53,2.23,0.0,70.0,0.0,0.0,0.0,0.0,0.0,0.0,9622.81,76980.98,0.0,2026-10-08 23:55:25+00:00
10/08/2026 19:00:27,N,248.675,0.0,0.0,0.0,0.0,0.0,0.0,0.0,70.0,0.0,0.0,0.0,0.0,0.0,0.0,9589.88,76435.09,0.0,2026-10-09 00:00:27+00:00
10/08/2026 19:05:26,N,267.6375,2.21,1.08,0.0,1.46,1.33,0.59,0.0,70.0,0.0,0.0,0.0,0.0,0.0,0.0,9369.83,76485.12,0.0,2026-10-09 00:05:26+00:00
10/08/2026 19:10:25,N,284.7551,0.09,0.0,0.0,0.0,0.0,0.0,0.0,70.0,0.0,0.0,0.0,0.0,0.0,0.0,9228.37,76333.95,0.0,2026-10-09 00:10:25+00:00
10/08/2026 19:15:26,N,261.5368,0.26,0.0,0.0,0.0,0.0,0.0,0.0,70.0,0.0,0.0,0.0,0.0,0.0,0.0,9345.03,76184.41,0.0,2026-10-09 00:15:26+00:00
10/08/2026 19:20:26,N,263.2424,2.36,0.09,0.0,0.09,0.18,0.72,0.0,70.0,0.0,0.0,0.0,0.0,0.0,0.0,9359.3,76283.3,0.0,2026-10-09 00:20:26+00:00
10/08/2026 19:25:25,N,253.5532,0.76,0.01,0.0,0.01,0.01,0.04,0.0,70.0,0.0,0.0,0.0,0.0,0.0,0.0,9227.46,76150.34,0.0,2026-10-09 00:25:25+00:00
10/08/2026 19:30:26,N,244.216,2.55,0.0,0.0,0.0,0.0,0.0,0.0,70.0,0.0,0.0,0.0,0.0,0.0,0.0,9279.03,76223.41,0.0,2026-10-09 00:30:26+00:00
10/08/2026 19:35:27,N,221.8326,2.75,0.03,0.0,0.0,0.0,0.0,0.0,70.0,0.0,0.0,0.0,0.0,0.0,0.0,9249.52,76364.79,0.0,2026-10-09 00:35:27+00:00
10/08/2026 19:40:24,N,224.7874,0.92,0.0,0.0,0.0,0.0,0.0,0.0,70.0,0.0,0.0,0.0,0.0,0.0,0.0,9318.66,76430.95,0.0,2026-10-09 00:40:24+00:00
10/08/2026 19:45:23,N,220.7919,0.15,2.04,0.0,0.0,0.0,0.0,0.0,70.0,0.0,0.0,0.0,0.0,0.0,0.0,9230.66,76484.78,0.0,2026-10-09 00:45:23+00:00
10/08/2026 19:50:27,N,219.8399,2.69,0.0,0.0,0.0,0.0,0.0,0.0,70.0,0.0,0.0,0.0,0.0,0.0,0.0,9243.08,76503.13,0.0,2026-10-09 00:50:27+00:00
10/08/2026 19:55:23,N,224.537,0.0,0.0,0.0,0.0,0.0,0.0,0.0,70.0,0.0,0.0,0.0,0.0,0.0,0.0,9188.02,76579.34,0.0,2026-10-09 00:55:23+00:00
10/08/2026 20:00:27,N,225.9073,0.66,0.0,0.0,0.0,0.0,0.0,0.0,70.0,0.0,0.0,0.0,0.0,0.0,0.0,9332.07,76485.94,0.0,2026-10-09 01:00:27+00:00
10/08/2026 20:05:25,N,225.757,1.38,0.0,0.0,0.0,0.0,0.0,0.0,70.0,0.0,0.0,0.0,0.0,0.0,0.0,9229.33,76485.45,0.0,2026-10-09 01:05:25+00:00
10/08/2026 20:10:24,N,209.2137,2.56,0.0,0.0,0.0,0.0,0.0,0.0,70.0,0.0,0.0,0.0,0.0,0.0,0.0,9195.2,76399.11,0.0,2026-10-09 01:10:24+00:00
10/08/2026 20:15:23,N,210.5932,0.77,0.0,0.0,0.0,0.0,0.0,0.0,70.0,0.0,0.0,0.0,0.0,0.0,0.0,9231.24,76439.08,0.0,2026-10-09 01:15:23+00:00
10/08/2026 20:20:24,N,196.1701,0.58,0.0,0.0,0.0,0.0,0.0,0.0,70.0,0.0,0.0,0.0,0.0,0.0,0.0,9250.96,76678.84,0.0,2026-10-09 01:20:24+00:00
10/08/2026 20:25:23,N,189.0821,0.0,0.0,0.0,0.0,0.0,0.0,0.0,70.0,0.0,0.0,0.0,0.0,0.0,0.0,9220.66,76815.32,0.0,2026-10-09 01:25:23+00:00
10/08/2026 20:30:23,N,175.6194,3.11,0.0,0.0,0.0,0.0,0.0,0.0,70.0,0.0,0.0,0.0,0.0,0.0,0.0,9200.04,76980.72,0.0,2026-10-09 01:30:23+00:00
10/08/2026 20:35:23,N,160.0838,3.23,0.0,0.0,0.0,0.0,0.0,0.0,70.0,0.0,0.0,0.0,0.0,0.0,0.0,9189.28,77129.14,0.0,2026-10-09 01:35:23+00:00
10/08/2026 20:40:23,N,144.369,0.0,0.0,0.0,0.0,0.0,0.0,0.0,70.0,0.0,0.0,0.0,0.0,0.0,0.0,9184.79,77217.34,0.0,2026-10-09 01:40:23+00:00
10/08/2026 20:45:22,N,131.4935,3.65,0.0,0.0,0.0,0.0,0.0,0.0,70.0,0.0,0.0,0.0,0.0,0.0,0.0,9166.74,77338.08,0.0,2026-10-09 01:45:22+00:00
10/08/2026 20:50:22,N,118.4696,5.35,0.0,0.0,0.0,0.0,0.0,0.0,70.0,0.0,0.0,0.0,0.0,0.0,0.0,9183.61,77557.25,0.0,2026-10-09 01:50:22+00:00
10/08/2026 20:55:21,N,112.9278,3.65,0.0,0.0,0.0,0.0,0.0,0.0,70.0,0.0,0.0,0.0,0.0,0.0,0.0,9164.16,77789.73,0.0,2026-10-09 01:55:21+00:00
10/08/2026 21:00:25,N,99.4482,3.46,0.0,0.0,0.0,0.0,0.0,0.0,70.0,0.0,0.0,0.0,0.0,0.0,0.0,9173.76,77917.45,0.0,2026-10-09 02:00:25+00:00
10/08/2026 21:05:26,N,113.7534,5.39,0.0,0.0,0.0,0.0,0.0,0.0,70.0,0.0,0.0,0.0,0.0,0.0,0.0,9184.2,78051.34,0.0,2026-10-09 02:05:26+00:00
10/08/2026 21:10:23,N,112.2576,4.73,0.0,0.0,0.0,0.0,0.0,0.0,70.0,0.0,0.0,0.0,0.0,0.0,0.0,9145.38,77773.19,0.0,2026-10-09 02:10:23+00:00
10/08/2026 21:15:23,N,105.6683,6.46,0.0,0.0,0.0,0.0,0.0,0.0,70.0,0.0,0.0,0.0,0.0,0.0,0.0,9138.18,77707.98,0.0,2026-10-09 02:15:23+00:00
10/08/2026 21:20:22,N,112.7105,7.09,0.0,0.0,0.0,0.0,0.0,0.0,70.0,0.0,0.0,0.0,0.0,0.0,0.0,9147.76,77369.16,0.0,2026-10-09 02:20:22+00:00
10/08/2026 21:25:22,N,110.706,5.31,0.0,0.0,0.0,0.0,0.0,0.0,70.0,0.0,0.0,0.0,0.0,0.0,0.0,9122.23,77109.77,0.0,2026-10-09 02:25:22+00:00
10/08/2026 21:30:22,N,115.0308,5.25,0.03,0.0,0.03,0.07,0.28,0.0,70.0,0.0,0.0,0.0,0.0,0.0,0.0,9119.1,76917.57,0.0,2026-10-09 02:30:22+00:00
10/08/2026 21:35:24,N,109.1465,4.73,0.0,0.0,0.0,0.0,0.0,0.0,70.0,0.0,0.0,0.0,0.0,0.0,0.0,9098.01,76803.69,0.0,2026-10-09 02:35:24+00:00
10/08/2026 21:40:23,N,116.2193,3.44,0.0,0.0,0.0,0.0,0.0,0.0,70.0,0.0,0.0,0.0,0.0,0.0,0.0,9138.79,76766.78,0.0,2026-10-09 02:40:23+00:00
10/08/2026 21:45:24,N,113.8993,4.28,0.0,0.0,0.0,0.0,0.0,0.0,70.0,0.0,0.0,0.0,0.0,0.0,0.0,9127.97,76606.39,0.0,2026-10-09 02:45:24+00:00
10/08/2026 21:50:23,N,98.568,3.56,0.0,0.0,0.0,0.0,0.0,0.0,70.0,0.0,0.0,0.0,0.0,0.0,0.0,9134.79,76477.85,0.0,2026-10-09 02:50:23+00:00
10/08/2026 21:55:22,N,84.905,2.08,0.0,0.0,0.0,0.0,0.0,0.0,70.0,0.0,0.0,0.0,0.0,0.0,0.0,9125.85,76481.56,0.0,2026-10-09 02:55:22+00:00
10/08/2026 22:00:24,N,83.9039,1.78,0.0,0.0,0.0,0.0,0.0,0.0,70.0,0.0,0.0,0.0,0.0,0.0,0.0,9150.15,76790.49,0.0,2026-10-09 03:00:24+00:00
10/08/2026 22:05:23,N,76.1644,7.45,0.46,0.0,0.46,0.91,3.65,0.0,70.0,0.0,0.0,0.0,0.0,0.0,0.0,9121.72,76655.14,0.0,2026-10-09 03:05:23+00:00
10/08/2026 22:10:22,N,83.5581,3.72,0.09,0.0,0.09,0.19,0.74,0.0,70.0,0.0,0.0,0.0,0.0,0.0,0.0,9082.28,76542.51,0.0,2026-10-09 03:10:22+00:00
10/08/2026 22:13:33,N,84.0713,5.51,0.44,0.0,0.44,0.89,3.55,0.0,70.0,0.0,0.0,0.0,0.0,0.0,0.0,9034.75,76373.49,0.0,2026-10-09 03:13:33+00:00
10/08/2026 22:15:22,N,77.4701,8.28,0.43,0.0,0.43,0.9,3.7,0.0,70.0,0.0,0.0,0.0,0.0,0.0,0.0,9032.04,76404.22,0.0,2026-10-09 03:15:22+00:00
10/08/2026 22:20:22,N,72.06,6.27,0.36,0.0,0.36,0.71,2.85,0.0,70.0,0.0,0.0,0.0,0.0,0.0,0.0,8997.47,76321.26,0.0,2026-10-09 03:20:22+00:00
10/08/2026 22:25:22,N,82.665,6.81,0.66,0.0,0.66,1.32,5.29,0.0,70.0,0.0,0.0,0.0,0.0,0.0,0.0,8828.85,76229.02,0.0,2026-10-09 03:25:22+00:00
10/08/2026 22:30:22,N,68.9814,1.68,0.1,0.0,0.1,0.16,0.55,0.0,70.0,0.0,0.0,0.0,0.0,0.0,0.0,8891.45,76314.59,0.0,2026-10-09 03:30:22+00:00
10/08/2026 22:35:23,N,69.6425,1.99,0.14,0.0,0.14,0.28,1.13,0.0,70.0,0.0,0.0,0.0,0.0,0.0,0.0,8802.82,76210.91,0.0,2026-10-09 03:35:23+00:00
10/08/2026 22:40:22,N,65.6149,1.92,0.17,0.0,0.17,0.34,1.37,0.0,70.0,0.0,0.0,0.0,0.0,0.0,0.0,8625.24,76422.06,0.0,2026-10-09 03:40:22+00:00
10/08/2026 22:45:22,N,55.2396,2.93,0.33,0.0,0.33,0.66,2.65,0.0,70.0,0.0,0.0,0.0,0.0,0.0,0.0,8635.84,76322.25,0.0,2026-10-09 03:45:22+00:00
10/08/2026 22:50:22,N,49.4236,3.32,0.28,0.0,0.28,0.55,2.22,0.0,70.0,0.0,0.0,0.0,0.0,0.0,0.0,8635.02,76281.33,0.0,2026-10-09 03:50:22+00:00
10/08/2026 22:55:22,N,58.3418,2.16,0.23,0.0,0.23,0.45,1.8,0.0,70.0,0.0,0.0,0.0,0.0,0.0,0.0,8835.4,76269.01,0.0,2026-10-09 03:55:22+00:00
10/08/2026 23:00:24,N,60.5644,5.96,1.56,0.0,0.73,1.46,5.84,0.0,70.0,0.0,0.0,0.0,0.0,0.0,0.0,8480.05,76197.24,0.0,2026-10-09 04:00:24+00:00
10/08/2026 23:05:24,N,59.4666,4.64,0.96,0.0,0.51,1.02,4.07,0.0,70.0,0.0,0.0,0.0,0.0,0.0,0.0,8381.04,75835.88,0.0,2026-10-09 04:05:24+00:00
10/08/2026 23:10:22,N,54.0044,6.2,2.33,0.0,0.66,1.4,5.25,0.0,70.0,0.0,0.0,0.0,0.0,0.0,0.0,8326.34,75338.26,0.0,2026-10-09 04:10:22+00:00
10/08/2026 23:15:24,N,54.5296,2.32,0.53,0.0,0.26,0.53,2.11,0.0,70.0,0.0,0.0,0.0,0.0,0.0,0.0,8229.58,75111.36,0.0,2026-10-09 04:15:24+00:00
10/08/2026 23:20:22,N,49.7456,2.22,0.45,0.0,0.27,0.45,2.14,0.0,70.0,0.0,0.0,0.0,0.0,0.0,0.0,8287.53,75268.8,0.0,2026-10-09 04:20:22+00:00
10/08/2026 23:25:21,N,52.2369,1.5,0.14,0.0,0.19,0.47,1.53,0.0,70.0,0.0,0.0,0.0,0.0,0.0,0.0,8180.31,75402.26,0.0,2026-10-09 04:25:21+00:00
10/08/2026 23:30:21,N,51.3796,2.51,0.65,0.0,0.28,0.65,2.24,0.0,70.0,0.0,0.0,0.0,0.0,0.0,0.0,8114.82,75299.95,0.0,2026-10-09 04:30:21+00:00
10/08/2026 23:35:21,N,46.1908,3.9,0.72,0.0,0.38,0.72,3.07,0.0,70.0,0.0,0.0,0.0,0.0,0.0,0.0,8100.22,75328.31,0.0,2026-10-09 04:35:21+00:00
10/08/2026 23:40:21,N,49.6152,3.03,1.57,0.0,0.28,1.57,2.27,0.0,70.0,0.0,0.0,0.0,0.0,0.0,0.0,8086.39,75354.66,0.0,2026-10-09 04:40:21+00:00
10/08/2026 23:45:22,N,43.6167,5.96,0.84,0.0,0.59,0.84,4.72,0.0,70.0,0.0,0.0,0.0,0.0,0.0,0.0,8082.25,75357.11,0.0,2026-10-09 04:45:22+00:00
10/08/2026 23:50:22,N,43.2393,4.28,0.79,0.0,0.41,0.82,3.3,0.0,70.0,0.0,0.0,0.0,0.0,0.0,0.0,8020.16,75608.11,0.0,2026-10-09 04:50:22+00:00
10/08/2026 23:55:22,N,43.2151,3.72,0.61,0.0,0.3,0.61,2.42,0.0,70.0,0.0,0.0,0.0,0.0,0.0,0.0,7971.73,75689.79,0.0,2026-10-09 04:55:22+00:00
10/09/2026 00:00:23,N,41.0035,1.59,0.13,0.0,0.13,0.25,1.0,0.0,70.0,0.0,0.0,0.0,0.0,0.0,0.0,7930.91,75753.52,0.0,2026-10-09 05:00:23+00:00
10/09/2026 00:05:23,N,50.3049,3.73,0.31,0.0,0.31,0.63,2.52,0.0,45.09,0.0,0.0,0.0,0.0,0.0,0.0,7449.49,75506.29,0.0,2026-10-09 05:05:23+00:00
10/09/2026 00:10:22,N,48.0386,4.03,0.36,0.0,0.36,0.71,2.85,0.0,22.35,0.0,0.0,0.0,0.0,0.0,0.0,6838.58,75146.02,0.0,2026-10-09 05:10:22+00:00
10/09/2026 00:15:20,N,52.8777,1.09,0.34,0.0,0.36,0.71,2.84,0.0,17.17,0.0,0.0,0.0,0.0,0.0,0.0,6323.73,74425.22,0.0,2026-10-09 05:15:20+00:00
10/09/2026 00:20:20,N,52.9487,0.34,0.49,0.0,0.38,0.76,3.04,0.0,21.0,0.0,0.0,0.0,0.0,0.0,0.0,6094.24,73861.37,0.0,2026-10-09 05:20:20+00:00
10/09/2026 00:25:20,N,51.418,1.97,0.36,0.0,0.25,0.5,2.0,0.0,16.29,0.0,0.0,0.0,0.0,0.0,0.0,5900.9,73422.04,0.0,2026-10-09 05:25:20+00:00
10/09/2026 00:30:20,N,49.0513,2.53,0.23,0.0,0.23,0.46,1.86,0.0,15.45,0.0,0.0,0.0,0.0,0.0,0.0,5782.72,73226.65,0.0,2026-10-09 05:30:20+00:00
10/09/2026 00:35:21,N,47.358,2.61,0.04,0.0,0.15,0.3,1.21,0.0,27.35,0.0,0.0,0.0,0.0,0.0,0.0,5615.4,73126.83,0.0,2026-10-09 05:35:21+00:00
10/09/2026 00:40:21,N,47.9403,1.08,0.0,0.0,0.22,0.44,1.78,0.0,22.73,0.0,0.0,0.0,0.0,0.0,0.0,5608.84,72997.97,0.0,2026-10-09 05:40:21+00:00
10/09/2026 00:45:21,N,45.311,0.79,0.0,0.0,0.12,0.24,0.96,0.0,10.32,0.0,0.0,0.0,0.0,0.0,0.0,5593.78,73017.12,0.0,2026-10-09 05:45:21+00:00
10/09/2026 00:50:22,N,45.2987,0.38,0.0,0.0,0.04,0.08,0.28,0.0,15.18,0.0,0.0,0.0,0.0,0.0,0.0,5595.85,72874.38,0.0,2026-10-09 05:50:22+00:00
10/09/2026 00:55:20,N,45.8785,0.0,0.0,0.0,0.0,0.01,0.01,0.0,5.97,0.0,0.0,0.0,0.0,0.0,0.0,5586.47,72992.09,0.0,2026-10-09 05:55:20+00:00
10/09/2026 01:00:23,N,47.9134,1.52,0.0,0.0,0.0,0.0,0.02,0.0,15.71,0.0,0.0,0.0,0.0,0.0,0.0,5610.83,73088.93,0.0,2026-10-09 06:00:23+00:00
10/09/2026 01:05:22,N,46.5803,0.44,0.02,0.0,0.02,0.0,0.19,0.0,13.19,0.0,0.0,0.0,0.0,0.0,0.0,5523.04,73238.43,0.0,2026-10-09 06:05:22+00:00
10/09/2026 01:10:21,N,48.2737,0.07,0.0,0.0,0.0,0.0,0.0,0.0,7.44,0.0,0.0,0.0,0.0,0.0,0.0,5514.37,73282.48,0.0,2026-10-09 06:10:21+00:00
10/09/2026 01:15:20,N,46.5358,0.1,0.0,0.0,0.0,0.0,0.01,0.0,15.5,0.0,0.0,0.0,0.0,0.0,0.0,5512.54,73270.05,0.0,2026-10-09 06:15:20+00:00
10/09/2026 01:20:19,N,45.821,0.0,0.0,0.0,0.0,0.0,0.02,0.0,13.03,0.0,0.0,0.0,0.0,0.0,0.0,5495.46,73274.31,0.0,2026-10-09 06:20:19+00:00
10/09/2026 01:25:19,N,46.9807,0.17,0.0,0.0,0.0,0.01,0.02,0.0,7.01,0.0,0.0,0.0,0.0,0.0,0.0,5083.94,73573.66,0.0,2026-10-09 06:25:19+00:00
10/09/2026 01:30:20,N,44.8793,0.44,0.0,0.0,0.01,0.03,0.11,0.0,27.55,0.0,0.0,0.0,0.0,0.0,0.0,5099.45,73527.78,0.0,2026-10-09 06:30:20+00:00
10/09/2026 01:35:19,N,45.3716,0.08,0.0,0.0,0.0,0.0,0.01,0.0,18.51,0.0,0.0,0.0,0.0,0.0,0.0,5010.0,73511.81,0.0,2026-10-09 06:35:19+00:00
10/09/2026 01:40:19,N,44.429,0.21,0.0,0.0,0.0,0.0,0.0,0.0,4.32,0.0,0.0,0.0,0.0,0.0,0.0,4985.93,73449.52,0.0,2026-10-09 06:40:19+00:00
10/09/2026 01:45:19,N,45.2159,0.0,0.0,0.0,0.0,0.0,0.0,0.0,0.0,0.0,0.0,0.0,0.0,0.0,0.0,5006.86,73426.86,0.0,2026-10-09 06:45:19+00:00
10/09/2026 01:50:19,N,45.9235,0.0,0.0,0.0,0.0,0.0,0.0,0.0,0.0,0.0,0.0,0.0,0.0,0.0,0.0,5046.28,73040.8,0.0,2026-10-09 06:50:19+00:00
10/09/2026 01:55:20,N,43.3321,0.0,0.0,0.0,0.0,0.0,0.0,0.0,0.0,0.0,0.0,0.0,0.0,0.0,0.0,5048.31,72985.76,0.0,2026-10-09 06:55:20+00:00
10/09/2026 02:00:22,N,43.6539,0.0,0.0,0.0,0.0,0.0,0.0,0.0,0.0,0.0,0.0,0.0,0.0,0.0,0.0,5072.87,73028.82,0.0,2026-10-09 07:00:22+00:00
10/09/2026 02:05:21,N,45.2002,0.0,0.0,0.0,0.0,0.0,0.0,0.0,0.0,0.0,0.0,0.0,0.0,0.0,0.0,5032.02,72949.05,0.0,2026-10-09 07:05:21+00:00
10/09/2026 02:10:20,N,45.2509,0.0,0.0,0.0,0.0,0.0,0.0,0.0,0.0,0.0,0.0,0.0,0.0,0.0,0.0,5009.79,72795.44,0.0,2026-10-09 07:10:20+00:00
10/09/2026 02:15:20,N,45.077,0.0,0.0,0.0,0.0,0.0,0.0,0.0,0.0,0.0,0.0,0.0,0.0,0.0,0.0,5018.54,72622.95,0.0,2026-10-09 07:15:20+00:00
10/09/2026 02:20:19,N,44.5014,0.0,0.0,0.0,0.0,0.0,0.0,0.0,0.0,0.0,0.0,0.0,0.0,0.0,0.0,5004.16,72373.62,0.0,2026-10-09 07:20:19+00:00
10/09/2026 02:25:19,N,44.6568,0.0,0.0,0.0,0.0,0.0,0.0,0.0,0.0,0.0,0.0,0.0,0.0,0.0,0.0,5039.53,72298.4,0.0,2026-10-09 07:25:19+00:00
10/09/2026 02:30:19,N,43.224,0.0,0.0,0.0,0.0,0.0,0.0,0.0,0.0,0.0,0.0,0.0,0.0,0.0,0.0,4894.34,72513.88,0.0,2026-10-09 07:30:19+00:00
10/09/2026 02:35:19,N,45.1789,0.0,0.0,0.0,0.0,0.0,0.0,0.0,0.0,0.0,0.0,0.0,0.0,0.0,0.0,4997.42,72342.71,0.0,2026-10-09 07:35:19+00:00
10/09/2026 02:40:20,N,44.314,0.0,0.0,0.0,0.0,0.0,0.0,0.0,0.0,0.0,0.0,0.0,0.0,0.0,0.0,4984.39,72224.56,0.0,2026-10-09 07:40:20+00:00
10/09/2026 02:45:18,N,43.2707,0.0,0.0,0.0,0.0,0.0,0.0,0.0,0.0,0.0,0.0,0.0,0.0,0.0,0.0,4988.19,72090.5,0.0,2026-10-09 07:45:18+00:00
10/09/2026 02:50:18,N,44.2633,0.0,0.0,0.0,0.0,0.0,0.0,0.0,0.0,0.0,0.0,0.0,0.0,0.0,0.0,4997.6,72003.07,0.0,2026-10-09 07:50:18+00:00
10/09/2026 02:55:20,N,43.1623,0.0,0.0,0.0,0.0,0.0,0.0,0.0,0.0,0.0,0.0,0.0,0.0,0.0,0.0,4998.51,71944.4,0.0,2026-10-09 07:55:20+00:00
10/09/2026 03:00:21,N,44.758,0.0,0.0,0.0,0.0,0.0,0.0,0.0,0.0,0.0,0.0,0.0,0.0,0.0,0.0,4989.42,71881.1,0.0,2026-10-09 08:00:21+00:00
10/09/2026 03:05:19,N,45.022,0.0,0.0,0.0,0.0,0.0,0.0,0.0,0.0,0.0,0.0,0.0,0.0,0.0,0.0,4980.65,71804.07,0.0,2026-10-09 08:05:19+00:00
10/09/2026 03:10:19,N,45.2105,0.0,0.0,0.0,0.0,0.0,0.0,0.0,0.0,0.0,0.0,0.0,0.0,0.0,0.0,4980.58,71700.75,0.0,2026-10-09 08:10:19+00:00
10/09/2026 03:15:18,N,42.4359,0.0,0.0,0.0,0.0,0.0,0.0,0.0,0.0,0.0,0.0,0.0,0.0,0.0,0.0,4989.8,71652.23,0.0,2026-10-09 08:15:18+00:00
10/09/2026 03:20:17,N,41.5479,0.0,0.0,0.0,0.0,0.0,0.0,0.0,0.0,0.0,0.0,0.0,0.0,0.0,0.0,4981.84,71555.78,0.0,2026-10-09 08:20:17+00:00
10/09/2026 03:25:18,N,45.7776,0.0,0.0,0.0,0.0,0.0,0.0,0.0,0.0,0.0,0.0,0.0,0.0,0.0,0.0,4923.04,71481.61,0.0,2026-10-09 08:25:18+00:00
10/09/2026 03:30:18,N,43.6639,0.0,0.0,0.0,0.0,0.0,0.0,0.0,0.0,0.0,0.0,0.0,0.0,0.0,0.0,4948.89,71276.12,0.0,2026-10-09 08:30:18+00:00
10/09/2026 03:35:18,N,46.0131,0.0,0.0,0.0,0.0,0.0,0.0,0.0,0.0,0.0,0.0,0.0,0.0,0.0,0.0,4961.72,71257.34,0.0,2026-10-09 08:35:18+00:00
10/09/2026 03:40:19,N,46.9279,0.0,0.0,0.0,0.0,0.0,0.0,0.0,0.0,0.0,0.0,0.0,0.0,0.0,0.0,5006.91,71212.06,0.0,2026-10-09 08:40:19+00:00
10/09/2026 03:45:22,N,46.9226,0.0,0.0,0.0,0.0,0.0,0.0,0.0,0.0,0.0,0.0,0.0,0.0,0.0,0.0,4876.05,71248.18,0.0,2026-10-09 08:45:22+00:00
10/09/2026 03:50:20,N,47.4919,0.0,0.0,0.0,0.0,0.0,0.0,0.0,0.0,0.0,0.0,0.0,0.0,0.0,0.0,4974.76,70891.05,0.0,2026-10-09 08:50:20+00:00
10/09/2026 03:55:22,N,47.524,0.0,0.0,0.0,0.0,0.0,0.0,0.0,0.0,0.0,0.0,0.0,0.0,0.0,0.0,5017.11,70775.41,0.0,2026-10-09 08:55:22+00:00
10/09/2026 04:00:25,N,46.6157,0.0,0.0,0.0,0.0,0.0,0.0,0.0,0.0,0.0,0.0,0.0,0.0,0.0,0.0,5088.71,70677.77,0.0,2026-10-09 09:00:25+00:00
10/09/2026 04:05:20,N,53.5201,0.0,0.0,0.0,0.0,0.0,0.0,0.0,0.0,0.0,0.0,0.0,0.0,0.0,0.0,5055.91,70437.26,0.0,2026-10-09 09:05:20+00:00
10/09/2026 04:10:19,N,52.1019,0.0,0.0,0.0,0.0,0.0,0.0,0.0,0.0,0.0,0.0,0.0,0.0,0.0,0.0,5147.46,70410.96,0.0,2026-10-09 09:10:19+00:00
10/09/2026 04:15:18,N,51.8316,0.0,0.0,0.0,0.0,0.0,0.0,0.0,0.0,0.0,0.0,0.0,0.0,0.0,0.0,5161.87,70341.03,0.0,2026-10-09 09:15:18+00:00
10/09/2026 04:20:18,N,52.2634,0.0,0.0,0.0,0.0,0.0,0.0,0.0,0.0,0.0,0.0,0.0,0.0,0.0,0.0,5219.67,70320.26,0.0,2026-10-09 09:20:18+00:00
10/09/2026 04:25:18,N,52.2158,0.0,0.0,0.0,0.0,0.0,0.0,0.0,0.0,0.0,0.0,0.0,0.0,0.0,0.0,5226.35,70193.45,0.0,2026-10-09 09:25:18+00:00
10/09/2026 04:30:19,N,53.08,0.0,0.0,0.0,0.0,0.0,0.0,0.0,0.0,0.0,0.0,0.0,0.0,0.0,0.0,5228.39,70049.7,0.0,2026-10-09 09:30:19+00:00
10/09/2026 04:35:19,N,55.5795,0.0,0.0,0.0,0.0,0.0,0.0,0.0,0.0,0.0,0.0,0.0,0.0,0.0,0.0,5290.11,70106.38,0.0,2026-10-09 09:35:19+00:00
10/09/2026 04:40:19,N,55.126,0.0,0.0,0.0,0.0,0.0,0.0,0.0,0.0,0.0,0.0,0.0,0.0,0.0,0.0,5236.29,70031.9,0.0,2026-10-09 09:40:19+00:00
10/09/2026 04:45:19,N,57.3353,0.0,0.0,0.0,0.0,0.0,0.0,0.0,0.0,0.0,0.0,0.0,0.0,0.0,0.0,5247.45,69930.35,0.0,2026-10-09 09:45:19+00:00
10/09/2026 04:50:19,N,58.2531,0.0,0.0,0.0,0.0,0.0,0.0,0.0,0.0,0.0,0.0,0.0,0.0,0.0,0.0,5305.07,69878.69,0.0,2026-10-09 09:50:19+00:00
10/09/2026 04:55:19,N,57.7869,0.0,0.0,0.0,0.0,0.0,0.0,0.0,0.0,0.0,0.0,0.0,0.0,0.0,0.0,5341.78,69880.41,0.0,2026-10-09 09:55:19+00:00
10/09/2026 05:00:20,N,51.9761,0.0,0.0,0.0,0.0,0.0,0.0,0.0,0.0,0.0,0.0,0.0,0.0,0.0,0.0,5371.35,69828.59,0.0,2026-10-09 10:00:20+00:00
10/09/2026 05:05:18,N,58.4447,0.0,0.0,0.0,0.0,0.0,0.0,0.0,0.0,0.0,0.0,0.0,0.0,0.0,0.0,5413.62,69785.02,0.0,2026-10-09 10:05:18+00:00
10/09/2026 05:10:18,N,54.5565,0.0,0.0,0.0,0.0,0.0,0.0,0.0,0.0,0.0,0.0,0.0,0.0,0.0,0.0,5402.96,69693.94,0.0,2026-10-09 10:10:18+00:00
10/09/2026 05:15:18,N,53.9184,0.0,0.0,0.0,0.0,0.0,0.0,0.0,0.0,0.0,0.0,0.0,0.0,0.0,0.0,5401.02,69658.3,0.0,2026-10-09 10:15:18+00:00
10/09/2026 05:20:18,N,51.509,0.0,0.0,0.0,0.0,0.0,0.0,0.0,0.0,0.0,0.0,0.0,0.0,0.0,0.0,5467.93,69679.88,0.0,2026-10-09 10:20:18+00:00
10/09/2026 05:25:17,N,46.1428,0.0,0.0,0.0,0.0,0.0,0.0,0.0,0.0,0.0,0.0,0.0,0.0,0.0,0.0,5534.68,69712.63,0.0,2026-10-09 10:25:17+00:00
10/09/2026 05:27:34,N,50.3638,0.0,0.0,0.0,0.0,0.0,0.0,0.0,0.0,0.0,0.0,0.0,0.0,0.0,0.0,5530.88,69673.25,0.0,2026-10-09 10:27:34+00:00
10/09/2026 05:30:18,N,51.6058,0.0,0.0,0.0,0.0,0.0,0.0,0.0,0.0,0.0,0.0,0.0,0.0,0.0,0.0,5504.61,69639.86,0.0,2026-10-09 10:30:18+00:00
10/09/2026 05:35:18,N,50.3108,0.0,0.0,0.0,0.0,0.0,0.0,0.0,0.0,0.0,0.0,0.0,0.0,0.0,0.0,5522.89,69693.52,0.0,2026-10-09 10:35:18+00:00
10/09/2026 05:40:21,N,53.0854,0.0,0.0,0.0,0.0,0.0,0.0,0.0,0.0,0.0,0.0,0.0,0.0,0.0,0.0,5504.48,69596.39,0.0,2026-10-09 10:40:21+00:00
10/09/2026 05:45:18,N,61.0255,0.0,0.0,0.0,0.0,0.0,0.0,0.0,0.0,0.0,0.0,0.0,0.0,0.0,0.0,5476.31,69532.79,0.0,2026-10-09 10:45:18+00:00
10/09/2026 05:50:18,N,65.3377,0.0,0.0,0.0,0.0,0.0,0.0,0.0,0.0,0.0,0.0,0.0,0.0,0.0,0.0,5485.49,69381.78,0.0,2026-10-09 10:50:18+00:00
10/09/2026 05:55:18,N,70.9209,0.0,0.0,0.0,0.0,0.0,0.0,0.0,0.0,0.0,0.0,0.0,0.0,0.0,0.0,5492.0,69262.7,0.0,2026-10-09 10:55:18+00:00
10/09/2026 06:00:20,N,45.3811,0.0,0.0,0.0,0.0,0.0,0.0,0.0,0.0,0.0,0.0,0.0,0.0,0.0,0.0,5449.77,69229.56,0.0,2026-10-09 11:00:20+00:00
10/09/2026 06:05:19,N,67.6051,0.0,0.0,0.0,0.0,0.0,0.0,0.0,0.0,0.0,0.0,0.0,0.0,0.0,0.0,5326.69,69079.75,0.0,2026-10-09 11:05:19+00:00
10/09/2026 06:11:31,N,63.1471,0.0,0.0,0.0,0.0,0.0,0.0,0.0,0.0,0.0,0.0,0.0,0.0,0.0,0.0,5226.92,68887.23,0.0,2026-10-09 11:11:31+00:00
10/09/2026 06:15:19,N,62.652,0.0,0.0,0.0,0.0,0.0,0.0,0.0,0.0,0.0,0.0,0.0,0.0,0.0,0.0,5280.47,68936.82,0.0,2026-10-09 11:15:19+00:00
10/09/2026 06:20:18,N,64.9921,0.0,0.0,0.0,0.0,0.0,0.0,0.0,0.0,0.0,0.0,0.0,0.0,0.0,0.0,5167.69,68944.86,0.0,2026-10-09 11:20:18+00:00
10/09/2026 06:25:19,N,54.2978,0.0,0.0,0.0,0.0,0.0,0.0,0.0,0.0,0.0,0.0,0.0,0.0,0.0,0.0,5160.55,68957.19,0.0,2026-10-09 11:25:19+00:00
10/09/2026 06:30:21,N,65.8154,0.0,0.0,0.0,0.0,0.0,0.0,0.0,0.0,0.0,0.0,0.0,0.0,0.0,0.0,5211.3,68742.47,0.0,2026-10-09 11:30:21+00:00
10/09/2026 06:35:22,N,66.7593,0.0,0.0,0.0,0.0,0.0,0.0,0.0,0.0,0.0,0.0,0.0,0.0,0.0,0.0,5219.1,68687.92,0.0,2026-10-09 11:35:22+00:00
10/09/2026 06:40:19,N,64.677,0.0,0.0,0.0,0.0,0.0,0.0,0.0,0.0,0.0,0.0,0.0,0.0,0.0,0.0,5238.99,68714.73,0.0,2026-10-09 11:40:19+00:00
10/09/2026 06:45:19,N,65.2745,0.0,0.0,0.0,0.0,0.0,0.0,0.0,0.0,0.0,0.0,0.0,0.0,0.0,0.0,5229.19,68705.0,0.0,2026-10-09 11:45:19+00:00
10/09/2026 06:50:20,N,72.2409,0.0,0.0,0.0,0.0,0.0,0.0,0.0,0.0,0.0,0.0,0.0,0.0,0.0,0.0,5224.76,68530.74,0.0,2026-10-09 11:50:20+00:00
10/09/2026 06:55:21,N,55.9638,0.0,0.0,0.0,0.0,0.0,0.0,0.0,0.0,0.0,0.0,0.0,0.0,0.0,0.0,5243.73,68466.21,0.0,2026-10-09 11:55:21+00:00
10/09/2026 07:00:21,N,51.0617,0.0,0.0,0.0,0.0,0.0,0.0,0.0,0.0,0.0,0.0,0.0,0.0,0.0,0.0,5235.12,68448.09,0.0,2026-10-09 12:00:21+00:00
10/09/2026 07:05:20,N,56.5476,0.0,0.0,0.0,0.0,0.0,0.0,0.0,0.0,0.0,0.0,0.0,0.0,0.0,0.0,5273.1,68187.7,0.0,2026-10-09 12:05:20+00:00
10/09/2026 07:10:19,N,65.9469,0.0,0.0,0.0,0.0,0.0,0.0,0.0,0.0,0.0,0.0,0.0,0.0,0.0,0.0,5291.34,68097.4,0.0,2026-10-09 12:10:19+00:00
10/09/2026 07:15:22,N,62.9458,0.0,0.0,0.0,0.0,0.0,0.0,0.0,0.0,0.0,0.0,0.0,0.0,0.0,0.0,5280.36,68169.38,0.0,2026-10-09 12:15:22+00:00
10/09/2026 07:20:21,N,60.9208,0.0,0.0,0.0,0.0,0.0,0.0,0.0,0.0,0.0,0.0,0.0,0.0,0.0,0.0,5272.69,68046.07,0.0,2026-10-09 12:20:21+00:00
10/09/2026 07:25:22,N,56.6962,0.0,0.0,0.0,0.0,0.0,0.0,0.0,0.0,0.0,0.0,0.0,0.0,0.0,0.0,5297.4,68133.91,0.0,2026-10-09 12:25:22+00:00
10/09/2026 07:30:19,N,55.2707,0.0,0.0,0.0,0.0,0.0,0.0,0.0,0.0,0.0,0.0,0.0,0.0,0.0,0.0,5283.7,68105.46,0.0,2026-10-09 12:30:19+00:00
10/09/2026 07:35:20,N,57.2971,0.0,0.0,0.0,0.0,0.0,0.0,0.0,0.0,0.0,0.0,0.0,0.0,0.0,0.0,5260.68,68166.88,0.0,2026-10-09 12:35:20+00:00
10/09/2026 07:40:21,N,57.7365,0.0,0.0,0.0,0.0,0.0,0.0,0.0,0.0,0.0,0.0,0.0,0.0,0.0,0.0,5233.11,68148.6,0.0,2026-10-09 12:40:21+00:00
10/09/2026 07:45:19,N,54.0856,0.0,0.0,0.0,0.0,0.0,0.0,0.0,0.0,0.0,0.0,0.0,0.0,0.0,0.0,5213.33,68466.77,0.0,2026-10-09 12:45:19+00:00
10/09/2026 07:50:20,N,54.6311,0.0,0.0,0.0,0.0,0.0,0.0,0.0,0.0,0.0,0.0,0.0,0.0,0.0,0.0,5204.53,68900.27,0.0,2026-10-09 12:50:20+00:00
10/09/2026 07:55:19,N,58.5384,0.0,0.0,0.0,0.0,0.0,0.0,0.0,0.0,0.0,0.0,0.0,0.0,0.0,0.0,5219.28,69539.59,0.0,2026-10-09 12:55:19+00:00
10/09/2026 08:00:27,N,75.9347,0.0,0.0,0.0,0.0,0.0,0.0,0.0,0.0,0.0,0.0,0.0,0.0,0.0,0.0,5344.97,70599.27,0.0,2026-10-09 13:00:27+00:00
10/09/2026 08:05:19,N,55.1229,0.0,0.0,0.0,0.0,0.0,0.0,0.0,0.0,0.0,0.0,0.0,0.0,0.0,0.0,5351.96,71632.25,0.0,2026-10-09 13:05:19+00:00
10/09/2026 08:10:20,N,42.2526,0.0,0.0,0.0,0.0,0.0,0.0,0.0,0.0,0.0,0.0,0.0,0.0,0.0,0.0,5122.27,72875.93,0.0,2026-10-09 13:10:20+00:00
10/09/2026 08:15:20,N,36.4538,0.0,0.0,0.0,0.0,0.0,0.0,0.0,0.0,0.0,0.0,0.0,0.0,0.0,0.0,4878.45,73927.25,0.0,2026-10-09 13:15:20+00:00
10/09/2026 08:20:18,N,32.894,0.0,0.0,0.0,0.0,0.0,0.0,0.0,0.0,0.0,0.0,0.0,0.0,0.0,0.0,4567.37,75054.3,0.0,2026-10-09 13:20:18+00:00
10/09/2026 08:25:19,N,30.2249,0.0,0.0,0.0,0.0,0.0,0.0,0.0,0.0,0.0,0.0,0.0,0.0,0.0,0.0,4258.15,76422.03,0.0,2026-10-09 13:25:19+00:00
10/09/2026 08:30:18,N,26.6435,0.0,0.0,0.0,0.0,0.0,0.0,0.0,0.0,0.0,0.0,0.0,0.0,0.0,0.0,3976.49,77805.24,0.0,2026-10-09 13:30:18+00:00
10/09/2026 08:35:18,N,24.9888,0.0,0.0,0.0,0.0,0.0,0.0,0.0,0.0,0.0,0.0,0.0,0.0,0.0,0.0,3763.96,78470.53,0.0,2026-10-09 13:35:18+00:00
10/09/2026 08:40:18,N,24.5943,0.0,0.0,0.0,0.0,0.0,0.0,0.0,0.0,0.0,0.0,0.0,0.0,0.0,0.0,3565.71,80032.11,0.0,2026-10-09 13:40:18+00:00
10/09/2026 08:45:18,N,24.2866,0.0,0.0,0.0,0.0,0.0,0.0,0.0,0.0,0.0,0.0,0.0,0.0,0.0,0.0,3540.06,81719.91,0.0,2026-10-09 13:45:18+00:00
10/09/2026 08:50:18,N,23.3544,0.0,0.0,0.0,0.0,0.0,0.0,0.0,0.0,0.0,0.0,0.0,0.0,0.0,0.0,3527.5,83286.63,0.0,2026-10-09 13:50:18+00:00
10/09/2026 08:55:21,N,23.0021,0.0,0.0,0.0,0.0,0.0,0.0,0.0,0.0,0.0,0.0,0.0,0.0,0.0,0.0,3512.76,85218.23,0.0,2026-10-09 13:55:21+00:00
10/09/2026 09:00:22,N,25.4979,0.0,0.0,0.0,0.0,0.0,0.0,0.0,0.0,0.0,0.0,0.0,0.0,0.0,0.0,3384.01,87479.32,0.0,2026-10-09 14:00:22+00:00
10/09/2026 09:05:19,N,26.2713,0.0,0.0,0.0,0.0,0.0,0.0,0.0,0.0,0.0,0.0,0.0,0.0,0.0,0.0,3371.61,88119.25,0.0,2026-10-09 14:05:19+00:00
10/09/2026 09:10:17,N,24.2981,0.0,0.0,0.0,0.0,0.0,0.0,0.0,0.0,0.0,0.0,0.0,0.0,0.0,0.0,3456.53,89438.8,0.0,2026-10-09 14:10:17+00:00
10/09/2026 09:15:18,N,24.0541,0.0,0.0,0.0,0.0,0.0,0.0,0.0,0.0,0.0,0.0,0.0,0.0,0.0,0.0,3495.49,90528.59,0.0,2026-10-09 14:15:18+00:00
10/09/2026 09:20:17,N,24.372,0.0,0.0,0.0,0.0,0.0,0.0,0.0,0.0,0.0,0.0,0.0,0.0,0.0,0.0,3519.14,91201.59,0.0,2026-10-09 14:20:17+00:00
10/09/2026 09:25:17,N,23.7061,0.0,0.0,0.0,0.0,0.0,0.0,0.0,0.0,0.0,0.0,0.0,0.0,0.0,0.0,3587.97,92220.34,0.0,2026-10-09 14:25:17+00:00
10/09/2026 09:30:18,N,24.6751,0.0,0.0,0.0,0.0,0.0,0.0,0.0,0.0,0.0,0.0,0.0,0.0,0.0,0.0,3668.08,92559.2,0.0,2026-10-09 14:30:18+00:00
10/09/2026 09:35:18,N,24.844,0.0,0.0,0.0,0.0,0.0,0.0,0.0,0.0,0.0,0.0,0.0,0.0,0.0,0.0,3774.52,93115.84,0.0,2026-10-09 14:35:18+00:00
10/09/2026 09:40:18,N,24.5651,0.0,0.0,0.0,0.0,0.0,0.0,0.0,0.0,0.0,0.0,0.0,0.0,0.0,0.0,3728.3,93567.87,0.0,2026-10-09 14:40:18+00:00
10/09/2026 09:45:18,N,25.5351,0.0,0.0,0.0,0.0,0.0,0.0,0.0,0.0,0.0,0.0,0.0,0.0,0.0,0.0,3726.35,93860.38,0.0,2026-10-09 14:45:18+00:00
10/09/2026 09:50:18,N,25.3187,0.0,0.0,0.0,0.0,0.0,0.0,0.0,0.0,0.0,0.0,0.0,0.0,0.0,0.0,3800.62,94377.45,0.0,2026-10-09 14:50:18+00:00
10/09/2026 09:55:18,N,24.4871,0.0,0.0,0.0,0.0,0.0,0.0,0.0,0.0,0.0,0.0,0.0,0.0,0.0,0.0,3882.34,94843.92,0.0,2026-10-09 14:55:18+00:00
10/09/2026 10:00:21,N,23.9186,0.0,0.0,0.0,0.0,0.0,0.0,0.0,0.0,0.0,0.0,0.0,0.0,0.0,0.0,3972.84,95426.42,0.0,2026-10-09 15:00:21+00:00
10/09/2026 10:05:20,N,25.0538,0.0,0.0,0.0,0.0,0.0,0.0,0.0,0.0,0.0,0.0,0.0,0.0,0.0,0.0,4157.55,95759.64,0.0,2026-10-09 15:05:20+00:00
10/09/2026 10:10:21,N,25.5376,0.0,0.0,0.0,0.0,0.0,0.0,0.0,0.0,0.0,0.0,0.0,0.0,0.0,0.0,4348.51,95806.26,0.0,2026-10-09 15:10:21+00:00
10/09/2026 10:15:19,N,23.8222,0.0,0.0,0.0,0.0,0.0,0.0,0.0,0.0,0.0,0.0,0.0,0.0,0.0,0.0,4610.11,95991.93,0.0,2026-10-09 15:15:19+00:00
10/09/2026 10:20:18,N,24.0927,0.0,0.0,0.0,0.0,0.0,0.0,0.0,0.0,0.0,0.0,0.0,0.0,0.0,0.0,4647.1,96339.1,0.0,2026-10-09 15:20:18+00:00
10/09/2026 10:25:18,N,23.5421,0.0,0.0,0.0,0.0,0.0,0.0,0.0,0.0,0.0,0.0,0.0,0.0,0.0,0.0,4779.87,96409.33,0.0,2026-10-09 15:25:18+00:00
10/09/2026 10:30:18,N,23.1369,0.0,0.0,0.0,0.0,0.0,0.0,0.0,0.0,0.0,0.0,0.0,0.0,0.0,0.0,4867.82,96593.27,0.0,2026-10-09 15:30:18+00:00
10/09/2026 10:35:18,N,22.9433,0.0,0.0,0.0,0.0,0.0,0.0,0.0,0.0,0.0,0.0,0.0,0.0,0.0,0.0,4983.55,96721.78,0.0,2026-10-09 15:35:18+00:00
10/09/2026 10:40:19,N,22.534,0.0,0.0,0.0,0.0,0.0,0.0,0.0,0.0,0.0,0.0,0.0,0.0,0.0,0.0,5214.52,96754.16,0.0,2026-10-09 15:40:19+00:00
10/09/2026 10:45:19,N,21.5401,0.0,0.0,0.0,0.0,0.0,0.0,0.0,0.0,0.0,0.0,0.0,0.0,0.0,0.0,5472.68,96945.41,0.0,2026-10-09 15:45:19+00:00
10/09/2026 10:50:19,N,21.419,0.0,0.0,0.0,0.0,0.0,0.0,0.0,0.0,0.0,0.0,0.0,0.0,0.0,0.0,5599.72,97064.99,0.0,2026-10-09 15:50:19+00:00
10/09/2026 10:55:20,N,21.4724,0.0,0.0,0.0,0.0,0.0,0.0,0.0,0.0,0.0,0.0,0.0,0.0,0.0,0.0,5765.03,97165.64,0.0,2026-10-09 15:55:20+00:00
10/09/2026 11:00:22,N,18.8502,0.0,0.0,0.0,0.0,0.0,0.0,0.0,0.0,0.0,0.0,0.0,0.0,0.0,0.0,5726.32,97555.81,0.0,2026-10-09 16:00:22+00:00
10/09/2026 11:05:20,N,19.7606,0.0,0.0,0.0,0.0,0.0,0.0,0.0,0.0,0.0,0.0,0.0,0.0,0.0,0.0,5883.2,97682.35,0.0,2026-10-09 16:05:20+00:00
10/09/2026 11:10:19,N,19.8911,0.0,0.0,0.0,0.0,0.0,0.0,0.0,0.0,0.0,0.0,0.0,0.0,0.0,0.0,6206.0,97921.3,0.0,2026-10-09 16:10:19+00:00
10/09/2026 11:15:21,N,18.3869,0.0,0.0,0.0,0.0,0.0,0.0,0.0,0.0,0.0,0.0,0.0,0.0,0.0,0.0,6510.9,97930.3,0.0,2026-10-09 16:15:21+00:00
10/09/2026 11:20:22,N,20.1367,0.0,0.0,0.0,0.0,0.0,0.0,0.0,0.0,0.0,0.0,0.0,0.0,0.0,0.0,6855.79,97703.36,0.0,2026-10-09 16:20:22+00:00
10/09/2026 11:25:20,N,20.6732,0.0,0.0,0.0,0.0,0.0,0.0,0.0,0.0,0.0,0.0,0.0,0.0,0.0,0.0,7211.3,97507.66,0.0,2026-10-09 16:25:20+00:00
10/09/2026 11:30:19,N,20.3425,0.0,0.0,0.0,0.0,0.0,0.0,0.0,0.0,0.0,0.0,0.0,0.0,0.0,0.0,7272.04,97776.2,0.0,2026-10-09 16:30:19+00:00
10/09/2026 11:35:19,N,19.2863,0.0,0.0,0.0,0.0,0.0,0.0,0.0,0.0,0.0,0.0,0.0,0.0,0.0,0.0,7157.31,97686.98,0.0,2026-10-09 16:35:19+00:00
10/09/2026 11:40:19,N,19.8699,0.0,0.0,0.0,0.0,0.0,0.0,0.0,0.0,0.0,0.0,0.0,0.0,0.0,0.0,7494.62,97299.7,0.0,2026-10-09 16:40:19+00:00
10/09/2026 11:45:19,N,20.7719,0.0,0.0,0.0,0.0,0.0,0.0,0.0,0.0,0.0,0.0,0.0,0.0,0.0,0.0,7515.65,97144.06,0.0,2026-10-09 16:45:19+00:00
10/09/2026 11:50:20,N,22.0876,0.0,0.0,0.0,0.0,0.0,0.0,0.0,0.0,0.0,0.0,0.0,0.0,0.0,0.0,7667.88,96965.95,0.0,2026-10-09 16:50:20+00:00
10/09/2026 11:55:19,N,19.7252,0.0,0.0,0.0,0.0,0.0,0.0,0.0,0.0,0.0,0.0,0.0,0.0,0.0,0.0,7865.81,96962.27,0.0,2026-10-09 16:55:19+00:00
10/09/2026 12:00:21,N,18.6968,0.0,0.0,0.0,0.0,0.0,0.0,0.0,0.0,0.0,0.0,0.0,0.0,0.0,0.0,8303.12,97037.27,0.0,2026-10-09 17:00:21+00:00
10/09/2026 12:05:21,N,18.8994,0.0,0.0,0.0,0.0,0.0,0.0,0.0,0.0,0.0,0.0,0.0,0.0,0.0,0.0,8242.41,97212.66,0.0,2026-10-09 17:05:21+00:00
10/09/2026 12:10:21,N,22.1252,0.0,0.0,0.0,0.0,0.0,0.0,0.0,0.0,0.0,0.0,0.0,0.0,0.0,0.0,8544.65,96934.31,0.0,2026-10-09 17:10:21+00:00
10/09/2026 12:11:58,N,22.796,0.0,0.0,0.0,0.0,0.0,0.0,0.0,0.0,0.0,0.0,0.0,0.0,0.0,0.0,8552.03,96777.29,0.0,2026-10-09 17:11:58+00:00
10/09/2026 12:15:21,N,20.3012,0.0,0.0,0.0,0.0,0.0,0.0,0.0,0.0,0.0,0.0,0.0,0.0,0.0,0.0,8706.95,97225.52,0.0,2026-10-09 17:15:21+00:00
10/09/2026 12:20:19,N,22.209,0.0,0.0,0.0,0.0,0.0,0.0,0.0,0.0,0.0,0.0,0.0,0.0,0.0,0.0,8654.78,97074.97,0.0,2026-10-09 17:20:19+00:00
10/09/2026 12:25:19,N,25.8146,0.0,0.0,0.0,0.0,0.0,0.0,0.0,0.0,0.0,0.0,0.0,0.0,0.0,0.0,8655.16,96853.45,0.0,2026-10-09 17:25:19+00:00
10/09/2026 12:30:20,N,28.4562,0.0,0.0,0.0,0.0,0.0,0.0,0.0,0.0,0.0,0.0,0.0,0.0,0.0,0.0,8777.28,96632.57,0.0,2026-10-09 17:30:20+00:00
10/09/2026 12:35:18,N,30.2555,0.0,0.0,0.0,0.0,0.0,0.0,0.0,0.0,0.0,0.0,0.0,0.0,0.0,0.0,8848.52,96526.34,0.0,2026-10-09 17:35:18+00:00
10/09/2026 12:40:18,N,31.3934,0.0,0.0,0.0,0.0,0.0,0.0,0.0,0.0,0.0,0.0,0.0,0.0,0.0,0.0,8885.88,96442.87,0.0,2026-10-09 17:40:18+00:00
10/09/2026 12:45:24,N,26.022,0.0,0.0,0.0,0.0,0.0,0.0,0.0,0.0,0.0,0.0,0.0,0.0,0.0,0.0,9119.39,96566.34,0.0,2026-10-09 17:45:24+00:00
10/09/2026 12:50:18,N,26.8432,0.0,0.0,0.0,0.0,0.0,0.0,0.0,0.0,0.0,0.0,0.0,0.0,0.0,0.0,9051.96,96651.43,0.0,2026-10-09 17:50:18+00:00
10/09/2026 12:55:19,N,31.7803,0.0,0.0,0.0,0.0,0.0,0.0,0.0,0.0,0.0,0.0,0.0,0.0,0.0,0.0,9121.19,96429.05,0.0,2026-10-09 17:55:19+00:00
10/09/2026 13:00:21,N,31.9145,0.0,0.0,0.0,0.0,0.0,0.0,0.0,0.0,0.0,0.0,0.0,0.0,0.0,0.0,9026.92,96840.81,0.0,2026-10-09 18:00:21+00:00
10/09/2026 13:05:20,N,31.9669,0.0,0.0,0.0,0.0,0.0,0.0,0.0,0.0,0.0,0.0,0.0,0.0,0.0,0.0,9065.83,96691.74,0.0,2026-10-09 18:05:20+00:00
10/09/2026 13:10:21,N,28.6013,0.0,0.0,0.0,0.0,0.0,0.0,0.0,0.0,0.0,0.0,0.0,0.0,0.0,0.0,9280.58,96702.27,0.0,2026-10-09 18:10:21+00:00
10/09/2026 13:15:23,N,31.4173,0.0,0.0,0.0,0.0,0.0,0.0,0.0,0.0,0.0,0.0,0.0,0.0,0.0,0.0,9245.43,96736.22,0.0,2026-10-09 18:15:23+00:00
10/09/2026 13:20:18,N,32.9446,0.0,0.0,0.0,0.0,0.0,0.0,0.0,0.0,0.0,0.0,0.0,0.0,0.0,0.0,8952.35,96348.1,0.0,2026-10-09 18:20:18+00:00
10/09/2026 13:25:18,N,34.5983,0.0,0.0,0.0,0.0,0.0,0.0,0.0,0.0,0.0,0.0,0.0,0.0,0.0,0.0,9058.46,96415.7,0.0,2026-10-09 18:25:18+00:00
10/09/2026 13:30:17,N,33.5659,0.0,0.0,0.0,0.0,0.0,0.0,0.0,0.0,0.0,0.0,0.0,0.0,0.0,0.0,9001.74,96230.76,0.0,2026-10-09 18:30:17+00:00
10/09/2026 13:35:18,N,32.351,0.0,0.0,0.0,0.0,0.0,0.0,0.0,0.0,0.0,0.0,0.0,0.0,0.0,0.0,9087.39,96394.02,0.0,2026-10-09 18:35:18+00:00
10/09/2026 13:40:18,N,25.9947,0.0,0.0,0.0,0.0,0.0,0.0,0.0,0.0,0.0,0.0,0.0,0.0,0.0,0.0,9217.91,97198.27,0.0,2026-10-09 18:40:18+00:00
10/09/2026 13:45:18,N,30.9258,0.0,0.0,0.0,0.0,0.0,0.0,0.0,0.0,0.0,0.0,0.0,0.0,0.0,0.0,9304.32,97271.57,0.0,2026-10-09 18:45:18+00:00
10/09/2026 13:50:18,N,30.2752,0.0,0.0,0.0,0.0,0.0,0.0,0.0,0.0,0.0,0.0,0.0,0.0,0.0,0.0,9525.36,97542.41,0.0,2026-10-09 18:50:18+00:00
10/09/2026 13:55:20,N,26.9588,0.0,0.0,0.0,0.0,0.0,0.0,0.0,0.0,0.0,0.0,0.0,0.0,0.0,0.0,9706.01,97326.77,0.0,2026-10-09 18:55:20+00:00
10/09/2026 14:00:21,N,25.3942,0.0,0.0,0.0,0.0,0.0,0.0,0.0,0.0,0.0,0.0,0.0,0.0,0.0,0.0,9671.48,97674.52,0.0,2026-10-09 19:00:21+00:00
10/09/2026 14:05:21,N,26.9955,0.0,0.0,0.0,0.0,0.0,0.0,0.0,0.0,0.0,0.0,0.0,0.0,0.0,0.0,9757.67,97545.78,0.0,2026-10-09 19:05:21+00:00
10/09/2026 14:10:22,N,27.8651,0.0,0.0,0.0,0.0,0.0,0.0,0.0,0.0,0.0,0.0,0.0,0.0,0.0,0.0,9835.67,98161.91,0.0,2026-10-09 19:10:22+00:00
10/09/2026 14:15:18,N,30.3306,0.0,0.0,0.0,0.0,0.0,0.0,0.0,0.0,0.0,0.0,0.0,0.0,0.0,0.0,9776.61,98521.02,0.0,2026-10-09 19:15:18+00:00
10/09/2026 14:20:20,N,29.8951,0.0,0.0,0.0,0.0,0.0,0.0,0.0,0.0,0.0,0.0,0.0,0.0,0.0,0.0,9729.67,98536.52,0.0,2026-10-09 19:20:20+00:00
10/09/2026 14:25:18,N,35.2486,0.0,0.0,0.0,0.0,0.0,0.0,0.0,0.0,0.0,0.0,0.0,0.0,0.0,0.0,9740.65,98275.87,0.0,2026-10-09 19:25:18+00:00
10/09/2026 14:30:20,N,41.3409,0.0,0.0,0.0,0.0,0.0,0.0,0.0,0.0,0.0,0.0,0.0,0.0,0.0,0.0,9803.26,98227.46,0.0,2026-10-09 19:30:20+00:00
10/09/2026 14:35:18,N,44.3397,0.0,0.0,0.0,0.0,0.0,0.0,0.0,0.0,0.0,0.0,0.0,0.0,0.0,0.0,9828.66,98198.44,0.0,2026-10-09 19:35:18+00:00
10/09/2026 14:40:19,N,40.3395,0.0,0.0,0.0,0.0,0.0,0.0,0.0,0.0,0.0,0.0,0.0,0.0,0.0,0.0,9793.91,98535.04,0.0,2026-10-09 19:40:19+00:00
10/09/2026 14:45:19,N,41.3187,0.0,0.0,0.0,0.0,0.0,0.0,0.0,0.0,0.0,0.0,0.0,0.0,0.0,0.0,9892.79,99068.04,0.0,2026-10-09 19:45:19+00:00
10/09/2026 14:50:19,N,34.1677,0.0,0.0,0.0,0.0,0.0,0.0,0.0,0.0,0.0,0.0,0.0,0.0,0.0,0.0,10021.11,99419.23,0.0,2026-10-09 19:50:19+00:00
10/09/2026 14:55:19,N,34.6627,0.0,0.0,0.0,0.0,0.0,0.0,0.0,0.0,0.0,0.0,0.0,0.0,0.0,0.0,10006.06,99049.74,0.0,2026-10-09 19:55:19+00:00
10/09/2026 15:00:22,N,41.9652,0.0,0.0,0.0,0.0,0.0,0.0,0.0,0.0,0.0,0.0,0.0,0.0,0.0,0.0,10064.63,99337.61,0.0,2026-10-09 20:00:22+00:00
10/09/2026 15:05:20,N,41.287,0.0,0.0,0.0,0.0,0.0,0.0,0.0,0.0,0.0,0.0,0.0,0.0,0.0,0.0,10170.26,99713.15,0.0,2026-10-09 20:05:20+00:00
10/09/2026 15:10:20,N,34.8579,0.0,0.0,0.0,0.0,0.0,0.0,0.0,0.0,0.0,0.0,0.0,0.0,0.0,0.0,10477.94,100254.18,0.0,2026-10-09 20:10:20+00:00
10/09/2026 15:15:20,N,43.7299,0.0,0.0,0.0,0.0,0.0,0.0,0.0,0.0,0.0,0.0,0.0,0.0,0.0,0.0,10571.15,100434.19,0.0,2026-10-09 20:15:20+00:00
10/09/2026 15:20:19,N,48.0853,0.0,0.0,0.0,0.0,0.0,0.0,0.0,0.0,0.0,0.0,0.0,0.0,0.0,0.0,10468.07,100511.64,0.0,2026-10-09 20:20:19+00:00
10/09/2026 15:25:18,N,47.3782,0.0,0.0,0.0,0.0,0.0,0.0,0.0,0.0,0.0,0.0,0.0,0.0,0.0,0.0,10468.65,100285.09,0.0,2026-10-09 20:25:18+00:00
10/09/2026 15:30:19,N,45.7836,0.0,0.0,0.0,0.0,0.0,0.0,0.0,0.0,0.0,0.0,0.0,0.0,0.0,0.0,10630.17,100344.41,0.0,2026-10-09 20:30:19+00:00
10/09/2026 15:35:18,N,46.3524,0.0,0.0,0.0,0.0,0.0,0.0,0.0,0.0,0.0,0.0,0.0,0.0,0.0,0.0,10721.08,100230.26,0.0,2026-10-09 20:35:18+00:00
10/09/2026 15:40:19,N,52.6009,0.0,0.0,0.0,0.0,0.0,0.0,0.0,0.0,0.0,0.0,0.0,0.0,0.0,0.0,10776.15,100336.64,0.0,2026-10-09 20:40:19+00:00
10/09/2026 15:45:20,N,49.5042,0.0,0.0,0.0,0.0,0.0,0.0,0.0,0.0,0.0,0.0,0.0,0.0,0.0,0.0,10771.73,100538.73,0.0,2026-10-09 20:45:20+00:00
10/09/2026 15:50:19,N,48.4662,0.0,0.0,0.0,0.0,0.0,0.0,0.0,0.0,0.0,0.0,0.0,0.0,0.0,0.0,10650.19,100567.62,0.0,2026-10-09 20:50:19+00:00
10/09/2026 15:55:19,N,46.9424,0.0,0.0,0.0,0.0,0.0,0.0,0.0,0.0,0.0,0.0,0.0,0.0,0.0,0.0,10682.07,100681.5,0.0,2026-10-09 20:55:19+00:00
10/09/2026 16:00:20,N,42.3339,0.0,0.0,0.0,0.0,0.0,0.0,0.0,0.0,0.0,0.0,0.0,0.0,0.0,0.0,10765.54,100838.51,0.0,2026-10-09 21:00:20+00:00
10/09/2026 16:05:21,N,43.5887,0.0,0.0,0.0,0.0,0.0,0.0,0.0,0.0,0.0,0.0,0.0,0.0,0.0,0.0,10569.54,101055.63,0.0,2026-10-09 21:05:21+00:00
10/09/2026 16:10:19,N,42.6231,0.0,0.0,0.0,0.0,0.0,0.0,0.0,0.0,0.0,0.0,0.0,0.0,0.0,0.0,10989.18,101231.67,0.0,2026-10-09 21:10:19+00:00
10/09/2026 16:15:18,N,36.3362,0.0,0.0,0.0,0.0,0.0,0.0,0.0,0.0,0.0,0.0,0.0,0.0,0.0,0.0,11063.17,101371.29,0.0,2026-10-09 21:15:18+00:00
10/09/2026 16:20:18,N,42.5224,0.0,0.0,0.0,0.0,0.0,0.0,0.0,0.0,0.0,0.0,0.0,0.0,0.0,0.0,11009.71,100926.52,0.0,2026-10-09 21:20:18+00:00
10/09/2026 16:25:18,N,38.2939,0.0,0.0,0.0,0.0,0.0,0.0,0.0,0.0,0.0,0.0,0.0,0.0,0.0,0.0,10975.7,100863.91,0.0,2026-10-09 21:25:18+00:00
10/09/2026 16:30:20,N,40.126,0.0,0.0,0.0,0.0,0.0,0.0,0.0,0.0,0.0,0.0,0.0,0.0,0.0,0.0,10979.06,100904.05,0.0,2026-10-09 21:30:20+00:00
10/09/2026 16:35:19,N,37.1582,0.0,0.0,0.0,0.0,0.0,0.0,0.0,0.0,0.0,0.0,0.0,0.0,0.0,0.0,10987.16,101198.85,0.0,2026-10-09 21:35:19+00:00
10/09/2026 16:40:18,N,35.6986,0.0,0.0,0.0,0.0,0.0,0.0,0.0,0.0,0.0,0.0,0.0,0.0,0.0,0.0,11073.14,101203.07,0.0,2026-10-09 21:40:18+00:00
10/09/2026 16:45:19,N,34.5948,0.0,0.0,0.0,0.0,0.0,0.0,0.0,0.0,0.0,0.0,0.0,0.0,0.0,0.0,11368.95,101271.83,0.0,2026-10-09 21:45:19+00:00
10/09/2026 16:50:19,N,39.4055,0.0,0.0,0.0,0.0,0.0,0.0,0.0,0.0,0.0,0.0,0.0,0.0,0.0,0.0,11387.86,100785.16,0.0,2026-10-09 21:50:19+00:00
10/09/2026 16:55:18,N,44.0712,0.0,0.0,0.0,0.0,0.0,0.0,0.0,0.0,0.0,0.0,0.0,0.0,0.0,0.0,11430.9,100517.19,0.0,2026-10-09 21:55:18+00:00
10/09/2026 17:00:23,N,38.0177,0.0,0.0,0.0,0.0,0.0,0.0,0.0,0.0,0.0,0.0,0.0,0.0,0.0,0.0,11343.71,100389.63,0.0,2026-10-09 22:00:23+00:00
10/09/2026 17:05:20,N,33.6725,0.0,0.0,0.0,0.0,0.0,0.0,0.0,0.0,0.0,0.0,0.0,0.0,0.0,0.0,11528.87,100091.68,0.0,2026-10-09 22:05:20+00:00
10/09/2026 17:10:19,N,46.4262,0.0,0.0,0.0,0.0,0.0,0.0,0.0,0.0,0.0,0.0,0.0,0.0,0.0,0.0,11678.38,99381.39,0.0,2026-10-09 22:10:19+00:00
10/09/2026 17:15:19,N,64.4991,0.0,0.0,0.0,0.0,0.0,0.0,0.0,0.0,0.0,0.0,0.0,0.0,0.0,0.0,11630.46,98249.91,0.0,2026-10-09 22:15:19+00:00
10/09/2026 17:20:18,N,57.7549,0.0,0.0,0.0,0.0,0.0,0.0,0.0,0.0,0.0,0.0,0.0,0.0,0.0,0.0,11606.84,98039.29,0.0,2026-10-09 22:20:18+00:00
10/09/2026 17:25:19,N,70.3692,0.0,0.0,0.0,0.0,0.0,0.0,0.0,0.0,0.0,0.0,0.0,0.0,0.0,0.0,11616.37,97394.4,0.0,2026-10-09 22:25:19+00:00
10/09/2026 17:30:18,N,76.1284,0.0,0.0,0.0,0.0,0.0,0.0,0.0,0.0,0.0,0.0,0.0,0.0,0.0,0.0,11707.78,96465.96,0.0,2026-10-09 22:30:18+00:00
10/09/2026 17:35:19,N,94.8545,0.0,0.0,0.0,0.0,0.0,0.0,0.0,0.0,0.0,0.0,0.0,0.0,0.0,0.0,11814.63,95210.34,0.0,2026-10-09 22:35:19+00:00
10/09/2026 17:40:20,N,102.1929,0.0,0.0,0.0,0.0,0.0,0.0,0.0,0.0,0.0,0.0,0.0,0.0,0.0,0.0,12242.85,94127.77,0.0,2026-10-09 22:40:20+00:00
10/09/2026 17:45:21,N,107.0026,0.0,0.0,0.0,0.0,0.0,0.0,0.0,0.0,0.0,0.0,0.0,0.0,0.0,0.0,12165.31,92866.55,0.0,2026-10-09 22:45:21+00:00
10/09/2026 17:50:20,N,109.6534,0.0,0.0,0.0,0.0,0.0,0.0,0.0,0.0,0.0,0.0,0.0,0.0,0.0,0.0,11979.95,91642.85,0.0,2026-10-09 22:50:20+00:00
10/09/2026 17:55:24,N,109.7406,0.0,0.0,0.0,0.0,0.0,0.0,0.0,0.0,0.0,0.0,0.0,0.0,0.0,0.0,11913.77,90538.42,0.0,2026-10-09 22:55:24+00:00
10/09/2026 18:00:23,N,55.7407,0.0,0.0,0.0,0.0,0.0,0.0,0.0,0.0,0.0,0.0,0.0,0.0,0.0,0.0,12110.88,89555.8,0.0,2026-10-09 23:00:23+00:00
10/09/2026 18:05:22,N,77.2542,0.0,0.0,0.0,0.0,0.0,0.0,10.0,0.0,0.0,0.0,0.0,0.0,0.0,0.0,11976.94,88068.14,0.0,2026-10-09 23:05:22+00:00
10/09/2026 18:10:21,N,83.9678,0.0,0.0,0.0,0.0,0.0,0.0,10.0,0.0,0.0,0.0,0.0,0.0,0.0,0.0,11657.24,86469.41,0.0,2026-10-09 23:10:21+00:00
10/09/2026 18:15:23,N,86.3869,0.0,0.0,0.0,0.0,0.0,0.0,10.0,0.0,0.0,0.0,0.0,0.0,0.0,0.0,10980.29,84554.56,0.0,2026-10-09 23:15:23+00:00
10/09/2026 18:20:30,N,98.2477,0.02,0.08,0.0,0.0,0.01,0.03,10.0,0.0,0.0,0.0,0.0,0.0,0.0,0.0,10010.88,82935.13,0.0,2026-10-09 23:20:30+00:00
10/09/2026 18:25:24,N,100.2282,0.0,0.02,0.0,0.0,0.0,0.0,10.0,0.0,0.0,0.0,0.0,0.0,0.0,0.0,9938.48,81771.58,0.0,2026-10-09 23:25:24+00:00
10/09/2026 18:30:27,N,102.3112,0.0,0.02,0.0,0.0,0.0,0.02,10.0,0.0,0.0,0.0,0.0,0.0,0.0,0.0,9755.93,80557.71,0.0,2026-10-09 23:30:27+00:00
10/09/2026 18:35:23,N,101.1044,0.0,0.0,0.0,0.0,0.0,0.0,10.0,0.0,0.0,0.0,0.0,0.0,0.0,0.0,9341.03,79410.2,0.0,2026-10-09 23:35:23+00:00
10/09/2026 18:40:24,N,107.0313,0.02,0.0,0.0,0.0,0.0,0.01,10.0,0.0,0.0,0.0,0.0,0.0,0.0,0.0,9160.33,78205.56,0.0,2026-10-09 23:40:24+00:00
10/09/2026 18:44:08,N,116.7145,0.73,0.17,0.0,0.06,0.07,0.17,10.0,0.0,0.0,0.0,0.0,0.0,0.0,0.0,9008.67,77513.5,0.0,2026-10-09 23:44:08+00:00
10/09/2026 18:45:24,N,109.2516,0.19,0.01,0.0,0.01,0.03,0.1,10.0,0.0,0.0,0.0,0.0,0.0,0.0,0.0,8815.15,77497.61,0.0,2026-10-09 23:45:24+00:00
10/09/2026 18:50:30,N,114.4454,0.0,0.0,0.0,0.0,0.01,0.02,10.0,0.0,0.0,0.0,0.0,0.0,0.0,0.0,8753.5,76910.28,0.0,2026-10-09 23:50:30+00:00
10/09/2026 18:55:31,N,103.2184,0.21,0.0,0.0,0.0,0.0,0.01,10.0,0.0,0.0,0.0,0.0,0.0,0.0,0.0,8715.37,76449.56,0.0,2026-10-09 23:55:31+00:00
10/09/2026 19:00:31,N,87.4961,0.0,1.58,0.0,0.0,0.0,1.72,10.0,0.0,0.0,0.0,0.0,0.0,0.0,0.0,8785.98,76152.24,0.0,2026-10-10 00:00:31+00:00
10/09/2026 19:05:31,N,86.8025,0.07,0.07,0.0,0.07,0.13,0.53,10.0,0.0,0.0,0.0,0.0,0.0,0.0,0.0,8660.08,76025.24,0.0,2026-10-10 00:05:31+00:00
10/09/2026 19:10:26,N,91.7357,0.0,0.04,0.0,0.04,0.09,0.35,10.0,0.0,0.0,0.0,0.0,0.0,0.0,0.0,8409.52,76027.69,0.0,2026-10-10 00:10:26+00:00
10/09/2026 19:15:25,N,89.1889,0.07,0.0,0.0,0.0,0.0,0.0,10.0,0.0,0.0,0.0,0.0,0.0,0.0,0.0,8291.22,76086.37,0.0,2026-10-10 00:15:25+00:00
10/09/2026 19:20:24,N,83.474,0.69,0.0,0.0,0.0,0.0,0.0,10.0,0.0,0.0,0.0,0.0,0.0,0.0,0.0,8307.7,76419.67,0.0,2026-10-10 00:20:24+00:00
10/09/2026 19:25:23,N,81.4138,0.16,0.05,0.0,0.05,0.11,0.44,10.0,0.0,0.0,0.0,0.0,0.0,0.0,0.0,8375.06,76577.46,0.0,2026-10-10 00:25:23+00:00
10/09/2026 19:30:26,N,74.6753,0.94,0.16,0.0,0.0,0.0,0.0,10.0,0.0,0.0,0.0,0.0,0.0,0.0,0.0,8493.05,76757.96,0.0,2026-10-10 00:30:26+00:00
10/09/2026 19:35:22,N,72.774,0.02,0.0,0.0,0.03,0.07,0.26,10.0,0.0,0.0,0.0,0.0,0.0,0.0,0.0,8531.51,76889.94,0.0,2026-10-10 00:35:22+00:00
10/09/2026 19:40:23,N,69.4585,0.96,0.07,0.0,0.07,0.13,0.53,10.0,0.0,0.0,0.0,0.0,0.0,0.0,0.0,8397.31,76988.78,0.0,2026-10-10 00:40:23+00:00
10/09/2026 19:45:22,N,65.945,0.98,0.0,0.0,0.0,0.0,0.0,10.0,0.0,0.0,0.0,0.0,0.0,0.0,0.0,8292.4,77029.9,0.0,2026-10-10 00:45:22+00:00
10/09/2026 19:50:25,N,62.8639,0.07,0.0,0.0,0.0,0.0,0.0,10.0,0.0,0.0,0.0,0.0,0.0,0.0,0.0,8263.81,77420.92,0.0,2026-10-10 00:50:25+00:00
10/09/2026 19:55:27,N,63.487,0.06,0.0,0.0,0.0,0.0,0.01,10.0,0.0,0.0,0.0,0.0,0.0,0.0,0.0,8243.62,77700.85,0.0,2026-10-10 00:55:27+00:00
10/09/2026 20:00:23,N,57.9637,0.0,0.0,0.0,0.0,0.0,0.0,10.0,0.0,0.0,0.0,0.0,0.0,0.0,0.0,8391.44,78046.06,0.0,2026-10-10 01:00:23+00:00
10/09/2026 20:05:24,N,56.2632,0.0,0.02,0.0,0.02,0.04,0.15,10.0,0.0,0.72,0.0,0.0,0.0,0.0,0.0,8431.3,78005.77,0.0,2026-10-10 01:05:24+00:00
10/09/2026 20:10:23,N,56.0411,0.0,0.0,0.0,0.0,0.0,0.0,10.0,0.0,1.55,0.0,0.0,0.0,0.0,0.0,8412.29,78122.65,0.0,2026-10-10 01:10:23+00:00
10/09/2026 20:15:22,N,54.0728,0.41,0.0,0.0,0.0,0.0,0.0,10.0,0.0,2.38,0.0,0.0,0.0,0.0,0.0,8374.08,78318.02,0.0,2026-10-10 01:15:22+00:00
10/09/2026 20:20:21,N,51.318,0.9,0.0,0.0,0.0,0.0,0.0,10.0,0.0,3.21,0.0,0.0,0.0,0.0,0.0,8395.41,78328.73,0.0,2026-10-10 01:20:21+00:00
10/09/2026 20:25:21,N,50.8969,0.71,0.0,0.0,0.0,0.0,0.0,10.0,0.0,4.04,0.0,0.0,0.0,0.0,0.0,8380.89,78736.0,0.0,2026-10-10 01:25:21+00:00
10/09/2026 20:30:21,N,50.7804,0.57,0.0,0.0,0.0,0.0,0.0,10.0,0.0,4.87,0.0,0.0,0.0,0.0,0.0,8386.6,79061.08,0.0,2026-10-10 01:30:21+00:00
10/09/2026 20:35:21,N,49.9825,1.05,0.0,0.0,0.0,0.0,0.01,10.0,0.0,4.98,0.0,0.0,0.0,0.0,0.0,8378.46,79182.39,0.0,2026-10-10 01:35:21+00:00
10/09/2026 20:40:22,N,49.88,0.47,0.0,0.0,0.0,0.0,0.0,10.0,0.0,4.98,0.0,0.0,0.0,0.0,0.0,8358.24,79206.38,0.0,2026-10-10 01:40:22+00:00
10/09/2026 20:45:21,N,49.3426,1.09,0.04,0.0,0.04,0.09,0.34,10.0,0.0,4.98,0.0,0.0,0.0,0.0,0.0,8321.51,79247.65,0.0,2026-10-10 01:45:21+00:00
10/09/2026 20:50:22,N,48.6386,0.98,0.0,0.0,0.0,0.0,0.0,10.0,0.0,4.98,0.0,0.0,0.0,0.0,0.0,8327.36,79354.09,0.0,2026-10-10 01:50:22+00:00
10/09/2026 20:55:21,N,50.1836,0.19,0.02,0.0,0.02,0.03,0.14,10.0,0.0,4.98,0.0,0.0,0.0,0.0,0.0,8336.01,79284.16,0.0,2026-10-10 01:55:21+00:00
10/09/2026 21:00:24,N,47.6944,1.52,0.0,0.0,0.0,0.0,0.0,10.0,0.0,4.98,0.0,0.0,0.0,0.0,0.0,8227.88,79285.39,0.0,2026-10-10 02:00:24+00:00
10/09/2026 21:05:21,N,47.9535,0.08,0.0,0.0,0.0,0.0,0.0,10.0,0.0,0.04,0.0,0.0,0.0,0.0,0.0,8012.67,79170.88,0.0,2026-10-10 02:05:21+00:00
10/09/2026 21:10:22,N,47.1613,0.22,0.0,0.0,0.0,0.0,0.0,10.0,0.0,0.01,0.0,0.0,0.0,0.0,0.0,7915.78,79166.57,0.0,2026-10-10 02:10:22+00:00
10/09/2026 21:15:20,N,47.4641,0.0,0.0,0.0,0.0,0.0,0.0,10.0,0.0,0.0,0.0,0.0,0.0,0.0,0.0,7877.55,79316.78,0.0,2026-10-10 02:15:20+00:00
10/09/2026 21:20:21,N,46.3228,0.39,0.03,0.0,0.03,0.06,0.25,10.0,0.0,0.0,0.0,0.0,0.0,0.0,0.0,7855.08,79322.31,0.0,2026-10-10 02:20:21+00:00
10/09/2026 21:25:20,N,42.7159,0.9,0.12,0.0,0.12,0.25,0.99,10.0,0.0,0.0,0.0,0.0,0.0,0.0,0.0,7573.34,79265.32,0.0,2026-10-10 02:25:20+00:00
10/09/2026 21:30:20,N,40.315,1.28,0.0,0.0,0.01,0.03,0.1,10.0,0.0,0.0,0.0,0.0,0.0,0.0,0.0,7615.15,79354.34,0.0,2026-10-10 02:30:20+00:00
10/09/2026 21:35:21,N,42.7112,0.23,0.2,0.0,0.03,0.05,0.2,10.0,0.0,0.0,0.0,0.0,0.0,0.0,0.0,7380.6,79451.4,0.0,2026-10-10 02:35:21+00:00
10/09/2026 21:40:19,N,39.9873,0.12,0.01,0.0,0.01,0.02,0.07,10.0,0.0,0.0,0.0,0.0,0.0,0.0,0.0,7293.54,79361.66,0.0,2026-10-10 02:40:19+00:00
10/09/2026 21:45:20,N,40.6037,0.09,0.0,0.0,0.0,0.0,0.0,10.0,0.0,0.0,0.0,0.0,0.0,0.0,0.0,7333.48,79526.93,0.0,2026-10-10 02:45:20+00:00
10/09/2026 21:50:20,N,39.6319,0.18,0.0,0.0,0.0,0.0,0.0,10.0,0.0,0.0,0.0,0.0,0.0,0.0,0.0,7385.77,79800.17,0.0,2026-10-10 02:50:20+00:00
10/09/2026 21:55:20,N,36.7844,0.56,0.02,0.0,0.02,0.04,0.16,10.0,0.0,0.0,0.0,0.0,0.0,0.0,0.0,7305.96,80101.69,0.0,2026-10-10 02:55:20+00:00
10/09/2026 22:00:22,N,33.1681,0.0,0.0,0.0,0.0,0.0,0.0,0.0,0.0,0.0,0.0,0.0,0.0,0.0,0.0,7078.27,80211.74,0.0,2026-10-10 03:00:22+00:00
10/09/2026 22:05:21,N,34.1494,0.0,0.0,0.0,0.0,0.0,0.0,0.0,0.0,0.0,0.0,0.0,0.0,0.0,0.0,6802.0,79867.48,0.0,2026-10-10 03:05:21+00:00
10/09/2026 22:10:19,N,32.3085,0.0,0.0,0.0,0.0,0.0,0.0,0.0,0.0,0.0,0.0,0.0,0.0,0.0,0.0,6345.84,79715.5,0.0,2026-10-10 03:10:19+00:00
10/09/2026 22:15:18,N,32.9588,0.0,0.0,0.0,0.0,0.0,0.0,0.0,0.0,0.0,0.0,0.0,0.0,0.0,0.0,6052.48,79656.38,0.0,2026-10-10 03:15:18+00:00
10/09/2026 22:20:18,N,33.0813,0.0,0.0,0.0,0.0,0.0,0.0,0.0,0.0,0.0,0.0,0.0,0.0,0.0,0.0,5786.69,79532.19,0.0,2026-10-10 03:20:18+00:00
10/09/2026 22:25:20,N,32.3647,0.0,0.0,0.0,0.0,0.0,0.0,0.0,0.0,0.0,0.0,0.0,0.0,0.0,0.0,5668.15,79204.15,0.0,2026-10-10 03:25:20+00:00
10/09/2026 22:30:19,N,31.9441,0.0,0.0,0.0,0.0,0.0,0.0,0.0,0.0,0.0,0.0,0.0,0.0,0.0,0.0,5622.19,79020.84,0.0,2026-10-10 03:30:19+00:00
10/09/2026 22:35:18,N,31.1196,0.0,0.0,0.0,0.0,0.0,0.0,0.0,0.0,0.0,0.0,0.0,0.0,0.0,0.0,5623.93,79108.02,0.0,2026-10-10 03:35:18+00:00
10/09/2026 22:40:18,N,31.0653,0.0,0.0,0.0,0.0,0.0,0.0,0.0,0.0,0.0,0.0,0.0,0.0,0.0,0.0,5463.82,79257.16,0.0,2026-10-10 03:40:18+00:00
10/09/2026 22:45:18,N,29.9286,0.0,0.0,0.0,0.0,0.0,0.0,0.0,0.0,0.0,0.0,0.0,0.0,0.0,0.0,5359.59,79231.03,0.0,2026-10-10 03:45:18+00:00
10/09/2026 22:50:18,N,28.699,0.0,0.0,0.0,0.0,0.0,0.0,0.0,0.0,0.0,0.0,0.0,0.0,0.0,0.0,5336.6,79169.29,0.0,2026-10-10 03:50:18+00:00
10/09/2026 22:55:19,N,28.3267,0.0,0.0,0.0,0.0,0.0,0.0,0.0,0.0,0.0,0.0,0.0,0.0,0.0,0.0,5237.01,79104.61,0.0,2026-10-10 03:55:19+00:00
10/09/2026 23:00:21,N,26.9014,0.0,0.0,0.0,0.0,0.0,0.0,0.0,0.0,0.0,0.0,0.0,0.0,0.0,0.0,5067.42,79156.9,0.0,2026-10-10 04:00:21+00:00
10/09/2026 23:05:18,N,28.5999,0.0,0.0,0.0,0.0,0.0,0.0,0.0,0.0,0.0,0.0,0.0,0.0,0.0,0.0,4891.4,79103.46,0.0,2026-10-10 04:05:18+00:00
10/09/2026 23:10:17,N,28.6784,0.0,0.0,0.0,0.0,0.0,0.0,0.0,0.0,0.0,0.0,0.0,0.0,0.0,0.0,4721.51,78578.48,0.0,2026-10-10 04:10:17+00:00
10/09/2026 23:15:18,N,28.6924,0.0,0.0,0.0,0.0,0.0,0.0,0.0,0.0,0.0,0.0,0.0,0.0,0.0,0.0,4645.97,78452.79,0.0,2026-10-10 04:15:18+00:00
10/09/2026 23:20:18,N,29.0422,0.0,0.0,0.0,0.0,0.0,0.0,0.0,0.0,0.0,0.0,0.0,0.0,0.0,0.0,4574.43,78298.75,0.0,2026-10-10 04:20:18+00:00
