Interval,GMTIntervalEnd,Reserve Zone,RegUPService,RegDNService,RegUpMile, RegDNMile,RampUP,RampDN,Spin,Supp,UncUP,BAA,ts_utc
09/17/2026 04:45:00,09/17/2026 09:45:00,SWPW,13.5953,32.3337,0.01,0.01,0.0,0.0,6.0349,5.75,0.0,SWPW,2026-09-17 09:45:00+00:00
09/17/2026 04:55:00,09/17/2026 09:55:00,SWPW,13.5953,32.181,0.01,0.01,0.0,0.0,6.0349,5.75,0.0,SWPW,2026-09-17 09:55:00+00:00
09/17/2026 05:20:00,09/17/2026 10:20:00,SWPW,13.5954,31.1081,0.01,0.01,0.0,0.0,6.7769,5.75,0.0,SWPW,2026-09-17 10:20:00+00:00
09/17/2026 05:35:00,09/17/2026 10:35:00,SWPW,13.5954,31.2578,0.01,0.01,0.0,0.0,6.6651,5.75,0.0,SWPW,2026-09-17 10:35:00+00:00
09/17/2026 05:50:00,09/17/2026 10:50:00,SWPW,13.5954,29.3096,0.01,0.01,0.0,0.0,8.5775,5.75,0.0,SWPW,2026-09-17 10:50:00+00:00
09/17/2026 06:15:00,09/17/2026 11:15:00,SWPW,14.8033,12.4782,0.01,6.58,6.9575,0.0,13.7088,5.75,6.9575,SWPW,2026-09-17 11:15:00+00:00
09/17/2026 06:25:00,09/17/2026 11:25:00,SWPW,13.9338,12.5117,0.01,6.58,6.088,0.0,12.7456,5.75,6.088,SWPW,2026-09-17 11:25:00+00:00
09/17/2026 06:30:00,09/17/2026 11:30:00,SWPW,14.7274,12.5101,0.01,6.58,6.8817,0.0,13.5112,5.75,6.8817,SWPW,2026-09-17 11:30:00+00:00
09/17/2026 06:45:00,09/17/2026 11:45:00,SWPW,14.8032,11.492,0.01,6.58,6.9575,0.0,14.5937,5.75,6.9575,SWPW,2026-09-17 11:45:00+00:00
09/17/2026 06:55:00,09/17/2026 11:55:00,SWPW,208.8458,9.2604,0.01,6.58,201.0,0.0,208.8448,5.75,6.9575,SWPW,2026-09-17 11:55:00+00:00
09/17/2026 07:25:00,09/17/2026 12:25:00,SWPW,20.0644,0.6846,0.01,0.01,12.2191,0.0,17.4616,5.75,0.0,SWPW,2026-09-17 12:25:00+00:00
09/17/2026 07:50:00,09/17/2026 12:50:00,SWPW,13.5953,17.8582,0.01,6.58,0.0,0.0,7.0721,5.75,0.0,SWPW,2026-09-17 12:50:00+00:00
09/17/2026 08:15:00,09/17/2026 13:15:00,SWPW,43.7486,45.0014,0.01,0.01,0.0,0.0,9.0,5.75,0.0,SWPW,2026-09-17 13:15:00+00:00
09/17/2026 08:30:00,09/17/2026 13:30:00,SWPW,43.7687,45.0014,0.01,0.01,0.0,0.0,9.0,5.75,0.0,SWPW,2026-09-17 13:30:00+00:00
09/17/2026 08:45:00,09/17/2026 13:45:00,SWPW,42.3667,67.8095,0.01,0.01,0.0,0.0,9.0,5.75,0.0,SWPW,2026-09-17 13:45:00+00:00
09/17/2026 08:55:00,09/17/2026 13:55:00,SWPW,42.1604,47.3907,0.01,0.01,0.0,0.0,9.0,5.75,0.0,SWPW,2026-09-17 13:55:00+00:00
09/17/2026 09:20:00,09/17/2026 14:20:00,SWPW,10.5763,31.0551,0.01,0.01,0.0,0.0,8.6594,5.75,0.0,SWPW,2026-09-17 14:20:00+00:00
09/17/2026 09:40:00,09/17/2026 14:40:00,SWPW,10.9621,27.1741,0.01,0.01,0.0,0.0,9.0,5.75,0.0,SWPW,2026-09-17 14:40:00+00:00
09/17/2026 09:50:00,09/17/2026 14:50:00,SWPW,10.5763,31.0521,0.01,0.01,0.0,0.0,9.0,5.75,0.0,SWPW,2026-09-17 14:50:00+00:00
09/17/2026 10:15:00,09/17/2026 15:15:00,SWPW,10.5759,58.2696,0.01,0.01,0.0,0.0,6.0349,5.75,0.0,SWPW,2026-09-17 15:15:00+00:00
09/17/2026 10:30:00,09/17/2026 15:30:00,SWPW,10.5759,55.3168,0.01,0.01,0.0,0.0,6.0349,5.75,0.0,SWPW,2026-09-17 15:30:00+00:00
09/17/2026 10:45:00,09/17/2026 15:45:00,SWPW,13.5952,40.2265,0.01,0.01,0.0,0.0,6.0349,5.75,0.0,SWPW,2026-09-17 15:45:00+00:00
09/17/2026 10:55:00,09/17/2026 15:55:00,SWPW,10.5759,52.0227,0.01,0.01,0.0,0.0,6.0349,5.75,0.0,SWPW,2026-09-17 15:55:00+00:00
09/17/2026 11:20:00,09/17/2026 16:20:00,SWPW,13.5956,59.4336,0.01,0.01,0.0,0.0,6.0349,5.75,0.0,SWPW,2026-09-17 16:20:00+00:00
09/17/2026 11:55:00,09/17/2026 16:55:00,SWPW,13.5956,58.1416,0.01,0.01,0.0,0.0,6.0349,5.75,0.0,SWPW,2026-09-17 16:55:00+00:00
09/17/2026 12:15:00,09/17/2026 17:15:00,SWPW,31.9593,61.3568,0.01,0.01,0.0,0.0,6.0349,5.75,0.0,SWPW,2026-09-17 17:15:00+00:00
09/17/2026 12:25:00,09/17/2026 17:25:00,SWPW,31.9371,61.3128,0.01,0.01,0.0,0.0,6.0349,5.75,0.0,SWPW,2026-09-17 17:25:00+00:00
09/17/2026 12:40:00,09/17/2026 17:40:00,SWPW,31.9284,61.327,0.01,0.01,0.0,0.0,6.0349,5.75,0.0,SWPW,2026-09-17 17:40:00+00:00
09/17/2026 12:50:00,09/17/2026 17:50:00,SWPW,31.9531,61.2985,0.01,0.01,0.0,0.0,6.0349,5.75,0.0,SWPW,2026-09-17 17:50:00+00:00
09/17/2026 13:20:00,09/17/2026 18:20:00,SWPW,13.5964,59.6072,0.01,0.01,0.0,0.0,9.0,5.75,0.0,SWPW,2026-09-17 18:20:00+00:00
09/17/2026 13:45:00,09/17/2026 18:45:00,SWPW,13.5964,94.0222,0.01,0.01,0.0,0.0,9.0,5.75,0.0,SWPW,2026-09-17 18:45:00+00:00
09/17/2026 13:55:00,09/17/2026 18:55:00,SWPW,13.5964,100.4524,0.01,0.01,0.0,0.0,9.0,5.75,0.0,SWPW,2026-09-17 18:55:00+00:00
09/17/2026 14:15:00,09/17/2026 19:15:00,SWPW,13.5968,56.6825,0.01,0.01,0.0,0.0,9.0,5.75,0.0,SWPW,2026-09-17 19:15:00+00:00
09/17/2026 14:25:00,09/17/2026 19:25:00,SWPW,13.5968,56.6801,0.01,0.01,0.0,0.0,9.0,5.75,0.0,SWPW,2026-09-17 19:25:00+00:00
09/17/2026 14:40:00,09/17/2026 19:40:00,SWPW,13.5968,56.6802,0.01,0.01,0.0,0.0,9.0,5.75,0.0,SWPW,2026-09-17 19:40:00+00:00
09/17/2026 14:50:00,09/17/2026 19:50:00,SWPW,13.5968,56.6794,0.01,0.01,0.0,0.0,9.0,5.75,0.0,SWPW,2026-09-17 19:50:00+00:00
09/17/2026 15:15:00,09/17/2026 20:15:00,SWPW,13.5964,45.0017,0.01,0.01,0.0,0.0,9.0,5.75,0.0,SWPW,2026-09-17 20:15:00+00:00
09/17/2026 15:40:00,09/17/2026 20:40:00,SWPW,13.5964,45.0017,0.01,0.01,0.0,0.0,9.0,5.75,0.0,SWPW,2026-09-17 20:40:00+00:00
09/17/2026 15:50:00,09/17/2026 20:50:00,SWPW,13.5964,45.0017,0.01,0.01,0.0,0.0,9.0,5.75,0.0,SWPW,2026-09-17 20:50:00+00:00
09/17/2026 16:15:00,09/17/2026 21:15:00,SWPW,13.597,45.0017,0.01,0.01,0.0,0.0,9.0,5.75,0.0,SWPW,2026-09-17 21:15:00+00:00
09/17/2026 16:30:00,09/17/2026 21:30:00,SWPW,382.6476,428.0,0.01,0.01,0.0,0.0,9.0,5.75,0.0,SWPW,2026-09-17 21:30:00+00:00
09/17/2026 16:40:00,09/17/2026 21:40:00,SWPW,45.0022,93.1402,0.01,0.01,0.0,0.0,9.0,5.75,0.0,SWPW,2026-09-17 21:40:00+00:00
09/17/2026 16:50:00,09/17/2026 21:50:00,SWPW,45.0022,90.2027,0.01,0.01,0.0,0.0,9.0,5.75,0.0,SWPW,2026-09-17 21:50:00+00:00
09/17/2026 17:15:00,09/17/2026 22:15:00,SWPW,382.7697,428.0,0.01,6.58,0.0,0.0,9.0,5.75,0.0,SWPW,2026-09-17 22:15:00+00:00
09/17/2026 17:30:00,09/17/2026 22:30:00,SWPW,389.607,428.0,0.01,6.58,0.0,0.0,9.0,5.75,0.0,SWPW,2026-09-17 22:30:00+00:00
09/17/2026 17:40:00,09/17/2026 22:40:00,SWPW,382.771,428.0,0.01,6.58,0.0,0.0,9.0,5.75,0.0,SWPW,2026-09-17 22:40:00+00:00
09/17/2026 17:50:00,09/17/2026 22:50:00,SWPW,382.7718,428.0,0.01,6.58,0.0,0.0,9.0,5.75,0.0,SWPW,2026-09-17 22:50:00+00:00
09/17/2026 18:15:00,09/17/2026 23:15:00,SWPW,13.5967,34.7007,0.01,0.01,0.0,0.0,6.0349,5.75,0.0,SWPW,2026-09-17 23:15:00+00:00
09/17/2026 18:25:00,09/17/2026 23:25:00,SWPW,116.2847,10.5774,0.01,0.01,5.0349,0.0,6.0349,5.75,0.0,SWPW,2026-09-17 23:25:00+00:00
09/17/2026 18:40:00,09/17/2026 23:40:00,SWPW,13.5966,29.0991,0.01,0.01,0.0,0.0,6.9207,5.75,0.0,SWPW,2026-09-17 23:40:00+00:00
09/17/2026 18:50:00,09/17/2026 23:50:00,SWPW,13.5967,41.0152,0.01,0.01,0.0,0.0,6.0349,5.75,0.0,SWPW,2026-09-17 23:50:00+00:00
09/17/2026 19:40:00,09/18/2026 00:40:00,SWPW,13.597,43.7267,0.01,0.01,0.0,0.0,6.0349,5.75,0.0,SWPW,2026-09-18 00:40:00+00:00
09/17/2026 20:15:00,09/18/2026 01:15:00,SWPW,10.5771,33.6757,0.01,0.01,0.0,0.0,4.725,4.4401,0.0,SWPW,2026-09-18 01:15:00+00:00
09/17/2026 20:40:00,09/18/2026 01:40:00,SWPW,10.5771,33.5129,0.01,0.01,0.0,0.0,3.8877,3.6028,0.0,SWPW,2026-09-18 01:40:00+00:00
09/17/2026 21:00:00,09/18/2026 02:00:00,SWPW,13.5964,34.5772,0.01,0.0,0.0,0.0,6.0349,5.75,0.0,SWPW,2026-09-18 02:00:00+00:00
09/17/2026 21:30:00,09/18/2026 02:30:00,SWPW,13.5962,60.6948,0.01,0.01,0.0,0.0,6.0349,5.75,0.0,SWPW,2026-09-18 02:30:00+00:00
09/17/2026 21:50:00,09/18/2026 02:50:00,SWPW,13.5962,53.6421,0.01,0.01,0.0,0.0,6.0349,5.75,0.0,SWPW,2026-09-18 02:50:00+00:00
09/17/2026 22:20:00,09/18/2026 03:20:00,SWPW,13.5965,26.9818,0.01,0.01,0.0,0.0,6.0349,5.75,0.0,SWPW,2026-09-18 03:20:00+00:00
09/17/2026 22:45:00,09/18/2026 03:45:00,SWPW,13.5965,39.9529,0.01,0.01,0.0,0.0,6.0349,5.75,0.0,SWPW,2026-09-18 03:45:00+00:00
09/17/2026 22:55:00,09/18/2026 03:55:00,SWPW,13.5965,40.6284,0.01,0.01,0.0,0.0,6.0349,5.75,0.0,SWPW,2026-09-18 03:55:00+00:00
09/17/2026 23:20:00,09/18/2026 04:20:00,SWPW,10.5771,33.6255,0.01,0.01,0.0,0.0,3.6823,3.3973,0.0,SWPW,2026-09-18 04:20:00+00:00
09/17/2026 23:45:00,09/18/2026 04:45:00,SWPW,10.5771,34.6467,0.01,0.01,0.0,0.0,3.6823,3.3973,0.0,SWPW,2026-09-18 04:45:00+00:00
09/17/2026 23:55:00,09/18/2026 04:55:00,SWPW,10.5771,33.8876,0.01,0.01,0.0,0.0,3.6823,3.3973,0.0,SWPW,2026-09-18 04:55:00+00:00
09/18/2026 00:15:00,09/18/2026 05:15:00,SWPW,1.5957,0.0009,0.01,0.01,0.0,0.0,0.2849,0.0,0.0,SWPW,2026-09-18 05:15:00+00:00
09/18/2026 00:30:00,09/18/2026 05:30:00,SWPW,3.9574,0.0009,0.01,0.01,0.0,0.0,0.2849,0.0,0.0,SWPW,2026-09-18 05:30:00+00:00
09/18/2026 00:45:00,09/18/2026 05:45:00,SWPW,606.0349,0.0009,0.01,0.01,5.0349,0.0,6.0349,5.75,0.0,SWPW,2026-09-18 05:45:00+00:00
09/18/2026 00:50:00,09/18/2026 05:50:00,SWPW,668.0,0.0009,0.01,0.01,67.0,0.0,68.0,5.75,0.0,SWPW,2026-09-18 05:50:00+00:00
09/18/2026 01:30:00,09/18/2026 06:30:00,SWPW,5.7508,0.0009,0.01,0.01,5.75,0.0,5.75,5.75,0.0,SWPW,2026-09-18 06:30:00+00:00
09/18/2026 01:55:00,09/18/2026 06:55:00,SWPW,50.0009,50.0009,0.01,0.01,0.0,0.0,6.0349,5.75,0.0,SWPW,2026-09-18 06:55:00+00:00
09/18/2026 02:20:00,09/18/2026 07:20:00,SWPW,50.001,50.0011,0.01,0.01,0.0,0.0,6.0349,5.75,0.0,SWPW,2026-09-18 07:20:00+00:00
09/18/2026 02:40:00,09/18/2026 07:40:00,SWPW,50.001,50.0011,0.01,0.01,0.0,0.0,6.0349,5.75,0.0,SWPW,2026-09-18 07:40:00+00:00
09/18/2026 02:50:00,09/18/2026 07:50:00,SWPW,50.001,50.0011,0.01,0.01,0.0,0.0,6.0349,5.75,0.0,SWPW,2026-09-18 07:50:00+00:00
09/18/2026 03:20:00,09/18/2026 08:20:00,SWPW,0.0008,0.0009,0.01,0.01,0.0,0.0,0.0001,0.0001,0.0,SWPW,2026-09-18 08:20:00+00:00
09/18/2026 03:45:00,09/18/2026 08:45:00,SWPW,0.0008,0.0008,0.01,0.01,0.0,0.0,0.0,0.0,0.0,SWPW,2026-09-18 08:45:00+00:00
09/18/2026 03:55:00,09/18/2026 08:55:00,SWPW,0.0008,0.0008,0.01,0.01,0.0,0.0,0.0001,0.0001,0.0,SWPW,2026-09-18 08:55:00+00:00
09/18/2026 04:15:00,09/18/2026 09:15:00,SWPW,51.6163,50.0009,0.01,0.01,1.6158,0.0,6.0349,5.75,0.0,SWPW,2026-09-18 09:15:00+00:00
09/18/2026 04:40:00,09/18/2026 09:40:00,SWPW,5.7504,0.0009,0.01,0.01,5.7499,0.0,5.75,5.75,0.0,SWPW,2026-09-18 09:40:00+00:00
09/18/2026 04:50:00,09/18/2026 09:50:00,SWPW,52.0349,50.0009,0.01,0.01,2.0344,0.0,6.0349,5.75,0.0,SWPW,2026-09-18 09:50:00+00:00
09/18/2026 05:15:00,09/18/2026 10:15:00,SWPW,5.7607,0.0009,0.01,0.01,5.75,0.0,5.7601,5.75,0.0,SWPW,2026-09-18 10:15:00+00:00
09/18/2026 05:35:00,09/18/2026 10:35:00,SWPW,5.7506,0.2859,0.01,0.01,5.75,0.0,5.75,5.75,0.0,SWPW,2026-09-18 10:35:00+00:00
09/18/2026 05:45:00,09/18/2026 10:45:00,SWPW,5.7506,0.2859,0.01,0.01,5.75,0.0,5.75,5.75,0.0,SWPW,2026-09-18 10:45:00+00:00
09/18/2026 05:55:00,09/18/2026 10:55:00,SWPW,51.9765,50.001,0.01,0.01,1.9759,0.0,6.0349,5.75,0.0,SWPW,2026-09-18 10:55:00+00:00
09/18/2026 06:15:00,09/18/2026 11:15:00,SWPW,0.001,0.0007,0.01,0.01,0.0,0.0,0.0,0.0,0.0,SWPW,2026-09-18 11:15:00+00:00
09/18/2026 06:30:00,09/18/2026 11:30:00,SWPW,51.5844,50.0006,0.01,0.01,1.5835,0.0,6.0349,5.75,0.0,SWPW,2026-09-18 11:30:00+00:00
09/18/2026 06:40:00,09/18/2026 11:40:00,SWPW,5.751,1.0007,0.01,0.01,5.75,0.0,5.75,5.75,0.0,SWPW,2026-09-18 11:40:00+00:00
09/18/2026 06:50:00,09/18/2026 11:50:00,SWPW,54.5359,50.0006,0.01,0.01,4.5349,0.0,6.0349,5.75,0.0,SWPW,2026-09-18 11:50:00+00:00
09/18/2026 07:25:00,09/18/2026 12:25:00,SWPW,50.0005,50.0012,0.01,0.01,0.0,0.0,6.0349,5.75,0.0,SWPW,2026-09-18 12:25:00+00:00
09/18/2026 07:50:00,09/18/2026 12:50:00,SWPW,51.3801,50.0012,0.01,0.01,1.3796,0.0,6.0349,5.75,0.0,SWPW,2026-09-18 12:50:00+00:00
09/18/2026 08:15:00,09/18/2026 13:15:00,SWPW,50.001,50.0015,0.01,0.01,0.0,0.0,6.0349,5.75,0.0,SWPW,2026-09-18 13:15:00+00:00
09/18/2026 08:30:00,09/18/2026 13:30:00,SWPW,1.0011,9.599,0.01,0.01,0.0,0.0,1.0001,1.0001,0.0,SWPW,2026-09-18 13:30:00+00:00
09/18/2026 08:45:00,09/18/2026 13:45:00,SWPW,50.001,50.0015,0.01,0.01,0.0,0.0,6.0349,5.75,0.0,SWPW,2026-09-18 13:45:00+00:00
09/18/2026 08:50:00,09/18/2026 13:50:00,SWPW,50.001,50.0015,0.01,0.01,0.0,0.0,6.0349,5.75,0.0,SWPW,2026-09-18 13:50:00+00:00
09/18/2026 09:15:00,09/18/2026 14:15:00,SWPW,50.0008,52.9063,0.01,0.01,0.0,0.0,6.0349,5.75,0.0,SWPW,2026-09-18 14:15:00+00:00
09/18/2026 09:35:00,09/18/2026 14:35:00,SWPW,50.0008,52.0816,0.01,0.01,0.0,0.0,6.0349,5.75,0.0,SWPW,2026-09-18 14:35:00+00:00
09/18/2026 09:45:00,09/18/2026 14:45:00,SWPW,50.0008,50.0018,0.01,0.01,0.0,0.0,6.0349,5.75,0.0,SWPW,2026-09-18 14:45:00+00:00
09/18/2026 09:55:00,09/18/2026 14:55:00,SWPW,50.0008,59.214,0.01,0.01,0.0,0.0,6.0349,5.75,0.0,SWPW,2026-09-18 14:55:00+00:00
09/18/2026 10:15:00,09/18/2026 15:15:00,SWPW,50.0004,50.0015,0.01,0.01,0.0,0.0,6.0349,5.75,0.0,SWPW,2026-09-18 15:15:00+00:00
09/18/2026 10:30:00,09/18/2026 15:30:00,SWPW,50.0004,50.492,0.01,0.01,0.0,0.0,6.0349,5.75,0.0,SWPW,2026-09-18 15:30:00+00:00
09/18/2026 10:40:00,09/18/2026 15:40:00,SWPW,50.0004,50.0015,0.01,0.01,0.0,0.0,6.0349,5.75,0.0,SWPW,2026-09-18 15:40:00+00:00
09/18/2026 10:50:00,09/18/2026 15:50:00,SWPW,50.0004,50.5038,0.01,0.01,0.0,0.0,6.0349,5.75,0.0,SWPW,2026-09-18 15:50:00+00:00
09/18/2026 11:15:00,09/18/2026 16:15:00,SWPW,50.0008,50.0013,0.01,0.01,0.0,0.0,6.0349,5.75,0.0,SWPW,2026-09-18 16:15:00+00:00
09/18/2026 11:30:00,09/18/2026 16:30:00,SWPW,50.0008,50.0013,0.01,0.01,0.0,0.0,6.0349,5.75,0.0,SWPW,2026-09-18 16:30:00+00:00
09/18/2026 11:45:00,09/18/2026 16:45:00,SWPW,63.7274,50.0013,0.01,0.01,13.7266,0.0,14.7266,5.75,0.0,SWPW,2026-09-18 16:45:00+00:00
09/18/2026 11:50:00,09/18/2026 16:50:00,SWPW,50.0008,50.0013,0.01,0.01,0.0,0.0,6.0349,5.75,0.0,SWPW,2026-09-18 16:50:00+00:00
09/18/2026 12:15:00,09/18/2026 17:15:00,SWPW,50.0011,50.0013,0.01,0.01,0.0,0.0,6.0349,5.75,0.0,SWPW,2026-09-18 17:15:00+00:00
09/18/2026 12:25:00,09/18/2026 17:25:00,SWPW,50.0012,50.0013,0.01,0.01,0.0,0.0,6.0349,5.75,0.0,SWPW,2026-09-18 17:25:00+00:00
09/18/2026 12:40:00,09/18/2026 17:40:00,SWPW,53.0945,50.0013,0.01,0.01,3.0933,0.0,6.0349,5.75,0.0,SWPW,2026-09-18 17:40:00+00:00
09/18/2026 12:50:00,09/18/2026 17:50:00,SWPW,53.1339,50.0013,0.01,0.01,3.1327,0.0,6.0349,5.75,0.0,SWPW,2026-09-18 17:50:00+00:00
09/18/2026 13:20:00,09/18/2026 18:20:00,SWPW,50.0016,50.0011,0.01,0.01,0.0,0.0,6.0349,5.75,0.0,SWPW,2026-09-18 18:20:00+00:00
09/18/2026 13:40:00,09/18/2026 18:40:00,SWPW,150.0017,50.0011,0.01,0.01,100.0,0.0,101.0001,5.75,0.0,SWPW,2026-09-18 18:40:00+00:00
09/18/2026 13:50:00,09/18/2026 18:50:00,SWPW,50.0017,50.0011,0.01,0.01,0.0,0.0,6.0349,5.75,0.0,SWPW,2026-09-18 18:50:00+00:00
09/18/2026 14:10:00,09/18/2026 19:10:00,SWPW,47.1891,50.0013,0.01,0.01,5.0349,0.0,6.0349,5.75,0.0,SWPW,2026-09-18 19:10:00+00:00
09/18/2026 14:25:00,09/18/2026 19:25:00,SWPW,41.6028,50.0013,0.01,0.01,0.0,0.0,6.0349,5.75,0.0,SWPW,2026-09-18 19:25:00+00:00
09/18/2026 14:40:00,09/18/2026 19:40:00,SWPW,59.9322,50.0013,0.01,0.01,26.687,0.0,27.6871,5.75,0.0,SWPW,2026-09-18 19:40:00+00:00
09/18/2026 14:50:00,09/18/2026 19:50:00,SWPW,40.4398,45.0852,0.01,0.01,2.6777,0.0,6.0349,5.75,0.0,SWPW,2026-09-18 19:50:00+00:00
09/18/2026 15:15:00,09/18/2026 20:15:00,SWPW,66.7904,50.0017,0.01,0.01,67.0,0.0,42.846,5.75,6.9575,SWPW,2026-09-18 20:15:00+00:00
09/18/2026 15:40:00,09/18/2026 20:40:00,SWPW,28.6809,50.0017,0.01,0.01,0.0,0.0,6.0349,5.75,0.0,SWPW,2026-09-18 20:40:00+00:00
09/18/2026 15:50:00,09/18/2026 20:50:00,SWPW,13.721,57.579,0.01,0.01,0.0,0.0,6.0349,5.75,0.0,SWPW,2026-09-18 20:50:00+00:00
09/18/2026 16:15:00,09/18/2026 21:15:00,SWPW,14.7647,58.0623,0.01,0.01,0.0,0.0,6.0349,5.75,0.0,SWPW,2026-09-18 21:15:00+00:00
09/18/2026 16:25:00,09/18/2026 21:25:00,SWPW,30.6856,50.0017,0.01,0.01,0.0,0.0,6.0349,5.75,0.0,SWPW,2026-09-18 21:25:00+00:00
09/18/2026 16:40:00,09/18/2026 21:40:00,SWPW,28.2737,50.0017,0.01,0.01,0.0,0.0,6.0349,5.75,0.0,SWPW,2026-09-18 21:40:00+00:00
09/18/2026 16:50:00,09/18/2026 21:50:00,SWPW,24.3185,50.0017,0.01,0.01,0.0,0.0,6.0349,5.75,0.0,SWPW,2026-09-18 21:50:00+00:00
09/18/2026 17:15:00,09/18/2026 22:15:00,SWPW,13.5966,50.0019,0.01,0.01,0.0,0.0,6.0349,5.75,0.0,SWPW,2026-09-18 22:15:00+00:00
09/18/2026 17:30:00,09/18/2026 22:30:00,SWPW,13.5966,50.0019,0.01,0.01,0.0,0.0,6.0349,5.75,0.0,SWPW,2026-09-18 22:30:00+00:00
09/18/2026 17:40:00,09/18/2026 22:40:00,SWPW,13.5966,50.0019,0.01,0.01,0.0,0.0,6.0349,5.75,0.0,SWPW,2026-09-18 22:40:00+00:00
09/18/2026 17:50:00,09/18/2026 22:50:00,SWPW,13.5966,50.0019,0.01,0.01,0.0,0.0,6.0349,5.75,0.0,SWPW,2026-09-18 22:50:00+00:00
09/18/2026 18:15:00,09/18/2026 23:15:00,SWPW,10.5774,51.7831,0.01,0.01,0.0,0.0,3.0155,2.7306,0.0,SWPW,2026-09-18 23:15:00+00:00
09/18/2026 18:25:00,09/18/2026 23:25:00,SWPW,10.5774,29.7721,0.01,0.01,0.0,0.0,3.0155,2.7306,0.0,SWPW,2026-09-18 23:25:00+00:00
09/18/2026 18:40:00,09/18/2026 23:40:00,SWPW,10.5774,53.806,0.01,0.01,0.0,0.0,3.0155,2.7306,0.0,SWPW,2026-09-18 23:40:00+00:00
09/18/2026 18:55:00,09/18/2026 23:55:00,SWPW,10.5774,32.6766,0.01,0.01,0.0,0.0,3.0155,2.7306,0.0,SWPW,2026-09-18 23:55:00+00:00
09/18/2026 19:40:00,09/19/2026 00:40:00,SWPW,11.9121,35.4458,6.58,0.01,0.0,0.0,6.0349,5.75,0.0,SWPW,2026-09-19 00:40:00+00:00
09/18/2026 20:10:00,09/19/2026 01:10:00,SWPW,10.5771,76.1569,0.01,0.01,0.0,0.0,1.0001,0.0,0.0,SWPW,2026-09-19 01:10:00+00:00
09/18/2026 20:35:00,09/19/2026 01:35:00,SWPW,34.6801,50.0007,0.01,0.01,0.0,0.0,1.0001,0.0,0.0,SWPW,2026-09-19 01:35:00+00:00
09/18/2026 20:55:00,09/19/2026 01:55:00,SWPW,10.5771,69.9301,0.01,0.01,0.0,0.0,1.0001,0.0,0.0,SWPW,2026-09-19 01:55:00+00:00
09/18/2026 21:20:00,09/19/2026 02:20:00,SWPW,10.5769,39.2019,0.01,0.01,0.0,0.0,6.0089,5.7239,0.0,SWPW,2026-09-19 02:20:00+00:00
09/18/2026 21:45:00,09/19/2026 02:45:00,SWPW,10.5769,33.7721,0.01,0.01,0.0,0.0,5.8724,5.5874,0.0,SWPW,2026-09-19 02:45:00+00:00
09/18/2026 21:55:00,09/19/2026 02:55:00,SWPW,10.5769,31.7046,0.01,0.01,0.0,0.0,5.8409,5.5559,0.0,SWPW,2026-09-19 02:55:00+00:00
09/18/2026 22:20:00,09/19/2026 03:20:00,SWPW,10.5772,27.135,0.01,0.01,0.0,0.0,6.0349,5.75,0.0,SWPW,2026-09-19 03:20:00+00:00
09/18/2026 22:45:00,09/19/2026 03:45:00,SWPW,10.5772,25.1103,0.01,0.01,0.0,0.0,6.0349,5.75,0.0,SWPW,2026-09-19 03:45:00+00:00
09/18/2026 22:50:00,09/19/2026 03:50:00,SWPW,10.5772,30.7196,0.01,0.01,0.0,0.0,6.0349,5.75,0.0,SWPW,2026-09-19 03:50:00+00:00
09/18/2026 23:20:00,09/19/2026 04:20:00,SWPW,50.0016,50.0011,0.01,0.01,0.0,0.0,1.0001,0.0,0.0,SWPW,2026-09-19 04:20:00+00:00
09/18/2026 23:40:00,09/19/2026 04:40:00,SWPW,50.0016,51.7063,0.01,0.01,0.0,0.0,1.0001,0.0,0.0,SWPW,2026-09-19 04:40:00+00:00
09/18/2026 23:50:00,09/19/2026 04:50:00,SWPW,50.0016,51.8717,0.01,0.01,0.0,0.0,1.0001,0.0,0.0,SWPW,2026-09-19 04:50:00+00:00
09/19/2026 00:15:00,09/19/2026 05:15:00,SWPW,50.0013,73.8969,0.01,0.01,0.0,0.0,1.0,0.0,0.0,SWPW,2026-09-19 05:15:00+00:00
09/19/2026 00:30:00,09/19/2026 05:30:00,SWPW,50.0013,52.2789,0.01,0.01,0.0,0.0,1.5579,0.0,0.0,SWPW,2026-09-19 05:30:00+00:00
09/19/2026 00:40:00,09/19/2026 05:40:00,SWPW,50.0013,52.1123,0.01,0.01,0.0,0.0,1.6713,0.0,0.0,SWPW,2026-09-19 05:40:00+00:00
09/19/2026 00:50:00,09/19/2026 05:50:00,SWPW,50.0013,52.2008,0.01,0.01,0.0,0.0,1.5305,0.0,0.0,SWPW,2026-09-19 05:50:00+00:00
09/19/2026 01:25:00,09/19/2026 06:25:00,SWPW,50.0008,32.9925,0.01,0.01,0.0,0.0,6.0349,5.75,0.0,SWPW,2026-09-19 06:25:00+00:00
09/19/2026 01:50:00,09/19/2026 06:50:00,SWPW,35.6058,37.6832,0.01,0.01,0.0,0.0,6.8743,5.75,0.0,SWPW,2026-09-19 06:50:00+00:00
09/19/2026 02:15:00,09/19/2026 07:15:00,SWPW,55.751,55.9973,0.01,6.58,5.75,0.0,8.225,5.75,0.0,SWPW,2026-09-19 07:15:00+00:00
09/19/2026 02:30:00,09/19/2026 07:30:00,SWPW,55.751,65.0654,0.01,6.58,5.75,0.0,6.7501,5.75,0.0,SWPW,2026-09-19 07:30:00+00:00
09/19/2026 02:40:00,09/19/2026 07:40:00,SWPW,55.751,64.2688,0.01,6.58,5.75,0.0,6.7501,5.75,0.0,SWPW,2026-09-19 07:40:00+00:00
09/19/2026 02:50:00,09/19/2026 07:50:00,SWPW,55.751,57.6815,0.01,6.58,5.75,0.0,6.7502,5.75,0.0,SWPW,2026-09-19 07:50:00+00:00
09/19/2026 03:20:00,09/19/2026 08:20:00,SWPW,50.0007,50.0009,0.01,0.01,0.0,0.0,7.7509,0.0,0.0,SWPW,2026-09-19 08:20:00+00:00
09/19/2026 03:40:00,09/19/2026 08:40:00,SWPW,50.0007,50.0009,0.01,0.01,0.0,0.0,1.5002,0.0,0.0,SWPW,2026-09-19 08:40:00+00:00
09/19/2026 03:50:00,09/19/2026 08:50:00,SWPW,50.0007,50.0009,0.01,0.01,0.0,0.0,1.5002,0.0,0.0,SWPW,2026-09-19 08:50:00+00:00
09/19/2026 04:15:00,09/19/2026 09:15:00,SWPW,50.0005,50.0009,0.01,0.01,0.0,0.0,1.0001,0.0,0.0,SWPW,2026-09-19 09:15:00+00:00
09/19/2026 04:30:00,09/19/2026 09:30:00,SWPW,50.0005,50.0009,0.01,0.01,0.0,0.0,1.0001,0.0,0.0,SWPW,2026-09-19 09:30:00+00:00
09/19/2026 04:40:00,09/19/2026 09:40:00,SWPW,50.0005,50.0009,0.01,0.01,0.0,0.0,1.0003,0.0,0.0,SWPW,2026-09-19 09:40:00+00:00
09/19/2026 04:50:00,09/19/2026 09:50:00,SWPW,50.0005,50.0009,0.01,0.01,0.0,0.0,1.0003,0.0,0.0,SWPW,2026-09-19 09:50:00+00:00
09/19/2026 05:40:00,09/19/2026 10:40:00,SWPW,50.0006,50.001,0.01,0.01,0.0,0.0,6.5284,0.0,0.0,SWPW,2026-09-19 10:40:00+00:00
09/19/2026 05:50:00,09/19/2026 10:50:00,SWPW,50.0006,50.001,0.01,0.01,0.0,0.0,7.6399,0.0,0.0,SWPW,2026-09-19 10:50:00+00:00
09/19/2026 06:15:00,09/19/2026 11:15:00,SWPW,50.001,50.0006,0.01,0.01,0.0,0.0,1.0001,0.0,0.0,SWPW,2026-09-19 11:15:00+00:00
09/19/2026 06:25:00,09/19/2026 11:25:00,SWPW,50.001,50.0006,0.01,0.01,0.0,0.0,1.0001,0.0,0.0,SWPW,2026-09-19 11:25:00+00:00
09/19/2026 06:40:00,09/19/2026 11:40:00,SWPW,50.001,50.0006,0.01,0.01,0.0,0.0,1.0001,0.0,0.0,SWPW,2026-09-19 11:40:00+00:00
09/19/2026 06:50:00,09/19/2026 11:50:00,SWPW,50.001,50.0006,0.01,0.01,0.0,0.0,1.0001,0.0,0.0,SWPW,2026-09-19 11:50:00+00:00
09/19/2026 07:20:00,09/19/2026 12:20:00,SWPW,50.0005,50.0012,0.01,0.01,0.0,0.0,1.0001,0.0,0.0,SWPW,2026-09-19 12:20:00+00:00
09/19/2026 07:55:00,09/19/2026 12:55:00,SWPW,0.0005,4.3607,0.01,0.01,0.0,0.0,0.0,0.0,0.0,SWPW,2026-09-19 12:55:00+00:00
09/19/2026 08:15:00,09/19/2026 13:15:00,SWPW,36.7755,50.0014,0.01,0.01,0.0,0.0,1.0001,0.0,0.0,SWPW,2026-09-19 13:15:00+00:00
09/19/2026 08:25:00,09/19/2026 13:25:00,SWPW,37.9265,50.0014,0.01,0.01,0.0,0.0,1.0001,0.0,0.0,SWPW,2026-09-19 13:25:00+00:00
09/19/2026 08:40:00,09/19/2026 13:40:00,SWPW,42.3506,50.0014,0.01,0.01,0.0,0.0,1.0001,0.0,0.0,SWPW,2026-09-19 13:40:00+00:00
09/19/2026 08:50:00,09/19/2026 13:50:00,SWPW,42.7842,50.0014,0.01,0.01,0.0,0.0,1.0001,0.0,0.0,SWPW,2026-09-19 13:50:00+00:00
09/19/2026 09:15:00,09/19/2026 14:15:00,SWPW,48.6645,70.7071,0.01,0.01,0.0,0.0,1.0001,0.0,0.0,SWPW,2026-09-19 14:15:00+00:00
09/19/2026 09:30:00,09/19/2026 14:30:00,SWPW,48.6621,70.7081,0.01,0.01,0.0,0.0,1.0001,0.0,0.0,SWPW,2026-09-19 14:30:00+00:00
09/19/2026 09:40:00,09/19/2026 14:40:00,SWPW,48.6238,73.7271,0.01,0.01,0.0,0.0,1.0001,0.0,0.0,SWPW,2026-09-19 14:40:00+00:00
09/19/2026 09:50:00,09/19/2026 14:50:00,SWPW,48.6622,70.7103,0.01,0.01,0.0,0.0,1.0001,0.0,0.0,SWPW,2026-09-19 14:50:00+00:00
09/19/2026 10:15:00,09/19/2026 15:15:00,SWPW,13.5013,50.0015,0.01,0.01,0.0,0.0,6.0349,5.75,0.0,SWPW,2026-09-19 15:15:00+00:00
09/19/2026 10:25:00,09/19/2026 15:25:00,SWPW,13.5013,50.0015,0.01,0.01,0.0,0.0,6.0349,5.75,0.0,SWPW,2026-09-19 15:25:00+00:00
09/19/2026 10:40:00,09/19/2026 15:40:00,SWPW,13.5013,50.0015,0.01,0.01,0.0,0.0,6.0349,5.75,0.0,SWPW,2026-09-19 15:40:00+00:00
09/19/2026 10:50:00,09/19/2026 15:50:00,SWPW,13.5013,50.0015,0.01,0.01,0.0,0.0,6.0349,5.75,0.0,SWPW,2026-09-19 15:50:00+00:00
09/19/2026 11:15:00,09/19/2026 16:15:00,SWPW,13.5017,50.0013,0.01,0.01,0.0,0.0,6.0349,5.75,0.0,SWPW,2026-09-19 16:15:00+00:00
09/19/2026 11:30:00,09/19/2026 16:30:00,SWPW,13.5017,50.0013,0.01,0.01,0.0,0.0,6.0349,5.75,0.0,SWPW,2026-09-19 16:30:00+00:00
09/19/2026 11:40:00,09/19/2026 16:40:00,SWPW,13.5017,50.0013,0.01,0.01,0.0,0.0,6.0349,5.75,0.0,SWPW,2026-09-19 16:40:00+00:00
09/19/2026 11:50:00,09/19/2026 16:50:00,SWPW,13.5017,50.0013,0.01,0.01,0.0,0.0,6.0349,5.75,0.0,SWPW,2026-09-19 16:50:00+00:00
09/19/2026 12:15:00,09/19/2026 17:15:00,SWPW,13.502,50.0013,0.01,0.01,0.0,0.0,6.0349,5.75,0.0,SWPW,2026-09-19 17:15:00+00:00
09/19/2026 12:25:00,09/19/2026 17:25:00,SWPW,13.502,50.0013,0.01,0.01,0.0,0.0,6.0349,5.75,0.0,SWPW,2026-09-19 17:25:00+00:00
09/19/2026 12:40:00,09/19/2026 17:40:00,SWPW,13.502,50.0013,0.01,0.01,0.0,0.0,6.0349,5.75,0.0,SWPW,2026-09-19 17:40:00+00:00
09/19/2026 12:55:00,09/19/2026 17:55:00,SWPW,13.502,50.0013,0.01,0.0,0.0,0.0,6.0349,5.75,0.0,SWPW,2026-09-19 17:55:00+00:00
09/19/2026 13:15:00,09/19/2026 18:15:00,SWPW,13.5038,54.3628,0.01,0.01,0.0,0.0,9.0,5.75,0.0,SWPW,2026-09-19 18:15:00+00:00
09/19/2026 13:40:00,09/19/2026 18:40:00,SWPW,13.5117,54.3618,0.01,0.01,0.0,0.0,9.0,5.75,0.0,SWPW,2026-09-19 18:40:00+00:00
09/19/2026 14:15:00,09/19/2026 19:15:00,SWPW,18.7172,61.9032,0.01,6.58,0.0,0.0,9.0,5.75,0.0,SWPW,2026-09-19 19:15:00+00:00
09/19/2026 14:25:00,09/19/2026 19:25:00,SWPW,18.6944,58.9399,0.01,6.58,0.0,0.0,9.0,5.75,0.0,SWPW,2026-09-19 19:25:00+00:00
09/19/2026 14:40:00,09/19/2026 19:40:00,SWPW,18.6928,58.9396,0.01,6.58,0.0,0.0,9.0,5.75,0.0,SWPW,2026-09-19 19:40:00+00:00
09/19/2026 14:50:00,09/19/2026 19:50:00,SWPW,25.5055,58.8679,0.01,6.58,6.8743,0.0,15.8743,5.75,6.8743,SWPW,2026-09-19 19:50:00+00:00
09/19/2026 15:15:00,09/19/2026 20:15:00,SWPW,13.5025,50.0017,6.58,0.01,0.0,0.0,6.0349,5.75,0.0,SWPW,2026-09-19 20:15:00+00:00
09/19/2026 15:30:00,09/19/2026 20:30:00,SWPW,13.5025,50.0017,6.58,0.01,0.0,0.0,6.0349,5.75,0.0,SWPW,2026-09-19 20:30:00+00:00
09/19/2026 15:40:00,09/19/2026 20:40:00,SWPW,25.7854,50.0017,6.58,0.01,0.0,0.0,6.0349,5.75,0.0,SWPW,2026-09-19 20:40:00+00:00
09/19/2026 15:50:00,09/19/2026 20:50:00,SWPW,802.0001,7.7526,0.01,0.01,201.0,0.0,202.0001,5.75,0.0,SWPW,2026-09-19 20:50:00+00:00
09/19/2026 16:15:00,09/19/2026 21:15:00,SWPW,34.585,50.0016,0.01,6.58,14.9884,0.0,15.9885,5.75,0.0,SWPW,2026-09-19 21:15:00+00:00
09/19/2026 16:25:00,09/19/2026 21:25:00,SWPW,25.7608,50.0017,0.01,6.58,1.9836,0.0,6.0349,5.75,0.0,SWPW,2026-09-19 21:25:00+00:00
09/19/2026 16:40:00,09/19/2026 21:40:00,SWPW,74.7531,0.0016,0.01,0.01,67.0,0.0,68.0001,5.75,0.0,SWPW,2026-09-19 21:40:00+00:00
09/19/2026 16:50:00,09/19/2026 21:50:00,SWPW,29.7731,50.0017,0.01,6.58,5.1789,0.0,6.179,5.75,0.0,SWPW,2026-09-19 21:50:00+00:00
09/19/2026 17:15:00,09/19/2026 22:15:00,SWPW,26.0619,50.0019,0.01,0.01,15.6113,0.0,16.6113,5.75,0.0,SWPW,2026-09-19 22:15:00+00:00
09/19/2026 17:25:00,09/19/2026 22:25:00,SWPW,30.4674,50.0019,0.01,0.01,20.0167,0.0,21.0168,5.75,0.0,SWPW,2026-09-19 22:25:00+00:00
09/19/2026 17:40:00,09/19/2026 22:40:00,SWPW,13.5027,50.0019,0.01,0.0,1.3514,0.0,6.0349,5.75,0.0,SWPW,2026-09-19 22:40:00+00:00
09/19/2026 17:50:00,09/19/2026 22:50:00,SWPW,112.8822,50.0019,0.01,0.01,100.0,0.0,101.0001,5.75,0.0,SWPW,2026-09-19 22:50:00+00:00
09/19/2026 18:15:00,09/19/2026 23:15:00,SWPW,35.586,50.0019,0.01,0.01,25.1352,0.0,26.1354,5.75,0.0,SWPW,2026-09-19 23:15:00+00:00
09/19/2026 18:25:00,09/19/2026 23:25:00,SWPW,31.5088,50.0019,0.01,0.01,21.0581,0.0,22.0582,5.75,0.0,SWPW,2026-09-19 23:25:00+00:00
09/19/2026 18:40:00,09/19/2026 23:40:00,SWPW,13.5028,50.0019,0.01,0.01,0.0,0.0,6.0349,5.75,0.0,SWPW,2026-09-19 23:40:00+00:00
09/19/2026 18:50:00,09/19/2026 23:50:00,SWPW,27.8111,50.0019,0.01,0.01,17.3603,0.0,18.3604,5.75,0.0,SWPW,2026-09-19 23:50:00+00:00
09/19/2026 19:45:00,09/20/2026 00:45:00,SWPW,13.5031,50.0013,6.58,0.0,0.0,0.0,6.0349,5.75,0.0,SWPW,2026-09-20 00:45:00+00:00
09/19/2026 20:20:00,09/20/2026 01:20:00,SWPW,44.4505,17.9402,0.01,0.01,34.0,0.0,35.0001,5.75,0.0,SWPW,2026-09-20 01:20:00+00:00
09/19/2026 20:50:00,09/20/2026 01:50:00,SWPW,13.5025,33.1244,0.01,0.01,0.0,0.0,6.0349,5.75,0.0,SWPW,2026-09-20 01:50:00+00:00
09/19/2026 21:25:00,09/20/2026 02:25:00,SWPW,50.0014,117.2371,0.01,0.01,0.0,0.0,1.0001,0.0,0.0,SWPW,2026-09-20 02:25:00+00:00
09/19/2026 21:45:00,09/20/2026 02:45:00,SWPW,50.0014,110.3723,0.01,0.01,0.0,0.0,1.0001,0.0,0.0,SWPW,2026-09-20 02:45:00+00:00
09/19/2026 21:55:00,09/20/2026 02:55:00,SWPW,50.0014,110.3864,0.01,0.01,0.0,0.0,1.0001,0.0,0.0,SWPW,2026-09-20 02:55:00+00:00
09/19/2026 22:45:00,09/20/2026 03:45:00,SWPW,50.0017,53.0154,0.01,0.01,0.0,0.0,1.0001,0.0,0.0,SWPW,2026-09-20 03:45:00+00:00
09/19/2026 22:55:00,09/20/2026 03:55:00,SWPW,50.0017,57.341,0.01,0.01,0.0,0.0,1.0001,0.0,0.0,SWPW,2026-09-20 03:55:00+00:00
09/19/2026 23:20:00,09/20/2026 04:20:00,SWPW,50.0016,54.1106,0.01,0.01,0.0,0.0,1.0002,0.0,0.0,SWPW,2026-09-20 04:20:00+00:00
09/19/2026 23:40:00,09/20/2026 04:40:00,SWPW,50.0016,53.4155,0.01,0.01,0.0,0.0,1.0002,0.0,0.0,SWPW,2026-09-20 04:40:00+00:00
09/19/2026 23:50:00,09/20/2026 04:50:00,SWPW,50.0016,50.3865,0.01,0.01,0.0,0.0,1.0002,0.0,0.0,SWPW,2026-09-20 04:50:00+00:00
09/20/2026 00:15:00,09/20/2026 05:15:00,SWPW,13.5022,33.8537,0.01,0.01,0.0,0.0,6.0349,5.75,0.0,SWPW,2026-09-20 05:15:00+00:00
09/20/2026 00:30:00,09/20/2026 05:30:00,SWPW,13.5022,33.7703,0.01,0.01,0.0,0.0,6.0349,5.75,0.0,SWPW,2026-09-20 05:30:00+00:00
09/20/2026 00:40:00,09/20/2026 05:40:00,SWPW,13.5022,32.3093,0.01,0.01,0.0,0.0,6.0349,5.75,0.0,SWPW,2026-09-20 05:40:00+00:00
09/20/2026 00:50:00,09/20/2026 05:50:00,SWPW,13.5022,35.4679,0.01,0.01,0.0,0.0,6.0349,5.75,0.0,SWPW,2026-09-20 05:50:00+00:00
09/20/2026 01:25:00,09/20/2026 06:25:00,SWPW,50.0008,62.7169,0.01,0.01,0.0,0.0,1.0001,0.0,0.0,SWPW,2026-09-20 06:25:00+00:00
09/20/2026 01:50:00,09/20/2026 06:50:00,SWPW,50.0008,76.9919,0.01,0.01,0.0,0.0,1.0001,0.0,0.0,SWPW,2026-09-20 06:50:00+00:00
09/20/2026 02:20:00,09/20/2026 07:20:00,SWPW,50.001,56.216,0.01,0.01,0.0,0.0,1.0001,0.0,0.0,SWPW,2026-09-20 07:20:00+00:00
09/20/2026 02:35:00,09/20/2026 07:35:00,SWPW,50.001,57.3636,0.01,0.01,0.0,0.0,1.0001,0.0,0.0,SWPW,2026-09-20 07:35:00+00:00
09/20/2026 02:45:00,09/20/2026 07:45:00,SWPW,50.001,56.2023,0.01,0.01,0.0,0.0,5.5495,0.0,0.0,SWPW,2026-09-20 07:45:00+00:00
09/20/2026 02:50:00,09/20/2026 07:50:00,SWPW,50.001,54.0578,0.01,0.01,0.0,0.0,7.4693,0.0,0.0,SWPW,2026-09-20 07:50:00+00:00
09/20/2026 03:20:00,09/20/2026 08:20:00,SWPW,50.0007,111.4059,0.01,0.01,0.0,0.0,1.0001,0.0,0.0,SWPW,2026-09-20 08:20:00+00:00
09/20/2026 03:45:00,09/20/2026 08:45:00,SWPW,50.0007,52.3104,0.01,0.01,0.0,0.0,6.4341,0.0,0.0,SWPW,2026-09-20 08:45:00+00:00
09/20/2026 03:50:00,09/20/2026 08:50:00,SWPW,50.0007,50.2946,0.01,0.01,0.0,0.0,7.4693,0.0,0.0,SWPW,2026-09-20 08:50:00+00:00
09/20/2026 04:15:00,09/20/2026 09:15:00,SWPW,50.0005,52.4503,0.01,0.01,0.0,0.0,5.5973,0.0,0.0,SWPW,2026-09-20 09:15:00+00:00
09/20/2026 04:30:00,09/20/2026 09:30:00,SWPW,50.0005,50.1885,0.01,0.01,0.0,0.0,7.4693,0.0,0.0,SWPW,2026-09-20 09:30:00+00:00
09/20/2026 04:40:00,09/20/2026 09:40:00,SWPW,50.0005,50.285,0.01,0.01,0.0,0.0,7.4693,0.0,0.0,SWPW,2026-09-20 09:40:00+00:00
09/20/2026 04:50:00,09/20/2026 09:50:00,SWPW,50.0005,52.1075,0.01,0.01,0.0,0.0,5.9214,0.0,0.0,SWPW,2026-09-20 09:50:00+00:00
09/20/2026 05:15:00,09/20/2026 10:15:00,SWPW,50.0006,50.001,0.01,0.01,0.0,0.0,7.1388,0.0,0.0,SWPW,2026-09-20 10:15:00+00:00
09/20/2026 05:30:00,09/20/2026 10:30:00,SWPW,50.0006,50.001,0.01,0.01,0.0,0.0,6.771,0.0,0.0,SWPW,2026-09-20 10:30:00+00:00
09/20/2026 05:40:00,09/20/2026 10:40:00,SWPW,50.0006,50.001,0.01,0.01,0.0,0.0,6.2615,0.0,0.0,SWPW,2026-09-20 10:40:00+00:00
09/20/2026 05:50:00,09/20/2026 10:50:00,SWPW,50.0006,50.001,0.01,0.01,0.0,0.0,5.4579,0.0,0.0,SWPW,2026-09-20 10:50:00+00:00
09/20/2026 06:15:00,09/20/2026 11:15:00,SWPW,50.001,50.0006,0.01,0.01,0.0,0.0,7.4693,0.0,0.0,SWPW,2026-09-20 11:15:00+00:00
09/20/2026 06:25:00,09/20/2026 11:25:00,SWPW,50.001,50.0006,0.01,0.01,0.0,0.0,6.1195,0.0,0.0,SWPW,2026-09-20 11:25:00+00:00
09/20/2026 06:40:00,09/20/2026 11:40:00,SWPW,50.001,50.0006,0.01,0.01,0.0,0.0,7.4693,0.0,0.0,SWPW,2026-09-20 11:40:00+00:00
09/20/2026 06:50:00,09/20/2026 11:50:00,SWPW,50.001,50.0006,0.01,0.01,0.0,0.0,7.1304,0.0,0.0,SWPW,2026-09-20 11:50:00+00:00
09/20/2026 07:20:00,09/20/2026 12:20:00,SWPW,50.0005,50.0012,0.01,0.01,0.0,0.0,7.0003,0.0,0.0,SWPW,2026-09-20 12:20:00+00:00
09/20/2026 07:45:00,09/20/2026 12:45:00,SWPW,50.0005,50.0012,0.01,0.01,0.0,0.0,5.5503,0.0,0.0,SWPW,2026-09-20 12:45:00+00:00
09/20/2026 07:55:00,09/20/2026 12:55:00,SWPW,50.0005,50.7484,0.01,0.01,0.0,0.0,3.3689,0.0,0.0,SWPW,2026-09-20 12:55:00+00:00
09/20/2026 08:15:00,09/20/2026 13:15:00,SWPW,13.2203,35.0701,0.01,0.01,0.0,0.0,9.0,5.75,0.0,SWPW,2026-09-20 13:15:00+00:00
09/20/2026 08:25:00,09/20/2026 13:25:00,SWPW,13.2203,34.5193,0.01,0.01,0.0,0.0,6.0349,5.75,0.0,SWPW,2026-09-20 13:25:00+00:00
09/20/2026 08:40:00,09/20/2026 13:40:00,SWPW,13.2203,34.491,0.01,0.01,0.0,0.0,6.0349,5.75,0.0,SWPW,2026-09-20 13:40:00+00:00
09/20/2026 08:50:00,09/20/2026 13:50:00,SWPW,13.2203,34.9675,0.01,0.01,0.0,0.0,6.0349,5.75,0.0,SWPW,2026-09-20 13:50:00+00:00
09/20/2026 09:15:00,09/20/2026 14:15:00,SWPW,43.1046,50.0018,0.01,0.01,0.0,0.0,6.0349,5.75,0.0,SWPW,2026-09-20 14:15:00+00:00
09/20/2026 09:30:00,09/20/2026 14:30:00,SWPW,43.4676,50.0018,0.01,0.01,0.0,0.0,6.0349,5.75,0.0,SWPW,2026-09-20 14:30:00+00:00
09/20/2026 09:40:00,09/20/2026 14:40:00,SWPW,42.7576,67.4691,0.01,0.01,0.0,0.0,6.0349,5.75,0.0,SWPW,2026-09-20 14:40:00+00:00
09/20/2026 09:50:00,09/20/2026 14:50:00,SWPW,42.7664,51.1435,0.01,0.01,0.0,0.0,6.0349,5.75,0.0,SWPW,2026-09-20 14:50:00+00:00
09/20/2026 10:15:00,09/20/2026 15:15:00,SWPW,50.0004,75.1666,0.01,0.01,0.0,0.0,6.0349,5.75,0.0,SWPW,2026-09-20 15:15:00+00:00
09/20/2026 10:25:00,09/20/2026 15:25:00,SWPW,50.0004,75.1654,0.01,0.01,0.0,0.0,6.0349,5.75,0.0,SWPW,2026-09-20 15:25:00+00:00
09/20/2026 10:40:00,09/20/2026 15:40:00,SWPW,50.0004,116.72,0.01,0.01,0.0,0.0,6.0349,5.75,0.0,SWPW,2026-09-20 15:40:00+00:00
09/20/2026 10:50:00,09/20/2026 15:50:00,SWPW,50.0004,78.1249,0.01,0.01,0.0,0.0,6.0349,5.75,0.0,SWPW,2026-09-20 15:50:00+00:00
09/20/2026 11:15:00,09/20/2026 16:15:00,SWPW,27.9718,50.0013,0.01,0.01,0.0,0.0,6.0349,5.75,0.0,SWPW,2026-09-20 16:15:00+00:00
09/20/2026 11:30:00,09/20/2026 16:30:00,SWPW,24.9646,50.0013,0.01,0.01,0.0,0.0,6.0349,5.75,0.0,SWPW,2026-09-20 16:30:00+00:00
09/20/2026 11:40:00,09/20/2026 16:40:00,SWPW,27.9769,50.0013,0.01,0.01,0.0,0.0,6.0349,5.75,0.0,SWPW,2026-09-20 16:40:00+00:00
09/20/2026 11:50:00,09/20/2026 16:50:00,SWPW,24.9633,50.0013,0.01,0.01,0.0,0.0,6.0349,5.75,0.0,SWPW,2026-09-20 16:50:00+00:00
09/20/2026 12:15:00,09/20/2026 17:15:00,SWPW,50.0011,57.8623,0.01,0.01,0.0,0.0,6.0349,5.75,0.0,SWPW,2026-09-20 17:15:00+00:00
09/20/2026 12:25:00,09/20/2026 17:25:00,SWPW,50.0011,57.8599,0.01,0.01,0.0,0.0,6.0349,5.75,0.0,SWPW,2026-09-20 17:25:00+00:00
09/20/2026 12:40:00,09/20/2026 17:40:00,SWPW,50.0011,50.0013,0.01,0.01,0.0,0.0,6.0349,5.75,0.0,SWPW,2026-09-20 17:40:00+00:00
09/20/2026 12:50:00,09/20/2026 17:50:00,SWPW,50.0011,50.7661,0.01,0.01,0.0,0.0,6.0349,5.75,0.0,SWPW,2026-09-20 17:50:00+00:00
09/20/2026 13:20:00,09/20/2026 18:20:00,SWPW,50.0016,55.8597,0.01,0.01,0.0,0.0,6.0349,5.75,0.0,SWPW,2026-09-20 18:20:00+00:00
09/20/2026 13:40:00,09/20/2026 18:40:00,SWPW,50.0016,57.8597,0.01,0.01,0.0,0.0,6.0349,5.75,0.0,SWPW,2026-09-20 18:40:00+00:00
09/20/2026 13:50:00,09/20/2026 18:50:00,SWPW,50.0016,57.8685,0.01,0.01,0.0,0.0,6.0349,5.75,0.0,SWPW,2026-09-20 18:50:00+00:00
09/20/2026 14:15:00,09/20/2026 19:15:00,SWPW,50.002,57.0611,0.01,0.01,0.0,0.0,6.0349,5.75,0.0,SWPW,2026-09-20 19:15:00+00:00
09/20/2026 14:25:00,09/20/2026 19:25:00,SWPW,50.002,57.0613,0.01,0.01,0.0,0.0,6.0349,5.75,0.0,SWPW,2026-09-20 19:25:00+00:00
09/20/2026 14:40:00,09/20/2026 19:40:00,SWPW,50.002,50.0013,0.01,0.01,0.0,0.0,6.0349,5.75,0.0,SWPW,2026-09-20 19:40:00+00:00
09/20/2026 14:50:00,09/20/2026 19:50:00,SWPW,50.002,50.0013,0.01,0.01,0.0,0.0,6.0349,5.75,0.0,SWPW,2026-09-20 19:50:00+00:00
09/20/2026 15:15:00,09/20/2026 20:15:00,SWPW,25.9345,39.2879,0.01,0.01,0.0,0.0,6.0349,5.75,0.0,SWPW,2026-09-20 20:15:00+00:00
09/20/2026 15:30:00,09/20/2026 20:30:00,SWPW,13.2209,36.6053,0.01,0.01,0.0,0.0,6.0349,5.75,0.0,SWPW,2026-09-20 20:30:00+00:00
09/20/2026 15:40:00,09/20/2026 20:40:00,SWPW,13.2209,33.7837,0.01,0.01,1.8318,0.0,6.0349,5.75,0.0,SWPW,2026-09-20 20:40:00+00:00
09/20/2026 15:50:00,09/20/2026 20:50:00,SWPW,13.2209,38.5295,0.01,0.01,0.0,0.0,6.0349,5.75,0.0,SWPW,2026-09-20 20:50:00+00:00
09/20/2026 16:15:00,09/20/2026 21:15:00,SWPW,13.9709,50.0016,0.01,0.01,0.0,0.0,6.0349,5.75,0.0,SWPW,2026-09-20 21:15:00+00:00
09/20/2026 16:25:00,09/20/2026 21:25:00,SWPW,25.3609,50.0016,0.01,0.01,0.0,0.0,6.0349,5.75,0.0,SWPW,2026-09-20 21:25:00+00:00
09/20/2026 16:40:00,09/20/2026 21:40:00,SWPW,25.3366,50.0016,0.01,0.01,0.0,0.0,6.0349,5.75,0.0,SWPW,2026-09-20 21:40:00+00:00
09/20/2026 16:50:00,09/20/2026 21:50:00,SWPW,26.5112,50.0016,0.01,0.01,0.0,0.0,6.0349,5.75,0.0,SWPW,2026-09-20 21:50:00+00:00
09/20/2026 17:15:00,09/20/2026 22:15:00,SWPW,13.2211,38.7071,0.01,0.01,0.0,0.0,6.0349,5.75,0.0,SWPW,2026-09-20 22:15:00+00:00
09/20/2026 17:30:00,09/20/2026 22:30:00,SWPW,13.2211,36.0167,0.01,0.01,0.0,0.0,6.0349,5.75,0.0,SWPW,2026-09-20 22:30:00+00:00
09/20/2026 17:40:00,09/20/2026 22:40:00,SWPW,13.2211,36.1179,0.01,0.01,0.0,0.0,6.0349,5.75,0.0,SWPW,2026-09-20 22:40:00+00:00
09/20/2026 18:15:00,09/20/2026 23:15:00,SWPW,50.002,50.0019,0.01,0.01,0.0,0.0,1.0001,0.0,0.0,SWPW,2026-09-20 23:15:00+00:00
09/20/2026 18:25:00,09/20/2026 23:25:00,SWPW,50.0019,50.002,0.01,0.01,0.0,0.0,1.0001,0.0,0.0,SWPW,2026-09-20 23:25:00+00:00
09/20/2026 18:40:00,09/20/2026 23:40:00,SWPW,50.0019,50.002,0.01,0.01,0.0,0.0,1.0001,0.0,0.0,SWPW,2026-09-20 23:40:00+00:00
09/20/2026 18:50:00,09/20/2026 23:50:00,SWPW,50.0019,50.002,0.01,0.01,0.0,0.0,1.0001,0.0,0.0,SWPW,2026-09-20 23:50:00+00:00
09/20/2026 19:45:00,09/21/2026 00:45:00,SWPW,120.4043,30.631,6.58,6.58,100.0,0.0,101.0001,5.75,0.0,SWPW,2026-09-21 00:45:00+00:00
09/20/2026 20:20:00,09/21/2026 01:20:00,SWPW,55.7516,50.0007,0.01,0.01,5.75,0.0,13.2193,5.75,0.0,SWPW,2026-09-21 01:20:00+00:00
09/20/2026 20:55:00,09/21/2026 01:55:00,SWPW,50.7574,50.0007,0.01,0.01,0.7558,0.0,4.2348,0.7558,0.0,SWPW,2026-09-21 01:55:00+00:00
09/20/2026 21:25:00,09/21/2026 02:25:00,SWPW,50.0014,50.0007,0.01,0.01,0.0,0.0,9.0001,1.5309,0.0,SWPW,2026-09-21 02:25:00+00:00
09/20/2026 21:50:00,09/21/2026 02:50:00,SWPW,50.0014,50.0007,0.01,0.01,0.0,0.0,7.4693,0.0,0.0,SWPW,2026-09-21 02:50:00+00:00
09/20/2026 22:20:00,09/21/2026 03:20:00,SWPW,50.0017,50.0009,0.01,0.01,0.0,0.0,9.0001,1.5308,0.0,SWPW,2026-09-21 03:20:00+00:00
09/20/2026 22:45:00,09/21/2026 03:45:00,SWPW,50.0017,50.0009,0.01,0.01,0.0,0.0,9.0,1.5307,0.0,SWPW,2026-09-21 03:45:00+00:00
09/20/2026 22:55:00,09/21/2026 03:55:00,SWPW,50.0017,50.0009,0.01,0.01,0.0,0.0,9.0,1.5307,0.0,SWPW,2026-09-21 03:55:00+00:00
09/20/2026 23:20:00,09/21/2026 04:20:00,SWPW,50.0016,50.0012,0.01,0.01,0.0,0.0,9.0,1.5307,0.0,SWPW,2026-09-21 04:20:00+00:00
09/20/2026 23:45:00,09/21/2026 04:45:00,SWPW,50.0016,50.0012,0.01,0.01,0.0,0.0,9.0,1.5307,0.0,SWPW,2026-09-21 04:45:00+00:00
09/21/2026 00:20:00,09/21/2026 05:20:00,SWPW,13.2206,23.4969,0.01,0.01,0.0,0.0,9.0,5.75,0.0,SWPW,2026-09-21 05:20:00+00:00
09/21/2026 00:40:00,09/21/2026 05:40:00,SWPW,13.2206,26.2107,0.01,0.01,0.0,0.0,9.0,5.75,0.0,SWPW,2026-09-21 05:40:00+00:00
09/21/2026 00:55:00,09/21/2026 05:55:00,SWPW,13.2206,30.8402,0.01,0.01,0.0,0.0,9.0,5.75,0.0,SWPW,2026-09-21 05:55:00+00:00
09/21/2026 01:35:00,09/21/2026 06:35:00,SWPW,13.2201,26.3082,0.01,0.01,0.0,0.0,6.6245,5.75,0.0,SWPW,2026-09-21 06:35:00+00:00
09/21/2026 02:10:00,09/21/2026 07:10:00,SWPW,13.2203,16.3447,0.01,0.01,4.2193,0.0,13.2193,5.75,0.0,SWPW,2026-09-21 07:10:00+00:00
09/21/2026 02:40:00,09/21/2026 07:40:00,SWPW,13.2203,14.5416,0.01,0.01,3.1501,0.0,7.8915,5.75,0.0,SWPW,2026-09-21 07:40:00+00:00
09/21/2026 02:55:00,09/21/2026 07:55:00,SWPW,12.1887,14.5543,0.01,0.01,2.1185,0.0,6.861,5.75,0.0,SWPW,2026-09-21 07:55:00+00:00
09/21/2026 03:25:00,09/21/2026 08:25:00,SWPW,10.0699,13.0973,0.01,0.01,0.0,0.0,6.1906,5.75,0.0,SWPW,2026-09-21 08:25:00+00:00
09/21/2026 03:50:00,09/21/2026 08:50:00,SWPW,10.0699,15.3509,0.01,0.01,0.0,0.0,6.0349,5.75,0.0,SWPW,2026-09-21 08:50:00+00:00
09/21/2026 04:25:00,09/21/2026 09:25:00,SWPW,8.6483,16.847,0.01,6.58,0.0,0.0,1.4636,1.1786,0.0,SWPW,2026-09-21 09:25:00+00:00
09/21/2026 04:45:00,09/21/2026 09:45:00,SWPW,9.0005,15.4386,0.01,6.58,0.0,0.0,2.8062,1.5307,0.0,SWPW,2026-09-21 09:45:00+00:00
09/21/2026 04:55:00,09/21/2026 09:55:00,SWPW,9.0005,14.7255,0.01,6.58,0.0,0.0,3.5142,1.5307,0.0,SWPW,2026-09-21 09:55:00+00:00
09/21/2026 05:20:00,09/21/2026 10:20:00,SWPW,9.0006,16.1031,0.01,0.01,0.0,0.0,2.1684,1.5307,0.0,SWPW,2026-09-21 10:20:00+00:00
09/21/2026 05:40:00,09/21/2026 10:40:00,SWPW,9.0006,15.4507,0.01,0.01,0.0,0.0,2.812,1.5307,0.0,SWPW,2026-09-21 10:40:00+00:00
09/21/2026 05:50:00,09/21/2026 10:50:00,SWPW,9.0006,13.735,0.01,0.01,0.0,0.0,6.0982,1.5307,0.0,SWPW,2026-09-21 10:50:00+00:00
09/21/2026 06:15:00,09/21/2026 11:15:00,SWPW,13.2203,18.1132,0.01,0.01,1.8013,0.0,10.2191,5.75,4.1317,SWPW,2026-09-21 11:15:00+00:00
09/21/2026 06:35:00,09/21/2026 11:35:00,SWPW,13.2203,17.8786,0.01,0.01,2.2909,0.0,11.291,5.75,4.4741,SWPW,2026-09-21 11:35:00+00:00
09/21/2026 06:55:00,09/21/2026 11:55:00,SWPW,13.2203,18.0925,0.01,0.01,1.8334,0.0,10.8335,5.75,4.1064,SWPW,2026-09-21 11:55:00+00:00
09/21/2026 07:25:00,09/21/2026 12:25:00,SWPW,10.0697,10.2338,0.01,6.58,0.0,0.0,9.0001,5.75,0.0,SWPW,2026-09-21 12:25:00+00:00
09/21/2026 07:45:00,09/21/2026 12:45:00,SWPW,10.0697,11.3658,0.01,6.58,0.0,0.0,9.0001,5.75,0.0,SWPW,2026-09-21 12:45:00+00:00
09/21/2026 07:55:00,09/21/2026 12:55:00,SWPW,13.2198,13.3811,6.58,6.58,3.1501,0.0,12.1501,5.75,0.0,SWPW,2026-09-21 12:55:00+00:00
09/21/2026 08:20:00,09/21/2026 13:20:00,SWPW,10.0702,9.0014,0.01,0.01,0.0,0.0,9.0001,5.75,0.0,SWPW,2026-09-21 13:20:00+00:00
09/21/2026 08:35:00,09/21/2026 13:35:00,SWPW,10.0702,19.6989,0.01,0.01,0.0,0.0,9.0001,5.75,0.0,SWPW,2026-09-21 13:35:00+00:00
09/21/2026 08:50:00,09/21/2026 13:50:00,SWPW,10.0702,26.2329,0.01,0.01,0.0,0.0,9.0,5.75,0.0,SWPW,2026-09-21 13:50:00+00:00
09/21/2026 09:20:00,09/21/2026 14:20:00,SWPW,10.07,35.4668,0.01,0.01,0.0,0.0,6.0349,5.75,0.0,SWPW,2026-09-21 14:20:00+00:00
09/21/2026 09:45:00,09/21/2026 14:45:00,SWPW,13.2202,50.0017,0.01,0.01,0.0,0.0,6.0349,5.75,0.0,SWPW,2026-09-21 14:45:00+00:00
09/21/2026 09:50:00,09/21/2026 14:50:00,SWPW,10.07,50.0017,0.01,0.01,0.0,0.0,6.0349,5.75,0.0,SWPW,2026-09-21 14:50:00+00:00
09/21/2026 10:15:00,09/21/2026 15:15:00,SWPW,13.2197,50.0015,0.01,0.01,0.0,0.0,6.0349,5.75,0.0,SWPW,2026-09-21 15:15:00+00:00
09/21/2026 10:30:00,09/21/2026 15:30:00,SWPW,13.2197,50.0015,0.01,0.01,0.0,0.0,6.0349,5.75,0.0,SWPW,2026-09-21 15:30:00+00:00
09/21/2026 10:45:00,09/21/2026 15:45:00,SWPW,13.2197,50.0015,0.01,0.01,0.0,0.0,6.0349,5.75,0.0,SWPW,2026-09-21 15:45:00+00:00
09/21/2026 10:50:00,09/21/2026 15:50:00,SWPW,13.2197,50.0015,0.01,0.01,0.0,0.0,6.0349,5.75,0.0,SWPW,2026-09-21 15:50:00+00:00
09/21/2026 11:20:00,09/21/2026 16:20:00,SWPW,12.403,23.7229,0.01,0.01,0.0,0.0,6.0349,5.75,0.0,SWPW,2026-09-21 16:20:00+00:00
09/21/2026 11:45:00,09/21/2026 16:45:00,SWPW,13.2201,27.4972,0.01,0.01,0.0,0.0,9.0,5.75,0.0,SWPW,2026-09-21 16:45:00+00:00
09/21/2026 11:50:00,09/21/2026 16:50:00,SWPW,13.2201,31.2304,0.01,0.01,0.0,0.0,9.0,5.75,0.0,SWPW,2026-09-21 16:50:00+00:00
09/21/2026 12:15:00,09/21/2026 17:15:00,SWPW,10.0703,30.6374,0.01,0.01,0.0,0.0,9.0,5.75,0.0,SWPW,2026-09-21 17:15:00+00:00
09/21/2026 12:25:00,09/21/2026 17:25:00,SWPW,10.0703,20.4234,0.01,0.01,0.0,0.0,9.0,5.75,0.0,SWPW,2026-09-21 17:25:00+00:00
09/21/2026 12:40:00,09/21/2026 17:40:00,SWPW,11.6094,22.7518,6.58,0.01,0.0,0.0,9.0,5.75,0.0,SWPW,2026-09-21 17:40:00+00:00
09/21/2026 12:50:00,09/21/2026 17:50:00,SWPW,11.0764,22.9047,6.58,0.01,0.0,0.0,9.0,5.75,0.0,SWPW,2026-09-21 17:50:00+00:00
09/21/2026 13:20:00,09/21/2026 18:20:00,SWPW,47.5096,10.0703,0.01,0.01,0.0,0.0,9.0,5.75,0.0,SWPW,2026-09-21 18:20:00+00:00
09/21/2026 13:45:00,09/21/2026 18:45:00,SWPW,63.2521,10.0703,0.01,0.01,0.0,0.0,9.0,5.75,0.0,SWPW,2026-09-21 18:45:00+00:00
09/21/2026 13:55:00,09/21/2026 18:55:00,SWPW,13.2209,27.532,6.58,0.01,0.0,0.0,9.0,5.75,0.0,SWPW,2026-09-21 18:55:00+00:00
09/21/2026 14:15:00,09/21/2026 19:15:00,SWPW,36.9211,10.0705,0.01,0.01,0.0,0.0,9.0,5.75,0.0,SWPW,2026-09-21 19:15:00+00:00
09/21/2026 14:25:00,09/21/2026 19:25:00,SWPW,35.8749,10.0705,0.01,0.01,0.0,0.0,9.0,5.75,0.0,SWPW,2026-09-21 19:25:00+00:00
09/21/2026 14:40:00,09/21/2026 19:40:00,SWPW,36.3221,10.0705,0.01,0.01,0.0,0.0,9.0,5.75,0.0,SWPW,2026-09-21 19:40:00+00:00
09/21/2026 14:50:00,09/21/2026 19:50:00,SWPW,40.012,10.0705,0.01,0.01,0.0,0.0,9.0,5.75,0.0,SWPW,2026-09-21 19:50:00+00:00
09/21/2026 15:15:00,09/21/2026 20:15:00,SWPW,50.0016,9.0017,6.58,0.01,0.0,0.0,9.0001,5.75,0.0,SWPW,2026-09-21 20:15:00+00:00
09/21/2026 15:45:00,09/21/2026 20:45:00,SWPW,10.0708,54.8571,0.01,0.01,0.0,0.0,9.0001,5.75,0.0,SWPW,2026-09-21 20:45:00+00:00
09/21/2026 15:50:00,09/21/2026 20:50:00,SWPW,19.0708,33.7893,0.01,0.01,10.0692,0.0,19.0692,5.75,10.0692,SWPW,2026-09-21 20:50:00+00:00
09/21/2026 16:15:00,09/21/2026 21:15:00,SWPW,10.398,55.8036,6.58,0.01,0.0,0.0,9.0001,5.75,0.0,SWPW,2026-09-21 21:15:00+00:00
09/21/2026 16:30:00,09/21/2026 21:30:00,SWPW,11.0569,20.7912,0.01,0.01,0.0,0.0,9.0001,5.75,0.0,SWPW,2026-09-21 21:30:00+00:00
09/21/2026 16:40:00,09/21/2026 21:40:00,SWPW,50.0023,9.0016,0.01,0.01,0.0,0.0,9.0001,5.75,0.0,SWPW,2026-09-21 21:40:00+00:00
09/21/2026 16:55:00,09/21/2026 21:55:00,SWPW,13.2215,10.0708,0.01,0.01,0.0,0.0,9.0001,5.75,0.0,SWPW,2026-09-21 21:55:00+00:00
09/21/2026 17:15:00,09/21/2026 22:15:00,SWPW,11.4981,24.2018,6.58,0.01,0.0,0.0,9.0001,5.75,0.0,SWPW,2026-09-21 22:15:00+00:00
09/21/2026 17:30:00,09/21/2026 22:30:00,SWPW,33.2238,9.0019,6.58,0.01,10.0692,0.0,19.0693,5.75,10.0692,SWPW,2026-09-21 22:30:00+00:00
09/21/2026 17:45:00,09/21/2026 22:45:00,SWPW,13.2211,27.7908,6.58,0.01,3.1501,0.0,12.1502,5.75,3.1502,SWPW,2026-09-21 22:45:00+00:00
09/21/2026 17:50:00,09/21/2026 22:50:00,SWPW,11.5621,28.5983,0.01,0.01,1.4912,0.0,10.4913,5.75,1.4912,SWPW,2026-09-21 22:50:00+00:00
09/21/2026 18:15:00,09/21/2026 23:15:00,SWPW,11.6241,58.3037,6.58,0.01,0.0,0.0,9.0,5.75,0.0,SWPW,2026-09-21 23:15:00+00:00
09/21/2026 18:30:00,09/21/2026 23:30:00,SWPW,11.6241,33.0333,6.58,0.01,0.0,0.0,9.0001,5.75,0.0,SWPW,2026-09-21 23:30:00+00:00
09/21/2026 18:40:00,09/21/2026 23:40:00,SWPW,11.6241,58.3047,6.58,0.01,0.0,0.0,9.0,5.75,0.0,SWPW,2026-09-21 23:40:00+00:00
09/21/2026 18:50:00,09/21/2026 23:50:00,SWPW,10.2992,33.2954,6.58,0.01,0.0,0.0,9.0,5.75,0.0,SWPW,2026-09-21 23:50:00+00:00
09/21/2026 19:40:00,09/22/2026 00:40:00,SWPW,13.2215,17.962,0.01,0.01,0.0,0.0,9.0,5.75,0.0,SWPW,2026-09-22 00:40:00+00:00
09/21/2026 20:15:00,09/22/2026 01:15:00,SWPW,13.2209,33.0028,0.01,0.01,0.0,0.0,6.6245,5.75,0.0,SWPW,2026-09-22 01:15:00+00:00
09/21/2026 20:40:00,09/22/2026 01:40:00,SWPW,13.2209,36.7484,0.01,0.01,0.0,0.0,6.6245,5.75,0.0,SWPW,2026-09-22 01:40:00+00:00
09/21/2026 21:00:00,09/22/2026 02:00:00,SWPW,13.2209,34.3013,0.01,0.01,0.0,0.0,6.6245,5.75,0.0,SWPW,2026-09-22 02:00:00+00:00
09/21/2026 21:30:00,09/22/2026 02:30:00,SWPW,10.0706,40.6572,0.01,0.01,0.0,0.0,9.0,5.75,0.0,SWPW,2026-09-22 02:30:00+00:00
09/21/2026 21:45:00,09/22/2026 02:45:00,SWPW,10.0706,36.34,0.01,0.01,0.0,0.0,9.0,5.75,0.0,SWPW,2026-09-22 02:45:00+00:00
09/21/2026 21:55:00,09/22/2026 02:55:00,SWPW,10.0706,35.9167,0.01,0.01,0.0,0.0,6.0349,5.75,0.0,SWPW,2026-09-22 02:55:00+00:00
09/21/2026 22:20:00,09/22/2026 03:20:00,SWPW,10.0709,34.832,0.01,0.01,0.0,0.0,6.0349,5.75,0.0,SWPW,2026-09-22 03:20:00+00:00
09/21/2026 22:45:00,09/22/2026 03:45:00,SWPW,10.0709,35.2732,0.01,0.01,0.0,0.0,6.0349,5.75,0.0,SWPW,2026-09-22 03:45:00+00:00
09/21/2026 22:55:00,09/22/2026 03:55:00,SWPW,10.0709,39.59,0.01,0.01,0.0,0.0,6.0349,5.75,0.0,SWPW,2026-09-22 03:55:00+00:00
09/21/2026 23:20:00,09/22/2026 04:20:00,SWPW,10.0708,34.8503,0.01,0.01,0.0,0.0,6.0349,5.75,0.0,SWPW,2026-09-22 04:20:00+00:00
09/21/2026 23:45:00,09/22/2026 04:45:00,SWPW,10.0708,39.686,0.01,0.01,0.0,0.0,6.0349,5.75,0.0,SWPW,2026-09-22 04:45:00+00:00
09/21/2026 23:55:00,09/22/2026 04:55:00,SWPW,10.0708,40.2099,0.01,0.01,0.0,0.0,6.0349,5.75,0.0,SWPW,2026-09-22 04:55:00+00:00
09/22/2026 00:20:00,09/22/2026 05:20:00,SWPW,9.9439,47.3439,0.01,0.01,0.0,0.0,6.0349,5.75,0.0,SWPW,2026-09-22 05:20:00+00:00
09/22/2026 00:35:00,09/22/2026 05:35:00,SWPW,9.9439,45.8302,0.01,0.01,0.0,0.0,6.0349,5.75,0.0,SWPW,2026-09-22 05:35:00+00:00
09/22/2026 00:50:00,09/22/2026 05:50:00,SWPW,9.9439,36.1242,0.01,0.01,0.0,0.0,6.0349,5.75,0.0,SWPW,2026-09-22 05:50:00+00:00
09/22/2026 01:30:00,09/22/2026 06:30:00,SWPW,55.0008,55.0009,0.01,0.01,0.0,0.0,1.0001,0.0,0.0,SWPW,2026-09-22 06:30:00+00:00
09/22/2026 01:55:00,09/22/2026 06:55:00,SWPW,55.0008,55.0009,0.01,0.01,0.0,0.0,1.0001,0.0,0.0,SWPW,2026-09-22 06:55:00+00:00
09/22/2026 02:20:00,09/22/2026 07:20:00,SWPW,6.5422,55.0011,0.01,0.01,0.0,0.0,1.0001,0.0,0.0,SWPW,2026-09-22 07:20:00+00:00
09/22/2026 02:45:00,09/22/2026 07:45:00,SWPW,6.5422,33.4582,0.01,0.01,0.0,0.0,1.0001,0.0,0.0,SWPW,2026-09-22 07:45:00+00:00
09/22/2026 02:55:00,09/22/2026 07:55:00,SWPW,6.5422,33.7028,0.01,0.01,0.0,0.0,1.0001,0.0,0.0,SWPW,2026-09-22 07:55:00+00:00
09/22/2026 03:20:00,09/22/2026 08:20:00,SWPW,9.9433,33.6231,0.01,0.01,0.0,0.0,9.0001,5.75,0.0,SWPW,2026-09-22 08:20:00+00:00
09/22/2026 03:45:00,09/22/2026 08:45:00,SWPW,9.9433,34.161,0.01,0.01,0.0,0.0,9.0001,5.75,0.0,SWPW,2026-09-22 08:45:00+00:00
09/22/2026 03:55:00,09/22/2026 08:55:00,SWPW,9.9433,35.32,0.01,0.01,0.0,0.0,9.0001,5.75,0.0,SWPW,2026-09-22 08:55:00+00:00
09/22/2026 04:20:00,09/22/2026 09:20:00,SWPW,9.9431,30.4761,0.01,0.01,0.0,0.0,9.0001,5.75,0.0,SWPW,2026-09-22 09:20:00+00:00
09/22/2026 04:40:00,09/22/2026 09:40:00,SWPW,9.9431,33.6713,0.01,0.01,0.0,0.0,9.0,5.75,0.0,SWPW,2026-09-22 09:40:00+00:00
09/22/2026 04:50:00,09/22/2026 09:50:00,SWPW,9.9431,34.4342,0.01,0.01,0.0,0.0,9.0001,5.75,0.0,SWPW,2026-09-22 09:50:00+00:00
09/22/2026 05:20:00,09/22/2026 10:20:00,SWPW,9.9432,28.066,0.01,0.01,0.0,0.0,9.0002,5.75,0.0,SWPW,2026-09-22 10:20:00+00:00
09/22/2026 05:40:00,09/22/2026 10:40:00,SWPW,9.9432,28.1109,0.01,0.01,0.0,0.0,9.0002,5.75,0.0,SWPW,2026-09-22 10:40:00+00:00
09/22/2026 05:50:00,09/22/2026 10:50:00,SWPW,9.9432,28.4171,0.01,0.01,0.0,0.0,9.0002,5.75,0.0,SWPW,2026-09-22 10:50:00+00:00
09/22/2026 06:15:00,09/22/2026 11:15:00,SWPW,13.1264,39.2331,6.58,0.01,0.0,0.0,6.5412,5.75,0.0,SWPW,2026-09-22 11:15:00+00:00
09/22/2026 06:30:00,09/22/2026 11:30:00,SWPW,13.1264,23.2134,0.01,0.01,5.75,0.0,12.2912,5.75,5.7501,SWPW,2026-09-22 11:30:00+00:00
09/22/2026 06:40:00,09/22/2026 11:40:00,SWPW,14.3764,23.0093,0.01,0.01,7.0,0.0,13.5412,5.75,7.0,SWPW,2026-09-22 11:40:00+00:00
09/22/2026 06:50:00,09/22/2026 11:50:00,SWPW,15.7977,22.9073,0.01,0.01,8.2209,0.0,14.7621,5.75,8.2209,SWPW,2026-09-22 11:50:00+00:00
09/22/2026 07:25:00,09/22/2026 12:25:00,SWPW,103.5956,55.0012,0.01,0.01,5.75,0.0,12.2912,5.75,0.0,SWPW,2026-09-22 12:25:00+00:00
09/22/2026 07:50:00,09/22/2026 12:50:00,SWPW,308.4795,55.0012,0.01,0.01,201.0,0.0,208.3754,5.75,0.0,SWPW,2026-09-22 12:50:00+00:00
09/22/2026 08:20:00,09/22/2026 13:20:00,SWPW,13.1264,36.1763,0.01,0.01,0.0,0.0,6.5412,5.75,0.0,SWPW,2026-09-22 13:20:00+00:00
09/22/2026 08:35:00,09/22/2026 13:35:00,SWPW,13.1264,32.9741,0.01,0.01,0.0,0.0,6.8494,5.75,0.0,SWPW,2026-09-22 13:35:00+00:00
09/22/2026 08:50:00,09/22/2026 13:50:00,SWPW,31.0934,33.3911,0.01,0.01,3.9657,0.0,12.9659,5.75,0.0,SWPW,2026-09-22 13:50:00+00:00
09/22/2026 09:15:00,09/22/2026 14:15:00,SWPW,28.4744,55.0017,0.01,0.01,0.0,0.0,9.0,5.75,0.0,SWPW,2026-09-22 14:15:00+00:00
09/22/2026 09:45:00,09/22/2026 14:45:00,SWPW,13.1263,55.0017,0.01,0.01,0.0,0.0,6.0349,5.75,0.0,SWPW,2026-09-22 14:45:00+00:00
09/22/2026 09:55:00,09/22/2026 14:55:00,SWPW,13.1263,55.0017,0.01,0.01,0.0,0.0,6.0349,5.75,0.0,SWPW,2026-09-22 14:55:00+00:00
09/22/2026 10:20:00,09/22/2026 15:20:00,SWPW,13.1258,83.3529,0.01,0.01,0.0,0.0,6.0349,5.75,0.0,SWPW,2026-09-22 15:20:00+00:00
09/22/2026 10:30:00,09/22/2026 15:30:00,SWPW,13.1258,79.3494,0.01,0.01,0.0,0.0,6.0349,5.75,0.0,SWPW,2026-09-22 15:30:00+00:00
09/22/2026 10:45:00,09/22/2026 15:45:00,SWPW,13.1258,83.2234,0.01,0.01,0.0,0.0,6.0349,5.75,0.0,SWPW,2026-09-22 15:45:00+00:00
09/22/2026 10:55:00,09/22/2026 15:55:00,SWPW,13.1258,55.0015,0.01,0.01,0.0,0.0,6.0349,5.75,0.0,SWPW,2026-09-22 15:55:00+00:00
09/22/2026 11:20:00,09/22/2026 16:20:00,SWPW,13.1262,83.3196,0.01,0.01,0.0,0.0,6.0349,5.75,0.0,SWPW,2026-09-22 16:20:00+00:00
09/22/2026 11:45:00,09/22/2026 16:45:00,SWPW,13.1262,55.0013,0.01,0.0,0.0,0.0,6.0349,5.75,0.0,SWPW,2026-09-22 16:45:00+00:00
09/22/2026 11:55:00,09/22/2026 16:55:00,SWPW,13.2216,55.0013,0.01,0.01,0.0,0.0,6.0349,5.75,0.0,SWPW,2026-09-22 16:55:00+00:00
09/22/2026 12:15:00,09/22/2026 17:15:00,SWPW,14.6163,55.0013,0.01,0.01,0.0,0.0,6.0349,5.75,0.0,SWPW,2026-09-22 17:15:00+00:00
09/22/2026 12:30:00,09/22/2026 17:30:00,SWPW,14.6184,55.0013,0.01,0.01,0.0,0.0,6.0349,5.75,0.0,SWPW,2026-09-22 17:30:00+00:00
09/22/2026 12:40:00,09/22/2026 17:40:00,SWPW,13.1265,55.0013,0.01,0.01,0.0,0.0,6.0349,5.75,0.0,SWPW,2026-09-22 17:40:00+00:00
09/22/2026 12:50:00,09/22/2026 17:50:00,SWPW,13.1265,55.0013,0.01,0.01,0.0,0.0,6.0349,5.75,0.0,SWPW,2026-09-22 17:50:00+00:00
09/22/2026 13:25:00,09/22/2026 18:25:00,SWPW,13.127,55.0011,0.01,6.58,0.0,0.0,6.0349,5.75,0.0,SWPW,2026-09-22 18:25:00+00:00
09/22/2026 13:45:00,09/22/2026 18:45:00,SWPW,13.127,55.0011,0.01,6.58,0.0,0.0,6.0349,5.75,0.0,SWPW,2026-09-22 18:45:00+00:00
09/22/2026 13:55:00,09/22/2026 18:55:00,SWPW,13.127,55.0011,0.01,6.58,0.0,0.0,6.0349,5.75,0.0,SWPW,2026-09-22 18:55:00+00:00
09/22/2026 14:05:00,09/22/2026 19:05:00,SWPW,16.2898,55.0013,6.58,0.01,0.0,0.0,6.0349,5.75,0.0,SWPW,2026-09-22 19:05:00+00:00
09/22/2026 14:30:00,09/22/2026 19:30:00,SWPW,13.3868,55.0013,6.58,0.01,0.0,0.0,6.0349,5.75,0.0,SWPW,2026-09-22 19:30:00+00:00
09/22/2026 14:40:00,09/22/2026 19:40:00,SWPW,13.3733,55.0013,6.58,0.01,0.0,0.0,6.0349,5.75,0.0,SWPW,2026-09-22 19:40:00+00:00
09/22/2026 14:55:00,09/22/2026 19:55:00,SWPW,30.1287,55.0013,6.58,0.01,0.0,0.0,6.0349,5.75,0.0,SWPW,2026-09-22 19:55:00+00:00
09/22/2026 15:15:00,09/22/2026 20:15:00,SWPW,55.0016,55.0017,0.01,0.01,0.0,0.0,6.0349,5.75,0.0,SWPW,2026-09-22 20:15:00+00:00
09/22/2026 15:30:00,09/22/2026 20:30:00,SWPW,55.0016,55.0017,0.01,0.01,0.0,0.0,6.0349,5.75,0.0,SWPW,2026-09-22 20:30:00+00:00
09/22/2026 15:45:00,09/22/2026 20:45:00,SWPW,55.0016,55.0017,0.01,0.01,0.0,0.0,6.0349,5.75,0.0,SWPW,2026-09-22 20:45:00+00:00
09/22/2026 15:55:00,09/22/2026 20:55:00,SWPW,55.0016,55.0017,0.01,0.01,0.0,0.0,6.0349,5.75,0.0,SWPW,2026-09-22 20:55:00+00:00
09/22/2026 16:15:00,09/22/2026 21:15:00,SWPW,55.0022,55.0017,0.01,0.01,0.0,0.0,1.5004,1.2154,0.0,SWPW,2026-09-22 21:15:00+00:00
09/22/2026 16:25:00,09/22/2026 21:25:00,SWPW,55.0022,55.0017,0.01,0.01,0.0,0.0,1.5004,1.2154,0.0,SWPW,2026-09-22 21:25:00+00:00
09/22/2026 16:40:00,09/22/2026 21:40:00,SWPW,55.0022,55.0017,0.01,0.01,0.0,0.0,1.5004,1.2154,0.0,SWPW,2026-09-22 21:40:00+00:00
09/22/2026 16:55:00,09/22/2026 21:55:00,SWPW,55.0022,55.0016,0.01,0.01,0.0,0.0,1.5004,1.2154,0.0,SWPW,2026-09-22 21:55:00+00:00
09/22/2026 17:15:00,09/22/2026 22:15:00,SWPW,13.1272,55.0019,6.58,0.01,0.0,0.0,6.0349,5.75,0.0,SWPW,2026-09-22 22:15:00+00:00
09/22/2026 17:30:00,09/22/2026 22:30:00,SWPW,29.831,55.0019,6.58,0.01,0.0,0.0,9.0001,5.75,0.0,SWPW,2026-09-22 22:30:00+00:00
09/22/2026 17:40:00,09/22/2026 22:40:00,SWPW,13.1272,55.0019,6.58,0.01,0.0,0.0,6.0349,5.75,0.0,SWPW,2026-09-22 22:40:00+00:00
09/22/2026 17:55:00,09/22/2026 22:55:00,SWPW,41.3771,0.0019,0.01,0.01,34.0,0.0,34.0001,5.75,0.0,SWPW,2026-09-22 22:55:00+00:00
09/22/2026 18:00:00,09/22/2026 23:00:00,SWPW,40.9752,55.0019,6.58,0.01,10.548,0.0,11.5481,5.75,0.0,SWPW,2026-09-22 23:00:00+00:00
09/22/2026 22:45:00,09/23/2026 03:45:00,SWPW,57.5995,55.0009,0.0,0.01,0.0,0.0,1.0001,0.0,0.0,SWPW,2026-09-23 03:45:00+00:00
09/22/2026 22:55:00,09/23/2026 03:55:00,SWPW,55.0018,55.0009,0.0,0.01,0.0,0.0,3.2153,0.0,0.0,SWPW,2026-09-23 03:55:00+00:00
09/22/2026 23:20:00,09/23/2026 04:20:00,SWPW,61.8806,55.0011,0.01,0.01,0.0,0.0,3.1608,0.0,0.0,SWPW,2026-09-23 04:20:00+00:00
09/22/2026 23:45:00,09/23/2026 04:45:00,SWPW,61.681,55.0011,0.01,0.01,0.0,0.0,2.9947,0.0,0.0,SWPW,2026-09-23 04:45:00+00:00
09/22/2026 23:55:00,09/23/2026 04:55:00,SWPW,55.0017,55.0011,0.01,0.01,0.0,0.0,2.7973,0.0,0.0,SWPW,2026-09-23 04:55:00+00:00
09/23/2026 00:20:00,09/23/2026 05:20:00,SWPW,54.8254,60.0009,0.01,6.58,0.0,0.0,6.0349,5.75,0.0,SWPW,2026-09-23 05:20:00+00:00
09/23/2026 00:35:00,09/23/2026 05:35:00,SWPW,55.5208,60.0009,0.01,6.58,0.0,0.0,6.0349,5.75,0.0,SWPW,2026-09-23 05:35:00+00:00
09/23/2026 00:50:00,09/23/2026 05:50:00,SWPW,55.4977,60.0009,0.01,6.58,0.0,0.0,6.0349,5.75,0.0,SWPW,2026-09-23 05:50:00+00:00
09/23/2026 01:30:00,09/23/2026 06:30:00,SWPW,60.001,60.0009,0.01,0.01,0.0001,0.0,6.0349,5.75,0.0,SWPW,2026-09-23 06:30:00+00:00
09/23/2026 01:55:00,09/23/2026 06:55:00,SWPW,68.7161,60.0009,0.01,0.01,8.7152,0.0,9.0001,5.75,0.0,SWPW,2026-09-23 06:55:00+00:00
09/23/2026 02:20:00,09/23/2026 07:20:00,SWPW,63.6483,60.0011,0.01,0.01,3.6473,0.0,6.0349,5.75,0.0,SWPW,2026-09-23 07:20:00+00:00
09/23/2026 02:45:00,09/23/2026 07:45:00,SWPW,63.8729,60.0011,0.01,0.01,3.872,0.0,6.0349,5.75,0.0,SWPW,2026-09-23 07:45:00+00:00
09/23/2026 02:55:00,09/23/2026 07:55:00,SWPW,63.9149,60.0011,0.01,0.01,3.9139,0.0,6.0349,5.75,0.0,SWPW,2026-09-23 07:55:00+00:00
09/23/2026 03:25:00,09/23/2026 08:25:00,SWPW,60.0007,60.0009,0.01,0.01,0.0,0.0,6.0349,5.75,0.0,SWPW,2026-09-23 08:25:00+00:00
09/23/2026 03:45:00,09/23/2026 08:45:00,SWPW,60.0007,60.0009,0.01,0.01,0.0,0.0,6.0349,5.75,0.0,SWPW,2026-09-23 08:45:00+00:00
09/23/2026 03:55:00,09/23/2026 08:55:00,SWPW,60.0007,60.0009,0.01,0.01,0.0,0.0,6.0349,5.75,0.0,SWPW,2026-09-23 08:55:00+00:00
09/23/2026 04:20:00,09/23/2026 09:20:00,SWPW,60.0005,60.0009,0.01,0.01,0.0,0.0,6.0349,5.75,0.0,SWPW,2026-09-23 09:20:00+00:00
09/23/2026 04:45:00,09/23/2026 09:45:00,SWPW,60.0005,60.0009,0.01,0.01,0.0,0.0,6.0349,5.75,0.0,SWPW,2026-09-23 09:45:00+00:00
09/23/2026 04:50:00,09/23/2026 09:50:00,SWPW,60.0005,60.0009,0.01,0.01,0.0,0.0,6.0349,5.75,0.0,SWPW,2026-09-23 09:50:00+00:00
09/23/2026 05:15:00,09/23/2026 10:15:00,SWPW,60.0006,60.001,0.01,0.01,0.0,0.0,6.0349,5.75,0.0,SWPW,2026-09-23 10:15:00+00:00
09/23/2026 05:35:00,09/23/2026 10:35:00,SWPW,60.0006,60.001,0.01,0.01,0.0,0.0,6.0349,5.75,0.0,SWPW,2026-09-23 10:35:00+00:00
09/23/2026 05:50:00,09/23/2026 10:50:00,SWPW,61.9762,60.001,0.01,0.01,1.9756,0.0,6.0349,5.75,0.0,SWPW,2026-09-23 10:50:00+00:00
09/23/2026 06:15:00,09/23/2026 11:15:00,SWPW,60.001,60.0006,0.01,0.01,0.0,0.0,6.0349,5.75,0.0,SWPW,2026-09-23 11:15:00+00:00
09/23/2026 06:30:00,09/23/2026 11:30:00,SWPW,69.6447,60.0006,0.01,0.01,9.6438,0.0,13.2471,5.75,0.0,SWPW,2026-09-23 11:30:00+00:00
09/23/2026 06:45:00,09/23/2026 11:45:00,SWPW,71.834,60.0006,0.01,0.01,11.8331,0.0,15.4028,5.75,6.5412,SWPW,2026-09-23 11:45:00+00:00
09/23/2026 06:55:00,09/23/2026 11:55:00,SWPW,94.001,60.0006,0.01,0.01,34.0,0.0,43.0,5.75,6.5412,SWPW,2026-09-23 11:55:00+00:00
09/23/2026 07:25:00,09/23/2026 12:25:00,SWPW,69.4036,60.0012,0.01,0.01,9.4031,0.0,10.4031,5.75,0.0,SWPW,2026-09-23 12:25:00+00:00
09/23/2026 07:50:00,09/23/2026 12:50:00,SWPW,168.0106,0.0012,0.01,0.01,168.0,0.0,168.0101,5.75,0.0,SWPW,2026-09-23 12:50:00+00:00
09/23/2026 08:20:00,09/23/2026 13:20:00,SWPW,94.001,60.0014,0.01,0.01,34.0,0.0,42.9336,5.75,0.0,SWPW,2026-09-23 13:20:00+00:00
09/23/2026 08:35:00,09/23/2026 13:35:00,SWPW,60.001,60.0014,0.01,0.01,0.0,0.0,9.0,5.75,0.0,SWPW,2026-09-23 13:35:00+00:00
09/23/2026 08:45:00,09/23/2026 13:45:00,SWPW,60.001,60.0014,0.01,0.01,0.0,0.0,9.0,5.75,0.0,SWPW,2026-09-23 13:45:00+00:00
09/23/2026 08:55:00,09/23/2026 13:55:00,SWPW,60.001,60.0014,0.01,0.01,0.0,0.0,9.0,5.75,0.0,SWPW,2026-09-23 13:55:00+00:00
09/23/2026 09:20:00,09/23/2026 14:20:00,SWPW,69.9984,60.0017,0.01,0.01,9.9976,0.0,18.9976,5.75,0.0,SWPW,2026-09-23 14:20:00+00:00
09/23/2026 09:40:00,09/23/2026 14:40:00,SWPW,60.0008,60.0017,0.01,0.01,0.0,0.0,9.0,5.75,0.0,SWPW,2026-09-23 14:40:00+00:00
09/23/2026 09:55:00,09/23/2026 14:55:00,SWPW,60.0008,60.0017,0.01,0.01,0.0,0.0,9.0,5.75,0.0,SWPW,2026-09-23 14:55:00+00:00
09/23/2026 10:15:00,09/23/2026 15:15:00,SWPW,60.0004,60.0015,0.01,0.01,0.0,0.0,9.0,5.75,0.0,SWPW,2026-09-23 15:15:00+00:00
09/23/2026 10:35:00,09/23/2026 15:35:00,SWPW,60.0004,60.0015,0.01,0.01,0.0,0.0,9.0,5.75,0.0,SWPW,2026-09-23 15:35:00+00:00
09/23/2026 10:45:00,09/23/2026 15:45:00,SWPW,60.0004,60.0015,0.01,0.01,0.0,0.0,9.0,5.75,0.0,SWPW,2026-09-23 15:45:00+00:00
09/23/2026 10:55:00,09/23/2026 15:55:00,SWPW,60.0004,60.0015,0.01,0.01,0.0,0.0,9.0,5.75,0.0,SWPW,2026-09-23 15:55:00+00:00
09/23/2026 11:20:00,09/23/2026 16:20:00,SWPW,60.0008,60.0013,0.01,0.01,0.0,0.0,9.0,5.75,0.0,SWPW,2026-09-23 16:20:00+00:00
09/23/2026 11:45:00,09/23/2026 16:45:00,SWPW,60.0008,60.0013,0.01,0.01,0.0,0.0,6.0349,5.75,0.0,SWPW,2026-09-23 16:45:00+00:00
09/23/2026 11:55:00,09/23/2026 16:55:00,SWPW,60.0008,60.0013,0.01,0.01,0.0,0.0,6.0349,5.75,0.0,SWPW,2026-09-23 16:55:00+00:00
09/23/2026 12:15:00,09/23/2026 17:15:00,SWPW,60.0011,60.0013,0.01,0.01,0.0,0.0,6.0349,5.75,0.0,SWPW,2026-09-23 17:15:00+00:00
09/23/2026 12:30:00,09/23/2026 17:30:00,SWPW,60.0011,60.0013,0.01,0.01,0.0,0.0,6.0349,5.75,0.0,SWPW,2026-09-23 17:30:00+00:00
09/23/2026 12:40:00,09/23/2026 17:40:00,SWPW,60.0011,60.0013,0.01,0.01,0.0,0.0,6.0349,5.75,0.0,SWPW,2026-09-23 17:40:00+00:00
09/23/2026 12:50:00,09/23/2026 17:50:00,SWPW,60.0011,60.0013,0.01,0.01,0.0,0.0,6.0349,5.75,0.0,SWPW,2026-09-23 17:50:00+00:00
09/23/2026 13:20:00,09/23/2026 18:20:00,SWPW,60.0016,60.0011,0.01,0.01,0.0,0.0,6.0349,5.75,0.0,SWPW,2026-09-23 18:20:00+00:00
09/23/2026 13:45:00,09/23/2026 18:45:00,SWPW,60.0016,60.0011,0.01,0.01,0.0,0.0,6.0349,5.75,0.0,SWPW,2026-09-23 18:45:00+00:00
09/23/2026 13:55:00,09/23/2026 18:55:00,SWPW,60.0016,60.0011,0.01,0.01,0.0,0.0,6.0349,5.75,0.0,SWPW,2026-09-23 18:55:00+00:00
09/23/2026 14:15:00,09/23/2026 19:15:00,SWPW,60.002,60.0013,0.01,0.01,0.0,0.0,6.0349,5.75,0.0,SWPW,2026-09-23 19:15:00+00:00
09/23/2026 14:30:00,09/23/2026 19:30:00,SWPW,60.002,60.0013,0.01,0.01,0.0,0.0,6.0349,5.75,0.0,SWPW,2026-09-23 19:30:00+00:00
09/23/2026 14:40:00,09/23/2026 19:40:00,SWPW,60.002,60.0013,0.01,0.01,0.0,0.0,6.0349,5.75,0.0,SWPW,2026-09-23 19:40:00+00:00
09/23/2026 14:50:00,09/23/2026 19:50:00,SWPW,94.002,60.0013,0.01,0.01,34.0,0.0,35.8996,5.75,0.0,SWPW,2026-09-23 19:50:00+00:00
09/23/2026 15:20:00,09/23/2026 20:20:00,SWPW,122.5549,60.0017,0.01,0.01,67.0,0.0,64.644,5.75,6.5412,SWPW,2026-09-23 20:20:00+00:00
09/23/2026 15:40:00,09/23/2026 20:40:00,SWPW,194.0016,60.0017,0.01,0.01,134.0,0.0,136.0744,5.75,6.5412,SWPW,2026-09-23 20:40:00+00:00
09/23/2026 15:50:00,09/23/2026 20:50:00,SWPW,81.2371,60.0017,0.01,0.01,21.2355,0.0,23.4435,5.75,6.5412,SWPW,2026-09-23 20:50:00+00:00
09/23/2026 16:15:00,09/23/2026 21:15:00,SWPW,72.5944,60.0016,0.01,0.01,12.5922,0.0,21.5922,5.75,0.0,SWPW,2026-09-23 21:15:00+00:00
09/23/2026 16:20:00,09/23/2026 21:20:00,SWPW,60.0022,60.0017,0.01,0.01,0.0,0.0,6.0349,5.75,0.0,SWPW,2026-09-23 21:20:00+00:00
09/23/2026 16:40:00,09/23/2026 21:40:00,SWPW,61.1279,60.0017,0.01,0.01,1.1257,0.0,10.1259,5.75,0.0,SWPW,2026-09-23 21:40:00+00:00
09/23/2026 16:50:00,09/23/2026 21:50:00,SWPW,73.2237,60.0016,0.01,0.01,13.2216,0.0,15.8031,5.75,0.0,SWPW,2026-09-23 21:50:00+00:00
09/23/2026 17:15:00,09/23/2026 22:15:00,SWPW,77.6718,60.0019,0.01,0.01,17.67,0.0,19.8012,5.75,0.0,SWPW,2026-09-23 22:15:00+00:00
09/23/2026 17:30:00,09/23/2026 22:30:00,SWPW,108.5431,60.0019,0.01,0.01,67.0,0.0,50.5827,5.75,6.5412,SWPW,2026-09-23 22:30:00+00:00
09/23/2026 17:40:00,09/23/2026 22:40:00,SWPW,65.463,60.0019,0.01,0.01,5.4613,0.0,7.5189,5.75,1.0727,SWPW,2026-09-23 22:40:00+00:00
09/23/2026 17:50:00,09/23/2026 22:50:00,SWPW,94.0017,60.0019,0.01,0.01,34.0,0.0,43.0,5.75,6.5412,SWPW,2026-09-23 22:50:00+00:00
09/23/2026 18:15:00,09/23/2026 23:15:00,SWPW,92.9528,60.002,0.01,0.01,32.951,0.0,41.951,5.75,6.5412,SWPW,2026-09-23 23:15:00+00:00
09/23/2026 18:25:00,09/23/2026 23:25:00,SWPW,160.0019,60.002,0.01,0.01,100.0,0.0,106.1521,5.75,0.0,SWPW,2026-09-23 23:25:00+00:00
09/23/2026 18:40:00,09/23/2026 23:40:00,SWPW,160.0019,60.002,0.01,0.01,100.0,0.0,105.6593,5.75,0.0,SWPW,2026-09-23 23:40:00+00:00
09/23/2026 18:50:00,09/23/2026 23:50:00,SWPW,60.0019,79.9222,0.01,0.01,0.0,0.0,6.0349,5.75,0.0,SWPW,2026-09-23 23:50:00+00:00
09/23/2026 19:40:00,09/24/2026 00:40:00,SWPW,60.0022,60.0013,0.0,0.01,0.0,0.0,9.0002,1.6248,0.0,SWPW,2026-09-24 00:40:00+00:00
09/23/2026 20:15:00,09/24/2026 01:15:00,SWPW,40.7817,60.0007,0.01,0.01,0.0,0.0,9.0001,5.75,0.0,SWPW,2026-09-24 01:15:00+00:00
09/23/2026 20:40:00,09/24/2026 01:40:00,SWPW,21.0507,60.0007,0.01,0.01,0.0,0.0,9.0001,5.75,0.0,SWPW,2026-09-24 01:40:00+00:00
09/23/2026 21:05:00,09/24/2026 02:05:00,SWPW,42.0518,60.0007,0.01,0.01,0.0,0.0,9.0,5.75,0.0,SWPW,2026-09-24 02:05:00+00:00
09/23/2026 21:35:00,09/24/2026 02:35:00,SWPW,0.0014,7.3761,0.01,0.01,0.0,0.0,0.0,0.0,0.0,SWPW,2026-09-24 02:35:00+00:00
09/23/2026 21:50:00,09/24/2026 02:50:00,SWPW,43.2026,60.0007,0.01,0.01,0.0,0.0,9.0,5.75,0.0,SWPW,2026-09-24 02:50:00+00:00
09/23/2026 22:20:00,09/24/2026 03:20:00,SWPW,60.0017,60.0009,0.01,0.01,0.0,0.0,9.0,1.6246,0.0,SWPW,2026-09-24 03:20:00+00:00
09/23/2026 22:45:00,09/24/2026 03:45:00,SWPW,60.0017,60.0009,0.01,0.01,0.0,0.0,7.3754,0.0,0.0,SWPW,2026-09-24 03:45:00+00:00
09/23/2026 22:55:00,09/24/2026 03:55:00,SWPW,0.0017,12.3332,0.01,0.01,0.0,0.0,0.0,0.0,0.0,SWPW,2026-09-24 03:55:00+00:00
09/23/2026 23:20:00,09/24/2026 04:20:00,SWPW,0.0016,1.0011,0.01,0.01,0.0,0.0,0.0,0.0,0.0,SWPW,2026-09-24 04:20:00+00:00
09/23/2026 23:45:00,09/24/2026 04:45:00,SWPW,0.0016,3.8868,0.01,0.01,0.0,0.0,0.0,0.0,0.0,SWPW,2026-09-24 04:45:00+00:00
09/23/2026 23:55:00,09/24/2026 04:55:00,SWPW,0.0016,1.0011,0.01,0.01,0.0,0.0,0.0,0.0,0.0,SWPW,2026-09-24 04:55:00+00:00
09/24/2026 00:15:00,09/24/2026 05:15:00,SWPW,0.0013,1.6807,0.01,0.01,0.0,0.0,0.0,0.0,0.0,SWPW,2026-09-24 05:15:00+00:00
09/24/2026 00:35:00,09/24/2026 05:35:00,SWPW,65.0013,65.0009,0.01,0.01,0.0,0.0,7.3754,0.0,0.0,SWPW,2026-09-24 05:35:00+00:00
09/24/2026 00:50:00,09/24/2026 05:50:00,SWPW,65.0013,65.0009,0.01,0.01,0.0,0.0,7.3754,0.0,0.0,SWPW,2026-09-24 05:50:00+00:00
09/24/2026 01:30:00,09/24/2026 06:30:00,SWPW,1.9609,1.0011,0.01,0.01,1.9602,0.0,1.9601,1.9601,0.0,SWPW,2026-09-24 06:30:00+00:00
09/24/2026 01:55:00,09/24/2026 06:55:00,SWPW,5.7508,1.001,0.01,0.01,5.75,0.0,5.75,5.75,0.0,SWPW,2026-09-24 06:55:00+00:00
09/24/2026 02:20:00,09/24/2026 07:20:00,SWPW,34.001,1.0012,0.01,0.01,34.0,0.0,34.0,5.75,0.0,SWPW,2026-09-24 07:20:00+00:00
09/24/2026 02:45:00,09/24/2026 07:45:00,SWPW,5.8824,1.0012,0.01,0.01,5.8815,0.0,5.8814,5.75,0.0,SWPW,2026-09-24 07:45:00+00:00
09/24/2026 02:55:00,09/24/2026 07:55:00,SWPW,5.751,1.0012,0.01,0.01,5.75,0.0,5.75,5.75,0.0,SWPW,2026-09-24 07:55:00+00:00
09/24/2026 03:25:00,09/24/2026 08:25:00,SWPW,6.0356,0.0008,0.01,0.01,5.75,0.0,6.0349,5.75,5.7501,SWPW,2026-09-24 08:25:00+00:00
09/24/2026 03:50:00,09/24/2026 08:50:00,SWPW,5.8858,0.0008,0.01,0.01,5.75,0.0,5.8851,5.75,5.7501,SWPW,2026-09-24 08:50:00+00:00
09/24/2026 04:00:00,09/24/2026 09:00:00,SWPW,6.9933,0.0008,0.01,0.01,6.7077,0.0,6.9926,5.75,6.7077,SWPW,2026-09-24 09:00:00+00:00
09/24/2026 04:20:00,09/24/2026 09:20:00,SWPW,5.7606,0.0009,0.01,0.01,5.75,0.0,5.7601,5.75,0.0,SWPW,2026-09-24 09:20:00+00:00
09/24/2026 04:45:00,09/24/2026 09:45:00,SWPW,5.7606,0.0009,0.01,0.01,5.75,0.0,5.7601,5.75,0.0,SWPW,2026-09-24 09:45:00+00:00
09/24/2026 04:55:00,09/24/2026 09:55:00,SWPW,5.7606,0.0009,0.01,0.01,5.75,0.0,5.7601,5.75,0.0,SWPW,2026-09-24 09:55:00+00:00
09/24/2026 05:20:00,09/24/2026 10:20:00,SWPW,5.7506,0.001,0.01,0.01,5.75,0.0,5.75,5.75,5.7501,SWPW,2026-09-24 10:20:00+00:00
09/24/2026 05:40:00,09/24/2026 10:40:00,SWPW,6.7184,0.0009,0.01,0.01,6.7077,0.0,6.7178,5.75,6.7077,SWPW,2026-09-24 10:40:00+00:00
09/24/2026 05:50:00,09/24/2026 10:50:00,SWPW,6.9932,0.0009,0.01,0.01,6.7077,0.0,6.9926,5.75,6.7077,SWPW,2026-09-24 10:50:00+00:00
09/24/2026 06:15:00,09/24/2026 11:15:00,SWPW,100.2859,0.0006,0.01,0.01,100.0,0.0,100.2849,5.75,6.7077,SWPW,2026-09-24 11:15:00+00:00
09/24/2026 06:30:00,09/24/2026 11:30:00,SWPW,6.7188,0.0007,0.01,0.01,6.7077,0.0,6.7178,5.75,6.7077,SWPW,2026-09-24 11:30:00+00:00
09/24/2026 06:45:00,09/24/2026 11:45:00,SWPW,6.7086,0.0007,0.01,0.01,6.7077,0.0,6.7077,5.75,6.7077,SWPW,2026-09-24 11:45:00+00:00
09/24/2026 06:50:00,09/24/2026 11:50:00,SWPW,11.974,0.0006,0.01,0.01,7.0,0.0,11.973,5.75,7.0,SWPW,2026-09-24 11:50:00+00:00
09/24/2026 07:25:00,09/24/2026 12:25:00,SWPW,5.7505,0.0013,0.01,0.01,5.75,0.0,5.75,5.75,0.0,SWPW,2026-09-24 12:25:00+00:00
09/24/2026 07:50:00,09/24/2026 12:50:00,SWPW,9.5157,0.0012,0.01,0.01,5.75,0.0,9.5152,5.75,0.0,SWPW,2026-09-24 12:50:00+00:00
09/24/2026 08:15:00,09/24/2026 13:15:00,SWPW,65.001,65.0014,0.01,0.01,0.0,0.0,9.0,5.75,0.0,SWPW,2026-09-24 13:15:00+00:00
09/24/2026 08:35:00,09/24/2026 13:35:00,SWPW,65.001,65.0014,0.01,0.01,0.0,0.0,9.0,5.75,0.0,SWPW,2026-09-24 13:35:00+00:00
09/24/2026 08:55:00,09/24/2026 13:55:00,SWPW,65.001,65.0014,0.01,0.01,0.0,0.0,7.4621,5.75,0.0,SWPW,2026-09-24 13:55:00+00:00
09/24/2026 09:20:00,09/24/2026 14:20:00,SWPW,13.3141,30.623,0.01,0.01,0.0,0.0,9.0001,5.75,0.0,SWPW,2026-09-24 14:20:00+00:00
09/24/2026 09:45:00,09/24/2026 14:45:00,SWPW,13.3141,36.2476,0.01,0.01,0.0,0.0,6.0349,5.75,0.0,SWPW,2026-09-24 14:45:00+00:00
09/24/2026 09:55:00,09/24/2026 14:55:00,SWPW,65.0008,65.0017,0.01,0.01,0.0,0.0,9.0001,5.75,0.0,SWPW,2026-09-24 14:55:00+00:00
09/24/2026 10:15:00,09/24/2026 15:15:00,SWPW,13.3136,31.3775,0.01,0.01,0.0,0.0,7.1859,5.75,0.0,SWPW,2026-09-24 15:15:00+00:00
09/24/2026 10:35:00,09/24/2026 15:35:00,SWPW,13.3136,27.7084,0.01,0.01,0.0,0.0,9.0,5.75,0.0,SWPW,2026-09-24 15:35:00+00:00
09/24/2026 10:50:00,09/24/2026 15:50:00,SWPW,13.3136,25.6952,0.01,0.01,0.8288,0.0,9.8289,5.75,0.0,SWPW,2026-09-24 15:50:00+00:00
09/24/2026 11:20:00,09/24/2026 16:20:00,SWPW,13.314,32.0567,0.01,0.01,0.0,0.0,6.0349,5.75,0.0,SWPW,2026-09-24 16:20:00+00:00
09/24/2026 11:40:00,09/24/2026 16:40:00,SWPW,13.314,30.7521,0.01,0.01,0.0,0.0,6.0349,5.75,0.0,SWPW,2026-09-24 16:40:00+00:00
09/24/2026 11:55:00,09/24/2026 16:55:00,SWPW,13.314,33.9785,0.01,0.01,0.0,0.0,6.0349,5.75,0.0,SWPW,2026-09-24 16:55:00+00:00
09/24/2026 12:15:00,09/24/2026 17:15:00,SWPW,13.3143,35.6245,0.01,0.01,0.0,0.0,6.0349,5.75,0.0,SWPW,2026-09-24 17:15:00+00:00
09/24/2026 12:30:00,09/24/2026 17:30:00,SWPW,13.3143,35.6998,0.01,0.01,0.0,0.0,6.0349,5.75,0.0,SWPW,2026-09-24 17:30:00+00:00
09/24/2026 12:40:00,09/24/2026 17:40:00,SWPW,13.3143,35.8589,0.01,0.01,0.0,0.0,6.0349,5.75,0.0,SWPW,2026-09-24 17:40:00+00:00
09/24/2026 12:50:00,09/24/2026 17:50:00,SWPW,13.3143,28.3841,0.01,0.01,0.0,0.0,9.0,5.75,0.0,SWPW,2026-09-24 17:50:00+00:00
09/24/2026 13:20:00,09/24/2026 18:20:00,SWPW,13.3148,37.2671,0.01,0.01,0.0,0.0,6.0349,5.75,0.0,SWPW,2026-09-24 18:20:00+00:00
09/24/2026 13:45:00,09/24/2026 18:45:00,SWPW,13.3148,32.4437,0.01,0.01,0.0,0.0,7.4751,5.75,0.0,SWPW,2026-09-24 18:45:00+00:00
09/24/2026 13:55:00,09/24/2026 18:55:00,SWPW,13.3148,33.7206,0.01,0.01,0.0,0.0,7.5094,5.75,0.0,SWPW,2026-09-24 18:55:00+00:00
09/24/2026 14:15:00,09/24/2026 19:15:00,SWPW,15.3136,36.8189,0.01,0.01,0.0,0.0,6.3135,5.75,0.0,SWPW,2026-09-24 19:15:00+00:00
09/24/2026 14:30:00,09/24/2026 19:30:00,SWPW,15.0351,43.8062,0.01,0.01,0.0,0.0,6.0349,5.75,0.0,SWPW,2026-09-24 19:30:00+00:00
09/24/2026 14:40:00,09/24/2026 19:40:00,SWPW,15.0351,41.8731,0.01,0.01,0.0,0.0,6.0349,5.75,0.0,SWPW,2026-09-24 19:40:00+00:00
09/24/2026 14:55:00,09/24/2026 19:55:00,SWPW,15.0351,37.2446,0.01,0.01,0.0,0.0,6.0349,5.75,0.0,SWPW,2026-09-24 19:55:00+00:00
09/24/2026 15:20:00,09/24/2026 20:20:00,SWPW,13.3148,33.0601,0.01,0.01,0.0,0.0,6.0349,5.75,0.0,SWPW,2026-09-24 20:20:00+00:00
09/24/2026 15:45:00,09/24/2026 20:45:00,SWPW,13.3148,35.3401,0.01,0.01,0.0,0.0,6.0349,5.75,0.0,SWPW,2026-09-24 20:45:00+00:00
09/24/2026 15:50:00,09/24/2026 20:50:00,SWPW,13.3148,34.1513,0.01,0.01,0.0,0.0,6.0349,5.75,0.0,SWPW,2026-09-24 20:50:00+00:00
09/24/2026 16:15:00,09/24/2026 21:15:00,SWPW,50.8657,65.0017,0.01,0.01,6.4589,0.0,15.4589,5.75,6.4589,SWPW,2026-09-24 21:15:00+00:00
09/24/2026 16:30:00,09/24/2026 21:30:00,SWPW,18.4215,65.0017,0.01,0.01,0.0,0.0,9.0001,5.75,0.0,SWPW,2026-09-24 21:30:00+00:00
09/24/2026 16:40:00,09/24/2026 21:40:00,SWPW,18.4273,65.0017,0.01,0.01,0.0,0.0,9.0001,5.75,0.0,SWPW,2026-09-24 21:40:00+00:00
09/24/2026 16:50:00,09/24/2026 21:50:00,SWPW,18.4351,65.0017,0.01,0.01,0.0,0.0,9.0001,5.75,0.0,SWPW,2026-09-24 21:50:00+00:00
09/24/2026 17:15:00,09/24/2026 22:15:00,SWPW,21.9471,65.0019,0.01,0.01,0.0,0.0,9.0,5.75,0.0,SWPW,2026-09-24 22:15:00+00:00
09/24/2026 17:30:00,09/24/2026 22:30:00,SWPW,52.4575,65.0019,0.01,0.01,8.5902,0.0,17.5903,5.75,6.7077,SWPW,2026-09-24 22:30:00+00:00
09/24/2026 17:40:00,09/24/2026 22:40:00,SWPW,52.4027,65.0019,0.01,0.01,8.4954,0.0,17.4954,5.75,6.7077,SWPW,2026-09-24 22:40:00+00:00
09/24/2026 17:55:00,09/24/2026 22:55:00,SWPW,51.7874,65.0019,0.01,0.01,7.9808,0.0,16.9809,5.75,6.7077,SWPW,2026-09-24 22:55:00+00:00
09/24/2026 18:15:00,09/24/2026 23:15:00,SWPW,22.7473,30.1307,0.01,0.01,12.5497,0.0,21.5497,5.75,0.0,SWPW,2026-09-24 23:15:00+00:00
09/24/2026 18:30:00,09/24/2026 23:30:00,SWPW,16.0757,28.487,0.01,0.01,5.878,0.0,14.8781,5.75,0.0,SWPW,2026-09-24 23:30:00+00:00
09/24/2026 18:40:00,09/24/2026 23:40:00,SWPW,16.9054,38.7949,0.01,0.01,6.7077,0.0,7.7078,5.75,6.7077,SWPW,2026-09-24 23:40:00+00:00
09/24/2026 18:55:00,09/24/2026 23:55:00,SWPW,46.7276,9.0023,0.01,0.01,34.0,0.0,37.9527,5.75,150.0,SWPW,2026-09-24 23:55:00+00:00
09/24/2026 19:40:00,09/25/2026 00:40:00,SWPW,99.8763,65.0013,0.01,0.01,67.0,0.0,43.8742,5.75,6.7077,SWPW,2026-09-25 00:40:00+00:00
09/24/2026 20:15:00,09/25/2026 01:15:00,SWPW,65.0016,65.0007,0.0,0.01,0.0,0.0,9.0,5.75,0.0,SWPW,2026-09-25 01:15:00+00:00
09/24/2026 20:40:00,09/25/2026 01:40:00,SWPW,65.0016,65.0007,0.01,0.01,0.0,0.0,9.0,5.75,0.0,SWPW,2026-09-25 01:40:00+00:00
09/24/2026 21:00:00,09/25/2026 02:00:00,SWPW,65.0016,65.0007,0.01,0.01,0.0,0.0,6.7077,5.75,0.0,SWPW,2026-09-25 02:00:00+00:00
09/24/2026 21:30:00,09/25/2026 02:30:00,SWPW,65.0014,60.4999,0.01,0.01,0.0,0.0,6.7077,5.75,0.0,SWPW,2026-09-25 02:30:00+00:00
09/24/2026 21:55:00,09/25/2026 02:55:00,SWPW,0.0014,1.851,0.01,0.01,0.0,0.0,0.0,0.0,0.0,SWPW,2026-09-25 02:55:00+00:00
09/24/2026 22:20:00,09/25/2026 03:20:00,SWPW,12.6221,0.0009,0.01,0.01,0.0,0.0,6.7077,5.75,0.0,SWPW,2026-09-25 03:20:00+00:00
09/24/2026 22:45:00,09/25/2026 03:45:00,SWPW,23.9278,8.745,0.01,0.01,0.0,0.0,8.7449,5.75,0.0,SWPW,2026-09-25 03:45:00+00:00
09/24/2026 22:55:00,09/25/2026 03:55:00,SWPW,6.7094,0.0009,0.01,0.01,0.0,0.0,6.7077,0.1556,0.0,SWPW,2026-09-25 03:55:00+00:00
09/24/2026 23:20:00,09/25/2026 04:20:00,SWPW,0.0118,0.0012,0.01,0.01,0.0,0.0,0.0102,0.0,0.0,SWPW,2026-09-25 04:20:00+00:00
09/24/2026 23:55:00,09/25/2026 04:55:00,SWPW,12.1972,1.0012,0.01,0.01,0.0,0.0,6.7077,5.0773,0.0,SWPW,2026-09-25 04:55:00+00:00
09/25/2026 00:20:00,09/25/2026 05:20:00,SWPW,15.1164,0.7081,0.01,0.01,0.0,0.0,6.7077,5.75,0.0,SWPW,2026-09-25 05:20:00+00:00
09/25/2026 00:35:00,09/25/2026 05:35:00,SWPW,11.2623,6.683,0.01,0.01,0.0,0.0,6.7077,5.75,0.0,SWPW,2026-09-25 05:35:00+00:00
09/25/2026 00:50:00,09/25/2026 05:50:00,SWPW,6.709,7.1018,0.01,0.01,0.0,0.0,6.7077,0.0,0.0,SWPW,2026-09-25 05:50:00+00:00
09/25/2026 01:30:00,09/25/2026 06:30:00,SWPW,4.3113,1.001,0.01,0.01,0.0,0.0,4.3105,0.0,0.0,SWPW,2026-09-25 06:30:00+00:00
09/25/2026 01:55:00,09/25/2026 06:55:00,SWPW,65.0009,65.0009,0.01,6.58,0.0,0.0,6.6245,0.0,0.0,SWPW,2026-09-25 06:55:00+00:00
09/25/2026 02:20:00,09/25/2026 07:20:00,SWPW,65.0011,65.0011,0.01,0.01,0.0,0.0,1.0001,0.0,0.0,SWPW,2026-09-25 07:20:00+00:00
09/25/2026 02:45:00,09/25/2026 07:45:00,SWPW,0.2859,0.286,0.01,0.01,0.0,0.0,0.2849,0.0,0.0,SWPW,2026-09-25 07:45:00+00:00
09/25/2026 02:55:00,09/25/2026 07:55:00,SWPW,65.0011,65.0011,0.01,0.01,0.0,0.0,1.0001,0.0,0.0,SWPW,2026-09-25 07:55:00+00:00
09/25/2026 03:25:00,09/25/2026 08:25:00,SWPW,0.0008,0.1864,0.01,0.01,0.0,0.0,0.0001,0.0,0.0,SWPW,2026-09-25 08:25:00+00:00
09/25/2026 03:45:00,09/25/2026 08:45:00,SWPW,0.0009,0.139,0.01,0.01,0.0,0.0,0.0002,0.0,0.0,SWPW,2026-09-25 08:45:00+00:00
09/25/2026 03:55:00,09/25/2026 08:55:00,SWPW,0.0007,0.2858,0.01,0.01,0.0,0.0,0.0,0.0,0.0,SWPW,2026-09-25 08:55:00+00:00
09/25/2026 04:20:00,09/25/2026 09:20:00,SWPW,65.0005,65.0009,0.01,0.01,0.0,0.0,1.0003,0.0,0.0,SWPW,2026-09-25 09:20:00+00:00
09/25/2026 04:45:00,09/25/2026 09:45:00,SWPW,65.0005,65.0009,0.01,0.01,0.0,0.0,1.0003,0.0,0.0,SWPW,2026-09-25 09:45:00+00:00
09/25/2026 04:50:00,09/25/2026 09:50:00,SWPW,65.0005,65.0009,0.01,0.01,0.0,0.0,1.0003,0.0,0.0,SWPW,2026-09-25 09:50:00+00:00
09/25/2026 05:20:00,09/25/2026 10:20:00,SWPW,65.0006,65.001,0.01,0.01,0.0,0.0,1.5002,0.0,0.0,SWPW,2026-09-25 10:20:00+00:00
09/25/2026 05:35:00,09/25/2026 10:35:00,SWPW,65.0006,65.001,0.01,0.01,0.0,0.0,1.5002,0.0,0.0,SWPW,2026-09-25 10:35:00+00:00
09/25/2026 05:50:00,09/25/2026 10:50:00,SWPW,65.0006,65.001,0.01,0.01,0.0,0.0,1.5002,0.0,0.0,SWPW,2026-09-25 10:50:00+00:00
09/25/2026 06:15:00,09/25/2026 11:15:00,SWPW,65.001,65.0006,0.01,0.01,0.0,0.0,1.5002,0.0,0.0,SWPW,2026-09-25 11:15:00+00:00
09/25/2026 06:30:00,09/25/2026 11:30:00,SWPW,70.751,65.0006,0.01,0.01,5.75,0.0,12.7455,5.75,5.7501,SWPW,2026-09-25 11:30:00+00:00
09/25/2026 06:45:00,09/25/2026 11:45:00,SWPW,70.751,65.0006,0.01,0.01,5.75,0.0,12.5311,5.75,5.7501,SWPW,2026-09-25 11:45:00+00:00
09/25/2026 06:50:00,09/25/2026 11:50:00,SWPW,70.751,65.0006,0.01,0.01,5.75,0.0,12.5601,5.75,5.7501,SWPW,2026-09-25 11:50:00+00:00
09/25/2026 07:25:00,09/25/2026 12:25:00,SWPW,69.4129,65.0012,0.01,0.01,4.4124,0.0,9.1766,4.4124,0.0,SWPW,2026-09-25 12:25:00+00:00
09/25/2026 07:50:00,09/25/2026 12:50:00,SWPW,65.0005,65.0012,0.01,0.01,0.0,0.0,7.4693,0.0,0.0,SWPW,2026-09-25 12:50:00+00:00
09/25/2026 08:15:00,09/25/2026 13:15:00,SWPW,60.5681,67.9868,0.01,6.58,0.0,2.9854,7.4693,0.0,0.0,SWPW,2026-09-25 13:15:00+00:00
09/25/2026 08:35:00,09/25/2026 13:35:00,SWPW,61.1783,65.0014,0.01,6.58,0.0,0.0,7.309,0.0,0.0,SWPW,2026-09-25 13:35:00+00:00
09/25/2026 08:45:00,09/25/2026 13:45:00,SWPW,61.8085,65.0014,0.01,6.58,0.0,0.0,7.8359,0.3667,0.0,SWPW,2026-09-25 13:45:00+00:00
09/25/2026 08:55:00,09/25/2026 13:55:00,SWPW,62.2166,65.0014,0.01,6.58,0.0,0.0,8.2279,0.7586,0.0,SWPW,2026-09-25 13:55:00+00:00
09/25/2026 09:20:00,09/25/2026 14:20:00,SWPW,264.4692,9.0003,0.01,0.01,201.0,0.0,230.172,5.75,0.0,SWPW,2026-09-25 14:20:00+00:00
09/25/2026 09:45:00,09/25/2026 14:45:00,SWPW,23.2984,30.864,0.01,0.01,0.0,0.0,23.2976,5.75,0.0,SWPW,2026-09-25 14:45:00+00:00
09/25/2026 09:55:00,09/25/2026 14:55:00,SWPW,13.2202,33.9218,0.01,0.01,0.0,0.0,9.0003,5.75,0.0,SWPW,2026-09-25 14:55:00+00:00
09/25/2026 10:20:00,09/25/2026 15:20:00,SWPW,13.2197,33.7103,0.01,0.01,0.0,0.0,6.8989,5.75,0.0,SWPW,2026-09-25 15:20:00+00:00
09/25/2026 10:40:00,09/25/2026 15:40:00,SWPW,211.0696,29.5989,0.01,0.01,201.0,0.0,210.0,5.75,0.0,SWPW,2026-09-25 15:40:00+00:00
09/25/2026 10:50:00,09/25/2026 15:50:00,SWPW,13.2197,31.2182,0.01,0.01,0.0,0.0,9.0,5.75,0.0,SWPW,2026-09-25 15:50:00+00:00
09/25/2026 11:20:00,09/25/2026 16:20:00,SWPW,13.2201,35.6553,0.01,0.01,0.0,0.0,6.0349,5.75,0.0,SWPW,2026-09-25 16:20:00+00:00
09/25/2026 11:45:00,09/25/2026 16:45:00,SWPW,13.2201,36.8895,0.01,0.01,0.0,0.0,6.0349,5.75,0.0,SWPW,2026-09-25 16:45:00+00:00
09/25/2026 11:55:00,09/25/2026 16:55:00,SWPW,178.07,9.0013,0.01,0.01,168.0,0.0,169.0001,5.75,0.0,SWPW,2026-09-25 16:55:00+00:00
09/25/2026 12:15:00,09/25/2026 17:15:00,SWPW,199.0011,65.0013,0.01,0.01,134.0,0.0,143.0,5.75,0.0,SWPW,2026-09-25 17:15:00+00:00
09/25/2026 12:40:00,09/25/2026 17:40:00,SWPW,5.7511,3.8258,0.01,0.01,5.75,0.0,5.75,5.75,0.0,SWPW,2026-09-25 17:40:00+00:00
09/25/2026 12:50:00,09/25/2026 17:50:00,SWPW,63.6138,65.0013,0.01,0.01,0.0,0.0,6.8538,5.75,0.0,SWPW,2026-09-25 17:50:00+00:00
09/25/2026 13:45:00,09/25/2026 18:45:00,SWPW,65.0016,65.0011,0.01,0.01,0.0,0.0,6.0349,5.75,0.0,SWPW,2026-09-25 18:45:00+00:00
09/25/2026 13:55:00,09/25/2026 18:55:00,SWPW,65.0016,65.0011,0.01,0.01,0.0,0.0,6.0349,5.75,0.0,SWPW,2026-09-25 18:55:00+00:00
09/25/2026 14:15:00,09/25/2026 19:15:00,SWPW,65.002,65.0013,0.01,0.01,0.0,0.0,6.0349,5.75,0.0,SWPW,2026-09-25 19:15:00+00:00
09/25/2026 14:25:00,09/25/2026 19:25:00,SWPW,65.002,65.0013,0.01,0.01,0.0,0.0,6.0349,5.75,0.0,SWPW,2026-09-25 19:25:00+00:00
09/25/2026 14:40:00,09/25/2026 19:40:00,SWPW,65.002,72.0387,0.01,0.01,0.0,0.0,6.0349,5.75,0.0,SWPW,2026-09-25 19:40:00+00:00
09/25/2026 14:55:00,09/25/2026 19:55:00,SWPW,65.002,72.0376,0.01,0.01,0.0,0.0,6.0349,5.75,0.0,SWPW,2026-09-25 19:55:00+00:00
09/25/2026 15:15:00,09/25/2026 20:15:00,SWPW,65.0016,72.0455,0.01,0.01,0.0,0.0,6.0349,5.75,0.0,SWPW,2026-09-25 20:15:00+00:00
09/25/2026 15:30:00,09/25/2026 20:30:00,SWPW,65.0016,65.0017,0.01,0.01,0.0,0.0,6.0349,5.75,0.0,SWPW,2026-09-25 20:30:00+00:00
09/25/2026 15:45:00,09/25/2026 20:45:00,SWPW,65.0016,72.0363,0.01,0.01,0.0,0.0,6.0349,5.75,0.0,SWPW,2026-09-25 20:45:00+00:00
09/25/2026 15:55:00,09/25/2026 20:55:00,SWPW,65.0016,65.0017,0.01,0.01,0.0,0.0,6.0349,5.75,0.0,SWPW,2026-09-25 20:55:00+00:00
09/25/2026 16:15:00,09/25/2026 21:15:00,SWPW,65.0022,65.0016,0.01,0.01,0.0,0.0,6.0349,5.75,0.0,SWPW,2026-09-25 21:15:00+00:00
09/25/2026 16:30:00,09/25/2026 21:30:00,SWPW,65.0022,65.0016,0.01,0.01,0.0,0.0,6.0349,5.75,0.0,SWPW,2026-09-25 21:30:00+00:00
09/25/2026 16:40:00,09/25/2026 21:40:00,SWPW,65.0022,65.0017,0.01,0.01,0.0,0.0,6.0349,5.75,0.0,SWPW,2026-09-25 21:40:00+00:00
09/25/2026 16:50:00,09/25/2026 21:50:00,SWPW,65.0022,65.0017,0.01,0.01,0.0,0.0,6.0349,5.75,0.0,SWPW,2026-09-25 21:50:00+00:00
09/25/2026 17:15:00,09/25/2026 22:15:00,SWPW,65.0017,65.0019,0.01,0.01,0.0,0.0,6.0349,5.75,0.0,SWPW,2026-09-25 22:15:00+00:00
09/25/2026 17:30:00,09/25/2026 22:30:00,SWPW,65.0018,65.0019,0.01,0.01,0.0,0.0,6.0349,5.75,0.0,SWPW,2026-09-25 22:30:00+00:00
09/25/2026 17:40:00,09/25/2026 22:40:00,SWPW,65.0017,65.0019,0.01,0.01,0.0,0.0,6.0349,5.75,0.0,SWPW,2026-09-25 22:40:00+00:00
09/25/2026 17:50:00,09/25/2026 22:50:00,SWPW,65.0018,65.0019,0.01,0.01,0.0,0.0,6.0349,5.75,0.0,SWPW,2026-09-25 22:50:00+00:00
09/25/2026 18:15:00,09/25/2026 23:15:00,SWPW,65.0019,67.4555,0.01,0.01,0.0,0.0,6.0349,5.75,0.0,SWPW,2026-09-25 23:15:00+00:00
09/25/2026 18:25:00,09/25/2026 23:25:00,SWPW,65.0019,65.002,0.01,0.01,0.0,0.0,6.0349,5.75,0.0,SWPW,2026-09-25 23:25:00+00:00
09/25/2026 18:40:00,09/25/2026 23:40:00,SWPW,65.0019,65.002,0.01,0.01,0.0,0.0,6.0349,5.75,0.0,SWPW,2026-09-25 23:40:00+00:00
09/25/2026 18:50:00,09/25/2026 23:50:00,SWPW,65.0019,65.002,0.01,0.01,0.0,0.0,6.0349,5.75,0.0,SWPW,2026-09-25 23:50:00+00:00
09/25/2026 19:40:00,09/26/2026 00:40:00,SWPW,65.0022,65.0013,0.01,0.01,0.0,0.0,6.0349,5.75,0.0,SWPW,2026-09-26 00:40:00+00:00
09/25/2026 20:15:00,09/26/2026 01:15:00,SWPW,65.0016,65.0007,0.01,0.01,0.0,0.0,6.0349,5.75,0.0,SWPW,2026-09-26 01:15:00+00:00
09/25/2026 20:35:00,09/26/2026 01:35:00,SWPW,65.0016,65.0007,0.01,0.01,0.0,0.0,6.0349,5.75,0.0,SWPW,2026-09-26 01:35:00+00:00
09/25/2026 21:00:00,09/26/2026 02:00:00,SWPW,65.0016,65.0007,0.01,0.01,0.0,0.0,6.0349,5.75,0.0,SWPW,2026-09-26 02:00:00+00:00
09/25/2026 21:30:00,09/26/2026 02:30:00,SWPW,65.0014,65.0007,0.01,6.58,0.0,0.0,6.0349,5.75,0.0,SWPW,2026-09-26 02:30:00+00:00
09/25/2026 21:45:00,09/26/2026 02:45:00,SWPW,65.0014,65.0007,0.01,6.58,0.0,0.0,6.0349,5.75,0.0,SWPW,2026-09-26 02:45:00+00:00
09/25/2026 21:55:00,09/26/2026 02:55:00,SWPW,65.0014,65.0007,0.01,6.58,0.0,0.0,6.0349,5.75,0.0,SWPW,2026-09-26 02:55:00+00:00
09/25/2026 22:20:00,09/26/2026 03:20:00,SWPW,79.092,65.0009,0.01,0.01,10.2598,0.0,16.8163,5.75,0.0,SWPW,2026-09-26 03:20:00+00:00
09/25/2026 22:45:00,09/26/2026 03:45:00,SWPW,65.0017,65.0009,0.01,0.01,0.0,0.0,6.0349,5.75,0.0,SWPW,2026-09-26 03:45:00+00:00
09/25/2026 22:55:00,09/26/2026 03:55:00,SWPW,65.0017,65.0009,0.01,0.01,0.0,0.0,6.0349,5.75,0.0,SWPW,2026-09-26 03:55:00+00:00
09/25/2026 23:20:00,09/26/2026 04:20:00,SWPW,65.0016,65.0011,0.01,0.01,0.0,0.0,6.0349,5.75,0.0,SWPW,2026-09-26 04:20:00+00:00
09/25/2026 23:45:00,09/26/2026 04:45:00,SWPW,65.0016,65.0011,0.01,0.01,0.0,0.0,6.0349,5.75,0.0,SWPW,2026-09-26 04:45:00+00:00
09/25/2026 23:55:00,09/26/2026 04:55:00,SWPW,65.0016,65.0011,0.01,0.01,0.0,0.0,6.0349,5.75,0.0,SWPW,2026-09-26 04:55:00+00:00
09/26/2026 00:15:00,09/26/2026 05:15:00,SWPW,18.0013,19.1691,0.01,0.01,0.0,0.0,5.8851,5.75,0.0,SWPW,2026-09-26 05:15:00+00:00
09/26/2026 00:30:00,09/26/2026 05:30:00,SWPW,18.0013,18.0009,0.01,0.01,0.0,0.0,5.75,5.75,0.0,SWPW,2026-09-26 05:30:00+00:00
09/26/2026 00:45:00,09/26/2026 05:45:00,SWPW,23.8719,18.0009,0.01,0.01,0.0,0.0,5.8851,5.75,0.0,SWPW,2026-09-26 05:45:00+00:00
09/26/2026 00:50:00,09/26/2026 05:50:00,SWPW,31.0013,18.0009,0.01,0.01,0.0,0.0,5.75,5.75,0.0,SWPW,2026-09-26 05:50:00+00:00
09/26/2026 01:55:00,09/26/2026 06:55:00,SWPW,18.0008,18.0009,0.01,0.01,0.0,0.0,6.0349,5.75,0.0,SWPW,2026-09-26 06:55:00+00:00
09/26/2026 02:15:00,09/26/2026 07:15:00,SWPW,18.001,26.0011,0.01,0.01,0.0,0.0,6.0349,5.75,0.0,SWPW,2026-09-26 07:15:00+00:00
09/26/2026 02:30:00,09/26/2026 07:30:00,SWPW,18.001,26.0011,0.01,0.01,0.0,0.0,6.0349,5.75,0.0,SWPW,2026-09-26 07:30:00+00:00
09/26/2026 02:45:00,09/26/2026 07:45:00,SWPW,18.001,26.0011,0.01,0.01,0.0,0.0,6.0349,5.75,0.0,SWPW,2026-09-26 07:45:00+00:00
09/26/2026 02:55:00,09/26/2026 07:55:00,SWPW,18.001,26.0011,0.01,0.01,0.0,0.0,6.0349,5.75,0.0,SWPW,2026-09-26 07:55:00+00:00
09/26/2026 03:20:00,09/26/2026 08:20:00,SWPW,18.0007,25.0009,0.01,0.01,0.0,0.0,6.0349,5.75,0.0,SWPW,2026-09-26 08:20:00+00:00
09/26/2026 03:45:00,09/26/2026 08:45:00,SWPW,18.0007,18.0009,0.01,0.01,0.0,0.0,6.0349,5.75,0.0,SWPW,2026-09-26 08:45:00+00:00
09/26/2026 03:55:00,09/26/2026 08:55:00,SWPW,18.0007,18.0009,0.01,0.01,0.0,0.0,6.0349,5.75,0.0,SWPW,2026-09-26 08:55:00+00:00
09/26/2026 04:15:00,09/26/2026 09:15:00,SWPW,18.0005,18.0009,0.01,0.01,0.0,0.0,6.0349,5.75,0.0,SWPW,2026-09-26 09:15:00+00:00
09/26/2026 04:40:00,09/26/2026 09:40:00,SWPW,18.0005,18.0009,0.01,0.01,0.0,0.0,6.0349,5.75,0.0,SWPW,2026-09-26 09:40:00+00:00
09/26/2026 04:50:00,09/26/2026 09:50:00,SWPW,18.0005,18.0009,0.01,0.01,0.0,0.0,6.0349,5.75,0.0,SWPW,2026-09-26 09:50:00+00:00
09/26/2026 05:15:00,09/26/2026 10:15:00,SWPW,18.0006,21.4845,0.01,0.01,0.0,0.0,6.0349,5.75,0.0,SWPW,2026-09-26 10:15:00+00:00
09/26/2026 05:30:00,09/26/2026 10:30:00,SWPW,18.0006,18.001,0.01,0.01,0.0,0.0,6.0349,5.75,0.0,SWPW,2026-09-26 10:30:00+00:00
09/26/2026 05:40:00,09/26/2026 10:40:00,SWPW,18.0006,18.001,0.01,0.01,0.0,0.0,6.0349,5.75,0.0,SWPW,2026-09-26 10:40:00+00:00
09/26/2026 05:50:00,09/26/2026 10:50:00,SWPW,18.0006,18.001,0.01,0.01,0.0,0.0,6.0349,5.75,0.0,SWPW,2026-09-26 10:50:00+00:00
09/26/2026 06:15:00,09/26/2026 11:15:00,SWPW,18.001,18.0006,0.01,6.58,0.0,0.0,6.0349,5.75,0.0,SWPW,2026-09-26 11:15:00+00:00
09/26/2026 06:25:00,09/26/2026 11:25:00,SWPW,18.001,18.0006,0.01,6.58,0.0,0.0,6.0349,5.75,0.0,SWPW,2026-09-26 11:25:00+00:00
09/26/2026 06:40:00,09/26/2026 11:40:00,SWPW,18.001,18.0006,0.01,6.58,0.0,0.0,6.0349,5.75,0.0,SWPW,2026-09-26 11:40:00+00:00
09/26/2026 06:50:00,09/26/2026 11:50:00,SWPW,19.8991,18.0006,0.01,6.58,0.0,0.0,6.0349,5.75,0.0,SWPW,2026-09-26 11:50:00+00:00
09/26/2026 07:25:00,09/26/2026 12:25:00,SWPW,28.0005,28.0012,0.01,0.01,0.0,0.0,6.0349,5.75,0.0,SWPW,2026-09-26 12:25:00+00:00
09/26/2026 07:45:00,09/26/2026 12:45:00,SWPW,28.0005,28.0012,0.01,0.01,0.0,0.0,6.0349,5.75,0.0,SWPW,2026-09-26 12:45:00+00:00
09/26/2026 07:55:00,09/26/2026 12:55:00,SWPW,25.8188,28.0012,0.01,0.01,0.0,0.0,6.0349,5.75,0.0,SWPW,2026-09-26 12:55:00+00:00
09/26/2026 08:15:00,09/26/2026 13:15:00,SWPW,18.001,18.0014,0.01,0.01,0.0,0.0,6.0349,5.75,0.0,SWPW,2026-09-26 13:15:00+00:00
09/26/2026 08:25:00,09/26/2026 13:25:00,SWPW,18.001,18.0014,0.01,0.01,0.0,0.0,6.0349,5.75,0.0,SWPW,2026-09-26 13:25:00+00:00
09/26/2026 08:40:00,09/26/2026 13:40:00,SWPW,18.001,19.295,0.01,0.01,0.0,0.0,6.0349,5.75,0.0,SWPW,2026-09-26 13:40:00+00:00
09/26/2026 08:50:00,09/26/2026 13:50:00,SWPW,18.001,24.0014,0.01,0.01,0.0,0.0,6.0349,5.75,0.0,SWPW,2026-09-26 13:50:00+00:00
09/26/2026 09:15:00,09/26/2026 14:15:00,SWPW,18.0008,24.0017,0.01,0.01,0.0,0.0,6.0349,5.75,0.0,SWPW,2026-09-26 14:15:00+00:00
09/26/2026 09:30:00,09/26/2026 14:30:00,SWPW,18.0008,34.9932,0.01,0.01,0.0,0.0,6.0349,5.75,0.0,SWPW,2026-09-26 14:30:00+00:00
09/26/2026 09:40:00,09/26/2026 14:40:00,SWPW,18.0008,37.9445,0.01,0.01,0.0,0.0,6.0349,5.75,0.0,SWPW,2026-09-26 14:40:00+00:00
09/26/2026 09:50:00,09/26/2026 14:50:00,SWPW,18.0008,34.9921,0.01,0.01,0.0,0.0,6.0349,5.75,0.0,SWPW,2026-09-26 14:50:00+00:00
09/26/2026 10:15:00,09/26/2026 15:15:00,SWPW,18.0004,37.1617,0.01,0.01,0.0,0.0,6.0349,5.75,0.0,SWPW,2026-09-26 15:15:00+00:00
09/26/2026 10:30:00,09/26/2026 15:30:00,SWPW,18.0004,37.1574,0.01,0.01,0.0,0.0,6.0349,5.75,0.0,SWPW,2026-09-26 15:30:00+00:00
09/26/2026 10:40:00,09/26/2026 15:40:00,SWPW,18.0004,37.155,0.01,0.01,0.0,0.0,6.0349,5.75,0.0,SWPW,2026-09-26 15:40:00+00:00
09/26/2026 10:50:00,09/26/2026 15:50:00,SWPW,18.0004,34.1658,0.01,0.01,0.0,0.0,6.0349,5.75,0.0,SWPW,2026-09-26 15:50:00+00:00
09/26/2026 11:15:00,09/26/2026 16:15:00,SWPW,18.0008,35.5983,0.01,0.01,0.0,0.0,6.0349,5.75,0.0,SWPW,2026-09-26 16:15:00+00:00
09/26/2026 11:35:00,09/26/2026 16:35:00,SWPW,18.0008,35.5912,0.01,0.01,0.0,0.0,6.0349,5.75,0.0,SWPW,2026-09-26 16:35:00+00:00
09/26/2026 11:50:00,09/26/2026 16:50:00,SWPW,18.0008,35.5843,0.01,0.01,0.0,0.0,6.0349,5.75,0.0,SWPW,2026-09-26 16:50:00+00:00
09/26/2026 12:15:00,09/26/2026 17:15:00,SWPW,18.0011,37.7404,0.01,0.01,0.0,0.0,6.0349,5.75,0.0,SWPW,2026-09-26 17:15:00+00:00
09/26/2026 12:25:00,09/26/2026 17:25:00,SWPW,18.0011,37.7419,0.01,0.01,0.0,0.0,6.0349,5.75,0.0,SWPW,2026-09-26 17:25:00+00:00
09/26/2026 12:40:00,09/26/2026 17:40:00,SWPW,18.0011,37.7517,0.01,0.01,0.0,0.0,6.0349,5.75,0.0,SWPW,2026-09-26 17:40:00+00:00
09/26/2026 12:50:00,09/26/2026 17:50:00,SWPW,18.0011,37.7471,0.01,0.01,0.0,0.0,6.0349,5.75,0.0,SWPW,2026-09-26 17:50:00+00:00
09/26/2026 13:20:00,09/26/2026 18:20:00,SWPW,26.9998,43.0011,0.01,0.01,0.0,0.0,18.0,5.75,0.0,SWPW,2026-09-26 18:20:00+00:00
09/26/2026 13:45:00,09/26/2026 18:45:00,SWPW,26.9998,43.0011,0.01,0.01,0.0,0.0,18.0,5.75,0.0,SWPW,2026-09-26 18:45:00+00:00
09/26/2026 13:55:00,09/26/2026 18:55:00,SWPW,26.9998,43.0011,0.01,0.01,0.0,0.0,18.0,5.75,0.0,SWPW,2026-09-26 18:55:00+00:00
09/26/2026 14:15:00,09/26/2026 19:15:00,SWPW,48.002,48.0013,0.01,0.01,0.0,0.0,18.0,5.75,0.0,SWPW,2026-09-26 19:15:00+00:00
09/26/2026 14:25:00,09/26/2026 19:25:00,SWPW,48.002,48.0013,0.01,0.01,0.0,0.0,18.0,5.75,0.0,SWPW,2026-09-26 19:25:00+00:00
09/26/2026 14:40:00,09/26/2026 19:40:00,SWPW,48.002,48.0013,0.01,0.01,0.0,0.0,18.0,5.75,0.0,SWPW,2026-09-26 19:40:00+00:00
09/26/2026 14:50:00,09/26/2026 19:50:00,SWPW,48.002,48.0013,0.01,0.01,0.0,0.0,18.0,5.75,0.0,SWPW,2026-09-26 19:50:00+00:00
09/26/2026 15:15:00,09/26/2026 20:15:00,SWPW,23.0365,35.7182,0.01,0.01,5.0349,0.0,6.0349,5.75,5.035,SWPW,2026-09-26 20:15:00+00:00
09/26/2026 15:30:00,09/26/2026 20:30:00,SWPW,24.7926,35.6981,0.01,0.01,6.791,0.0,7.7911,5.75,6.791,SWPW,2026-09-26 20:30:00+00:00
09/26/2026 15:45:00,09/26/2026 20:45:00,SWPW,18.0016,38.5807,0.01,0.01,0.0,0.0,6.0349,5.75,0.0,SWPW,2026-09-26 20:45:00+00:00
09/26/2026 15:50:00,09/26/2026 20:50:00,SWPW,18.0016,35.6756,0.01,0.01,0.0,0.0,6.0349,5.75,0.0,SWPW,2026-09-26 20:50:00+00:00
09/26/2026 16:15:00,09/26/2026 21:15:00,SWPW,18.0022,35.6766,0.01,0.01,0.0,0.0,6.0349,5.75,0.0,SWPW,2026-09-26 21:15:00+00:00
09/26/2026 16:30:00,09/26/2026 21:30:00,SWPW,18.0022,18.0016,0.01,0.01,0.0,0.0,6.0349,5.75,0.0,SWPW,2026-09-26 21:30:00+00:00
09/26/2026 16:40:00,09/26/2026 21:40:00,SWPW,30.4557,18.0016,0.01,0.01,12.4536,0.0,13.4537,5.75,0.0,SWPW,2026-09-26 21:40:00+00:00
09/26/2026 16:50:00,09/26/2026 21:50:00,SWPW,18.0022,32.4866,0.01,0.01,0.0,0.0,6.0349,5.75,0.0,SWPW,2026-09-26 21:50:00+00:00
09/26/2026 17:15:00,09/26/2026 22:15:00,SWPW,58.9668,68.0019,0.01,0.01,6.791,0.0,7.7911,5.75,6.791,SWPW,2026-09-26 22:15:00+00:00
09/26/2026 17:30:00,09/26/2026 22:30:00,SWPW,65.9077,68.0019,0.01,0.01,6.791,0.0,7.7911,5.75,6.791,SWPW,2026-09-26 22:30:00+00:00
09/26/2026 17:40:00,09/26/2026 22:40:00,SWPW,58.2645,68.0019,0.01,0.01,6.791,0.0,7.7911,5.75,6.791,SWPW,2026-09-26 22:40:00+00:00
09/26/2026 18:15:00,09/26/2026 23:15:00,SWPW,52.6962,74.0019,0.01,0.01,5.0349,0.0,6.0349,5.75,0.0,SWPW,2026-09-26 23:15:00+00:00
09/26/2026 18:30:00,09/26/2026 23:30:00,SWPW,82.1245,74.0019,0.01,0.01,67.0,0.0,35.6067,5.75,0.0,SWPW,2026-09-26 23:30:00+00:00
09/26/2026 18:40:00,09/26/2026 23:40:00,SWPW,44.7917,74.0019,0.01,0.01,0.0,0.0,6.0349,5.75,0.0,SWPW,2026-09-26 23:40:00+00:00
09/26/2026 18:50:00,09/26/2026 23:50:00,SWPW,174.0019,79.9027,0.01,0.01,100.0,0.0,101.0001,5.75,150.0,SWPW,2026-09-26 23:50:00+00:00
09/26/2026 19:50:00,09/27/2026 00:50:00,SWPW,71.0022,71.0013,0.01,0.01,0.0,0.0,6.0349,5.75,0.0,SWPW,2026-09-27 00:50:00+00:00
09/26/2026 20:35:00,09/27/2026 01:35:00,SWPW,53.0016,56.0007,0.0,0.01,0.0,0.0,6.791,5.75,0.0,SWPW,2026-09-27 01:35:00+00:00
09/26/2026 21:00:00,09/27/2026 02:00:00,SWPW,6.0852,0.0007,0.01,0.01,0.0,0.0,6.0349,5.75,0.0,SWPW,2026-09-27 02:00:00+00:00
09/26/2026 21:40:00,09/27/2026 02:40:00,SWPW,45.0014,45.0007,0.01,0.01,0.0,0.0,6.791,5.75,0.0,SWPW,2026-09-27 02:40:00+00:00
09/26/2026 22:00:00,09/27/2026 03:00:00,SWPW,45.0014,45.0007,0.01,0.01,0.0,0.0,6.0349,5.75,0.0,SWPW,2026-09-27 03:00:00+00:00
09/26/2026 22:25:00,09/27/2026 03:25:00,SWPW,32.0017,32.0009,0.01,0.01,0.0,0.0,6.791,5.75,0.0,SWPW,2026-09-27 03:25:00+00:00
09/26/2026 22:45:00,09/27/2026 03:45:00,SWPW,32.0017,32.0009,0.01,0.01,0.0,0.0,6.791,5.75,0.0,SWPW,2026-09-27 03:45:00+00:00
09/26/2026 22:55:00,09/27/2026 03:55:00,SWPW,32.0017,32.0009,0.01,0.01,0.0,0.0,6.791,5.75,0.0,SWPW,2026-09-27 03:55:00+00:00
09/26/2026 23:20:00,09/27/2026 04:20:00,SWPW,10.3239,34.0011,0.01,0.01,0.0,0.0,6.7475,5.75,0.0,SWPW,2026-09-27 04:20:00+00:00
09/26/2026 23:45:00,09/27/2026 04:45:00,SWPW,7.0358,34.0011,0.01,6.58,0.0,0.0,6.0349,5.75,0.0,SWPW,2026-09-27 04:45:00+00:00
09/26/2026 23:55:00,09/27/2026 04:55:00,SWPW,6.8481,34.0011,0.01,6.58,0.0,0.0,6.0349,5.75,0.0,SWPW,2026-09-27 04:55:00+00:00
09/27/2026 00:15:00,09/27/2026 05:15:00,SWPW,7.4514,30.6783,0.01,0.01,0.0,0.0,6.0349,5.75,0.0,SWPW,2026-09-27 05:15:00+00:00
09/27/2026 00:35:00,09/27/2026 05:35:00,SWPW,8.123,31.0009,0.01,0.01,0.0,0.0,7.1942,5.75,0.0,SWPW,2026-09-27 05:35:00+00:00
09/27/2026 00:45:00,09/27/2026 05:45:00,SWPW,6.7923,31.0009,0.01,6.58,0.0,0.0,6.0349,5.75,0.0,SWPW,2026-09-27 05:45:00+00:00
09/27/2026 00:55:00,09/27/2026 05:55:00,SWPW,6.7923,31.0009,0.01,6.58,0.0,0.0,6.0349,5.75,0.0,SWPW,2026-09-27 05:55:00+00:00
09/27/2026 01:25:00,09/27/2026 06:25:00,SWPW,25.0008,29.0009,0.01,0.01,0.0,0.0,6.0349,5.75,0.0,SWPW,2026-09-27 06:25:00+00:00
09/27/2026 01:55:00,09/27/2026 06:55:00,SWPW,26.0083,29.0009,0.01,0.01,0.0,0.0,6.0349,5.75,0.0,SWPW,2026-09-27 06:55:00+00:00
09/27/2026 02:20:00,09/27/2026 07:20:00,SWPW,160.001,70.4141,0.01,0.01,134.0,0.0,135.0001,5.75,0.0,SWPW,2026-09-27 07:20:00+00:00
09/27/2026 02:40:00,09/27/2026 07:40:00,SWPW,93.001,71.7404,0.01,0.01,67.0,0.0,68.0001,5.75,0.0,SWPW,2026-09-27 07:40:00+00:00
09/27/2026 02:50:00,09/27/2026 07:50:00,SWPW,94.339,70.5383,0.01,0.01,100.0,0.0,69.3381,5.75,0.0,SWPW,2026-09-27 07:50:00+00:00
09/27/2026 03:20:00,09/27/2026 08:20:00,SWPW,25.0007,25.0009,0.01,0.01,0.0,0.0,7.8857,5.75,0.0,SWPW,2026-09-27 08:20:00+00:00
09/27/2026 03:45:00,09/27/2026 08:45:00,SWPW,25.0007,25.0009,0.01,0.01,0.0,0.0,22.0,5.75,0.0,SWPW,2026-09-27 08:45:00+00:00
09/27/2026 03:55:00,09/27/2026 08:55:00,SWPW,25.0007,25.0009,0.01,0.01,0.0,0.0,6.0349,5.75,0.0,SWPW,2026-09-27 08:55:00+00:00
09/27/2026 04:15:00,09/27/2026 09:15:00,SWPW,27.0005,27.0009,0.01,0.01,0.0,0.0,6.0349,5.75,0.0,SWPW,2026-09-27 09:15:00+00:00
09/27/2026 04:35:00,09/27/2026 09:35:00,SWPW,27.0005,27.0009,0.01,0.01,0.0,0.0,6.0349,5.75,0.0,SWPW,2026-09-27 09:35:00+00:00
09/27/2026 04:50:00,09/27/2026 09:50:00,SWPW,27.0005,27.0009,0.01,0.01,0.0,0.0,6.0349,5.75,0.0,SWPW,2026-09-27 09:50:00+00:00
09/27/2026 05:15:00,09/27/2026 10:15:00,SWPW,30.0006,30.001,0.01,0.01,0.0,0.0,6.0349,5.75,0.0,SWPW,2026-09-27 10:15:00+00:00
09/27/2026 05:30:00,09/27/2026 10:30:00,SWPW,30.0006,30.001,0.01,0.01,0.0,0.0,6.0349,5.75,0.0,SWPW,2026-09-27 10:30:00+00:00
09/27/2026 05:45:00,09/27/2026 10:45:00,SWPW,30.0006,30.001,0.01,0.01,0.0,0.0,6.0349,5.75,0.0,SWPW,2026-09-27 10:45:00+00:00
09/27/2026 05:50:00,09/27/2026 10:50:00,SWPW,30.0006,30.001,0.01,0.01,0.0,0.0,6.0349,5.75,0.0,SWPW,2026-09-27 10:50:00+00:00
09/27/2026 06:15:00,09/27/2026 11:15:00,SWPW,30.001,30.0006,0.01,0.01,0.0,0.0,7.2903,0.0,0.0,SWPW,2026-09-27 11:15:00+00:00
09/27/2026 06:30:00,09/27/2026 11:30:00,SWPW,30.001,30.0006,0.01,0.01,0.0,0.0,7.6571,0.0,0.0,SWPW,2026-09-27 11:30:00+00:00
09/27/2026 06:40:00,09/27/2026 11:40:00,SWPW,30.001,30.0006,0.01,0.01,0.0,0.0,7.6571,0.0,0.0,SWPW,2026-09-27 11:40:00+00:00
09/27/2026 06:50:00,09/27/2026 11:50:00,SWPW,30.001,30.0006,0.01,0.01,0.0,0.0,7.2507,0.0,0.0,SWPW,2026-09-27 11:50:00+00:00
09/27/2026 07:25:00,09/27/2026 12:25:00,SWPW,27.5845,28.0012,0.01,0.01,0.0,0.0,1.0003,0.0,0.0,SWPW,2026-09-27 12:25:00+00:00
09/27/2026 07:50:00,09/27/2026 12:50:00,SWPW,28.0005,28.0012,0.01,0.01,0.0,0.0,1.0003,0.0,0.0,SWPW,2026-09-27 12:50:00+00:00
09/27/2026 08:15:00,09/27/2026 13:15:00,SWPW,24.001,24.0014,0.01,0.01,0.0,0.0,10.3223,2.6652,0.0,SWPW,2026-09-27 13:15:00+00:00
09/27/2026 08:30:00,09/27/2026 13:30:00,SWPW,19.4486,24.0014,0.01,0.01,0.0,0.0,6.6167,0.0,0.0,SWPW,2026-09-27 13:30:00+00:00
09/27/2026 08:40:00,09/27/2026 13:40:00,SWPW,18.6249,24.0014,0.01,0.01,0.0,0.0,5.8173,0.0,0.0,SWPW,2026-09-27 13:40:00+00:00
09/27/2026 08:50:00,09/27/2026 13:50:00,SWPW,19.2056,24.0014,0.01,0.01,0.0,0.0,6.5354,0.0,0.0,SWPW,2026-09-27 13:50:00+00:00
09/27/2026 09:15:00,09/27/2026 14:15:00,SWPW,13.408,30.1504,0.01,0.01,0.0,0.0,6.3797,5.75,0.0,SWPW,2026-09-27 14:15:00+00:00
09/27/2026 09:30:00,09/27/2026 14:30:00,SWPW,24.0008,10.324,0.01,0.01,0.0,0.0,15.0107,5.75,0.0,SWPW,2026-09-27 14:30:00+00:00
09/27/2026 09:40:00,09/27/2026 14:40:00,SWPW,417.2516,428.0,0.01,0.01,0.0,0.0,22.0,5.75,0.0,SWPW,2026-09-27 14:40:00+00:00
09/27/2026 09:50:00,09/27/2026 14:50:00,SWPW,413.4999,428.0,0.01,0.01,0.0,0.0,22.0,5.75,0.0,SWPW,2026-09-27 14:50:00+00:00
09/27/2026 10:15:00,09/27/2026 15:15:00,SWPW,16.0595,41.4514,0.01,0.01,0.0,0.0,6.0349,5.75,0.0,SWPW,2026-09-27 15:15:00+00:00
09/27/2026 10:30:00,09/27/2026 15:30:00,SWPW,15.0349,64.2837,0.01,0.01,0.0,0.0,6.0349,5.75,0.0,SWPW,2026-09-27 15:30:00+00:00
09/27/2026 10:50:00,09/27/2026 15:50:00,SWPW,15.0349,40.7219,0.01,0.01,0.0,0.0,6.0349,5.75,0.0,SWPW,2026-09-27 15:50:00+00:00
09/27/2026 11:15:00,09/27/2026 16:15:00,SWPW,450.0,10.3236,0.01,0.01,0.0,0.0,22.0,5.75,0.0,SWPW,2026-09-27 16:15:00+00:00
09/27/2026 11:35:00,09/27/2026 16:35:00,SWPW,417.8109,428.0,0.01,0.01,0.0,0.0,21.4623,5.75,0.0,SWPW,2026-09-27 16:35:00+00:00
09/27/2026 11:50:00,09/27/2026 16:50:00,SWPW,405.7873,428.0,0.01,0.01,0.0,0.0,6.0349,5.75,0.0,SWPW,2026-09-27 16:50:00+00:00
09/27/2026 12:15:00,09/27/2026 17:15:00,SWPW,13.4082,38.92,0.01,0.01,0.0,0.0,6.0349,5.75,0.0,SWPW,2026-09-27 17:15:00+00:00
09/27/2026 12:25:00,09/27/2026 17:25:00,SWPW,13.4082,31.121,0.01,0.01,0.0,0.0,6.0349,5.75,0.0,SWPW,2026-09-27 17:25:00+00:00
09/27/2026 12:40:00,09/27/2026 17:40:00,SWPW,13.4082,25.843,0.01,0.01,0.0,0.0,6.0349,5.75,0.0,SWPW,2026-09-27 17:40:00+00:00
09/27/2026 12:50:00,09/27/2026 17:50:00,SWPW,13.4082,26.8664,0.01,0.01,0.0,0.0,6.0349,5.75,0.0,SWPW,2026-09-27 17:50:00+00:00
09/27/2026 13:20:00,09/27/2026 18:20:00,SWPW,13.4087,38.5292,0.01,0.01,0.0,0.0,6.0349,5.75,0.0,SWPW,2026-09-27 18:20:00+00:00
09/27/2026 13:45:00,09/27/2026 18:45:00,SWPW,13.4087,45.6181,0.01,0.01,0.0,0.0,6.0349,5.75,0.0,SWPW,2026-09-27 18:45:00+00:00
09/27/2026 13:55:00,09/27/2026 18:55:00,SWPW,13.4087,48.3124,0.01,0.01,0.0,0.0,6.0349,5.75,0.0,SWPW,2026-09-27 18:55:00+00:00
09/27/2026 14:15:00,09/27/2026 19:15:00,SWPW,13.4091,36.0455,0.01,0.01,0.0,0.0,6.0349,5.75,0.0,SWPW,2026-09-27 19:15:00+00:00
09/27/2026 14:25:00,09/27/2026 19:25:00,SWPW,13.4091,39.1881,0.01,0.01,0.0,0.0,6.0349,5.75,0.0,SWPW,2026-09-27 19:25:00+00:00
09/27/2026 14:40:00,09/27/2026 19:40:00,SWPW,13.4091,54.3455,0.01,0.01,0.0,0.0,6.0349,5.75,0.0,SWPW,2026-09-27 19:40:00+00:00
09/27/2026 14:55:00,09/27/2026 19:55:00,SWPW,13.4091,24.8236,0.01,0.01,0.0,0.0,6.0349,5.75,0.0,SWPW,2026-09-27 19:55:00+00:00
09/27/2026 15:15:00,09/27/2026 20:15:00,SWPW,10.3239,34.992,0.01,0.01,0.0,0.0,6.0349,5.75,0.0,SWPW,2026-09-27 20:15:00+00:00
09/27/2026 15:30:00,09/27/2026 20:30:00,SWPW,10.3239,36.7769,0.01,0.01,0.0,0.0,6.0349,5.75,0.0,SWPW,2026-09-27 20:30:00+00:00
09/27/2026 15:45:00,09/27/2026 20:45:00,SWPW,10.3239,34.2551,0.01,0.01,0.0,0.0,6.0349,5.75,0.0,SWPW,2026-09-27 20:45:00+00:00
09/27/2026 15:55:00,09/27/2026 20:55:00,SWPW,10.3239,19.0844,0.01,0.01,0.0,0.0,10.3223,5.75,0.0,SWPW,2026-09-27 20:55:00+00:00
09/27/2026 16:15:00,09/27/2026 21:15:00,SWPW,10.3245,55.4239,6.58,0.01,0.0,0.0,10.3223,5.75,0.0,SWPW,2026-09-27 21:15:00+00:00
09/27/2026 16:30:00,09/27/2026 21:30:00,SWPW,12.13,10.3239,0.01,0.01,0.0,0.0,12.1278,5.75,0.0,SWPW,2026-09-27 21:30:00+00:00
09/27/2026 16:40:00,09/27/2026 21:40:00,SWPW,10.3245,13.6169,0.01,0.01,0.0,0.0,10.3223,5.75,0.0,SWPW,2026-09-27 21:40:00+00:00
09/27/2026 16:50:00,09/27/2026 21:50:00,SWPW,10.3245,29.9267,6.58,0.01,0.0,0.0,10.3223,5.75,0.0,SWPW,2026-09-27 21:50:00+00:00
09/27/2026 17:15:00,09/27/2026 22:15:00,SWPW,10.3241,55.3251,0.01,0.01,0.0,0.0,6.0349,5.75,0.0,SWPW,2026-09-27 22:15:00+00:00
09/27/2026 17:30:00,09/27/2026 22:30:00,SWPW,10.3241,52.749,0.01,0.01,0.0,0.0,6.0349,5.75,0.0,SWPW,2026-09-27 22:30:00+00:00
09/27/2026 17:45:00,09/27/2026 22:45:00,SWPW,31.8659,32.2921,0.01,0.01,22.0,0.0,26.7444,5.75,22.0,SWPW,2026-09-27 22:45:00+00:00
09/27/2026 17:50:00,09/27/2026 22:50:00,SWPW,44.324,14.1047,6.58,0.01,34.0,0.0,37.8117,5.75,150.0,SWPW,2026-09-27 22:50:00+00:00
09/27/2026 18:15:00,09/27/2026 23:15:00,SWPW,13.409,59.3793,6.58,0.01,0.0,0.0,6.0349,5.75,0.0,SWPW,2026-09-27 23:15:00+00:00
09/27/2026 18:30:00,09/27/2026 23:30:00,SWPW,13.409,59.3794,6.58,0.01,0.0,0.0,6.0349,5.75,0.0,SWPW,2026-09-27 23:30:00+00:00
09/27/2026 18:40:00,09/27/2026 23:40:00,SWPW,13.409,56.4338,6.58,0.01,0.0,0.0,6.0349,5.75,0.0,SWPW,2026-09-27 23:40:00+00:00
09/27/2026 18:50:00,09/27/2026 23:50:00,SWPW,13.8254,33.9721,6.58,0.01,3.5012,0.0,6.0349,5.75,0.0,SWPW,2026-09-27 23:50:00+00:00
09/27/2026 19:50:00,09/28/2026 00:50:00,SWPW,13.4093,36.8189,0.01,0.01,3.0848,0.0,6.0349,5.75,0.0,SWPW,2026-09-28 00:50:00+00:00
09/27/2026 20:40:00,09/28/2026 01:40:00,SWPW,25.0016,56.0007,0.01,0.01,0.0,0.0,7.6571,0.0,0.0,SWPW,2026-09-28 01:40:00+00:00
09/27/2026 21:05:00,09/28/2026 02:05:00,SWPW,10.3237,85.8687,0.01,0.0,0.0,0.0,2.9503,2.6652,0.0,SWPW,2026-09-28 02:05:00+00:00
09/27/2026 21:45:00,09/28/2026 02:45:00,SWPW,10.3237,45.4906,0.01,0.0,0.0,0.0,2.9503,2.6652,0.0,SWPW,2026-09-28 02:45:00+00:00
09/27/2026 22:05:00,09/28/2026 03:05:00,SWPW,10.324,32.0009,0.01,6.58,0.0,0.0,2.9503,2.6652,0.0,SWPW,2026-09-28 03:05:00+00:00
09/27/2026 22:40:00,09/28/2026 03:40:00,SWPW,10.324,32.0009,0.01,6.58,0.0,0.0,2.9503,2.6652,0.0,SWPW,2026-09-28 03:40:00+00:00
09/27/2026 23:00:00,09/28/2026 04:00:00,SWPW,10.324,32.0009,0.01,6.58,0.0,0.0,2.9503,2.6652,0.0,SWPW,2026-09-28 04:00:00+00:00
09/27/2026 23:30:00,09/28/2026 04:30:00,SWPW,10.3239,32.0011,0.01,0.0,0.0,0.0,6.0349,5.75,0.0,SWPW,2026-09-28 04:30:00+00:00
09/27/2026 23:55:00,09/28/2026 04:55:00,SWPW,10.3239,32.0011,0.01,6.58,0.0,0.0,6.0349,5.75,0.0,SWPW,2026-09-28 04:55:00+00:00
09/28/2026 00:20:00,09/28/2026 05:20:00,SWPW,169.0014,0.001,0.01,0.01,168.0,0.0,169.0001,5.75,0.0,SWPW,2026-09-28 05:20:00+00:00
09/28/2026 00:45:00,09/28/2026 05:45:00,SWPW,25.0013,28.1303,0.01,6.58,0.0,0.0,6.0349,5.75,0.0,SWPW,2026-09-28 05:45:00+00:00
09/28/2026 00:55:00,09/28/2026 05:55:00,SWPW,25.0013,18.0009,0.01,6.58,0.0,0.0,6.0349,5.75,0.0,SWPW,2026-09-28 05:55:00+00:00
09/28/2026 01:40:00,09/28/2026 06:40:00,SWPW,21.2638,18.0009,0.01,6.58,3.263,0.0,6.4236,5.75,0.0,SWPW,2026-09-28 06:40:00+00:00
09/28/2026 02:50:00,09/28/2026 07:50:00,SWPW,18.8614,18.0011,0.01,6.58,0.8604,0.0,6.0349,5.75,0.0,SWPW,2026-09-28 07:50:00+00:00
09/28/2026 03:30:00,09/28/2026 08:30:00,SWPW,15.025,18.0009,0.01,0.01,0.0,0.0,6.0349,5.75,0.0,SWPW,2026-09-28 08:30:00+00:00
09/28/2026 03:55:00,09/28/2026 08:55:00,SWPW,15.025,20.7569,0.01,0.01,0.0,0.0,6.0349,5.75,0.0,SWPW,2026-09-28 08:55:00+00:00
09/28/2026 04:25:00,09/28/2026 09:25:00,SWPW,15.025,24.2904,0.01,0.01,0.0,0.0,6.0349,5.75,0.0,SWPW,2026-09-28 09:25:00+00:00
09/28/2026 04:55:00,09/28/2026 09:55:00,SWPW,15.025,27.0009,0.01,0.01,0.0,0.0,6.0349,5.75,0.0,SWPW,2026-09-28 09:55:00+00:00
09/28/2026 05:20:00,09/28/2026 10:20:00,SWPW,15.025,22.4731,0.01,0.01,0.0,0.0,6.0349,5.75,0.0,SWPW,2026-09-28 10:20:00+00:00
09/28/2026 05:45:00,09/28/2026 10:45:00,SWPW,18.0006,29.2818,0.01,0.01,0.0,0.0,6.0349,5.75,0.0,SWPW,2026-09-28 10:45:00+00:00
09/28/2026 05:55:00,09/28/2026 10:55:00,SWPW,18.0006,21.2613,0.01,0.01,0.0,0.0,6.0349,5.75,0.0,SWPW,2026-09-28 10:55:00+00:00
09/28/2026 06:15:00,09/28/2026 11:15:00,SWPW,15.0075,18.0006,0.01,6.58,0.0,0.0,6.0349,5.75,0.0,SWPW,2026-09-28 11:15:00+00:00
09/28/2026 06:35:00,09/28/2026 11:35:00,SWPW,15.025,33.985,0.01,6.58,0.0,0.0,6.0349,5.75,0.0,SWPW,2026-09-28 11:35:00+00:00
09/28/2026 06:55:00,09/28/2026 11:55:00,SWPW,24.9659,31.9958,0.01,6.58,0.0,0.0,6.0349,5.75,0.0,SWPW,2026-09-28 11:55:00+00:00
09/28/2026 07:30:00,09/28/2026 12:30:00,SWPW,18.0005,18.0012,0.01,0.01,0.0,0.0,1.0001,0.0,0.0,SWPW,2026-09-28 12:30:00+00:00
09/28/2026 07:55:00,09/28/2026 12:55:00,SWPW,28.0005,18.0012,0.01,0.01,0.0,0.0,1.0001,0.0,0.0,SWPW,2026-09-28 12:55:00+00:00
09/28/2026 08:20:00,09/28/2026 13:20:00,SWPW,11.0373,18.0014,0.01,0.01,0.0,0.0,3.6643,3.3793,0.0,SWPW,2026-09-28 13:20:00+00:00
09/28/2026 08:45:00,09/28/2026 13:45:00,SWPW,11.6669,18.0014,0.01,0.01,0.0,0.0,4.2939,4.0089,0.0,SWPW,2026-09-28 13:45:00+00:00
09/28/2026 09:00:00,09/28/2026 14:00:00,SWPW,13.4081,24.0014,0.01,0.01,0.0,0.0,6.0349,5.75,0.0,SWPW,2026-09-28 14:00:00+00:00
09/28/2026 09:25:00,09/28/2026 14:25:00,SWPW,13.408,24.0017,0.01,0.01,3.0848,0.0,7.0773,5.75,0.0,SWPW,2026-09-28 14:25:00+00:00
09/28/2026 09:45:00,09/28/2026 14:45:00,SWPW,13.408,21.6221,0.01,0.01,0.0,0.0,6.0349,5.75,0.0,SWPW,2026-09-28 14:45:00+00:00
09/28/2026 10:00:00,09/28/2026 15:00:00,SWPW,13.408,18.0017,0.01,0.01,0.0,0.0,6.0349,5.75,0.0,SWPW,2026-09-28 15:00:00+00:00
09/28/2026 10:25:00,09/28/2026 15:25:00,SWPW,12.3191,18.0015,0.01,0.01,0.0,0.0,4.9466,4.6616,0.0,SWPW,2026-09-28 15:25:00+00:00
09/28/2026 10:45:00,09/28/2026 15:45:00,SWPW,11.1402,27.0015,0.01,0.01,0.0,0.0,3.7678,3.4827,0.0,SWPW,2026-09-28 15:45:00+00:00
09/28/2026 10:55:00,09/28/2026 15:55:00,SWPW,11.1393,19.1566,0.01,0.01,0.0,0.0,3.7669,3.4819,0.0,SWPW,2026-09-28 15:55:00+00:00
09/28/2026 11:20:00,09/28/2026 16:20:00,SWPW,13.4079,24.6179,0.01,0.01,0.0,0.0,6.0349,5.75,0.0,SWPW,2026-09-28 16:20:00+00:00
09/28/2026 11:45:00,09/28/2026 16:45:00,SWPW,13.4079,18.0013,0.01,0.01,0.0,0.0,6.0349,5.75,0.0,SWPW,2026-09-28 16:45:00+00:00
09/28/2026 11:55:00,09/28/2026 16:55:00,SWPW,13.4079,18.0013,0.01,0.01,0.0,0.0,6.0349,5.75,0.0,SWPW,2026-09-28 16:55:00+00:00
09/28/2026 12:15:00,09/28/2026 17:15:00,SWPW,13.4082,18.0013,0.01,0.01,0.0,0.0,6.0349,5.75,0.0,SWPW,2026-09-28 17:15:00+00:00
09/28/2026 12:30:00,09/28/2026 17:30:00,SWPW,17.4957,34.1463,0.01,0.01,7.1723,0.0,9.6619,5.75,0.0,SWPW,2026-09-28 17:30:00+00:00
09/28/2026 12:55:00,09/28/2026 17:55:00,SWPW,13.4082,18.0013,0.01,0.01,3.0848,0.0,6.0349,5.75,0.0,SWPW,2026-09-28 17:55:00+00:00
09/28/2026 13:20:00,09/28/2026 18:20:00,SWPW,10.3486,18.0011,0.01,0.01,0.0,0.0,2.9749,2.6899,0.0,SWPW,2026-09-28 18:20:00+00:00
09/28/2026 13:50:00,09/28/2026 18:50:00,SWPW,13.4087,18.0011,0.01,0.01,3.0848,0.0,6.0349,5.75,0.0,SWPW,2026-09-28 18:50:00+00:00
09/28/2026 14:15:00,09/28/2026 19:15:00,SWPW,13.4091,18.0013,0.01,0.01,4.8234,0.0,6.0349,5.75,0.0,SWPW,2026-09-28 19:15:00+00:00
09/28/2026 14:30:00,09/28/2026 19:30:00,SWPW,13.5981,21.7647,0.01,0.01,5.939,0.0,9.4043,5.75,0.0,SWPW,2026-09-28 19:30:00+00:00
09/28/2026 14:40:00,09/28/2026 19:40:00,SWPW,13.4091,18.0013,0.01,0.01,5.75,0.0,8.8359,5.75,1.0379,SWPW,2026-09-28 19:40:00+00:00
09/28/2026 14:50:00,09/28/2026 19:50:00,SWPW,13.4091,27.1732,0.01,0.01,3.0848,0.0,8.1277,5.75,0.0,SWPW,2026-09-28 19:50:00+00:00
09/28/2026 15:15:00,09/28/2026 20:15:00,SWPW,26.2183,18.0017,0.01,0.01,8.2167,0.0,10.6271,5.75,8.2167,SWPW,2026-09-28 20:15:00+00:00
09/28/2026 15:35:00,09/28/2026 20:35:00,SWPW,24.7926,21.7561,0.01,0.01,6.791,0.0,7.7911,5.75,6.791,SWPW,2026-09-28 20:35:00+00:00
09/28/2026 15:55:00,09/28/2026 20:55:00,SWPW,28.7295,18.0017,0.01,0.01,10.3223,0.0,11.3224,5.75,10.3223,SWPW,2026-09-28 20:55:00+00:00
09/28/2026 16:15:00,09/28/2026 21:15:00,SWPW,18.0022,18.0016,0.01,0.01,0.0,0.0,1.0001,0.0,0.0,SWPW,2026-09-28 21:15:00+00:00
09/28/2026 16:30:00,09/28/2026 21:30:00,SWPW,18.0022,18.0016,0.01,0.01,0.0,0.0,1.0001,0.0,0.0,SWPW,2026-09-28 21:30:00+00:00
09/28/2026 16:45:00,09/28/2026 21:45:00,SWPW,18.0022,18.0016,0.01,0.01,0.0,0.0,2.7108,0.0,0.0,SWPW,2026-09-28 21:45:00+00:00
09/28/2026 16:50:00,09/28/2026 21:50:00,SWPW,18.0022,18.0016,0.01,0.01,0.0,0.0,2.3833,0.0,0.0,SWPW,2026-09-28 21:50:00+00:00
09/28/2026 17:15:00,09/28/2026 22:15:00,SWPW,12.949,18.0019,0.01,0.01,2.625,0.0,5.5752,5.2902,0.0,SWPW,2026-09-28 22:15:00+00:00
09/28/2026 17:30:00,09/28/2026 22:30:00,SWPW,12.0235,18.0019,0.01,0.01,1.6994,0.0,4.6497,4.3647,0.0,SWPW,2026-09-28 22:30:00+00:00
09/28/2026 17:45:00,09/28/2026 22:45:00,SWPW,13.4089,18.0019,0.01,0.01,4.4071,0.0,6.0349,5.75,0.0,SWPW,2026-09-28 22:45:00+00:00
09/28/2026 17:50:00,09/28/2026 22:50:00,SWPW,13.2904,18.0019,0.01,0.01,2.9664,0.0,5.9166,5.6316,0.0,SWPW,2026-09-28 22:50:00+00:00
09/28/2026 18:15:00,09/28/2026 23:15:00,SWPW,10.3242,19.9549,0.01,0.01,0.0,0.0,2.9502,2.6652,0.0,SWPW,2026-09-28 23:15:00+00:00
09/28/2026 18:30:00,09/28/2026 23:30:00,SWPW,13.409,18.0019,0.01,0.01,3.0848,0.0,6.0349,5.75,0.0,SWPW,2026-09-28 23:30:00+00:00
09/28/2026 18:45:00,09/28/2026 23:45:00,SWPW,13.409,18.0019,0.01,0.01,3.0848,0.0,6.0349,5.75,0.0,SWPW,2026-09-28 23:45:00+00:00
09/28/2026 18:55:00,09/28/2026 23:55:00,SWPW,10.3242,18.0019,0.01,0.01,0.0,0.0,2.9502,2.6652,0.0,SWPW,2026-09-28 23:55:00+00:00
09/28/2026 19:45:00,09/29/2026 00:45:00,SWPW,13.4093,33.2612,6.58,0.01,3.0848,0.0,6.4349,5.75,0.0,SWPW,2026-09-29 00:45:00+00:00
09/28/2026 20:20:00,09/29/2026 01:20:00,SWPW,12.5407,32.0493,0.01,0.0,2.2168,0.0,6.0349,5.75,0.0,SWPW,2026-09-29 01:20:00+00:00
09/28/2026 20:55:00,09/29/2026 01:55:00,SWPW,10.3239,34.0769,0.01,0.0,0.0,0.0,5.8839,5.5989,0.0,SWPW,2026-09-29 01:55:00+00:00
09/28/2026 21:25:00,09/29/2026 02:25:00,SWPW,10.3237,18.0007,0.01,6.58,0.0,0.0,2.9503,2.6652,0.0,SWPW,2026-09-29 02:25:00+00:00
09/28/2026 21:50:00,09/29/2026 02:50:00,SWPW,10.3237,33.9993,0.01,0.0,0.0,0.0,6.0349,5.75,0.0,SWPW,2026-09-29 02:50:00+00:00
09/28/2026 22:20:00,09/29/2026 03:20:00,SWPW,10.324,18.0009,0.01,6.58,0.0,0.0,2.9503,2.6652,0.0,SWPW,2026-09-29 03:20:00+00:00
09/28/2026 22:45:00,09/29/2026 03:45:00,SWPW,10.324,18.0009,0.01,6.58,0.0,0.0,2.9503,2.6652,0.0,SWPW,2026-09-29 03:45:00+00:00
09/28/2026 23:00:00,09/29/2026 04:00:00,SWPW,10.324,18.0009,0.01,6.58,0.0,0.0,2.9503,2.6652,0.0,SWPW,2026-09-29 04:00:00+00:00
09/28/2026 23:25:00,09/29/2026 04:25:00,SWPW,10.3239,18.0011,0.01,0.01,0.0,0.0,2.9503,2.6652,0.0,SWPW,2026-09-29 04:25:00+00:00
09/28/2026 23:45:00,09/29/2026 04:45:00,SWPW,10.3239,25.6829,0.01,0.01,0.0,0.0,2.9503,2.6652,0.0,SWPW,2026-09-29 04:45:00+00:00
09/28/2026 23:55:00,09/29/2026 04:55:00,SWPW,10.3239,20.4236,0.01,0.01,0.0,0.0,2.9503,2.6652,0.0,SWPW,2026-09-29 04:55:00+00:00
09/29/2026 00:20:00,09/29/2026 05:20:00,SWPW,10.3236,18.0009,0.01,6.58,0.0,0.0,1.0001,0.0,0.0,SWPW,2026-09-29 05:20:00+00:00
09/29/2026 00:55:00,09/29/2026 05:55:00,SWPW,10.3236,30.0009,0.01,6.58,0.0,0.0,1.0001,0.0,0.0,SWPW,2026-09-29 05:55:00+00:00
09/29/2026 01:30:00,09/29/2026 06:30:00,SWPW,18.0008,24.3365,0.01,0.01,0.0,0.0,1.0,0.0,0.0,SWPW,2026-09-29 06:30:00+00:00
09/29/2026 02:00:00,09/29/2026 07:00:00,SWPW,0.0009,1.001,0.01,0.01,0.0,0.0,0.0001,0.0,0.0,SWPW,2026-09-29 07:00:00+00:00
09/29/2026 02:30:00,09/29/2026 07:30:00,SWPW,18.001,18.0011,0.01,0.01,0.0,0.0,1.0001,0.0,0.0,SWPW,2026-09-29 07:30:00+00:00
09/29/2026 02:50:00,09/29/2026 07:50:00,SWPW,18.001,18.0011,0.01,0.01,0.0,0.0,1.0001,0.0,0.0,SWPW,2026-09-29 07:50:00+00:00
09/29/2026 03:25:00,09/29/2026 08:25:00,SWPW,24.0007,24.0008,0.01,0.01,0.0,0.0,1.5002,0.0,0.0,SWPW,2026-09-29 08:25:00+00:00
09/29/2026 03:50:00,09/29/2026 08:50:00,SWPW,24.0007,24.0008,0.01,0.01,0.0,0.0,1.5002,0.0,0.0,SWPW,2026-09-29 08:50:00+00:00
09/29/2026 04:20:00,09/29/2026 09:20:00,SWPW,0.0006,0.001,0.01,0.01,0.0,0.0,0.0001,0.0,0.0,SWPW,2026-09-29 09:20:00+00:00
09/29/2026 04:45:00,09/29/2026 09:45:00,SWPW,18.0005,18.0009,0.01,0.01,0.0,0.0,1.5,0.0,0.0,SWPW,2026-09-29 09:45:00+00:00
09/29/2026 05:00:00,09/29/2026 10:00:00,SWPW,26.0005,18.0009,0.01,0.01,0.0,0.0,1.5,0.0,0.0,SWPW,2026-09-29 10:00:00+00:00
09/29/2026 05:20:00,09/29/2026 10:20:00,SWPW,18.0006,18.001,0.01,0.01,0.0,0.0,0.2849,0.0,0.0,SWPW,2026-09-29 10:20:00+00:00
09/29/2026 05:45:00,09/29/2026 10:45:00,SWPW,18.0006,21.7282,0.01,0.01,0.0,0.0,1.0,0.0,0.0,SWPW,2026-09-29 10:45:00+00:00
09/29/2026 05:55:00,09/29/2026 10:55:00,SWPW,18.0006,18.001,0.01,0.01,0.0,0.0,1.5,0.0,0.0,SWPW,2026-09-29 10:55:00+00:00
09/29/2026 06:15:00,09/29/2026 11:15:00,SWPW,25.001,18.0006,0.01,0.01,0.0,0.0,1.0,0.0,0.0,SWPW,2026-09-29 11:15:00+00:00
09/29/2026 06:35:00,09/29/2026 11:35:00,SWPW,34.751,18.0006,0.01,0.01,5.75,0.0,6.75,5.75,5.7501,SWPW,2026-09-29 11:35:00+00:00
09/29/2026 06:50:00,09/29/2026 11:50:00,SWPW,29.7947,18.0006,0.01,0.01,0.7938,0.0,1.7938,0.7938,0.7938,SWPW,2026-09-29 11:50:00+00:00
09/29/2026 06:55:00,09/29/2026 11:55:00,SWPW,34.751,18.0006,0.01,0.01,5.75,0.0,6.75,5.75,5.7501,SWPW,2026-09-29 11:55:00+00:00
09/29/2026 07:25:00,09/29/2026 12:25:00,SWPW,32.7505,18.0012,0.01,0.01,5.75,0.0,6.75,5.75,0.0,SWPW,2026-09-29 12:25:00+00:00
09/29/2026 07:55:00,09/29/2026 12:55:00,SWPW,32.7505,25.0012,0.01,0.01,5.75,0.0,6.75,5.75,0.0,SWPW,2026-09-29 12:55:00+00:00
09/29/2026 08:20:00,09/29/2026 13:20:00,SWPW,23.001,23.0014,0.01,0.01,0.0,0.0,1.0002,0.0,0.0,SWPW,2026-09-29 13:20:00+00:00
09/29/2026 08:45:00,09/29/2026 13:45:00,SWPW,34.637,23.0014,0.01,0.01,5.75,0.0,13.3132,5.75,0.0,SWPW,2026-09-29 13:45:00+00:00
09/29/2026 09:00:00,09/29/2026 14:00:00,SWPW,29.9167,23.0014,0.01,0.01,5.75,0.0,8.6879,5.75,0.0,SWPW,2026-09-29 14:00:00+00:00
09/29/2026 09:15:00,09/29/2026 14:15:00,SWPW,159.0008,22.0017,0.01,0.01,134.0,0.0,141.5632,5.75,0.0,SWPW,2026-09-29 14:15:00+00:00
09/29/2026 09:45:00,09/29/2026 14:45:00,SWPW,201.7638,22.0017,0.01,0.01,168.0,0.0,175.5632,5.75,0.0,SWPW,2026-09-29 14:45:00+00:00
09/29/2026 09:55:00,09/29/2026 14:55:00,SWPW,246.6036,22.0017,0.01,0.01,201.0,0.0,209.5853,5.75,0.0,SWPW,2026-09-29 14:55:00+00:00
09/29/2026 10:20:00,09/29/2026 15:20:00,SWPW,25.0004,26.8989,0.01,0.01,0.0,0.0,10.1958,2.6326,0.0,SWPW,2026-09-29 15:20:00+00:00
09/29/2026 10:45:00,09/29/2026 15:45:00,SWPW,25.0004,18.0015,0.01,0.01,0.0,0.0,6.7077,0.0,0.0,SWPW,2026-09-29 15:45:00+00:00
09/29/2026 10:55:00,09/29/2026 15:55:00,SWPW,25.0004,25.0015,0.01,0.01,0.0,0.0,6.7077,0.0,0.0,SWPW,2026-09-29 15:55:00+00:00
09/29/2026 11:20:00,09/29/2026 16:20:00,SWPW,15.6978,18.2513,6.58,6.58,0.0,0.0,6.7078,0.0,0.0,SWPW,2026-09-29 16:20:00+00:00
09/29/2026 11:45:00,09/29/2026 16:45:00,SWPW,13.9906,18.0013,6.58,6.58,0.0,0.0,6.7078,0.0,0.0,SWPW,2026-09-29 16:45:00+00:00
09/29/2026 11:55:00,09/29/2026 16:55:00,SWPW,10.1966,29.0013,6.58,0.01,0.0,0.0,6.7078,0.0,0.0,SWPW,2026-09-29 16:55:00+00:00
09/29/2026 12:15:00,09/29/2026 17:15:00,SWPW,10.1969,35.0329,6.58,0.01,0.0,0.0,6.7078,0.0,0.0,SWPW,2026-09-29 17:15:00+00:00
09/29/2026 12:30:00,09/29/2026 17:30:00,SWPW,10.1969,37.9649,6.58,0.01,0.0,0.0,6.7078,0.0,0.0,SWPW,2026-09-29 17:30:00+00:00
09/29/2026 12:45:00,09/29/2026 17:45:00,SWPW,10.1969,35.0328,6.58,0.01,0.0,0.0,6.7078,0.0,0.0,SWPW,2026-09-29 17:45:00+00:00
09/29/2026 12:55:00,09/29/2026 17:55:00,SWPW,10.1969,37.9716,6.58,0.01,0.0,0.0,6.7078,0.0,0.0,SWPW,2026-09-29 17:55:00+00:00
09/29/2026 13:25:00,09/29/2026 18:25:00,SWPW,10.1974,35.3255,0.01,0.01,0.0,0.0,6.7078,2.6326,0.0,SWPW,2026-09-29 18:25:00+00:00
09/29/2026 13:50:00,09/29/2026 18:50:00,SWPW,10.1974,35.325,0.01,0.01,0.0,0.0,6.7078,2.6326,0.0,SWPW,2026-09-29 18:50:00+00:00
09/29/2026 14:00:00,09/29/2026 19:00:00,SWPW,10.1974,18.1525,0.01,0.01,0.0,0.0,6.7078,2.6326,0.0,SWPW,2026-09-29 19:00:00+00:00
09/29/2026 14:20:00,09/29/2026 19:20:00,SWPW,10.1978,32.2866,0.01,0.01,0.0,0.0,6.7078,5.75,0.0,SWPW,2026-09-29 19:20:00+00:00
09/29/2026 14:40:00,09/29/2026 19:40:00,SWPW,10.1978,35.3161,0.01,0.01,0.0,0.0,6.7078,5.75,0.0,SWPW,2026-09-29 19:40:00+00:00
09/29/2026 14:55:00,09/29/2026 19:55:00,SWPW,10.1978,18.0013,0.01,0.01,0.0,0.0,6.7078,2.6326,0.0,SWPW,2026-09-29 19:55:00+00:00
09/29/2026 15:20:00,09/29/2026 20:20:00,SWPW,10.1974,37.7347,0.01,0.01,0.0,0.0,6.7078,5.75,0.0,SWPW,2026-09-29 20:20:00+00:00
09/29/2026 15:45:00,09/29/2026 20:45:00,SWPW,10.1974,38.103,0.01,0.01,0.0,0.0,6.7078,5.75,0.0,SWPW,2026-09-29 20:45:00+00:00
09/29/2026 15:55:00,09/29/2026 20:55:00,SWPW,10.1974,37.4685,0.01,0.01,0.0,0.0,6.7078,5.75,0.0,SWPW,2026-09-29 20:55:00+00:00
09/29/2026 16:15:00,09/29/2026 21:15:00,SWPW,10.6458,21.6664,0.01,0.01,0.0,0.0,6.7077,5.75,0.0,SWPW,2026-09-29 21:15:00+00:00
09/29/2026 16:35:00,09/29/2026 21:35:00,SWPW,12.4785,15.9731,0.01,0.01,0.0,0.0,6.7077,5.75,0.0,SWPW,2026-09-29 21:35:00+00:00
09/29/2026 16:45:00,09/29/2026 21:45:00,SWPW,10.6111,36.7871,0.01,0.01,0.0,0.0,6.7077,5.75,0.0,SWPW,2026-09-29 21:45:00+00:00
09/29/2026 16:55:00,09/29/2026 21:55:00,SWPW,10.1981,31.1144,0.01,0.01,0.0,0.0,6.7077,5.75,0.0,SWPW,2026-09-29 21:55:00+00:00
09/29/2026 17:15:00,09/29/2026 22:15:00,SWPW,13.315,55.3691,0.01,0.01,0.0,0.0,6.7077,5.75,0.0,SWPW,2026-09-29 22:15:00+00:00
09/29/2026 17:35:00,09/29/2026 22:35:00,SWPW,13.315,55.3481,0.01,0.01,0.0,0.0,6.7077,5.75,0.0,SWPW,2026-09-29 22:35:00+00:00
09/29/2026 17:50:00,09/29/2026 22:50:00,SWPW,13.315,28.7634,0.01,0.01,1.857,0.0,8.5647,5.75,0.0,SWPW,2026-09-29 22:50:00+00:00
09/29/2026 18:15:00,09/29/2026 23:15:00,SWPW,13.3151,57.9583,0.01,0.01,0.0,0.0,6.7078,5.75,0.0,SWPW,2026-09-29 23:15:00+00:00
09/29/2026 18:30:00,09/29/2026 23:30:00,SWPW,13.3151,57.9568,0.01,0.01,0.0,0.0,6.7078,5.75,0.0,SWPW,2026-09-29 23:30:00+00:00
09/29/2026 18:40:00,09/29/2026 23:40:00,SWPW,13.3151,28.3891,0.01,0.01,3.1174,0.0,9.8252,5.75,0.0,SWPW,2026-09-29 23:40:00+00:00
09/29/2026 18:50:00,09/29/2026 23:50:00,SWPW,13.3151,29.6872,0.01,0.01,3.1261,0.0,9.8338,5.75,0.0,SWPW,2026-09-29 23:50:00+00:00
09/29/2026 19:45:00,09/30/2026 00:45:00,SWPW,13.3154,25.0013,0.01,0.01,3.1174,0.0,9.8252,5.75,0.0,SWPW,2026-09-30 00:45:00+00:00
09/29/2026 20:25:00,09/30/2026 01:25:00,SWPW,13.3148,24.4593,0.01,0.01,3.1174,0.0,9.8252,5.75,0.0,SWPW,2026-09-30 01:25:00+00:00
09/29/2026 21:00:00,09/30/2026 02:00:00,SWPW,110.1974,24.3351,0.01,0.01,100.0,0.0,107.0623,5.75,0.0,SWPW,2026-09-30 02:00:00+00:00
09/29/2026 21:35:00,09/30/2026 02:35:00,SWPW,144.1973,8.3287,0.01,0.01,134.0,0.0,144.1959,5.75,0.0,SWPW,2026-09-30 02:35:00+00:00
09/29/2026 22:00:00,09/30/2026 03:00:00,SWPW,13.3146,20.0679,0.01,0.01,1.1675,0.0,11.3633,5.75,0.0,SWPW,2026-09-30 03:00:00+00:00
09/29/2026 22:30:00,09/30/2026 03:30:00,SWPW,214.7528,7.5641,0.01,6.58,201.0,0.0,212.3059,5.75,0.0,SWPW,2026-09-30 03:30:00+00:00
09/29/2026 22:50:00,09/30/2026 03:50:00,SWPW,101.1623,7.5641,0.01,6.58,100.0,0.0,101.1606,5.75,0.0,SWPW,2026-09-30 03:50:00+00:00
09/29/2026 23:20:00,09/30/2026 04:20:00,SWPW,10.1974,25.2827,0.01,0.01,0.0,0.0,6.7078,5.75,0.0,SWPW,2026-09-30 04:20:00+00:00
09/29/2026 23:45:00,09/30/2026 04:45:00,SWPW,10.1974,30.2193,0.01,0.01,0.0,0.0,6.7078,5.75,0.0,SWPW,2026-09-30 04:45:00+00:00
09/30/2026 00:00:00,09/30/2026 05:00:00,SWPW,10.1974,30.4287,0.01,0.01,0.0,0.0,6.7078,5.75,0.0,SWPW,2026-09-30 05:00:00+00:00
09/30/2026 00:25:00,09/30/2026 05:25:00,SWPW,30.0013,30.0009,0.01,0.01,0.0,0.0,6.7077,0.0,0.0,SWPW,2026-09-30 05:25:00+00:00
09/30/2026 00:45:00,09/30/2026 05:45:00,SWPW,30.0013,30.0009,0.01,0.01,0.0,0.0,6.7077,0.0,0.0,SWPW,2026-09-30 05:45:00+00:00
09/30/2026 00:55:00,09/30/2026 05:55:00,SWPW,30.0013,30.0009,0.01,0.01,0.0,0.0,1.0003,0.0,0.0,SWPW,2026-09-30 05:55:00+00:00
09/30/2026 01:30:00,09/30/2026 06:30:00,SWPW,28.0008,28.0009,0.01,0.01,0.0,0.0,6.6245,0.0,0.0,SWPW,2026-09-30 06:30:00+00:00
09/30/2026 02:00:00,09/30/2026 07:00:00,SWPW,28.0008,28.0009,0.01,0.01,0.0,0.0,6.6245,0.0,0.0,SWPW,2026-09-30 07:00:00+00:00
09/30/2026 02:30:00,09/30/2026 07:30:00,SWPW,25.001,25.0011,0.01,0.01,0.0,0.0,6.6245,0.0,0.0,SWPW,2026-09-30 07:30:00+00:00
09/30/2026 02:50:00,09/30/2026 07:50:00,SWPW,25.001,25.0011,0.01,0.01,0.0,0.0,1.0003,0.0,0.0,SWPW,2026-09-30 07:50:00+00:00
09/30/2026 03:25:00,09/30/2026 08:25:00,SWPW,24.0007,24.0008,0.01,0.01,0.0,0.0,1.0678,0.0,0.0,SWPW,2026-09-30 08:25:00+00:00
09/30/2026 03:50:00,09/30/2026 08:50:00,SWPW,24.0007,24.0008,0.01,0.01,0.0,0.0,2.4738,0.0,0.0,SWPW,2026-09-30 08:50:00+00:00
09/30/2026 04:45:00,09/30/2026 09:45:00,SWPW,26.0005,26.0009,0.01,0.01,0.0,0.0,1.6237,0.0,0.0,SWPW,2026-09-30 09:45:00+00:00
09/30/2026 05:00:00,09/30/2026 10:00:00,SWPW,28.9303,26.0009,0.01,0.01,0.0,0.0,6.6245,0.0,0.0,SWPW,2026-09-30 10:00:00+00:00
09/30/2026 05:20:00,09/30/2026 10:20:00,SWPW,25.6427,26.494,0.01,0.01,0.0,0.0,6.6245,0.0,0.0,SWPW,2026-09-30 10:20:00+00:00
09/30/2026 05:45:00,09/30/2026 10:45:00,SWPW,6.6251,26.4629,0.01,0.01,0.0,0.0,2.8669,0.0,0.0,SWPW,2026-09-30 10:45:00+00:00
09/30/2026 05:55:00,09/30/2026 10:55:00,SWPW,7.4787,25.001,0.01,0.01,0.0,0.0,7.4693,0.0,0.0,SWPW,2026-09-30 10:55:00+00:00
09/30/2026 06:15:00,09/30/2026 11:15:00,SWPW,34.001,34.0006,0.01,6.58,0.0,0.0,6.6245,0.0,0.0,SWPW,2026-09-30 11:15:00+00:00
09/30/2026 06:30:00,09/30/2026 11:30:00,SWPW,36.119,31.8826,0.01,6.58,0.0,0.0,6.6245,5.75,0.0,SWPW,2026-09-30 11:30:00+00:00
09/30/2026 06:45:00,09/30/2026 11:45:00,SWPW,13.2203,29.5342,0.01,6.58,3.1501,0.0,13.2193,5.75,3.1501,SWPW,2026-09-30 11:45:00+00:00
09/30/2026 06:55:00,09/30/2026 11:55:00,SWPW,37.5666,25.0006,0.01,6.58,22.0,0.0,29.4693,5.75,22.0,SWPW,2026-09-30 11:55:00+00:00
09/30/2026 07:30:00,09/30/2026 12:30:00,SWPW,262.1375,27.0012,0.01,0.01,201.0,0.0,211.0693,5.75,0.0,SWPW,2026-09-30 12:30:00+00:00
09/30/2026 08:00:00,09/30/2026 13:00:00,SWPW,42.1893,27.0012,0.01,0.01,0.0,0.0,6.6245,5.75,0.0,SWPW,2026-09-30 13:00:00+00:00
09/30/2026 08:25:00,09/30/2026 13:25:00,SWPW,10.0702,23.0014,0.01,0.01,0.0,0.0,10.0692,2.5999,0.0,SWPW,2026-09-30 13:25:00+00:00
09/30/2026 08:45:00,09/30/2026 13:45:00,SWPW,7.665,23.0014,0.01,0.01,0.0,0.0,7.664,0.1947,0.0,SWPW,2026-09-30 13:45:00+00:00
09/30/2026 08:55:00,09/30/2026 13:55:00,SWPW,7.8746,23.0014,0.01,0.01,0.0,0.0,7.8736,0.4043,0.0,SWPW,2026-09-30 13:55:00+00:00
09/30/2026 09:20:00,09/30/2026 14:20:00,SWPW,13.2202,22.0017,6.58,0.01,0.0,0.0,10.0692,5.75,0.0,SWPW,2026-09-30 14:20:00+00:00
09/30/2026 09:45:00,09/30/2026 14:45:00,SWPW,13.2202,44.0871,6.58,0.01,0.0,0.0,6.6246,5.75,0.0,SWPW,2026-09-30 14:45:00+00:00
09/30/2026 10:00:00,09/30/2026 15:00:00,SWPW,13.2202,100.0108,6.58,0.01,0.0,0.0,6.6246,5.75,0.0,SWPW,2026-09-30 15:00:00+00:00
09/30/2026 10:25:00,09/30/2026 15:25:00,SWPW,10.0696,32.371,0.01,0.01,0.0,0.0,6.6246,0.0,0.0,SWPW,2026-09-30 15:25:00+00:00
09/30/2026 10:45:00,09/30/2026 15:45:00,SWPW,10.0696,25.0015,0.01,0.01,0.0,0.0,6.6246,0.0,0.0,SWPW,2026-09-30 15:45:00+00:00
09/30/2026 11:00:00,09/30/2026 16:00:00,SWPW,10.0696,25.0015,0.01,0.01,0.0,0.0,6.6246,0.0,0.0,SWPW,2026-09-30 16:00:00+00:00
09/30/2026 11:20:00,09/30/2026 16:20:00,SWPW,10.07,34.6285,6.58,6.58,0.0,0.0,10.0692,2.5999,0.0,SWPW,2026-09-30 16:20:00+00:00
09/30/2026 11:45:00,09/30/2026 16:45:00,SWPW,10.07,37.5662,6.58,6.58,0.0,0.0,10.0692,2.5999,0.0,SWPW,2026-09-30 16:45:00+00:00
09/30/2026 11:55:00,09/30/2026 16:55:00,SWPW,10.07,34.6277,6.58,6.58,0.0,0.0,10.0692,2.5999,0.0,SWPW,2026-09-30 16:55:00+00:00
09/30/2026 12:15:00,09/30/2026 17:15:00,SWPW,35.0011,55.8503,0.01,0.01,0.0,0.0,6.6245,0.0,0.0,SWPW,2026-09-30 17:15:00+00:00
09/30/2026 12:35:00,09/30/2026 17:35:00,SWPW,35.0011,51.1284,0.01,0.01,0.0,0.0,6.6245,0.0,0.0,SWPW,2026-09-30 17:35:00+00:00
09/30/2026 12:45:00,09/30/2026 17:45:00,SWPW,35.0011,51.1198,0.01,0.01,0.0,0.0,6.6245,0.0,0.0,SWPW,2026-09-30 17:45:00+00:00
09/30/2026 12:55:00,09/30/2026 17:55:00,SWPW,35.0011,51.1324,0.01,0.01,0.0,0.0,6.6245,0.0,0.0,SWPW,2026-09-30 17:55:00+00:00
09/30/2026 13:20:00,09/30/2026 18:20:00,SWPW,10.0708,41.1124,0.01,0.01,0.0,0.0,6.6246,0.0,0.0,SWPW,2026-09-30 18:20:00+00:00
09/30/2026 13:50:00,09/30/2026 18:50:00,SWPW,10.0708,40.0011,6.58,0.01,0.0,0.0,6.6246,0.0,0.0,SWPW,2026-09-30 18:50:00+00:00
09/30/2026 14:20:00,09/30/2026 19:20:00,SWPW,10.1426,46.0013,0.01,0.01,0.0,0.0,6.6246,5.75,0.0,SWPW,2026-09-30 19:20:00+00:00
09/30/2026 14:40:00,09/30/2026 19:40:00,SWPW,10.9491,46.0013,0.01,0.01,0.0,0.0,6.6246,5.75,0.0,SWPW,2026-09-30 19:40:00+00:00
09/30/2026 14:50:00,09/30/2026 19:50:00,SWPW,11.7994,28.8391,0.01,0.01,0.0,0.0,6.6246,5.75,0.0,SWPW,2026-09-30 19:50:00+00:00
09/30/2026 15:20:00,09/30/2026 20:20:00,SWPW,10.071,36.7828,0.01,0.01,0.0,0.0,10.0693,5.75,0.0,SWPW,2026-09-30 20:20:00+00:00
09/30/2026 15:45:00,09/30/2026 20:45:00,SWPW,10.071,33.7767,0.01,0.01,0.0,0.0,10.0693,5.75,0.0,SWPW,2026-09-30 20:45:00+00:00
09/30/2026 15:55:00,09/30/2026 20:55:00,SWPW,10.071,29.8201,0.01,0.01,0.0,0.0,10.0693,5.75,0.0,SWPW,2026-09-30 20:55:00+00:00
09/30/2026 16:15:00,09/30/2026 21:15:00,SWPW,10.0714,32.8215,0.01,0.01,0.0,0.0,6.6246,5.75,0.0,SWPW,2026-09-30 21:15:00+00:00
09/30/2026 16:35:00,09/30/2026 21:35:00,SWPW,10.0714,31.8173,0.01,0.01,0.0,0.0,6.6246,5.75,0.0,SWPW,2026-09-30 21:35:00+00:00
09/30/2026 16:55:00,09/30/2026 21:55:00,SWPW,10.0714,30.0673,0.01,0.01,0.0,0.0,6.6246,5.75,0.0,SWPW,2026-09-30 21:55:00+00:00
09/30/2026 17:20:00,09/30/2026 22:20:00,SWPW,10.0709,61.3544,0.01,0.01,0.0,0.0,6.6246,5.75,0.0,SWPW,2026-09-30 22:20:00+00:00
09/30/2026 17:35:00,09/30/2026 22:35:00,SWPW,10.0709,53.6532,0.01,0.01,0.0,0.0,6.6246,5.75,0.0,SWPW,2026-09-30 22:35:00+00:00
09/30/2026 17:55:00,09/30/2026 22:55:00,SWPW,10.0709,30.9281,0.01,0.01,0.0,0.0,6.6246,5.75,0.0,SWPW,2026-09-30 22:55:00+00:00
09/30/2026 18:15:00,09/30/2026 23:15:00,SWPW,61.2012,112.1499,0.01,0.01,0.0,0.0,6.0349,5.75,0.0,SWPW,2026-09-30 23:15:00+00:00
09/30/2026 18:30:00,09/30/2026 23:30:00,SWPW,64.4583,90.6226,0.01,0.01,0.0,0.0,1.0001,0.0,0.0,SWPW,2026-09-30 23:30:00+00:00
09/30/2026 18:45:00,09/30/2026 23:45:00,SWPW,64.4564,90.778,0.01,0.01,0.0,0.0,1.0001,0.0,0.0,SWPW,2026-09-30 23:45:00+00:00
09/30/2026 18:50:00,09/30/2026 23:50:00,SWPW,64.4342,90.8056,0.01,0.01,0.0,0.0,1.0001,0.0,0.0,SWPW,2026-09-30 23:50:00+00:00
09/30/2026 19:50:00,10/01/2026 00:50:00,SWPW,9.0022,23.6845,6.58,0.01,0.0,0.0,6.0349,5.75,0.0,SWPW,2026-10-01 00:50:00+00:00
09/30/2026 20:45:00,10/01/2026 01:45:00,SWPW,9.0016,17.2202,0.01,0.01,0.0,0.0,6.0349,5.75,0.0,SWPW,2026-10-01 01:45:00+00:00
09/30/2026 21:10:00,10/01/2026 02:10:00,SWPW,25.0014,32.5736,0.01,0.01,0.0,0.0,1.0001,0.0,0.0,SWPW,2026-10-01 02:10:00+00:00
09/30/2026 21:50:00,10/01/2026 02:50:00,SWPW,25.0014,53.1486,0.01,0.01,0.0,0.0,1.0001,0.0,0.0,SWPW,2026-10-01 02:50:00+00:00
09/30/2026 22:25:00,10/01/2026 03:25:00,SWPW,10.9466,21.1261,6.58,0.01,0.0,0.0,6.6245,5.75,0.0,SWPW,2026-10-01 03:25:00+00:00
09/30/2026 22:50:00,10/01/2026 03:50:00,SWPW,10.0709,34.6928,0.01,0.01,0.0,0.0,6.6245,0.0,0.0,SWPW,2026-10-01 03:50:00+00:00
09/30/2026 23:20:00,10/01/2026 04:20:00,SWPW,8.4633,31.3742,0.01,0.01,0.0,0.0,6.9789,5.75,0.0,SWPW,2026-10-01 04:20:00+00:00
09/30/2026 23:50:00,10/01/2026 04:50:00,SWPW,7.9552,36.9726,0.01,0.01,0.0,0.0,6.0349,5.75,0.0,SWPW,2026-10-01 04:50:00+00:00
10/01/2026 00:00:00,10/01/2026 05:00:00,SWPW,7.9552,36.6447,0.01,0.01,0.0,0.0,6.0349,5.75,0.0,SWPW,2026-10-01 05:00:00+00:00
10/01/2026 00:25:00,10/01/2026 05:25:00,SWPW,6.6264,112.0949,0.01,0.01,0.0,0.0,6.0384,5.75,0.0,SWPW,2026-10-01 05:25:00+00:00
10/01/2026 00:55:00,10/01/2026 05:55:00,SWPW,11.3469,117.1449,0.01,0.01,0.0,0.0,6.0384,5.75,0.0,SWPW,2026-10-01 05:55:00+00:00
10/01/2026 01:30:00,10/01/2026 06:30:00,SWPW,10.0711,32.7381,0.01,0.01,0.0,0.0,6.6246,5.75,0.0,SWPW,2026-10-01 06:30:00+00:00
10/01/2026 02:05:00,10/01/2026 07:05:00,SWPW,8.4608,114.1372,0.01,0.01,0.0,0.0,6.0384,5.75,0.0,SWPW,2026-10-01 07:05:00+00:00
10/01/2026 02:35:00,10/01/2026 07:35:00,SWPW,8.6747,37.9712,0.01,0.01,0.0,0.0,6.0384,5.75,0.0,SWPW,2026-10-01 07:35:00+00:00
10/01/2026 03:00:00,10/01/2026 08:00:00,SWPW,8.6438,96.9897,0.01,0.01,0.0,0.0,6.0078,5.7192,0.0,SWPW,2026-10-01 08:00:00+00:00
10/01/2026 03:25:00,10/01/2026 08:25:00,SWPW,8.6943,114.8695,0.01,0.01,0.0,0.0,5.9576,5.669,0.0,SWPW,2026-10-01 08:25:00+00:00
10/01/2026 03:50:00,10/01/2026 08:50:00,SWPW,10.0701,115.0772,0.01,0.01,0.0,0.0,6.0384,5.75,0.0,SWPW,2026-10-01 08:50:00+00:00
10/01/2026 04:20:00,10/01/2026 09:20:00,SWPW,10.07,98.5379,0.01,0.01,0.0,0.0,6.0384,5.75,0.0,SWPW,2026-10-01 09:20:00+00:00
10/01/2026 04:45:00,10/01/2026 09:45:00,SWPW,10.07,96.5762,0.01,0.01,0.0,0.0,6.0384,5.75,0.0,SWPW,2026-10-01 09:45:00+00:00
10/01/2026 04:55:00,10/01/2026 09:55:00,SWPW,10.07,96.4627,0.01,0.01,0.0,0.0,6.0384,5.75,0.0,SWPW,2026-10-01 09:55:00+00:00
10/01/2026 05:20:00,10/01/2026 10:20:00,SWPW,13.402,101.9673,0.01,0.01,0.0,0.0,1.0,0.0,0.0,SWPW,2026-10-01 10:20:00+00:00
10/01/2026 05:45:00,10/01/2026 10:45:00,SWPW,13.7883,34.5618,0.01,0.01,0.0,0.0,6.0384,5.75,0.0,SWPW,2026-10-01 10:45:00+00:00
10/01/2026 05:55:00,10/01/2026 10:55:00,SWPW,13.2455,99.9695,0.01,0.01,0.0,0.0,6.0384,5.75,0.0,SWPW,2026-10-01 10:55:00+00:00
10/01/2026 06:15:00,10/01/2026 11:15:00,SWPW,34.0012,38.1473,0.01,0.01,0.0,0.0,6.0384,5.75,0.0,SWPW,2026-10-01 11:15:00+00:00
10/01/2026 06:30:00,10/01/2026 11:30:00,SWPW,34.0012,38.2107,0.01,0.01,0.0,0.0,6.0384,5.75,0.0,SWPW,2026-10-01 11:30:00+00:00
10/01/2026 06:45:00,10/01/2026 11:45:00,SWPW,34.0012,36.807,0.01,0.01,0.0,0.0,6.0384,5.75,0.0,SWPW,2026-10-01 11:45:00+00:00
10/01/2026 06:55:00,10/01/2026 11:55:00,SWPW,34.0012,45.6342,0.01,0.01,0.0,0.0,6.0384,5.75,0.0,SWPW,2026-10-01 11:55:00+00:00
10/01/2026 07:25:00,10/01/2026 12:25:00,SWPW,27.0008,32.8972,0.01,0.01,0.0,0.0,6.0384,5.75,0.0,SWPW,2026-10-01 12:25:00+00:00
10/01/2026 07:55:00,10/01/2026 12:55:00,SWPW,87.0165,93.2146,0.01,0.01,66.0,0.0,61.0158,5.75,0.0,SWPW,2026-10-01 12:55:00+00:00
10/01/2026 08:20:00,10/01/2026 13:20:00,SWPW,799.0001,18.0015,0.01,0.01,198.0,0.0,199.0001,5.75,0.0,SWPW,2026-10-01 13:20:00+00:00
10/01/2026 08:45:00,10/01/2026 13:45:00,SWPW,25.2408,18.0015,0.01,0.01,7.2402,0.0,8.2403,5.75,0.0,SWPW,2026-10-01 13:45:00+00:00
10/01/2026 08:55:00,10/01/2026 13:55:00,SWPW,22.5776,18.0015,0.01,0.01,4.577,0.0,13.5778,5.75,0.0,SWPW,2026-10-01 13:55:00+00:00
10/01/2026 09:20:00,10/01/2026 14:20:00,SWPW,22.0012,24.1158,0.01,0.01,0.0,0.0,22.0,5.75,0.0,SWPW,2026-10-01 14:20:00+00:00
10/01/2026 09:45:00,10/01/2026 14:45:00,SWPW,600.2522,600.0,0.01,0.01,23.8202,0.0,153.2522,5.75,0.0,SWPW,2026-10-01 14:45:00+00:00
10/01/2026 09:55:00,10/01/2026 14:55:00,SWPW,18.0012,38.8852,0.01,0.01,0.0,0.0,6.0384,5.75,0.0,SWPW,2026-10-01 14:55:00+00:00
10/01/2026 10:20:00,10/01/2026 15:20:00,SWPW,18.0013,38.5737,0.01,0.01,0.0,0.0,6.0384,5.75,0.0,SWPW,2026-10-01 15:20:00+00:00
10/01/2026 10:45:00,10/01/2026 15:45:00,SWPW,18.0013,38.5614,0.01,0.01,0.0,0.0,6.0384,5.75,0.0,SWPW,2026-10-01 15:45:00+00:00
10/01/2026 10:55:00,10/01/2026 15:55:00,SWPW,19.3098,44.7265,0.01,0.01,0.0,0.0,6.0384,5.75,0.0,SWPW,2026-10-01 15:55:00+00:00
10/01/2026 11:20:00,10/01/2026 16:20:00,SWPW,22.3753,42.8062,0.01,0.01,0.0,0.0,6.0384,5.75,0.0,SWPW,2026-10-01 16:20:00+00:00
10/01/2026 11:45:00,10/01/2026 16:45:00,SWPW,22.3701,42.8172,0.01,0.01,0.0,0.0,6.0384,5.75,0.0,SWPW,2026-10-01 16:45:00+00:00
10/01/2026 11:55:00,10/01/2026 16:55:00,SWPW,22.3727,42.814,0.01,0.01,0.0,0.0,6.0384,5.75,0.0,SWPW,2026-10-01 16:55:00+00:00
10/01/2026 12:15:00,10/01/2026 17:15:00,SWPW,25.0012,45.4051,0.01,0.01,0.0,0.0,6.0384,5.75,0.0,SWPW,2026-10-01 17:15:00+00:00
10/01/2026 12:35:00,10/01/2026 17:35:00,SWPW,25.0012,42.4671,0.01,0.01,0.0,0.0,6.0384,5.75,0.0,SWPW,2026-10-01 17:35:00+00:00
10/01/2026 12:45:00,10/01/2026 17:45:00,SWPW,25.0012,42.4674,0.01,0.01,0.0,0.0,6.0384,5.75,0.0,SWPW,2026-10-01 17:45:00+00:00
10/01/2026 12:55:00,10/01/2026 17:55:00,SWPW,25.0012,45.3886,0.01,0.01,0.0,0.0,6.0384,5.75,0.0,SWPW,2026-10-01 17:55:00+00:00
10/01/2026 13:25:00,10/01/2026 18:25:00,SWPW,18.6513,39.0012,0.01,0.01,0.0,0.0,6.0384,5.75,0.0,SWPW,2026-10-01 18:25:00+00:00
10/01/2026 13:50:00,10/01/2026 18:50:00,SWPW,21.5889,39.0012,0.01,0.01,0.0,0.0,6.0384,5.75,0.0,SWPW,2026-10-01 18:50:00+00:00
10/01/2026 14:15:00,10/01/2026 19:15:00,SWPW,63.5915,46.0015,0.01,0.01,33.0,0.0,34.0,5.75,0.0,SWPW,2026-10-01 19:15:00+00:00
10/01/2026 14:30:00,10/01/2026 19:30:00,SWPW,61.3957,46.0015,0.01,0.01,33.0,0.0,34.0,5.75,0.0,SWPW,2026-10-01 19:30:00+00:00
10/01/2026 14:45:00,10/01/2026 19:45:00,SWPW,39.802,46.0015,0.01,0.01,11.3487,0.0,12.3487,5.75,0.0,SWPW,2026-10-01 19:45:00+00:00
10/01/2026 14:50:00,10/01/2026 19:50:00,SWPW,44.3669,46.0015,0.01,0.01,15.9274,0.0,16.9275,5.75,0.0,SWPW,2026-10-01 19:50:00+00:00
10/01/2026 15:20:00,10/01/2026 20:20:00,SWPW,39.0805,35.8914,0.01,0.01,21.0782,0.0,22.0783,5.75,0.0,SWPW,2026-10-01 20:20:00+00:00
10/01/2026 15:45:00,10/01/2026 20:45:00,SWPW,49.0023,72.0996,0.01,0.01,0.0,0.0,6.0384,5.75,0.0,SWPW,2026-10-01 20:45:00+00:00
10/01/2026 15:55:00,10/01/2026 20:55:00,SWPW,18.0023,35.8812,0.01,0.01,0.0,0.0,6.0384,5.75,0.0,SWPW,2026-10-01 20:55:00+00:00
10/01/2026 16:15:00,10/01/2026 21:15:00,SWPW,18.0019,25.5254,0.01,0.01,0.0,0.0,6.0384,5.75,0.0,SWPW,2026-10-01 21:15:00+00:00
10/01/2026 16:30:00,10/01/2026 21:30:00,SWPW,18.0019,32.3658,0.01,0.01,0.0,0.0,6.0384,5.75,0.0,SWPW,2026-10-01 21:30:00+00:00
10/01/2026 16:45:00,10/01/2026 21:45:00,SWPW,18.0019,37.8739,0.01,0.01,0.0,0.0,6.0384,5.75,0.0,SWPW,2026-10-01 21:45:00+00:00
10/01/2026 16:55:00,10/01/2026 21:55:00,SWPW,18.0019,35.3128,0.01,0.01,0.0,0.0,6.0384,5.75,0.0,SWPW,2026-10-01 21:55:00+00:00
10/01/2026 17:15:00,10/01/2026 22:15:00,SWPW,13.2213,20.3558,6.58,0.01,0.0,0.0,6.0384,5.75,0.0,SWPW,2026-10-01 22:15:00+00:00
10/01/2026 17:30:00,10/01/2026 22:30:00,SWPW,13.2213,18.0015,6.58,6.58,2.8862,0.0,6.0384,5.75,2.8862,SWPW,2026-10-01 22:30:00+00:00
10/01/2026 17:45:00,10/01/2026 22:45:00,SWPW,15.7519,18.0015,6.58,0.01,6.6245,0.0,7.6246,5.75,6.6245,SWPW,2026-10-01 22:45:00+00:00
10/01/2026 17:55:00,10/01/2026 22:55:00,SWPW,15.8727,18.0015,6.58,0.01,6.6245,0.0,7.6246,5.75,6.6245,SWPW,2026-10-01 22:55:00+00:00
10/01/2026 18:15:00,10/01/2026 23:15:00,SWPW,61.3424,72.0015,0.01,0.01,0.0,0.0,6.0384,5.75,0.0,SWPW,2026-10-01 23:15:00+00:00
10/01/2026 18:30:00,10/01/2026 23:30:00,SWPW,79.5643,72.0015,0.01,0.01,16.6832,0.0,17.6833,5.75,0.0,SWPW,2026-10-01 23:30:00+00:00
10/01/2026 18:45:00,10/01/2026 23:45:00,SWPW,227.2862,72.0015,0.01,0.01,165.0,0.0,166.0001,5.75,6.6245,SWPW,2026-10-01 23:45:00+00:00
10/01/2026 18:50:00,10/01/2026 23:50:00,SWPW,193.4835,72.0015,0.01,0.01,132.0,0.0,133.0001,5.75,6.6245,SWPW,2026-10-01 23:50:00+00:00
10/01/2026 19:45:00,10/02/2026 00:45:00,SWPW,227.7624,68.001,0.01,6.58,165.0,0.0,166.0001,5.75,0.0,SWPW,2026-10-02 00:45:00+00:00
10/01/2026 20:20:00,10/02/2026 01:20:00,SWPW,15.0286,25.0007,0.01,0.01,0.7448,0.0,6.0384,5.75,0.0,SWPW,2026-10-02 01:20:00+00:00
10/01/2026 21:00:00,10/02/2026 02:00:00,SWPW,15.0286,27.348,0.01,0.01,0.0,0.0,6.0384,5.75,0.0,SWPW,2026-10-02 02:00:00+00:00
10/01/2026 21:30:00,10/02/2026 02:30:00,SWPW,13.2206,30.7481,0.01,0.01,0.0,0.0,6.0384,5.75,0.0,SWPW,2026-10-02 02:30:00+00:00
10/01/2026 21:50:00,10/02/2026 02:50:00,SWPW,13.2206,92.2349,0.01,0.01,0.0,0.0,6.0384,5.75,0.0,SWPW,2026-10-02 02:50:00+00:00
10/01/2026 22:20:00,10/02/2026 03:20:00,SWPW,13.221,29.557,0.01,0.0,0.0,0.0,6.0384,5.75,0.0,SWPW,2026-10-02 03:20:00+00:00
10/01/2026 22:50:00,10/02/2026 03:50:00,SWPW,13.221,30.001,0.01,0.01,0.0,0.0,6.0384,5.75,0.0,SWPW,2026-10-02 03:50:00+00:00
10/01/2026 23:00:00,10/02/2026 04:00:00,SWPW,13.221,30.001,0.01,0.01,0.0,0.0,6.0384,5.75,0.0,SWPW,2026-10-02 04:00:00+00:00
10/01/2026 23:25:00,10/02/2026 04:25:00,SWPW,13.2212,30.314,0.01,0.0,0.0,0.0,6.0384,5.75,0.0,SWPW,2026-10-02 04:25:00+00:00
10/01/2026 23:45:00,10/02/2026 04:45:00,SWPW,13.2212,31.0007,0.01,0.0,0.0,0.0,6.0384,5.75,0.0,SWPW,2026-10-02 04:45:00+00:00
10/01/2026 23:55:00,10/02/2026 04:55:00,SWPW,13.2212,30.7386,0.01,0.0,0.0,0.0,6.0384,5.75,0.0,SWPW,2026-10-02 04:55:00+00:00
10/02/2026 00:20:00,10/02/2026 05:20:00,SWPW,15.0248,29.2815,0.01,0.0,0.0,0.0,6.0346,0.0,0.0,SWPW,2026-10-02 05:20:00+00:00
10/02/2026 00:45:00,10/02/2026 05:45:00,SWPW,10.0711,29.2815,0.01,0.0,0.0,0.0,1.071,0.0,0.0,SWPW,2026-10-02 05:45:00+00:00
10/02/2026 00:55:00,10/02/2026 05:55:00,SWPW,10.0711,77.6511,0.01,6.58,0.0,0.0,1.0001,0.0,0.0,SWPW,2026-10-02 05:55:00+00:00
10/02/2026 01:30:00,10/02/2026 06:30:00,SWPW,13.2212,91.1367,0.01,0.01,0.0,0.0,6.0384,5.75,0.0,SWPW,2026-10-02 06:30:00+00:00
10/02/2026 02:00:00,10/02/2026 07:00:00,SWPW,13.2212,18.397,0.01,6.58,0.0,0.0,6.0384,5.75,0.0,SWPW,2026-10-02 07:00:00+00:00
10/02/2026 02:30:00,10/02/2026 07:30:00,SWPW,13.2208,18.4955,0.01,6.58,0.0,0.0,6.0384,5.75,0.0,SWPW,2026-10-02 07:30:00+00:00
10/02/2026 02:50:00,10/02/2026 07:50:00,SWPW,13.2208,24.4955,0.01,6.58,0.0,0.0,6.0384,5.75,0.0,SWPW,2026-10-02 07:50:00+00:00
10/02/2026 03:20:00,10/02/2026 08:20:00,SWPW,18.4675,18.3875,5.0,6.58,0.0,0.0,1.0001,0.0,0.0,SWPW,2026-10-02 08:20:00+00:00
10/02/2026 04:00:00,10/02/2026 09:00:00,SWPW,18.4675,18.3875,5.0,6.58,0.0,0.0,2.6812,0.0,0.0,SWPW,2026-10-02 09:00:00+00:00
10/02/2026 04:25:00,10/02/2026 09:25:00,SWPW,13.2201,18.366,0.01,6.58,0.0,0.0,6.0384,5.75,0.0,SWPW,2026-10-02 09:25:00+00:00
10/02/2026 04:45:00,10/02/2026 09:45:00,SWPW,13.2201,18.366,0.01,6.58,0.0,0.0,6.0384,5.75,0.0,SWPW,2026-10-02 09:45:00+00:00
10/02/2026 04:55:00,10/02/2026 09:55:00,SWPW,13.2201,18.366,0.01,6.58,0.0,0.0,6.0384,5.75,0.0,SWPW,2026-10-02 09:55:00+00:00
10/02/2026 05:15:00,10/02/2026 10:15:00,SWPW,13.2203,18.331,0.01,6.58,0.0,0.0,6.0384,5.75,0.0,SWPW,2026-10-02 10:15:00+00:00
10/02/2026 05:45:00,10/02/2026 10:45:00,SWPW,13.2203,18.331,0.01,6.58,0.0,0.0,6.0384,5.75,0.0,SWPW,2026-10-02 10:45:00+00:00
10/02/2026 05:55:00,10/02/2026 10:55:00,SWPW,13.2203,29.331,0.01,0.0,0.0,0.0,6.0384,5.75,0.0,SWPW,2026-10-02 10:55:00+00:00
10/02/2026 06:15:00,10/02/2026 11:15:00,SWPW,50.9893,30.9705,5.0,6.58,16.3898,0.0,17.39,5.75,0.0,SWPW,2026-10-02 11:15:00+00:00
10/02/2026 06:35:00,10/02/2026 11:35:00,SWPW,36.8598,34.3055,5.0,6.58,2.2604,0.0,6.0384,5.75,0.0,SWPW,2026-10-02 11:35:00+00:00
10/02/2026 06:45:00,10/02/2026 11:45:00,SWPW,34.5995,18.3055,5.0,6.58,0.0,0.0,6.0384,5.75,0.0,SWPW,2026-10-02 11:45:00+00:00
10/02/2026 06:55:00,10/02/2026 11:55:00,SWPW,57.3891,34.3055,5.0,6.58,22.7896,0.0,26.0052,5.75,6.6245,SWPW,2026-10-02 11:55:00+00:00
10/02/2026 07:25:00,10/02/2026 12:25:00,SWPW,30.5878,18.4625,5.0,6.58,12.1838,0.0,20.4538,5.75,0.0,SWPW,2026-10-02 12:25:00+00:00
10/02/2026 07:55:00,10/02/2026 12:55:00,SWPW,51.404,18.4625,5.0,6.58,33.0,0.0,35.9426,5.75,0.0,SWPW,2026-10-02 12:55:00+00:00
10/02/2026 08:20:00,10/02/2026 13:20:00,SWPW,24.5563,23.771,0.01,0.01,1.2639,0.0,13.4052,5.75,0.0,SWPW,2026-10-02 13:20:00+00:00
10/02/2026 08:45:00,10/02/2026 13:45:00,SWPW,26.4644,23.771,0.01,0.01,3.1719,0.0,10.1521,5.75,0.0,SWPW,2026-10-02 13:45:00+00:00
10/02/2026 09:20:00,10/02/2026 14:20:00,SWPW,19.671,22.831,5.0,0.01,0.0,0.0,6.0384,5.75,0.0,SWPW,2026-10-02 14:20:00+00:00
10/02/2026 09:45:00,10/02/2026 14:45:00,SWPW,18.604,22.831,5.0,0.01,0.0,0.0,6.0384,5.75,0.0,SWPW,2026-10-02 14:45:00+00:00
10/02/2026 09:55:00,10/02/2026 14:55:00,SWPW,18.604,22.831,5.0,0.01,0.0,0.0,6.0384,5.75,0.0,SWPW,2026-10-02 14:55:00+00:00
10/02/2026 10:20:00,10/02/2026 15:20:00,SWPW,18.645,35.8043,5.0,0.01,0.0,0.0,6.0384,5.75,0.0,SWPW,2026-10-02 15:20:00+00:00
10/02/2026 10:45:00,10/02/2026 15:45:00,SWPW,18.645,38.7367,5.0,0.01,0.0,0.0,6.0384,5.75,0.0,SWPW,2026-10-02 15:45:00+00:00
10/02/2026 10:55:00,10/02/2026 15:55:00,SWPW,18.645,38.7268,5.0,0.01,0.0,0.0,6.0384,5.75,0.0,SWPW,2026-10-02 15:55:00+00:00
10/02/2026 11:20:00,10/02/2026 16:20:00,SWPW,18.763,38.7382,5.0,0.01,0.0,0.0,6.0384,5.75,0.0,SWPW,2026-10-02 16:20:00+00:00
10/02/2026 11:45:00,10/02/2026 16:45:00,SWPW,18.763,38.7401,5.0,0.01,0.0,0.0,6.0384,5.75,0.0,SWPW,2026-10-02 16:45:00+00:00
10/02/2026 11:55:00,10/02/2026 16:55:00,SWPW,18.763,38.731,5.0,0.01,0.0,0.0,6.0384,5.75,0.0,SWPW,2026-10-02 16:55:00+00:00
10/02/2026 12:15:00,10/02/2026 17:15:00,SWPW,18.5935,38.8824,5.0,0.01,0.0,0.0,6.0384,5.75,0.0,SWPW,2026-10-02 17:15:00+00:00
10/02/2026 12:35:00,10/02/2026 17:35:00,SWPW,18.5935,38.8956,5.0,0.01,0.0,0.0,6.0384,5.75,0.0,SWPW,2026-10-02 17:35:00+00:00
10/02/2026 12:45:00,10/02/2026 17:45:00,SWPW,18.5935,38.8897,5.0,0.01,0.0,0.0,6.0384,5.75,0.0,SWPW,2026-10-02 17:45:00+00:00
10/02/2026 12:55:00,10/02/2026 17:55:00,SWPW,18.5935,38.8953,5.0,0.01,0.0,0.0,6.0384,5.75,0.0,SWPW,2026-10-02 17:55:00+00:00
10/02/2026 13:20:00,10/02/2026 18:20:00,SWPW,18.9645,39.604,5.0,0.01,0.0,0.0,6.0384,5.75,0.0,SWPW,2026-10-02 18:20:00+00:00
10/02/2026 13:45:00,10/02/2026 18:45:00,SWPW,18.9645,39.604,5.0,0.01,0.0,0.0,6.0384,5.75,0.0,SWPW,2026-10-02 18:45:00+00:00
10/02/2026 14:00:00,10/02/2026 19:00:00,SWPW,18.9645,39.604,5.0,0.01,0.0,0.0,6.0384,5.75,0.0,SWPW,2026-10-02 19:00:00+00:00
10/02/2026 14:20:00,10/02/2026 19:20:00,SWPW,45.998,45.742,5.0,0.01,0.0,0.0,6.0384,5.75,0.0,SWPW,2026-10-02 19:20:00+00:00
10/02/2026 14:35:00,10/02/2026 19:35:00,SWPW,25.998,45.742,5.0,0.01,0.0,0.0,6.0384,5.75,0.0,SWPW,2026-10-02 19:35:00+00:00
10/02/2026 14:45:00,10/02/2026 19:45:00,SWPW,25.998,45.742,5.0,0.01,0.0,0.0,6.0384,5.75,0.0,SWPW,2026-10-02 19:45:00+00:00
10/02/2026 14:55:00,10/02/2026 19:55:00,SWPW,25.998,45.742,5.0,0.01,0.0,0.0,6.0384,5.75,0.0,SWPW,2026-10-02 19:55:00+00:00
10/02/2026 15:20:00,10/02/2026 20:20:00,SWPW,49.168,48.838,5.0,0.01,0.0,0.0,6.0384,5.75,0.0,SWPW,2026-10-02 20:20:00+00:00
10/02/2026 15:35:00,10/02/2026 20:35:00,SWPW,49.168,48.838,5.0,0.01,0.0,0.0,6.0384,5.75,0.0,SWPW,2026-10-02 20:35:00+00:00
10/02/2026 15:55:00,10/02/2026 20:55:00,SWPW,49.168,48.838,5.0,0.01,0.0,0.0,6.0384,5.75,0.0,SWPW,2026-10-02 20:55:00+00:00
10/02/2026 16:15:00,10/02/2026 21:15:00,SWPW,31.3522,56.843,5.0,0.01,0.0,0.0,6.0384,5.75,0.0,SWPW,2026-10-02 21:15:00+00:00
10/02/2026 16:30:00,10/02/2026 21:30:00,SWPW,23.891,52.2729,5.0,0.01,0.0,0.0,6.0384,5.75,0.0,SWPW,2026-10-02 21:30:00+00:00
10/02/2026 16:45:00,10/02/2026 21:45:00,SWPW,23.84,49.3287,5.0,0.01,0.0,0.0,6.0384,5.75,0.0,SWPW,2026-10-02 21:45:00+00:00
10/02/2026 16:55:00,10/02/2026 21:55:00,SWPW,23.7997,49.3288,5.0,0.01,0.0,0.0,6.0384,5.75,0.0,SWPW,2026-10-02 21:55:00+00:00
10/02/2026 17:15:00,10/02/2026 22:15:00,SWPW,19.0095,47.2819,5.0,0.01,0.0,0.0,6.0384,5.75,0.0,SWPW,2026-10-02 22:15:00+00:00
10/02/2026 17:35:00,10/02/2026 22:35:00,SWPW,19.0095,44.4436,5.0,0.01,0.0,0.0,6.0384,5.75,0.0,SWPW,2026-10-02 22:35:00+00:00
10/02/2026 17:45:00,10/02/2026 22:45:00,SWPW,19.0095,44.4419,5.0,0.01,0.0,0.0,6.0384,5.75,0.0,SWPW,2026-10-02 22:45:00+00:00
10/02/2026 17:55:00,10/02/2026 22:55:00,SWPW,21.0095,44.4497,5.0,0.01,2.0,0.0,6.0384,5.75,2.0,SWPW,2026-10-02 22:55:00+00:00
10/02/2026 18:15:00,10/02/2026 23:15:00,SWPW,19.0245,45.782,5.0,0.01,0.0,0.0,6.0384,5.75,0.0,SWPW,2026-10-02 23:15:00+00:00
10/02/2026 18:30:00,10/02/2026 23:30:00,SWPW,32.649,27.941,5.0,0.01,13.6245,0.0,14.6246,5.75,6.6245,SWPW,2026-10-02 23:30:00+00:00
10/02/2026 18:40:00,10/02/2026 23:40:00,SWPW,25.649,43.1801,5.0,0.01,6.6245,0.0,7.6246,5.75,6.6245,SWPW,2026-10-02 23:40:00+00:00
10/02/2026 18:50:00,10/02/2026 23:50:00,SWPW,27.328,31.7739,5.0,0.01,8.3035,0.0,9.3036,5.75,6.6245,SWPW,2026-10-02 23:50:00+00:00
10/02/2026 19:40:00,10/03/2026 00:40:00,SWPW,52.048,18.477,5.0,0.01,33.0,0.0,34.0001,5.75,0.0,SWPW,2026-10-03 00:40:00+00:00
10/02/2026 20:20:00,10/03/2026 01:20:00,SWPW,22.5712,18.3415,5.0,0.01,3.8282,0.0,6.0384,5.75,0.0,SWPW,2026-10-03 01:20:00+00:00
10/02/2026 20:45:00,10/03/2026 01:45:00,SWPW,18.743,18.3415,5.0,0.01,0.0,0.0,6.0384,5.75,0.0,SWPW,2026-10-03 01:45:00+00:00
10/02/2026 21:05:00,10/03/2026 02:05:00,SWPW,18.6125,18.44,5.0,0.01,0.0,0.0,6.0384,5.75,0.0,SWPW,2026-10-03 02:05:00+00:00
10/02/2026 21:40:00,10/03/2026 02:40:00,SWPW,6.3725,1.001,0.01,0.01,5.75,0.0,5.76,5.75,0.0,SWPW,2026-10-03 02:40:00+00:00
10/02/2026 22:10:00,10/03/2026 03:10:00,SWPW,69.5092,9.4821,0.01,0.0,66.0,0.0,66.2884,5.75,0.0,SWPW,2026-10-03 03:10:00+00:00
10/02/2026 22:45:00,10/03/2026 03:45:00,SWPW,0.8166,12.7739,0.01,5.0,0.0,0.0,0.0001,0.0,0.0,SWPW,2026-10-03 03:45:00+00:00
10/02/2026 23:05:00,10/03/2026 04:05:00,SWPW,18.95,18.3505,5.0,0.01,0.0,0.0,6.0384,5.75,0.0,SWPW,2026-10-03 04:05:00+00:00
10/02/2026 23:55:00,10/03/2026 04:55:00,SWPW,18.95,24.0758,5.0,0.01,0.0,0.0,6.0384,5.75,0.0,SWPW,2026-10-03 04:55:00+00:00
10/03/2026 00:15:00,10/03/2026 05:15:00,SWPW,18.932,18.2815,5.0,6.58,0.0,0.0,6.0384,5.75,0.0,SWPW,2026-10-03 05:15:00+00:00
10/03/2026 00:45:00,10/03/2026 05:45:00,SWPW,30.932,30.2815,5.0,6.58,0.0,0.0,6.0384,5.75,0.0,SWPW,2026-10-03 05:45:00+00:00
10/03/2026 00:55:00,10/03/2026 05:55:00,SWPW,30.932,18.2815,5.0,6.58,0.0,0.0,6.0384,5.75,0.0,SWPW,2026-10-03 05:55:00+00:00
10/03/2026 01:30:00,10/03/2026 06:30:00,SWPW,33.9864,28.397,5.0,6.58,5.0384,0.0,6.0384,5.75,0.0,SWPW,2026-10-03 06:30:00+00:00
10/03/2026 02:05:00,10/03/2026 07:05:00,SWPW,24.721,18.4955,0.01,0.01,0.0,0.0,6.0384,5.75,0.0,SWPW,2026-10-03 07:05:00+00:00
10/03/2026 02:35:00,10/03/2026 07:35:00,SWPW,24.721,18.4955,0.01,0.01,0.0,0.0,6.0384,5.75,0.0,SWPW,2026-10-03 07:35:00+00:00
10/03/2026 02:55:00,10/03/2026 07:55:00,SWPW,24.721,18.4955,0.01,0.01,0.0,0.0,6.0384,5.75,0.0,SWPW,2026-10-03 07:55:00+00:00
10/03/2026 03:20:00,10/03/2026 08:20:00,SWPW,18.4675,18.3875,0.01,0.01,0.0,0.0,6.0384,5.75,0.0,SWPW,2026-10-03 08:20:00+00:00
10/03/2026 03:50:00,10/03/2026 08:50:00,SWPW,24.4675,18.3875,0.01,0.01,0.0,0.0,6.0384,5.75,0.0,SWPW,2026-10-03 08:50:00+00:00
10/03/2026 04:15:00,10/03/2026 09:15:00,SWPW,450.4153,447.0,0.01,5.0,66.0,0.0,47.3897,5.75,0.0,SWPW,2026-10-03 09:15:00+00:00
10/03/2026 04:35:00,10/03/2026 09:35:00,SWPW,72.423,73.9054,0.01,5.0,66.0,0.0,48.0285,5.75,0.0,SWPW,2026-10-03 09:35:00+00:00
10/03/2026 04:50:00,10/03/2026 09:50:00,SWPW,79.2819,73.7747,0.01,5.0,66.0,0.0,54.8875,5.75,0.0,SWPW,2026-10-03 09:50:00+00:00
10/03/2026 05:15:00,10/03/2026 10:15:00,SWPW,462.3798,447.0,0.01,5.0,66.0,0.0,56.9754,5.75,0.0,SWPW,2026-10-03 10:15:00+00:00
10/03/2026 05:30:00,10/03/2026 10:30:00,SWPW,83.2661,75.7745,0.01,5.0,66.0,0.0,54.7652,5.75,0.0,SWPW,2026-10-03 10:30:00+00:00
10/03/2026 05:55:00,10/03/2026 10:55:00,SWPW,82.965,75.7637,0.01,5.0,66.0,0.0,54.4641,5.75,0.0,SWPW,2026-10-03 10:55:00+00:00
10/03/2026 06:30:00,10/03/2026 11:30:00,SWPW,88.0632,69.2661,0.01,5.0,66.0,0.0,54.4638,5.75,0.0,SWPW,2026-10-03 11:30:00+00:00
10/03/2026 08:20:00,10/03/2026 13:20:00,SWPW,18.2925,22.771,0.01,0.01,0.0,0.0,6.0384,5.75,0.0,SWPW,2026-10-03 13:20:00+00:00
10/03/2026 09:45:00,10/03/2026 14:45:00,SWPW,15.0285,38.6011,0.01,0.01,0.0,0.0,6.0384,5.75,0.0,SWPW,2026-10-03 14:45:00+00:00
10/03/2026 11:00:00,10/03/2026 16:00:00,SWPW,18.645,37.7706,0.01,0.01,0.0,0.0,6.0384,5.75,0.0,SWPW,2026-10-03 16:00:00+00:00
10/03/2026 12:30:00,10/03/2026 17:30:00,SWPW,13.1266,35.6265,0.01,0.01,0.0,0.0,6.0384,5.75,0.0,SWPW,2026-10-03 17:30:00+00:00
10/03/2026 13:30:00,10/03/2026 18:30:00,SWPW,18.9645,38.604,5.0,5.0,0.0,0.0,18.0,5.75,0.0,SWPW,2026-10-03 18:30:00+00:00
10/03/2026 14:30:00,10/03/2026 19:30:00,SWPW,18.998,44.742,5.0,5.0,0.0,0.0,18.0,5.75,0.0,SWPW,2026-10-03 19:30:00+00:00
10/03/2026 15:25:00,10/03/2026 20:25:00,SWPW,23.1695,28.2813,5.0,0.01,4.0015,0.0,6.0384,5.75,0.0,SWPW,2026-10-03 20:25:00+00:00
10/03/2026 16:35:00,10/03/2026 21:35:00,SWPW,23.3397,27.9734,0.01,0.01,12.6309,0.0,13.6311,5.75,0.0,SWPW,2026-10-03 21:35:00+00:00
10/03/2026 17:40:00,10/03/2026 22:40:00,SWPW,15.0285,40.4628,6.58,0.01,0.0,0.0,6.0384,5.75,0.0,SWPW,2026-10-03 22:40:00+00:00
10/03/2026 18:40:00,10/03/2026 23:40:00,SWPW,57.49,70.7505,5.0,0.0,0.0,0.0,6.0384,5.75,0.0,SWPW,2026-10-03 23:40:00+00:00
10/03/2026 19:35:00,10/04/2026 00:35:00,SWPW,840.4452,40.3019,0.01,0.01,198.0,0.0,240.4452,5.75,0.0,SWPW,2026-10-04 00:35:00+00:00
10/03/2026 20:55:00,10/04/2026 01:55:00,SWPW,40.9381,52.3415,0.01,0.01,0.0,0.0,6.0384,5.75,0.0,SWPW,2026-10-04 01:55:00+00:00
10/03/2026 22:00:00,10/04/2026 03:00:00,SWPW,66.2637,42.44,0.01,5.0,0.0,0.0,6.5412,0.0,0.0,SWPW,2026-10-04 03:00:00+00:00
10/03/2026 23:30:00,10/04/2026 04:30:00,SWPW,30.3013,31.3505,6.58,0.0,0.0,0.0,6.0384,5.75,0.0,SWPW,2026-10-04 04:30:00+00:00
10/04/2026 01:15:00,10/04/2026 06:15:00,SWPW,9.0019,23.2052,0.01,0.01,0.0,0.0,9.0,5.75,0.0,SWPW,2026-10-04 06:15:00+00:00
10/04/2026 03:30:00,10/04/2026 08:30:00,SWPW,6.5421,23.3875,0.01,6.58,0.0,0.0,5.2156,0.0,0.0,SWPW,2026-10-04 08:30:00+00:00
10/04/2026 05:40:00,10/04/2026 10:40:00,SWPW,6.5422,28.1163,0.01,0.0,0.0,0.0,6.5412,0.0,0.0,SWPW,2026-10-04 10:40:00+00:00
10/04/2026 07:25:00,10/04/2026 12:25:00,SWPW,6.542,10.8143,0.01,6.58,0.0,0.0,1.0003,0.0,0.0,SWPW,2026-10-04 12:25:00+00:00
10/04/2026 09:25:00,10/04/2026 14:25:00,SWPW,9.9438,27.9971,0.01,0.01,0.0,0.0,1.0001,0.0,0.0,SWPW,2026-10-04 14:25:00+00:00
10/04/2026 11:00:00,10/04/2026 16:00:00,SWPW,18.645,38.6051,0.01,0.01,0.0,0.0,1.0001,0.0,0.0,SWPW,2026-10-04 16:00:00+00:00
10/04/2026 12:35:00,10/04/2026 17:35:00,SWPW,9.9438,21.0743,0.01,0.01,0.0,0.0,1.0001,0.0,0.0,SWPW,2026-10-04 17:35:00+00:00
10/04/2026 13:20:00,10/04/2026 18:20:00,SWPW,9.9445,27.1621,0.01,0.0,0.0,0.0,2.8558,2.5672,0.0,SWPW,2026-10-04 18:20:00+00:00
10/04/2026 14:40:00,10/04/2026 19:40:00,SWPW,9.9446,25.2684,0.01,0.01,0.0,0.0,2.8558,2.5672,0.0,SWPW,2026-10-04 19:40:00+00:00
10/04/2026 15:35:00,10/04/2026 20:35:00,SWPW,13.1278,22.9634,0.01,0.01,0.0,0.0,13.1254,5.75,0.0,SWPW,2026-10-04 20:35:00+00:00
10/04/2026 16:20:00,10/04/2026 21:20:00,SWPW,13.1273,45.7799,0.01,0.01,0.0,0.0,9.9427,5.75,0.0,SWPW,2026-10-04 21:20:00+00:00
10/04/2026 16:45:00,10/04/2026 21:45:00,SWPW,12.2783,36.4399,0.01,0.01,0.0,0.0,5.1895,4.901,0.0,SWPW,2026-10-04 21:45:00+00:00
10/04/2026 16:55:00,10/04/2026 21:55:00,SWPW,12.3106,36.4397,0.01,0.01,0.0,0.0,5.2219,4.9333,0.0,SWPW,2026-10-04 21:55:00+00:00
10/04/2026 17:15:00,10/04/2026 22:15:00,SWPW,16.4858,48.7029,6.58,0.01,6.5412,0.0,7.5413,5.75,6.5412,SWPW,2026-10-04 22:15:00+00:00
10/04/2026 17:30:00,10/04/2026 22:30:00,SWPW,16.4858,40.6114,6.58,0.01,6.5412,0.0,7.5413,5.75,6.5412,SWPW,2026-10-04 22:30:00+00:00
10/04/2026 17:45:00,10/04/2026 22:45:00,SWPW,16.4858,32.1991,6.58,0.01,6.5412,0.0,7.5413,5.75,6.5412,SWPW,2026-10-04 22:45:00+00:00
10/04/2026 17:50:00,10/04/2026 22:50:00,SWPW,16.4858,32.2245,6.58,0.01,6.5412,0.0,7.5413,5.75,6.5412,SWPW,2026-10-04 22:50:00+00:00
10/04/2026 18:30:00,10/04/2026 23:30:00,SWPW,13.1275,18.7505,6.58,0.01,0.0,0.0,6.0384,5.75,0.0,SWPW,2026-10-04 23:30:00+00:00
10/04/2026 18:45:00,10/04/2026 23:45:00,SWPW,13.1275,18.7505,6.58,0.01,3.1828,0.0,6.0384,5.75,3.1829,SWPW,2026-10-04 23:45:00+00:00
10/04/2026 18:50:00,10/04/2026 23:50:00,SWPW,16.4858,18.7505,6.58,0.01,6.5412,0.0,7.5413,5.75,6.5412,SWPW,2026-10-04 23:50:00+00:00
10/04/2026 19:45:00,10/05/2026 00:45:00,SWPW,17.5943,27.8762,0.0,0.0,2.5385,0.0,6.0384,5.75,0.0,SWPW,2026-10-05 00:45:00+00:00
10/04/2026 20:40:00,10/05/2026 01:40:00,SWPW,13.1269,32.5619,0.01,0.01,2.5809,0.0,6.0384,5.75,0.0,SWPW,2026-10-05 01:40:00+00:00
10/04/2026 21:10:00,10/05/2026 02:10:00,SWPW,11.5719,30.9516,0.01,0.01,0.0,0.0,4.4839,4.1953,0.0,SWPW,2026-10-05 02:10:00+00:00
10/04/2026 21:50:00,10/05/2026 02:50:00,SWPW,13.1267,28.7392,0.01,0.01,0.0,0.0,6.0384,5.75,0.0,SWPW,2026-10-05 02:50:00+00:00
10/04/2026 22:25:00,10/05/2026 03:25:00,SWPW,12.6745,26.8451,0.01,0.01,0.0,0.0,9.9426,5.75,0.0,SWPW,2026-10-05 03:25:00+00:00
10/04/2026 22:55:00,10/05/2026 03:55:00,SWPW,9.9442,25.4895,0.01,0.01,0.0,0.0,7.9269,5.75,0.0,SWPW,2026-10-05 03:55:00+00:00
10/04/2026 23:25:00,10/05/2026 04:25:00,SWPW,9.9445,25.5366,0.01,0.01,0.0,0.0,9.9426,5.75,0.0,SWPW,2026-10-05 04:25:00+00:00
10/05/2026 00:10:00,10/05/2026 05:10:00,SWPW,9.9445,89.5244,0.01,6.58,0.0,0.0,2.8558,2.5672,0.0,SWPW,2026-10-05 05:10:00+00:00
10/05/2026 00:40:00,10/05/2026 05:40:00,SWPW,11.2237,29.2815,0.01,0.01,0.0,0.0,4.135,3.8465,0.0,SWPW,2026-10-05 05:40:00+00:00
10/05/2026 01:55:00,10/05/2026 06:55:00,SWPW,14.1273,27.397,0.01,6.58,0.0,0.0,7.0384,6.75,0.0,SWPW,2026-10-05 06:55:00+00:00
10/05/2026 02:40:00,10/05/2026 07:40:00,SWPW,14.1269,24.4955,0.01,5.0,0.0,0.0,7.0384,6.75,0.0,SWPW,2026-10-05 07:40:00+00:00
10/05/2026 03:10:00,10/05/2026 08:10:00,SWPW,14.1264,53.0086,0.01,5.0,0.0,0.0,7.0384,6.75,0.0,SWPW,2026-10-05 08:10:00+00:00
10/05/2026 03:50:00,10/05/2026 08:50:00,SWPW,14.1264,23.3875,0.01,5.0,0.0,0.0,7.0384,6.75,0.0,SWPW,2026-10-05 08:50:00+00:00
10/05/2026 04:30:00,10/05/2026 09:30:00,SWPW,14.1262,25.366,0.01,5.0,0.0,0.0,7.0384,6.75,0.0,SWPW,2026-10-05 09:30:00+00:00
10/05/2026 04:55:00,10/05/2026 09:55:00,SWPW,14.1262,25.366,0.01,5.0,0.0,0.0,7.0384,6.75,0.0,SWPW,2026-10-05 09:55:00+00:00
10/05/2026 05:20:00,10/05/2026 10:20:00,SWPW,29.501,42.1987,0.01,6.58,0.0,0.0,1.0,0.0,0.0,SWPW,2026-10-05 10:20:00+00:00
10/05/2026 05:45:00,10/05/2026 10:45:00,SWPW,29.501,29.331,0.01,6.58,0.0,0.0,1.0,0.0,0.0,SWPW,2026-10-05 10:45:00+00:00
10/05/2026 06:00:00,10/05/2026 11:00:00,SWPW,29.501,78.8648,0.01,6.58,0.0,0.0,1.0001,0.0,0.0,SWPW,2026-10-05 11:00:00+00:00
10/05/2026 06:15:00,10/05/2026 11:15:00,SWPW,14.1266,80.1253,0.01,5.0,0.0,0.0,7.0384,6.75,0.0,SWPW,2026-10-05 11:15:00+00:00
10/05/2026 06:35:00,10/05/2026 11:35:00,SWPW,14.1266,61.7888,0.01,5.0,0.0,0.0,7.0384,6.75,0.0,SWPW,2026-10-05 11:35:00+00:00
10/05/2026 06:55:00,10/05/2026 11:55:00,SWPW,14.1266,33.3055,0.01,5.0,0.0,0.0,7.0384,6.75,0.0,SWPW,2026-10-05 11:55:00+00:00
10/05/2026 07:25:00,10/05/2026 12:25:00,SWPW,30.1213,25.4625,0.01,6.58,8.0204,0.0,9.0206,7.0646,0.0,SWPW,2026-10-05 12:25:00+00:00
10/05/2026 07:55:00,10/05/2026 12:55:00,SWPW,157.404,25.4625,0.01,6.58,132.0,0.0,133.0001,7.0646,0.0,SWPW,2026-10-05 12:55:00+00:00
10/05/2026 08:25:00,10/05/2026 13:25:00,SWPW,16.2962,22.771,0.01,0.01,6.353,0.0,7.353,7.0646,0.0,SWPW,2026-10-05 13:25:00+00:00
10/05/2026 08:50:00,10/05/2026 13:50:00,SWPW,14.126,25.9751,0.01,0.01,0.0,0.0,7.0384,6.75,0.0,SWPW,2026-10-05 13:50:00+00:00
10/05/2026 09:20:00,10/05/2026 14:20:00,SWPW,14.1266,21.831,0.01,0.01,0.0,0.0,7.0384,6.75,0.0,SWPW,2026-10-05 14:20:00+00:00
10/05/2026 09:50:00,10/05/2026 14:50:00,SWPW,14.1266,21.831,0.01,0.01,0.0,0.0,7.0384,6.75,0.0,SWPW,2026-10-05 14:50:00+00:00
10/05/2026 10:00:00,10/05/2026 15:00:00,SWPW,13.8168,35.8291,0.01,0.01,0.0,0.0,6.7288,6.4403,0.0,SWPW,2026-10-05 15:00:00+00:00
10/05/2026 10:25:00,10/05/2026 15:25:00,SWPW,14.4413,23.7005,0.01,0.01,4.4974,0.0,7.353,7.0646,0.0,SWPW,2026-10-05 15:25:00+00:00
10/05/2026 10:45:00,10/05/2026 15:45:00,SWPW,14.1267,37.8614,0.01,0.01,0.0,0.0,7.0384,6.75,0.0,SWPW,2026-10-05 15:45:00+00:00
10/05/2026 10:55:00,10/05/2026 15:55:00,SWPW,14.1267,23.7005,0.01,0.01,1.5501,0.0,7.0384,6.75,0.0,SWPW,2026-10-05 15:55:00+00:00
10/05/2026 11:20:00,10/05/2026 16:20:00,SWPW,14.127,26.6763,0.01,0.01,0.0,0.0,7.0384,6.75,0.0,SWPW,2026-10-05 16:20:00+00:00
10/05/2026 11:45:00,10/05/2026 16:45:00,SWPW,14.127,39.9718,0.01,0.01,0.0,0.0,7.0384,6.75,0.0,SWPW,2026-10-05 16:45:00+00:00
10/05/2026 12:00:00,10/05/2026 17:00:00,SWPW,14.4416,26.6505,0.01,0.01,3.3237,0.0,7.353,7.0646,0.0,SWPW,2026-10-05 17:00:00+00:00
10/05/2026 12:15:00,10/05/2026 17:15:00,SWPW,14.1266,41.2834,0.01,0.01,1.99,0.0,7.0384,6.75,0.0,SWPW,2026-10-05 17:15:00+00:00
10/05/2026 12:35:00,10/05/2026 17:35:00,SWPW,14.1266,31.758,0.01,0.01,4.1828,0.0,7.0384,6.75,0.0,SWPW,2026-10-05 17:35:00+00:00
10/05/2026 12:45:00,10/05/2026 17:45:00,SWPW,15.0406,31.758,0.01,0.01,5.0968,0.0,7.9523,7.6639,0.0,SWPW,2026-10-05 17:45:00+00:00
10/05/2026 12:55:00,10/05/2026 17:55:00,SWPW,14.1266,41.5983,0.01,0.01,0.0,0.0,7.0384,6.75,0.0,SWPW,2026-10-05 17:55:00+00:00
10/05/2026 13:25:00,10/05/2026 18:25:00,SWPW,14.1274,37.604,6.58,6.58,0.0,0.0,7.0384,6.75,0.0,SWPW,2026-10-05 18:25:00+00:00
10/05/2026 13:50:00,10/05/2026 18:50:00,SWPW,14.1274,37.604,6.58,6.58,0.0,0.0,7.0384,6.75,0.0,SWPW,2026-10-05 18:50:00+00:00
10/05/2026 14:15:00,10/05/2026 19:15:00,SWPW,18.8619,43.742,6.58,0.01,0.0,0.0,11.7728,11.4845,0.0,SWPW,2026-10-05 19:15:00+00:00
10/05/2026 15:05:00,10/05/2026 20:05:00,SWPW,21.5383,46.838,0.01,0.0,0.0,0.0,14.4489,14.1606,0.0,SWPW,2026-10-05 20:05:00+00:00
10/05/2026 15:30:00,10/05/2026 20:30:00,SWPW,22.057,46.838,0.01,0.0,0.0,0.0,14.9676,14.6792,0.0,SWPW,2026-10-05 20:30:00+00:00
10/05/2026 15:45:00,10/05/2026 20:45:00,SWPW,26.168,39.5107,6.58,0.0,0.0,0.0,19.0786,18.7902,0.0,SWPW,2026-10-05 20:45:00+00:00
10/05/2026 15:55:00,10/05/2026 20:55:00,SWPW,21.4795,46.838,0.01,0.0,0.0,0.0,14.3901,14.1017,0.0,SWPW,2026-10-05 20:55:00+00:00
10/05/2026 16:15:00,10/05/2026 21:15:00,SWPW,31.7932,54.843,5.0,0.01,2.2621,0.0,9.6151,9.3266,2.2621,SWPW,2026-10-05 21:15:00+00:00
10/05/2026 16:35:00,10/05/2026 21:35:00,SWPW,28.5744,54.843,5.0,0.01,0.0,0.0,7.353,7.0646,0.0,SWPW,2026-10-05 21:35:00+00:00
10/05/2026 16:45:00,10/05/2026 21:45:00,SWPW,36.246,54.843,5.0,0.01,6.5412,0.0,13.8942,13.6058,6.5412,SWPW,2026-10-05 21:45:00+00:00
10/05/2026 16:55:00,10/05/2026 21:55:00,SWPW,29.2334,54.843,5.0,0.01,0.0,0.0,7.353,7.0646,0.0,SWPW,2026-10-05 21:55:00+00:00
10/05/2026 17:15:00,10/05/2026 22:15:00,SWPW,61.2976,77.4339,5.0,6.58,23.0,0.0,30.353,30.0646,23.0,SWPW,2026-10-05 22:15:00+00:00
10/05/2026 17:30:00,10/05/2026 22:30:00,SWPW,89.957,77.1084,5.0,6.58,66.0,0.0,58.2884,58.0,157.0,SWPW,2026-10-05 22:30:00+00:00
10/05/2026 17:45:00,10/05/2026 22:45:00,SWPW,64.7415,77.3791,5.0,6.58,26.3576,0.0,33.7106,33.4221,157.0,SWPW,2026-10-05 22:45:00+00:00
10/05/2026 17:55:00,10/05/2026 22:55:00,SWPW,50.3172,77.5295,5.0,6.58,11.9999,0.0,19.3529,19.0645,6.5412,SWPW,2026-10-05 22:55:00+00:00
10/05/2026 18:15:00,10/05/2026 23:15:00,SWPW,70.0245,82.1816,5.0,0.01,0.0,0.0,7.3529,7.0645,0.0,SWPW,2026-10-05 23:15:00+00:00
10/05/2026 18:30:00,10/05/2026 23:30:00,SWPW,235.0245,63.0315,5.0,0.01,165.0,0.0,172.3529,172.0645,6.5412,SWPW,2026-10-05 23:30:00+00:00
10/05/2026 18:40:00,10/05/2026 23:40:00,SWPW,235.0245,63.585,5.0,0.01,165.0,0.0,172.3529,172.0645,6.5412,SWPW,2026-10-05 23:40:00+00:00
10/05/2026 18:50:00,10/05/2026 23:50:00,SWPW,169.0245,74.2135,5.0,0.01,99.0,0.0,106.3529,106.0645,157.0,SWPW,2026-10-05 23:50:00+00:00
10/05/2026 19:45:00,10/06/2026 00:45:00,SWPW,63.048,70.0174,0.01,0.01,0.0,0.0,7.3529,7.0645,0.0,SWPW,2026-10-06 00:45:00+00:00
10/05/2026 20:20:00,10/06/2026 01:20:00,SWPW,13.6296,27.0376,0.01,0.01,0.0,0.0,6.5412,6.2527,0.0,SWPW,2026-10-06 01:20:00+00:00
10/05/2026 20:55:00,10/06/2026 01:55:00,SWPW,13.6296,34.052,0.01,0.01,0.0,0.0,6.5412,6.2527,0.0,SWPW,2026-10-06 01:55:00+00:00
10/05/2026 21:25:00,10/06/2026 02:25:00,SWPW,20.855,40.9768,0.01,0.01,0.0,0.0,6.75,6.75,0.0,SWPW,2026-10-06 02:25:00+00:00
10/05/2026 21:50:00,10/06/2026 02:50:00,SWPW,20.9874,41.2377,0.01,0.01,0.0,0.0,6.75,6.75,0.0,SWPW,2026-10-06 02:50:00+00:00
10/05/2026 22:20:00,10/06/2026 03:20:00,SWPW,9.5226,0.4896,0.01,5.0,0.0,0.0,0.2884,0.0,0.0,SWPW,2026-10-06 03:20:00+00:00
10/05/2026 22:50:00,10/06/2026 03:50:00,SWPW,29.8165,29.4895,0.01,5.0,0.0,0.0,6.5412,0.0,0.0,SWPW,2026-10-06 03:50:00+00:00
10/05/2026 23:20:00,10/06/2026 04:20:00,SWPW,25.95,31.3505,0.01,5.0,0.0,0.0,1.0001,0.0,0.0,SWPW,2026-10-06 04:20:00+00:00
10/05/2026 23:50:00,10/06/2026 04:50:00,SWPW,25.95,31.3505,0.01,5.0,0.0,0.0,3.2863,0.0,0.0,SWPW,2026-10-06 04:50:00+00:00
10/06/2026 00:00:00,10/06/2026 05:00:00,SWPW,48.3287,31.3505,0.01,5.0,0.0,0.0,6.5412,2.5801,0.0,SWPW,2026-10-06 05:00:00+00:00
10/06/2026 00:25:00,10/06/2026 05:25:00,SWPW,9.9445,28.2815,0.01,0.0,0.0,0.0,2.8558,2.5672,0.0,SWPW,2026-10-06 05:25:00+00:00
10/06/2026 00:45:00,10/06/2026 05:45:00,SWPW,8.0889,28.2815,0.01,0.0,0.0,0.0,1.0001,0.7117,0.0,SWPW,2026-10-06 05:45:00+00:00
10/06/2026 00:55:00,10/06/2026 05:55:00,SWPW,8.0889,28.2815,0.01,0.0,0.0,0.0,1.0001,0.7116,0.0,SWPW,2026-10-06 05:55:00+00:00
10/06/2026 01:30:00,10/06/2026 06:30:00,SWPW,25.948,26.397,0.01,5.0,0.0,0.0,1.0,0.0,0.0,SWPW,2026-10-06 06:30:00+00:00
10/06/2026 02:00:00,10/06/2026 07:00:00,SWPW,25.948,26.397,0.01,5.0,0.0,0.0,1.0,0.0,0.0,SWPW,2026-10-06 07:00:00+00:00
10/06/2026 02:30:00,10/06/2026 07:30:00,SWPW,24.721,24.4955,0.01,5.0,0.0,0.0,7.2456,5.75,0.0,SWPW,2026-10-06 07:30:00+00:00
10/06/2026 02:50:00,10/06/2026 07:50:00,SWPW,24.721,24.4955,0.01,5.0,0.0,0.0,7.3754,0.0,0.0,SWPW,2026-10-06 07:50:00+00:00
10/06/2026 03:25:00,10/06/2026 08:25:00,SWPW,23.4675,23.3875,0.01,5.0,0.0,0.0,6.5413,0.0,0.0,SWPW,2026-10-06 08:25:00+00:00
10/06/2026 03:50:00,10/06/2026 08:50:00,SWPW,23.4675,23.3875,0.01,5.0,0.0,0.0,1.0001,0.0,0.0,SWPW,2026-10-06 08:50:00+00:00
10/06/2026 04:20:00,10/06/2026 09:20:00,SWPW,25.3945,25.366,0.01,5.0,0.0,0.0,1.0,0.0,0.0,SWPW,2026-10-06 09:20:00+00:00
10/06/2026 04:45:00,10/06/2026 09:45:00,SWPW,25.3945,28.539,0.01,5.0,0.0,0.0,1.0,0.0,0.0,SWPW,2026-10-06 09:45:00+00:00
10/06/2026 04:55:00,10/06/2026 09:55:00,SWPW,25.3945,25.366,0.01,5.0,0.0,0.0,1.0002,0.0,0.0,SWPW,2026-10-06 09:55:00+00:00
10/06/2026 05:15:00,10/06/2026 10:15:00,SWPW,28.501,28.331,0.01,6.58,0.0,0.0,1.0,0.0,0.0,SWPW,2026-10-06 10:15:00+00:00
10/06/2026 05:45:00,10/06/2026 10:45:00,SWPW,28.501,34.9921,0.01,6.58,0.0,0.0,1.0,0.0,0.0,SWPW,2026-10-06 10:45:00+00:00
10/06/2026 05:55:00,10/06/2026 10:55:00,SWPW,28.501,52.7492,0.01,6.58,0.0,0.0,1.0,0.0,0.0,SWPW,2026-10-06 10:55:00+00:00
10/06/2026 06:15:00,10/06/2026 11:15:00,SWPW,13.1266,74.5832,0.01,5.0,0.0,0.0,6.0384,5.75,0.0,SWPW,2026-10-06 11:15:00+00:00
10/06/2026 06:35:00,10/06/2026 11:35:00,SWPW,13.1266,33.3055,0.01,5.0,0.0,0.0,6.0384,5.75,0.0,SWPW,2026-10-06 11:35:00+00:00
10/06/2026 06:45:00,10/06/2026 11:45:00,SWPW,13.1266,33.3055,0.01,5.0,0.0,0.0,6.0384,5.75,0.0,SWPW,2026-10-06 11:45:00+00:00
10/06/2026 06:55:00,10/06/2026 11:55:00,SWPW,13.1266,33.3055,0.01,5.0,0.0,0.0,6.0384,5.75,0.0,SWPW,2026-10-06 11:55:00+00:00
10/06/2026 07:25:00,10/06/2026 12:25:00,SWPW,31.7651,27.4625,5.0,0.01,0.0,0.0,1.0002,0.0,0.0,SWPW,2026-10-06 12:25:00+00:00
10/06/2026 07:50:00,10/06/2026 12:50:00,SWPW,35.1261,27.4625,5.0,5.0,0.0,0.0,1.0002,0.0,0.0,SWPW,2026-10-06 12:50:00+00:00
10/06/2026 08:20:00,10/06/2026 13:20:00,SWPW,48.0719,22.771,5.0,0.01,0.0,0.0,3.3538,2.8224,0.0,SWPW,2026-10-06 13:20:00+00:00
10/06/2026 08:45:00,10/06/2026 13:45:00,SWPW,23.7983,18.771,5.0,0.01,0.0,0.0,1.0003,0.0,0.0,SWPW,2026-10-06 13:45:00+00:00
10/06/2026 08:55:00,10/06/2026 13:55:00,SWPW,22.2925,22.771,5.0,5.0,0.0,0.0,1.0001,0.0,0.0,SWPW,2026-10-06 13:55:00+00:00
10/06/2026 09:20:00,10/06/2026 14:20:00,SWPW,9.9438,38.94,0.01,0.01,0.0,0.0,1.0001,0.0,0.0,SWPW,2026-10-06 14:20:00+00:00
10/06/2026 09:45:00,10/06/2026 14:45:00,SWPW,9.9438,35.9962,0.01,0.01,0.0,0.0,1.0001,0.0,0.0,SWPW,2026-10-06 14:45:00+00:00
10/06/2026 09:55:00,10/06/2026 14:55:00,SWPW,9.9438,36.0453,0.01,0.01,0.0,0.0,1.0002,0.0,0.0,SWPW,2026-10-06 14:55:00+00:00
10/06/2026 10:15:00,10/06/2026 15:15:00,SWPW,9.9439,35.7661,0.01,0.01,0.0,0.0,2.8558,2.5672,0.0,SWPW,2026-10-06 15:15:00+00:00
10/06/2026 10:35:00,10/06/2026 15:35:00,SWPW,9.9439,35.7661,0.01,0.01,0.0,0.0,2.8558,2.5672,0.0,SWPW,2026-10-06 15:35:00+00:00
10/06/2026 10:55:00,10/06/2026 15:55:00,SWPW,9.9439,35.7063,0.01,0.01,0.0,0.0,2.8558,2.5672,0.0,SWPW,2026-10-06 15:55:00+00:00
10/06/2026 11:20:00,10/06/2026 16:20:00,SWPW,13.127,18.6505,0.01,0.01,0.0,0.0,6.0384,5.75,0.0,SWPW,2026-10-06 16:20:00+00:00
10/06/2026 11:45:00,10/06/2026 16:45:00,SWPW,13.127,18.6505,0.01,0.01,0.0,0.0,6.0384,5.75,0.0,SWPW,2026-10-06 16:45:00+00:00
10/06/2026 11:55:00,10/06/2026 16:55:00,SWPW,13.127,18.6505,0.01,0.0,0.0,0.0,6.0384,5.75,0.0,SWPW,2026-10-06 16:55:00+00:00
10/06/2026 12:15:00,10/06/2026 17:15:00,SWPW,13.1266,15.6709,0.01,0.01,0.0,0.0,6.0384,5.75,0.0,SWPW,2026-10-06 17:15:00+00:00
10/06/2026 12:30:00,10/06/2026 17:30:00,SWPW,13.1266,28.0167,0.01,0.01,0.0,0.0,9.9427,5.75,0.0,SWPW,2026-10-06 17:30:00+00:00
10/06/2026 12:45:00,10/06/2026 17:45:00,SWPW,13.1266,29.758,0.01,0.01,0.0,0.0,9.9427,5.75,0.0,SWPW,2026-10-06 17:45:00+00:00
10/06/2026 12:55:00,10/06/2026 17:55:00,SWPW,13.1266,29.758,0.01,0.01,0.0,0.0,6.0384,5.75,0.0,SWPW,2026-10-06 17:55:00+00:00
10/06/2026 13:20:00,10/06/2026 18:20:00,SWPW,9.9446,49.0593,0.01,0.0,0.0,0.0,6.0384,5.75,0.0,SWPW,2026-10-06 18:20:00+00:00
10/06/2026 13:50:00,10/06/2026 18:50:00,SWPW,9.9446,33.604,0.01,0.0,0.0,0.0,6.0385,5.75,0.0,SWPW,2026-10-06 18:50:00+00:00
10/06/2026 14:15:00,10/06/2026 19:15:00,SWPW,13.1274,36.4017,0.01,0.01,0.0,0.0,6.0384,5.75,0.0,SWPW,2026-10-06 19:15:00+00:00
10/06/2026 14:30:00,10/06/2026 19:30:00,SWPW,13.1274,35.9283,0.01,0.01,0.0,0.0,6.0384,5.75,0.0,SWPW,2026-10-06 19:30:00+00:00
10/06/2026 14:45:00,10/06/2026 19:45:00,SWPW,13.1274,34.8549,0.01,0.01,0.0,0.0,6.0384,5.75,0.0,SWPW,2026-10-06 19:45:00+00:00
10/06/2026 14:55:00,10/06/2026 19:55:00,SWPW,12.3418,40.742,0.01,0.01,0.0,0.0,6.0384,5.75,0.0,SWPW,2026-10-06 19:55:00+00:00
10/06/2026 15:20:00,10/06/2026 20:20:00,SWPW,10.795,32.81,0.01,0.01,0.85,0.0,6.0384,5.75,0.85,SWPW,2026-10-06 20:20:00+00:00
10/06/2026 15:45:00,10/06/2026 20:45:00,SWPW,34.8806,9.8291,0.01,0.01,24.9356,0.0,28.6781,5.75,23.0,SWPW,2026-10-06 20:45:00+00:00
10/06/2026 15:55:00,10/06/2026 20:55:00,SWPW,10.3796,32.6883,0.01,0.01,0.4346,0.0,6.0384,5.75,0.0,SWPW,2026-10-06 20:55:00+00:00
10/06/2026 16:15:00,10/06/2026 21:15:00,SWPW,13.1273,50.843,0.01,0.01,3.1827,0.0,6.9011,5.75,3.1827,SWPW,2026-10-06 21:15:00+00:00
10/06/2026 16:30:00,10/06/2026 21:30:00,SWPW,40.7255,50.843,0.01,0.01,30.7809,0.0,32.3659,5.75,157.0,SWPW,2026-10-06 21:30:00+00:00
10/06/2026 16:45:00,10/06/2026 21:45:00,SWPW,172.5413,9.9443,6.58,0.01,165.0,0.0,163.5413,5.75,157.0,SWPW,2026-10-06 21:45:00+00:00
10/06/2026 16:55:00,10/06/2026 21:55:00,SWPW,13.1273,50.843,0.01,0.01,3.1827,0.0,6.0384,5.75,3.1827,SWPW,2026-10-06 21:55:00+00:00
10/06/2026 17:20:00,10/06/2026 22:20:00,SWPW,9.9447,20.4748,0.01,0.01,0.0,0.0,6.0384,5.75,0.0,SWPW,2026-10-06 22:20:00+00:00
10/06/2026 17:35:00,10/06/2026 22:35:00,SWPW,11.0958,13.1938,0.01,0.01,1.1511,0.0,6.0384,5.75,1.1511,SWPW,2026-10-06 22:35:00+00:00
10/06/2026 17:50:00,10/06/2026 22:50:00,SWPW,42.002,28.8421,0.01,0.01,33.0,0.0,42.0,5.75,157.0,SWPW,2026-10-06 22:50:00+00:00
10/06/2026 18:15:00,10/06/2026 23:15:00,SWPW,14.1845,25.7505,0.01,0.01,0.0,0.0,6.5412,5.75,0.0,SWPW,2026-10-06 23:15:00+00:00
10/06/2026 18:35:00,10/06/2026 23:35:00,SWPW,183.907,24.5422,0.01,0.0,165.0,0.0,163.5412,5.75,157.0,SWPW,2026-10-06 23:35:00+00:00
10/06/2026 18:45:00,10/06/2026 23:45:00,SWPW,32.9447,28.1714,0.01,0.01,23.0,0.0,29.5412,5.75,23.0,SWPW,2026-10-06 23:45:00+00:00
10/06/2026 18:55:00,10/06/2026 23:55:00,SWPW,37.3862,44.5223,0.01,0.01,11.3617,0.0,17.9029,5.75,11.3617,SWPW,2026-10-06 23:55:00+00:00
10/06/2026 19:45:00,10/07/2026 00:45:00,SWPW,13.1275,25.477,0.01,0.01,0.0,0.0,8.149,5.75,0.0,SWPW,2026-10-07 00:45:00+00:00
10/06/2026 20:25:00,10/07/2026 01:25:00,SWPW,9.9441,32.2341,0.01,0.01,0.0,0.0,9.9426,5.75,0.0,SWPW,2026-10-07 01:25:00+00:00
10/06/2026 21:05:00,10/07/2026 02:05:00,SWPW,35.5805,41.44,0.01,0.01,0.0,0.0,6.5412,5.75,0.0,SWPW,2026-10-07 02:05:00+00:00
10/06/2026 21:45:00,10/07/2026 02:45:00,SWPW,20.3059,41.44,0.01,5.0,0.0,0.0,6.5412,5.75,0.0,SWPW,2026-10-07 02:45:00+00:00
10/06/2026 22:05:00,10/07/2026 03:05:00,SWPW,29.8165,29.4895,0.01,5.0,0.0,0.0,6.5412,0.0,0.0,SWPW,2026-10-07 03:05:00+00:00
10/06/2026 22:40:00,10/07/2026 03:40:00,SWPW,1.0016,7.7291,0.01,5.0,0.0,0.0,0.1851,0.0,0.0,SWPW,2026-10-07 03:40:00+00:00
10/06/2026 23:00:00,10/07/2026 04:00:00,SWPW,29.8165,38.7535,0.01,5.0,0.0,0.0,6.5412,0.0,0.0,SWPW,2026-10-07 04:00:00+00:00
10/06/2026 23:30:00,10/07/2026 04:30:00,SWPW,30.95,107.9552,0.01,5.0,0.0,0.0,1.0001,0.0,0.0,SWPW,2026-10-07 04:30:00+00:00
10/06/2026 23:50:00,10/07/2026 04:50:00,SWPW,30.95,30.3505,0.01,5.0,0.0,0.0,1.0,0.0,0.0,SWPW,2026-10-07 04:50:00+00:00
10/07/2026 00:20:00,10/07/2026 05:20:00,SWPW,25.4281,0.2815,0.01,5.0,5.75,0.0,6.0384,5.75,0.0,SWPW,2026-10-07 05:20:00+00:00
10/07/2026 00:45:00,10/07/2026 05:45:00,SWPW,4.6465,1.0006,5.0,5.0,0.0,0.0,0.2884,0.0,0.0,SWPW,2026-10-07 05:45:00+00:00
10/07/2026 00:55:00,10/07/2026 05:55:00,SWPW,0.932,6.5865,0.01,5.0,0.0,0.0,0.0,0.0,0.0,SWPW,2026-10-07 05:55:00+00:00
10/07/2026 01:30:00,10/07/2026 06:30:00,SWPW,0.9947,3.3238,5.0,5.0,0.0,0.0,0.0467,0.0,0.0,SWPW,2026-10-07 06:30:00+00:00
10/07/2026 02:00:00,10/07/2026 07:00:00,SWPW,26.948,41.5316,0.01,5.0,0.0,0.0,1.5,0.0,0.0,SWPW,2026-10-07 07:00:00+00:00
10/07/2026 02:30:00,10/07/2026 07:30:00,SWPW,8.7762,24.4955,0.01,5.0,0.0,0.0,1.5001,1.2116,0.0,SWPW,2026-10-07 07:30:00+00:00
10/07/2026 02:55:00,10/07/2026 07:55:00,SWPW,8.7762,24.4955,0.01,5.0,0.0,0.0,1.5001,1.2116,0.0,SWPW,2026-10-07 07:55:00+00:00
10/07/2026 03:25:00,10/07/2026 08:25:00,SWPW,13.3142,23.3875,0.01,5.0,0.0,0.0,6.0384,5.75,0.0,SWPW,2026-10-07 08:25:00+00:00
10/07/2026 03:50:00,10/07/2026 08:50:00,SWPW,13.3142,23.3875,0.01,5.0,0.0,0.0,6.0384,5.75,0.0,SWPW,2026-10-07 08:50:00+00:00
10/07/2026 04:20:00,10/07/2026 09:20:00,SWPW,13.314,25.366,0.01,5.0,0.0,0.0,6.0384,5.75,0.0,SWPW,2026-10-07 09:20:00+00:00
10/07/2026 04:45:00,10/07/2026 09:45:00,SWPW,13.314,25.366,0.01,5.0,0.0,0.0,6.0384,5.75,0.0,SWPW,2026-10-07 09:45:00+00:00
10/07/2026 05:00:00,10/07/2026 10:00:00,SWPW,13.314,25.366,0.01,5.0,0.0,0.0,6.0384,5.75,0.0,SWPW,2026-10-07 10:00:00+00:00
10/07/2026 05:25:00,10/07/2026 10:25:00,SWPW,28.501,28.331,0.01,5.0,0.0,0.0,1.0003,0.0,0.0,SWPW,2026-10-07 10:25:00+00:00
10/07/2026 05:45:00,10/07/2026 10:45:00,SWPW,32.7458,28.331,0.01,0.01,0.0,0.0,6.7077,0.0,0.0,SWPW,2026-10-07 10:45:00+00:00
10/07/2026 05:55:00,10/07/2026 10:55:00,SWPW,28.501,28.331,0.01,5.0,0.0,0.0,1.0003,0.0,0.0,SWPW,2026-10-07 10:55:00+00:00
10/07/2026 06:15:00,10/07/2026 11:15:00,SWPW,37.2747,33.3055,0.01,5.0,3.6752,0.0,4.6755,3.6752,3.6752,SWPW,2026-10-07 11:15:00+00:00
10/07/2026 06:35:00,10/07/2026 11:35:00,SWPW,39.3495,33.3055,0.01,5.0,5.75,0.0,6.7503,5.75,5.7501,SWPW,2026-10-07 11:35:00+00:00
10/07/2026 06:45:00,10/07/2026 11:45:00,SWPW,39.3495,33.3055,0.01,5.0,5.75,0.0,12.4577,5.75,5.7501,SWPW,2026-10-07 11:45:00+00:00
10/07/2026 06:55:00,10/07/2026 11:55:00,SWPW,39.3495,33.3055,0.01,5.0,5.75,0.0,6.7503,5.75,5.7501,SWPW,2026-10-07 11:55:00+00:00
10/07/2026 07:25:00,10/07/2026 12:25:00,SWPW,27.404,27.4625,5.0,5.0,0.0,0.0,5.6542,0.0,0.0,SWPW,2026-10-07 12:25:00+00:00
10/07/2026 07:55:00,10/07/2026 12:55:00,SWPW,27.404,27.4625,5.0,5.0,0.0,0.0,6.7077,0.0,0.0,SWPW,2026-10-07 12:55:00+00:00
10/07/2026 08:20:00,10/07/2026 13:20:00,SWPW,22.2925,25.771,6.58,5.0,0.0,0.0,10.1958,2.6326,0.0,SWPW,2026-10-07 13:20:00+00:00
10/07/2026 08:45:00,10/07/2026 13:45:00,SWPW,22.2925,28.7547,6.58,5.0,0.0,0.0,10.1958,2.6326,0.0,SWPW,2026-10-07 13:45:00+00:00
10/07/2026 08:55:00,10/07/2026 13:55:00,SWPW,22.2925,56.1851,6.58,5.0,0.0,0.0,1.5002,0.0,0.0,SWPW,2026-10-07 13:55:00+00:00
10/07/2026 09:20:00,10/07/2026 14:20:00,SWPW,10.197,41.9592,0.01,0.01,0.0,0.0,2.9212,2.6326,0.0,SWPW,2026-10-07 14:20:00+00:00
10/07/2026 09:45:00,10/07/2026 14:45:00,SWPW,10.197,45.7943,0.01,0.01,0.0,0.0,2.9212,2.6326,0.0,SWPW,2026-10-07 14:45:00+00:00
10/07/2026 09:55:00,10/07/2026 14:55:00,SWPW,13.3144,60.5398,0.01,0.01,0.0,0.0,6.0384,5.75,0.0,SWPW,2026-10-07 14:55:00+00:00
10/07/2026 10:25:00,10/07/2026 15:25:00,SWPW,10.1971,40.1138,0.01,0.01,0.0,0.0,6.0384,5.75,0.0,SWPW,2026-10-07 15:25:00+00:00
10/07/2026 10:50:00,10/07/2026 15:50:00,SWPW,10.338,21.7005,0.01,0.01,0.0,0.0,6.0384,5.75,0.0,SWPW,2026-10-07 15:50:00+00:00
10/07/2026 11:20:00,10/07/2026 16:20:00,SWPW,13.3148,10.1971,0.01,0.01,0.0,0.0,6.0384,5.75,0.0,SWPW,2026-10-07 16:20:00+00:00
10/07/2026 11:45:00,10/07/2026 16:45:00,SWPW,10.1973,57.1052,0.01,0.01,0.0,0.0,6.0384,5.75,0.0,SWPW,2026-10-07 16:45:00+00:00
10/07/2026 12:05:00,10/07/2026 17:05:00,SWPW,13.3144,57.6947,0.01,0.01,0.0,0.0,6.0384,5.75,0.0,SWPW,2026-10-07 17:05:00+00:00
10/07/2026 12:35:00,10/07/2026 17:35:00,SWPW,13.3144,57.6046,0.01,0.01,0.0,0.0,6.0384,5.75,0.0,SWPW,2026-10-07 17:35:00+00:00
10/07/2026 12:55:00,10/07/2026 17:55:00,SWPW,13.3144,29.758,0.01,0.01,0.0,0.0,6.0384,5.75,0.0,SWPW,2026-10-07 17:55:00+00:00
10/07/2026 13:20:00,10/07/2026 18:20:00,SWPW,10.1977,33.604,0.01,0.01,0.0,0.0,6.0384,5.75,0.0,SWPW,2026-10-07 18:20:00+00:00
10/07/2026 13:50:00,10/07/2026 18:50:00,SWPW,10.1977,33.604,0.01,0.01,0.0,0.0,6.0384,5.75,0.0,SWPW,2026-10-07 18:50:00+00:00
10/07/2026 14:15:00,10/07/2026 19:15:00,SWPW,10.1979,20.0095,0.01,0.01,0.0,0.0,6.0384,5.75,0.0,SWPW,2026-10-07 19:15:00+00:00
10/07/2026 14:35:00,10/07/2026 19:35:00,SWPW,10.1978,33.9295,0.01,0.01,0.0,0.0,6.0384,5.75,0.0,SWPW,2026-10-07 19:35:00+00:00
10/07/2026 14:45:00,10/07/2026 19:45:00,SWPW,10.1978,39.742,0.01,0.01,0.0,0.0,6.0384,5.75,0.0,SWPW,2026-10-07 19:45:00+00:00
10/07/2026 14:55:00,10/07/2026 19:55:00,SWPW,10.1978,39.742,0.01,0.01,0.0,0.0,6.0384,5.75,0.0,SWPW,2026-10-07 19:55:00+00:00
10/07/2026 15:20:00,10/07/2026 20:20:00,SWPW,13.3156,42.838,6.58,0.01,0.0,0.0,6.0384,5.75,0.0,SWPW,2026-10-07 20:20:00+00:00
10/07/2026 15:45:00,10/07/2026 20:45:00,SWPW,13.3156,42.838,6.58,0.01,0.0,0.0,6.0384,5.75,0.0,SWPW,2026-10-07 20:45:00+00:00
10/07/2026 15:55:00,10/07/2026 20:55:00,SWPW,15.6979,42.838,6.58,0.01,0.0,0.0,6.7077,5.75,0.0,SWPW,2026-10-07 20:55:00+00:00
10/07/2026 16:15:00,10/07/2026 21:15:00,SWPW,33.1977,10.1975,0.01,0.01,23.0,0.0,29.747,5.75,23.0,SWPW,2026-10-07 21:15:00+00:00
10/07/2026 16:35:00,10/07/2026 21:35:00,SWPW,12.5775,51.843,0.01,0.01,2.3798,0.0,6.0384,5.75,2.3798,SWPW,2026-10-07 21:35:00+00:00
10/07/2026 16:55:00,10/07/2026 21:55:00,SWPW,109.1977,13.7639,0.01,0.01,99.0,0.0,103.7779,5.75,157.0,SWPW,2026-10-07 21:55:00+00:00
10/07/2026 17:15:00,10/07/2026 22:15:00,SWPW,33.1978,52.8585,0.01,0.01,23.0,0.0,33.1958,5.75,23.0,SWPW,2026-10-07 22:15:00+00:00
10/07/2026 17:35:00,10/07/2026 22:35:00,SWPW,33.1978,52.8683,0.01,0.01,23.0,0.0,26.8795,5.75,23.0,SWPW,2026-10-07 22:35:00+00:00
10/07/2026 17:45:00,10/07/2026 22:45:00,SWPW,76.1978,49.4636,0.01,0.01,66.0,0.0,68.3349,5.75,157.0,SWPW,2026-10-07 22:45:00+00:00
10/07/2026 17:55:00,10/07/2026 22:55:00,SWPW,208.1978,10.1973,0.01,0.01,198.0,0.0,207.4933,5.75,245.9,SWPW,2026-10-07 22:55:00+00:00
10/07/2026 18:15:00,10/07/2026 23:15:00,SWPW,62.5263,69.7505,0.01,0.01,0.0,0.0,6.7077,5.75,0.0,SWPW,2026-10-07 23:15:00+00:00
10/07/2026 18:30:00,10/07/2026 23:30:00,SWPW,272.2808,69.7505,0.01,0.01,198.0,0.0,204.7077,204.4194,245.9,SWPW,2026-10-07 23:30:00+00:00
10/07/2026 18:45:00,10/07/2026 23:45:00,SWPW,622.5721,69.7505,0.01,0.01,198.0,0.0,550.2883,550.0,312.9,SWPW,2026-10-07 23:45:00+00:00
10/07/2026 19:45:00,10/08/2026 00:45:00,SWPW,58.339,63.477,0.01,0.01,6.3993,0.0,13.107,13.107,0.0,SWPW,2026-10-08 00:45:00+00:00
10/07/2026 20:25:00,10/08/2026 01:25:00,SWPW,10.1973,25.3415,0.01,0.01,0.0,0.0,5.1659,5.1659,0.0,SWPW,2026-10-08 01:25:00+00:00
10/07/2026 21:05:00,10/08/2026 02:05:00,SWPW,40.4354,42.44,0.01,5.0,0.0,0.0,6.7077,6.4192,0.0,SWPW,2026-10-08 02:05:00+00:00
10/07/2026 21:45:00,10/08/2026 02:45:00,SWPW,29.0311,42.44,0.01,5.0,0.0,0.0,6.7077,0.0,0.0,SWPW,2026-10-08 02:45:00+00:00
10/07/2026 22:05:00,10/08/2026 03:05:00,SWPW,14.048,29.4895,0.01,5.0,0.0,0.0,6.7077,0.0,0.0,SWPW,2026-10-08 03:05:00+00:00
10/07/2026 22:40:00,10/08/2026 03:40:00,SWPW,13.2232,29.4895,0.01,5.0,0.0,0.0,6.7077,0.0,0.0,SWPW,2026-10-08 03:40:00+00:00
10/07/2026 23:00:00,10/08/2026 04:00:00,SWPW,12.7722,29.4895,0.01,5.0,0.0,0.0,6.7077,0.0,0.0,SWPW,2026-10-08 04:00:00+00:00
10/07/2026 23:30:00,10/08/2026 04:30:00,SWPW,12.824,29.3505,0.01,6.58,0.0,0.0,6.7077,6.4192,0.0,SWPW,2026-10-08 04:30:00+00:00
10/07/2026 23:50:00,10/08/2026 04:50:00,SWPW,12.9475,29.3505,0.01,6.58,0.0,0.0,6.7077,5.3824,0.0,SWPW,2026-10-08 04:50:00+00:00
10/08/2026 00:45:00,10/08/2026 05:45:00,SWPW,6.7096,28.2815,0.01,0.0,0.0,0.0,6.7077,2.6424,0.0,SWPW,2026-10-08 05:45:00+00:00
10/08/2026 01:00:00,10/08/2026 06:00:00,SWPW,6.7096,28.2815,0.01,0.0,0.0,0.0,6.7077,3.3978,0.0,SWPW,2026-10-08 06:00:00+00:00
10/08/2026 02:05:00,10/08/2026 07:05:00,SWPW,10.4503,24.4955,0.01,6.58,0.0,0.0,7.6543,2.698,0.0,SWPW,2026-10-08 07:05:00+00:00
10/08/2026 02:40:00,10/08/2026 07:40:00,SWPW,10.4503,24.4955,0.01,6.58,0.0,0.0,7.3106,2.698,0.0,SWPW,2026-10-08 07:40:00+00:00
10/08/2026 03:00:00,10/08/2026 08:00:00,SWPW,10.4503,24.4955,0.01,6.58,0.0,0.0,7.9339,2.698,0.0,SWPW,2026-10-08 08:00:00+00:00
10/08/2026 03:35:00,10/08/2026 08:35:00,SWPW,10.4498,23.3875,0.01,6.58,0.0,0.0,9.6359,2.698,0.0,SWPW,2026-10-08 08:35:00+00:00
10/08/2026 04:00:00,10/08/2026 09:00:00,SWPW,10.4498,23.3875,0.01,6.58,0.0,0.0,10.0203,2.698,0.0,SWPW,2026-10-08 09:00:00+00:00
10/08/2026 04:30:00,10/08/2026 09:30:00,SWPW,10.4497,25.366,0.01,0.01,0.0,0.0,10.3905,2.698,0.0,SWPW,2026-10-08 09:30:00+00:00
10/08/2026 04:50:00,10/08/2026 09:50:00,SWPW,10.4497,25.366,0.01,0.01,0.0,0.0,10.4489,5.1023,0.0,SWPW,2026-10-08 09:50:00+00:00
10/08/2026 05:20:00,10/08/2026 10:20:00,SWPW,13.5019,25.331,0.01,0.01,4.9305,0.0,13.5009,5.75,4.9305,SWPW,2026-10-08 10:20:00+00:00
10/08/2026 05:45:00,10/08/2026 10:45:00,SWPW,13.5019,25.331,0.01,0.01,5.75,0.0,13.5009,5.75,5.75,SWPW,2026-10-08 10:45:00+00:00
10/08/2026 05:55:00,10/08/2026 10:55:00,SWPW,10.4499,25.331,0.01,0.01,0.0,0.0,10.4489,5.75,0.0,SWPW,2026-10-08 10:55:00+00:00
10/08/2026 06:15:00,10/08/2026 11:15:00,SWPW,17.1695,25.224,0.01,0.01,9.4174,0.0,9.4173,5.75,9.4174,SWPW,2026-10-08 11:15:00+00:00
10/08/2026 06:35:00,10/08/2026 11:35:00,SWPW,40.7521,13.3454,0.01,0.0,33.0,0.0,33.0,5.75,157.0,SWPW,2026-10-08 11:35:00+00:00
10/08/2026 06:55:00,10/08/2026 11:55:00,SWPW,172.7521,25.3055,0.01,0.0,165.0,0.0,171.8743,5.75,245.9,SWPW,2026-10-08 11:55:00+00:00
10/08/2026 07:25:00,10/08/2026 12:25:00,SWPW,52.33,28.4625,5.0,6.58,5.75,0.0,12.6243,5.75,5.7501,SWPW,2026-10-08 12:25:00+00:00
10/08/2026 07:55:00,10/08/2026 12:55:00,SWPW,28.404,28.4625,5.0,6.58,0.0,0.0,6.8743,0.0,0.0,SWPW,2026-10-08 12:55:00+00:00
10/08/2026 08:25:00,10/08/2026 13:25:00,SWPW,10.4495,22.771,0.01,0.01,0.0,0.0,10.4489,5.75,0.0,SWPW,2026-10-08 13:25:00+00:00
10/08/2026 08:45:00,10/08/2026 13:45:00,SWPW,10.4495,22.771,0.01,0.01,0.0,0.0,10.4489,2.698,0.0,SWPW,2026-10-08 13:45:00+00:00
10/08/2026 09:00:00,10/08/2026 14:00:00,SWPW,10.4495,22.771,0.01,0.01,0.0,0.0,10.3316,2.698,0.0,SWPW,2026-10-08 14:00:00+00:00
10/08/2026 09:20:00,10/08/2026 14:20:00,SWPW,9.0012,20.831,0.01,0.01,0.0,0.0,3.2165,1.2491,0.0,SWPW,2026-10-08 14:20:00+00:00
10/08/2026 09:45:00,10/08/2026 14:45:00,SWPW,9.0012,20.831,0.01,0.01,0.0,0.0,2.8636,1.2491,0.0,SWPW,2026-10-08 14:45:00+00:00
10/08/2026 10:00:00,10/08/2026 15:00:00,SWPW,9.0012,37.5671,0.01,0.01,0.0,0.0,1.5377,1.2491,0.0,SWPW,2026-10-08 15:00:00+00:00
10/08/2026 10:20:00,10/08/2026 15:20:00,SWPW,19.645,37.2241,0.01,0.01,0.0,0.0,6.8743,0.0,0.0,SWPW,2026-10-08 15:20:00+00:00
10/08/2026 10:45:00,10/08/2026 15:45:00,SWPW,19.645,37.2247,0.01,0.01,0.0,0.0,6.8743,0.0,0.0,SWPW,2026-10-08 15:45:00+00:00
10/08/2026 10:55:00,10/08/2026 15:55:00,SWPW,19.645,37.2247,0.01,0.01,0.0,0.0,6.8743,0.0,0.0,SWPW,2026-10-08 15:55:00+00:00
10/08/2026 11:20:00,10/08/2026 16:20:00,SWPW,10.4504,24.6505,0.01,0.01,0.0,0.0,1.4602,0.0,0.0,SWPW,2026-10-08 16:20:00+00:00
10/08/2026 11:45:00,10/08/2026 16:45:00,SWPW,10.4504,19.6505,0.01,0.01,0.0,0.0,1.4602,0.0,0.0,SWPW,2026-10-08 16:45:00+00:00
10/08/2026 12:00:00,10/08/2026 17:00:00,SWPW,10.4504,24.6505,0.01,0.01,0.0,0.0,1.4602,0.0,0.0,SWPW,2026-10-08 17:00:00+00:00
10/08/2026 12:20:00,10/08/2026 17:20:00,SWPW,10.4501,29.758,0.01,0.01,0.0,0.0,3.3979,3.1094,0.0,SWPW,2026-10-08 17:20:00+00:00
10/08/2026 12:45:00,10/08/2026 17:45:00,SWPW,10.4501,28.3431,0.01,0.01,0.0,0.0,3.344,3.0555,0.0,SWPW,2026-10-08 17:45:00+00:00
10/08/2026 12:55:00,10/08/2026 17:55:00,SWPW,10.4501,29.758,0.01,0.01,0.0,0.0,4.6792,4.3908,0.0,SWPW,2026-10-08 17:55:00+00:00
10/08/2026 13:20:00,10/08/2026 18:20:00,SWPW,10.4508,33.8578,0.01,0.01,0.0,0.0,2.9774,2.6889,0.0,SWPW,2026-10-08 18:20:00+00:00
10/08/2026 13:50:00,10/08/2026 18:50:00,SWPW,10.4508,33.817,0.01,0.01,0.0,0.0,4.4129,4.1245,0.0,SWPW,2026-10-08 18:50:00+00:00
10/08/2026 14:15:00,10/08/2026 19:15:00,SWPW,10.4509,37.8192,6.58,0.01,0.0,0.0,4.1479,3.8594,0.0,SWPW,2026-10-08 19:15:00+00:00
10/08/2026 14:35:00,10/08/2026 19:35:00,SWPW,10.4509,37.8197,6.58,0.01,0.0,0.0,4.1479,3.8594,0.0,SWPW,2026-10-08 19:35:00+00:00
10/08/2026 14:45:00,10/08/2026 19:45:00,SWPW,10.4509,37.8008,6.58,0.01,0.0,0.0,4.1479,3.8594,0.0,SWPW,2026-10-08 19:45:00+00:00
10/08/2026 15:00:00,10/08/2026 20:00:00,SWPW,10.4509,19.742,6.58,0.01,0.0,0.0,4.1479,3.8594,0.0,SWPW,2026-10-08 20:00:00+00:00
10/08/2026 15:20:00,10/08/2026 20:20:00,SWPW,14.7806,27.0039,6.58,0.01,7.0274,0.0,8.0275,5.75,7.0274,SWPW,2026-10-08 20:20:00+00:00
10/08/2026 15:50:00,10/08/2026 20:50:00,SWPW,13.5033,19.838,0.01,0.01,0.0,0.0,10.449,5.75,0.0,SWPW,2026-10-08 20:50:00+00:00
10/08/2026 15:55:00,10/08/2026 20:55:00,SWPW,13.5033,19.838,0.01,0.01,0.0,0.0,10.449,5.75,0.0,SWPW,2026-10-08 20:55:00+00:00
10/08/2026 16:15:00,10/08/2026 21:15:00,SWPW,52.9395,62.8339,5.0,0.0,0.0,0.0,6.8743,5.75,0.0,SWPW,2026-10-08 21:15:00+00:00
10/08/2026 16:35:00,10/08/2026 21:35:00,SWPW,54.0394,59.9915,5.0,0.01,1.0999,0.0,7.9742,5.75,1.0999,SWPW,2026-10-08 21:35:00+00:00
10/08/2026 16:55:00,10/08/2026 21:55:00,SWPW,118.9395,73.5995,5.0,0.01,66.0,0.0,72.8743,5.75,157.0,SWPW,2026-10-08 21:55:00+00:00
10/08/2026 17:15:00,10/08/2026 22:15:00,SWPW,11.7069,59.1138,0.01,0.01,0.0,0.0,6.0384,5.75,0.0,SWPW,2026-10-08 22:15:00+00:00
10/08/2026 17:35:00,10/08/2026 22:35:00,SWPW,12.5556,40.3318,6.58,0.01,0.0,0.0,6.2373,5.75,0.0,SWPW,2026-10-08 22:35:00+00:00
10/08/2026 17:55:00,10/08/2026 22:55:00,SWPW,11.5788,31.3361,0.01,0.01,0.0,0.0,6.0384,5.75,0.0,SWPW,2026-10-08 22:55:00+00:00
10/08/2026 18:15:00,10/08/2026 23:15:00,SWPW,72.0245,110.1635,5.0,0.01,0.0,0.0,6.8743,5.75,0.0,SWPW,2026-10-08 23:15:00+00:00
10/08/2026 18:30:00,10/08/2026 23:30:00,SWPW,72.0245,117.8474,5.0,0.01,0.0,0.0,6.8743,5.75,0.0,SWPW,2026-10-08 23:30:00+00:00
10/08/2026 18:45:00,10/08/2026 23:45:00,SWPW,64.0246,87.0883,5.0,0.01,0.0,0.0,6.8743,5.75,0.0,SWPW,2026-10-08 23:45:00+00:00
10/08/2026 18:55:00,10/08/2026 23:55:00,SWPW,65.9765,71.7505,5.0,0.01,0.0,0.0,6.8743,5.75,0.0,SWPW,2026-10-08 23:55:00+00:00
10/08/2026 19:50:00,10/09/2026 00:50:00,SWPW,10.451,48.014,0.01,0.01,0.0,0.0,6.0384,5.75,0.0,SWPW,2026-10-09 00:50:00+00:00
